t,omega_true,omega_ref,tau_cmd,d_hat,d_true
0,0,30,0,0,0
0.0001,0.1199988,30,0.6,-0.0545454545,0
0.0002,0.2399952,30,0.6,-0.0545454545,0
0.0003,0.3599892,30,0.6,-0.0545454545,0
0.0004,0.479980801,30,0.6,-0.0545454545,0
0.0005,0.599970001,30,0.6,-0.0545454545,0
0.0006,0.719956802,30,0.6,-0.0545454545,0
0.0007,0.839941203,30,0.6,-0.0545454545,0
0.0008,0.959923204,30,0.6,-0.0545454545,0
0.0009,1.07990281,30,0.6,-0.0545454545,0
0.001,1.19988001,30,0.6,-0.0545454545,0
0.0011,1.32596432,30,0.630547854,-0.0474051772,0
0.0012,1.45204611,30,0.630547854,-0.0474051772,0
0.0013,1.57812538,30,0.630547854,-0.0474051772,0
0.0014,1.70420213,30,0.630547854,-0.0474051772,0
0.0015,1.83027635,30,0.630547854,-0.0474051772,0
0.0016,1.95634806,30,0.630547854,-0.0474051772,0
0.0017,2.08241724,30,0.630547854,-0.0474051772,0
0.0018,2.2084839,30,0.630547854,-0.0474051772,0
0.0019,2.33454804,30,0.630547854,-0.0474051772,0
0.002,2.46060966,30,0.630547854,-0.0474051772,0
0.0021,2.58019785,30,0.598192984,-0.0358447026,0
0.0022,2.69978365,30,0.598192984,-0.0358447026,0
0.0023,2.81936705,30,0.598192984,-0.0358447026,0
0.0024,2.93894807,30,0.598192984,-0.0358447026,0
0.0025,3.05852669,30,0.598192984,-0.0358447026,0
0.0026,3.17810292,30,0.598192984,-0.0358447026,0
0.0027,3.29767676,30,0.598192984,-0.0358447026,0
0.0028,3.41724821,30,0.598192984,-0.0358447026,0
0.0029,3.53681726,30,0.598192984,-0.0358447026,0
0.003,3.65638393,30,0.598192984,-0.0358447026,0
0.0031,3.76885308,30,0.562717024,-0.026102397,0
0.0032,3.88131998,30,0.562717024,-0.026102397,0
0.0033,3.99378464,30,0.562717024,-0.026102397,0
0.0034,4.10624704,30,0.562717024,-0.026102397,0
0.0035,4.2187072,30,0.562717024,-0.026102397,0
0.0036,4.3311651,30,0.562717024,-0.026102397,0
0.0037,4.44362076,30,0.562717024,-0.026102397,0
0.0038,4.55607417,30,0.562717024,-0.026102397,0
0.0039,4.66852533,30,0.562717024,-0.026102397,0
0.004,4.78097424,30,0.562717024,-0.026102397,0
0.0041,4.88697414,30,0.530482912,-0.0184261332,0
0.0042,4.99297192,30,0.530482912,-0.0184261332,0
0.0043,5.09896759,30,0.530482912,-0.0184261332,0
0.0044,5.20496113,30,0.530482912,-0.0184261332,0
0.0045,5.31095255,30,0.530482912,-0.0184261332,0
0.0046,5.41694186,30,0.530482912,-0.0184261332,0
0.0047,5.52292904,30,0.530482912,-0.0184261332,0
0.0048,5.6289141,30,0.530482912,-0.0184261332,0
0.0049,5.73489705,30,0.530482912,-0.0184261332,0
0.005,5.84087787,30,0.530482912,-0.0184261332,0
0.0051,5.94108177,30,0.501608576,-0.0124509878,0
0.0052,6.04128366,30,0.501608576,-0.0124509878,0
0.0053,6.14148355,30,0.501608576,-0.0124509878,0
0.0054,6.24168143,30,0.501608576,-0.0124509878,0
0.0055,6.34187731,30,0.501608576,-0.0124509878,0
0.0056,6.44207119,30,0.501608576,-0.0124509878,0
0.0057,6.54226306,30,0.501608576,-0.0124509878,0
0.0058,6.64245293,30,0.501608576,-0.0124509878,0
0.0059,6.74264079,30,0.501608576,-0.0124509878,0
0.006,6.84282665,30,0.501608576,-0.0124509878,0
0.0061,6.93780773,30,0.475594455,-0.00782225207,0
0.0062,7.03278692,30,0.475594455,-0.00782225207,0
0.0063,7.12776421,30,0.475594455,-0.00782225207,0
0.0064,7.22273959,30,0.475594455,-0.00782225207,0
0.0065,7.31771308,30,0.475594455,-0.00782225207,0
0.0066,7.41268466,30,0.475594455,-0.00782225207,0
0.0067,7.50765435,30,0.475594455,-0.00782225207,0
0.0068,7.60262214,30,0.475594455,-0.00782225207,0
0.0069,7.69758803,30,0.475594455,-0.00782225207,0
0.007,7.79255202,30,0.475594455,-0.00782225207,0
0.0071,7.88278951,30,0.451971212,-0.00425245715,0
0.0072,7.97302519,30,0.451971212,-0.00425245715,0
0.0073,8.06325907,30,0.451971212,-0.00425245715,0
0.0074,8.15349115,30,0.451971212,-0.00425245715,0
0.0075,8.24372142,30,0.451971212,-0.00425245715,0
0.0076,8.33394988,30,0.451971212,-0.00425245715,0
0.0077,8.42417654,30,0.451971212,-0.00425245715,0
0.0078,8.5144014,30,0.451971212,-0.00425245715,0
0.0079,8.60462445,30,0.451971212,-0.00425245715,0
0.008,8.6948457,30,0.451971212,-0.00425245715,0
0.0081,8.78074205,30,0.430355543,-0.00151422262,0
0.0082,8.86663669,30,0.430355543,-0.00151422262,0
0.0083,8.9525296,30,0.430355543,-0.00151422262,0
0.0084,9.0384208,30,0.430355543,-0.00151422262,0
0.0085,9.12431028,30,0.430355543,-0.00151422262,0
0.0086,9.21019805,30,0.430355543,-0.00151422262,0
0.0087,9.29608409,30,0.430355543,-0.00151422262,0
0.0088,9.38196842,30,0.430355543,-0.00151422262,0
0.0089,9.46785103,30,0.430355543,-0.00151422262,0
0.009,9.55373193,30,0.430355543,-0.00151422262,0
0.0091,9.63562795,30,0.410439584,0.000571632054,0
0.0092,9.71752233,30,0.410439584,0.000571632054,0
0.0093,9.79941508,30,0.410439584,0.000571632054,0
0.0094,9.88130619,30,0.410439584,0.000571632054,0
0.0095,9.96319566,30,0.410439584,0.000571632054,0
0.0096,10.0450835,30,0.410439584,0.000571632054,0
0.0097,10.1269697,30,0.410439584,0.000571632054,0
0.0098,10.2088543,30,0.410439584,0.000571632054,0
0.0099,10.2907372,30,0.410439584,0.000571632054,0
0.01,10.3726185,30,0.410439584,0.000571632054,0
0.0101,10.4508054,30,0.391975999,0.00214620646,0
0.0102,10.5289908,30,0.391975999,0.00214620646,0
0.0103,10.6071747,30,0.391975999,0.00214620646,0
0.0104,10.6853569,30,0.391975999,0.00214620646,0
0.0105,10.7635376,30,0.391975999,0.00214620646,0
0.0106,10.8417168,30,0.391975999,0.00214620646,0
0.0107,10.9198944,30,0.391975999,0.00214620646,0
0.0108,10.9980704,30,0.391975999,0.00214620646,0
0.0109,11.0762449,30,0.391975999,0.00214620646,0
0.011,11.1544177,30,0.391975999,0.00214620646,0
0.0111,11.229147,30,0.374765439,0.00332058325,0
0.0112,11.3038748,30,0.374765439,0.00332058325,0
0.0113,11.378601,30,0.374765439,0.00332058325,0
0.0114,11.4533258,30,0.374765439,0.00332058325,0
0.0115,11.5280491,30,0.374765439,0.00332058325,0
0.0116,11.6027708,30,0.374765439,0.00332058325,0
0.0117,11.6774911,30,0.374765439,0.00332058325,0
0.0118,11.7522099,30,0.374765439,0.00332058325,0
0.0119,11.8269272,30,0.374765439,0.00332058325,0
0.012,11.901643,30,0.374765439,0.00332058325,0
0.0121,11.9731336,30,0.358646556,0.00418219354,0
0.0122,12.0446227,30,0.358646556,0.00418219354,0
0.0123,12.1161104,30,0.358646556,0.00418219354,0
0.0124,12.1875967,30,0.358646556,0.00418219354,0
0.0125,12.2590815,30,0.358646556,0.00418219354,0
0.0126,12.330565,30,0.358646556,0.00418219354,0
0.0127,12.4020469,30,0.358646556,0.00418219354,0
0.0128,12.4735275,30,0.358646556,0.00418219354,0
0.0129,12.5450066,30,0.358646556,0.00418219354,0
0.013,12.6164843,30,0.358646556,0.00418219354,0
0.0131,12.6849289,30,0.34348812,0.00479983416,0
0.0132,12.7533722,30,0.34348812,0.00479983416,0
0.0133,12.821814,30,0.34348812,0.00479983416,0
0.0134,12.8902545,30,0.34348812,0.00479983416,0
0.0135,12.9586937,30,0.34348812,0.00479983416,0
0.0136,13.0271314,30,0.34348812,0.00479983416,0
0.0137,13.0955678,30,0.34348812,0.00479983416,0
0.0138,13.1640029,30,0.34348812,0.00479983416,0
0.0139,13.2324365,30,0.34348812,0.00479983416,0
0.014,13.3008688,30,0.34348812,0.00479983416,0
0.0141,13.3664387,30,0.32918279,0.00522762144,0
0.0142,13.4320073,30,0.32918279,0.00522762144,0
0.0143,13.4975745,30,0.32918279,0.00522762144,0
0.0144,13.5631405,30,0.32918279,0.00522762144,0
0.0145,13.6287051,30,0.32918279,0.00522762144,0
0.0146,13.6942685,30,0.32918279,0.00522762144,0
0.0147,13.7598305,30,0.32918279,0.00522762144,0
0.0148,13.8253912,30,0.32918279,0.00522762144,0
0.0149,13.8909506,30,0.32918279,0.00522762144,0
0.015,13.9565087,30,0.32918279,0.00522762144,0
0.0151,14.0193573,30,0.315642205,0.0055081068,0
0.0152,14.0822048,30,0.315642205,0.0055081068,0
0.0153,14.1450509,30,0.315642205,0.0055081068,0
0.0154,14.2078958,30,0.315642205,0.0055081068,0
0.0155,14.2707395,30,0.315642205,0.0055081068,0
0.0156,14.3335819,30,0.315642205,0.0055081068,0
0.0157,14.396423,30,0.315642205,0.0055081068,0
0.0158,14.4592629,30,0.315642205,0.0055081068,0
0.0159,14.5221015,30,0.315642205,0.0055081068,0
0.016,14.5849389,30,0.315642205,0.0055081068,0
0.0161,14.6452052,30,0.302793115,0.0056747318,0
0.0162,14.7054704,30,0.302793115,0.0056747318,0
0.0163,14.7657343,30,0.302793115,0.0056747318,0
0.0164,14.825997,30,0.302793115,0.0056747318,0
0.0165,14.8862585,30,0.302793115,0.0056747318,0
0.0166,14.9465188,30,0.302793115,0.0056747318,0
0.0167,15.0067779,30,0.302793115,0.0056747318,0
0.0168,15.0670357,30,0.302793115,0.0056747318,0
0.0169,15.1272924,30,0.302793115,0.0056747318,0
0.017,15.1875479,30,0.302793115,0.0056747318,0
0.0171,15.2453584,30,0.29057431,0.00575376261,0
0.0172,15.3031678,30,0.29057431,0.00575376261,0
0.0173,15.360976,30,0.29057431,0.00575376261,0
0.0174,15.4187831,30,0.29057431,0.00575376261,0
0.0175,15.476589,30,0.29057431,0.00575376261,0
0.0176,15.5343938,30,0.29057431,0.00575376261,0
0.0177,15.5921973,30,0.29057431,0.00575376261,0
0.0178,15.6499998,30,0.29057431,0.00575376261,0
0.0179,15.7078011,30,0.29057431,0.00575376261,0
0.018,15.7656012,30,0.29057431,0.00575376261,0
0.0181,15.8210722,30,0.278934213,0.00576581441,0
0.0182,15.876542,30,0.278934213,0.00576581441,0
0.0183,15.9320108,30,0.278934213,0.00576581441,0
0.0184,15.9874784,30,0.278934213,0.00576581441,0
0.0185,16.042945,30,0.278934213,0.00576581441,0
0.0186,16.0984104,30,0.278934213,0.00576581441,0
0.0187,16.1538747,30,0.278934213,0.00576581441,0
0.0188,16.2093379,30,0.278934213,0.00576581441,0
0.0189,16.2648,30,0.278934213,0.00576581441,0
0.019,16.320261,30,0.278934213,0.00576581441,0
0.0191,16.3734999,30,0.267828965,0.0057270524,0
0.0192,16.4267377,30,0.267828965,0.0057270524,0
0.0193,16.4799744,30,0.267828965,0.0057270524,0
0.0194,16.5332101,30,0.267828965,0.0057270524,0
0.0195,16.5864447,30,0.267828965,0.0057270524,0
0.0196,16.6396782,30,0.267828965,0.0057270524,0
0.0197,16.6929107,30,0.267828965,0.0057270524,0
0.0198,16.7461421,30,0.267828965,0.0057270524,0
0.0199,16.7993724,30,0.267828965,0.0057270524,0
0.02,16.8526017,30,0.267828965,0.0057270524,0
0.0201,16.9037083,30,0.257220914,0.00565013824,0
0.0202,16.9548139,30,0.257220914,0.00565013824,0
0.0203,17.0059185,30,0.257220914,0.00565013824,0
0.0204,17.057022,30,0.257220914,0.00565013824,0
0.0205,17.1081246,30,0.257220914,0.00565013824,0
0.0206,17.1592261,30,0.257220914,0.00565013824,0
0.0207,17.2103266,30,0.257220914,0.00565013824,0
0.0208,17.261426,30,0.257220914,0.00565013824,0
0.0209,17.3125245,30,0.257220914,0.00565013824,0
0.021,17.3636219,30,0.257220914,0.00565013824,0
0.0211,17.4126896,30,0.247077424,0.00554497567,0
0.0212,17.4617563,30,0.247077424,0.00554497567,0
0.0213,17.5108221,30,0.247077424,0.00554497567,0
0.0214,17.5598869,30,0.247077424,0.00554497567,0
0.0215,17.6089507,30,0.247077424,0.00554497567,0
0.0216,17.6580135,30,0.247077424,0.00554497567,0
0.0217,17.7070753,30,0.247077424,0.00554497567,0
0.0218,17.7561362,30,0.247077424,0.00554497567,0
0.0219,17.8051961,30,0.247077424,0.00554497567,0
0.022,17.8542549,30,0.247077424,0.00554497567,0
0.0221,17.9013714,30,0.237369925,0.005419298,0
0.0222,17.9484869,30,0.237369925,0.005419298,0
0.0223,17.9956014,30,0.237369925,0.005419298,0
0.0224,18.042715,30,0.237369925,0.005419298,0
0.0225,18.0898277,30,0.237369925,0.005419298,0
0.0226,18.1369394,30,0.237369925,0.005419298,0
0.0227,18.1840502,30,0.237369925,0.005419298,0
0.0228,18.23116,30,0.237369925,0.005419298,0
0.0229,18.2782689,30,0.237369925,0.005419298,0
0.023,18.3253768,30,0.237369925,0.005419298,0
0.0231,18.3706245,30,0.228073165,0.00527913095,0
0.0232,18.4158713,30,0.228073165,0.00527913095,0
0.0233,18.4611171,30,0.228073165,0.00527913095,0
0.0234,18.5063621,30,0.228073165,0.00527913095,0
0.0235,18.5516061,30,0.228073165,0.00527913095,0
0.0236,18.5968493,30,0.228073165,0.00527913095,0
0.0237,18.6420915,30,0.228073165,0.00527913095,0
0.0238,18.6873329,30,0.228073165,0.00527913095,0
0.0239,18.7325733,30,0.228073165,0.00527913095,0
0.024,18.7778128,30,0.228073165,0.00527913095,0
0.0241,18.8212698,30,0.219164612,0.00512915729,0
0.0242,18.8647258,30,0.219164612,0.00512915729,0
0.0243,18.908181,30,0.219164612,0.00512915729,0
0.0244,18.9516354,30,0.219164612,0.00512915729,0
0.0245,18.9950888,30,0.219164612,0.00512915729,0
0.0246,19.0385414,30,0.219164612,0.00512915729,0
0.0247,19.0819931,30,0.219164612,0.00512915729,0
0.0248,19.125444,30,0.219164612,0.00512915729,0
0.0249,19.1688939,30,0.219164612,0.00512915729,0
0.025,19.212343,30,0.219164612,0.00512915729,0
0.0251,19.2540832,30,0.210623982,0.00497300406,0
0.0252,19.2958225,30,0.210623982,0.00497300406,0
0.0253,19.3375609,30,0.210623982,0.00497300406,0
0.0254,19.3792986,30,0.210623982,0.00497300406,0
0.0255,19.4210354,30,0.210623982,0.00497300406,0
0.0256,19.4627713,30,0.210623982,0.00497300406,0
0.0257,19.5045064,30,0.210623982,0.00497300406,0
0.0258,19.5462407,30,0.210623982,0.00497300406,0
0.0259,19.5879742,30,0.210623982,0.00497300406,0
0.026,19.6297068,30,0.210623982,0.00497300406,0
0.0261,19.6698004,30,0.20243286,0.00481346882,0
0.0262,19.7098932,30,0.20243286,0.00481346882,0
0.0263,19.7499851,30,0.20243286,0.00481346882,0
0.0264,19.7900763,30,0.20243286,0.00481346882,0
0.0265,19.8301667,30,0.20243286,0.00481346882,0
0.0266,19.8702562,30,0.20243286,0.00481346882,0
0.0267,19.910345,30,0.20243286,0.00481346882,0
0.0268,19.950433,30,0.20243286,0.00481346882,0
0.0269,19.9905201,30,0.20243286,0.00481346882,0
0.027,20.0306065,30,0.20243286,0.00481346882,0
0.0271,20.0691204,30,0.194574401,0.00465269787,0
0.0272,20.1076335,30,0.194574401,0.00465269787,0
0.0273,20.1461458,30,0.194574401,0.00465269787,0
0.0274,20.1846574,30,0.194574401,0.00465269787,0
0.0275,20.2231682,30,0.194574401,0.00465269787,0
0.0276,20.2616782,30,0.194574401,0.00465269787,0
0.0277,20.3001875,30,0.194574401,0.00465269787,0
0.0278,20.338696,30,0.194574401,0.00465269787,0
0.0279,20.3772037,30,0.194574401,0.00465269787,0
0.028,20.4157107,30,0.194574401,0.00465269787,0
0.0281,20.4527086,30,0.187033089,0.00449232655,0
0.0282,20.4897058,30,0.187033089,0.00449232655,0
0.0283,20.5267022,30,0.187033089,0.00449232655,0
0.0284,20.563698,30,0.187033089,0.00449232655,0
0.0285,20.6006929,30,0.187033089,0.00449232655,0
0.0286,20.6376872,30,0.187033089,0.00449232655,0
0.0287,20.6746807,30,0.187033089,0.00449232655,0
0.0288,20.7116734,30,0.187033089,0.00449232655,0
0.0289,20.7486654,30,0.187033089,0.00449232655,0
0.029,20.7856567,30,0.187033089,0.00449232655,0
0.0291,20.8211995,30,0.179794539,0.00433358974,0
0.0292,20.8567417,30,0.179794539,0.00433358974,0
0.0293,20.8922831,30,0.179794539,0.00433358974,0
0.0294,20.9278238,30,0.179794539,0.00433358974,0
0.0295,20.9633638,30,0.179794539,0.00433358974,0
0.0296,20.9989031,30,0.179794539,0.00433358974,0
0.0297,21.0344416,30,0.179794539,0.00433358974,0
0.0298,21.0699795,30,0.179794539,0.00433358974,0
0.0299,21.1055167,30,0.179794539,0.00433358974,0
0.03,21.1410531,30,0.179794539,0.00433358974,0
0.0301,21.175199,30,0.172845348,0.00417740889,0
0.0302,21.2093442,30,0.172845348,0.00417740889,0
0.0303,21.2434888,30,0.172845348,0.00417740889,0
0.0304,21.2776326,30,0.172845348,0.00417740889,0
0.0305,21.3117758,30,0.172845348,0.00417740889,0
0.0306,21.3459183,30,0.172845348,0.00417740889,0
0.0307,21.3800601,30,0.172845348,0.00417740889,0
0.0308,21.4142012,30,0.172845348,0.00417740889,0
0.0309,21.4483417,30,0.172845348,0.00417740889,0
0.031,21.4824815,30,0.172845348,0.00417740889,0
0.0311,21.5152861,30,0.166172962,0.00402446044,0
0.0312,21.54809,30,0.166172962,0.00402446044,0
0.0313,21.5808933,30,0.166172962,0.00402446044,0
0.0314,21.613696,30,0.166172962,0.00402446044,0
0.0315,21.646498,30,0.166172962,0.00402446044,0
0.0316,21.6792993,30,0.166172962,0.00402446044,0
0.0317,21.7121,30,0.166172962,0.00402446044,0
0.0318,21.7449,30,0.166172962,0.00402446044,0
0.0319,21.7776994,30,0.166172962,0.00402446044,0
0.032,21.8104981,30,0.166172962,0.00402446044,0
0.0321,21.8420147,30,0.159765578,0.00387522972,0
0.0322,21.8735306,30,0.159765578,0.00387522972,0
0.0323,21.905046,30,0.159765578,0.00387522972,0
0.0324,21.9365607,30,0.159765578,0.00387522972,0
0.0325,21.9680747,30,0.159765578,0.00387522972,0
0.0326,21.9995882,30,0.159765578,0.00387522972,0
0.0327,22.031101,30,0.159765578,0.00387522972,0
0.0328,22.0626132,30,0.159765578,0.00387522972,0
0.0329,22.0941247,30,0.159765578,0.00387522972,0
0.033,22.1256356,30,0.159765578,0.00387522972,0
0.0331,22.1559152,30,0.153612058,0.00373005332,0
0.0332,22.1861942,30,0.153612058,0.00373005332,0
0.0333,22.2164726,30,0.153612058,0.00373005332,0
0.0334,22.2467504,30,0.153612058,0.00373005332,0
0.0335,22.2770275,30,0.153612058,0.00373005332,0
0.0336,22.3073041,30,0.153612058,0.00373005332,0
0.0337,22.3375801,30,0.153612058,0.00373005332,0
0.0338,22.3678554,30,0.153612058,0.00373005332,0
0.0339,22.3981302,30,0.153612058,0.00373005332,0
0.034,22.4284043,30,0.153612058,0.00373005332,0
0.0341,22.4574958,30,0.14770186,0.00358915243,0
0.0342,22.4865868,30,0.14770186,0.00358915243,0
0.0343,22.5156771,30,0.14770186,0.00358915243,0
0.0344,22.5447669,30,0.14770186,0.00358915243,0
0.0345,22.5738561,30,0.14770186,0.00358915243,0
0.0346,22.6029447,30,0.14770186,0.00358915243,0
0.0347,22.6320327,30,0.14770186,0.00358915243,0
0.0348,22.6611201,30,0.14770186,0.00358915243,0
0.0349,22.690207,30,0.14770186,0.00358915243,0
0.035,22.7192933,30,0.14770186,0.00358915243,0
0.0351,22.7472436,30,0.142024982,0.003452659,0
0.0352,22.7751934,30,0.142024982,0.003452659,0
0.0353,22.8031426,30,0.142024982,0.003452659,0
0.0354,22.8310912,30,0.142024982,0.003452659,0
0.0355,22.8590393,30,0.142024982,0.003452659,0
0.0356,22.8869869,30,0.142024982,0.003452659,0
0.0357,22.9149339,30,0.142024982,0.003452659,0
0.0358,22.9428803,30,0.142024982,0.003452659,0
0.0359,22.9708261,30,0.142024982,0.003452659,0
0.036,22.9987714,30,0.142024982,0.003452659,0
0.0361,23.0256256,30,0.136571912,0.00332063634,0
0.0362,23.0524792,30,0.136571912,0.00332063634,0
0.0363,23.0793322,30,0.136571912,0.00332063634,0
0.0364,23.1061848,30,0.136571912,0.00332063634,0
0.0365,23.1330368,30,0.136571912,0.00332063634,0
0.0366,23.1598882,30,0.136571912,0.00332063634,0
0.0367,23.1867391,30,0.136571912,0.00332063634,0
0.0368,23.2135895,30,0.136571912,0.00332063634,0
0.0369,23.2404393,30,0.136571912,0.00332063634,0
0.037,23.2672887,30,0.136571912,0.00332063634,0
0.0371,23.2930898,30,0.131333591,0.00319309526,0
0.0372,23.3188904,30,0.131333591,0.00319309526,0
0.0373,23.3446904,30,0.131333591,0.00319309526,0
0.0374,23.37049,30,0.131333591,0.00319309526,0
0.0375,23.3962891,30,0.131333591,0.00319309526,0
0.0376,23.4220876,30,0.131333591,0.00319309526,0
0.0377,23.4478856,30,0.131333591,0.00319309526,0
0.0378,23.4736831,30,0.131333591,0.00319309526,0
0.0379,23.4994801,30,0.131333591,0.00319309526,0
0.038,23.5252766,30,0.131333591,0.00319309526,0
0.0381,23.5500661,30,0.126301373,0.00307000672,0
0.0382,23.5748551,30,0.126301373,0.00307000672,0
0.0383,23.5996437,30,0.126301373,0.00307000672,0
0.0384,23.6244317,30,0.126301373,0.00307000672,0
0.0385,23.6492192,30,0.126301373,0.00307000672,0
0.0386,23.6740063,30,0.126301373,0.00307000672,0
0.0387,23.6987928,30,0.126301373,0.00307000672,0
0.0388,23.7235789,30,0.126301373,0.00307000672,0
0.0389,23.7483644,30,0.126301373,0.00307000672,0
0.039,23.7731495,30,0.126301373,0.00307000672,0
0.0391,23.7969672,30,0.121467004,0.00295131174,0
0.0392,23.8207844,30,0.121467004,0.00295131174,0
0.0393,23.8446011,30,0.121467004,0.00295131174,0
0.0394,23.8684174,30,0.121467004,0.00295131174,0
0.0395,23.8922332,30,0.121467004,0.00295131174,0
0.0396,23.9160485,30,0.121467004,0.00295131174,0
0.0397,23.9398634,30,0.121467004,0.00295131174,0
0.0398,23.9636777,30,0.121467004,0.00295131174,0
0.0399,23.9874916,30,0.121467004,0.00295131174,0
0.04,24.011305,30,0.121467004,0.00295131174,0
0.0401,24.0341891,30,0.116822587,0.00283692919,0
0.0402,24.0570727,30,0.116822587,0.00283692919,0
0.0403,24.0799559,30,0.116822587,0.00283692919,0
0.0404,24.1028385,30,0.116822587,0.00283692919,0
0.0405,24.1257208,30,0.116822587,0.00283692919,0
0.0406,24.1486026,30,0.116822587,0.00283692919,0
0.0407,24.1714839,30,0.116822587,0.00283692919,0
0.0408,24.1943647,30,0.116822587,0.00283692919,0
0.0409,24.2172451,30,0.116822587,0.00283692919,0
0.041,24.2401251,30,0.116822587,0.00283692919,0
0.0411,24.2621122,30,0.112360569,0.00272676182,0
0.0412,24.2840988,30,0.112360569,0.00272676182,0
0.0413,24.306085,30,0.112360569,0.00272676182,0
0.0414,24.3280708,30,0.112360569,0.00272676182,0
0.0415,24.3500561,30,0.112360569,0.00272676182,0
0.0416,24.372041,30,0.112360569,0.00272676182,0
0.0417,24.3940255,30,0.112360569,0.00272676182,0
0.0418,24.4160095,30,0.112360569,0.00272676182,0
0.0419,24.4379931,30,0.112360569,0.00272676182,0
0.042,24.4599762,30,0.112360569,0.00272676182,0
0.0421,24.4811015,30,0.108073714,0.00262070099,0
0.0422,24.5022264,30,0.108073714,0.00262070099,0
0.0423,24.5233509,30,0.108073714,0.00262070099,0
0.0424,24.544475,30,0.108073714,0.00262070099,0
0.0425,24.5655986,30,0.108073714,0.00262070099,0
0.0426,24.5867219,30,0.108073714,0.00262070099,0
0.0427,24.6078447,30,0.108073714,0.00262070099,0
0.0428,24.628967,30,0.108073714,0.00262070099,0
0.0429,24.650089,30,0.108073714,0.00262070099,0
0.043,24.6712105,30,0.108073714,0.00262070099,0
0.0431,24.6915079,30,0.103955089,0.00251863032,0
0.0432,24.7118049,30,0.103955089,0.00251863032,0
0.0433,24.7321015,30,0.103955089,0.00251863032,0
0.0434,24.7523976,30,0.103955089,0.00251863032,0
0.0435,24.7726934,30,0.103955089,0.00251863032,0
0.0436,24.7929888,30,0.103955089,0.00251863032,0
0.0437,24.8132837,30,0.103955089,0.00251863032,0
0.0438,24.8335783,30,0.103955089,0.00251863032,0
0.0439,24.8538724,30,0.103955089,0.00251863032,0
0.044,24.8741661,30,0.103955089,0.00251863032,0
0.0441,24.8936681,30,0.0999980467,0.00242042858,0
0.0442,24.9131696,30,0.0999980467,0.00242042858,0
0.0443,24.9326708,30,0.0999980467,0.00242042858,0
0.0444,24.9521715,30,0.0999980467,0.00242042858,0
0.0445,24.9716719,30,0.0999980467,0.00242042858,0
0.0446,24.9911719,30,0.0999980467,0.00242042858,0
0.0447,25.0106715,30,0.0999980467,0.00242042858,0
0.0448,25.0301707,30,0.0999980467,0.00242042858,0
0.0449,25.0496695,30,0.0999980467,0.00242042858,0
0.045,25.0691679,30,0.0999980467,0.00242042858,0
0.0451,25.0879056,30,0.0961962133,0.00232597182,0
0.0452,25.1066429,30,0.0961962133,0.00232597182,0
0.0453,25.1253798,30,0.0961962133,0.00232597182,0
0.0454,25.1441163,30,0.0961962133,0.00232597182,0
0.0455,25.1628525,30,0.0961962133,0.00232597182,0
0.0456,25.1815883,30,0.0961962133,0.00232597182,0
0.0457,25.2003237,30,0.0961962133,0.00232597182,0
0.0458,25.2190588,30,0.0961962133,0.00232597182,0
0.0459,25.2377935,30,0.0961962133,0.00232597182,0
0.046,25.2565278,30,0.0961962133,0.00232597182,0
0.0461,25.2745311,30,0.0925434729,0.0022351351,0
0.0462,25.2925342,30,0.0925434729,0.0022351351,0
0.0463,25.3105368,30,0.0925434729,0.0022351351,0
0.0464,25.3285391,30,0.0925434729,0.0022351351,0
0.0465,25.3465411,30,0.0925434729,0.0022351351,0
0.0466,25.3645427,30,0.0925434729,0.0022351351,0
0.0467,25.3825439,30,0.0925434729,0.0022351351,0
0.0468,25.4005448,30,0.0925434729,0.0022351351,0
0.0469,25.4185453,30,0.0925434729,0.0022351351,0
0.047,25.4365454,30,0.0925434729,0.0022351351,0
0.0471,25.4538433,30,0.0890339569,0.00214779376,0
0.0472,25.4711408,30,0.0890339569,0.00214779376,0
0.0473,25.488438,30,0.0890339569,0.00214779376,0
0.0474,25.5057349,30,0.0890339569,0.00214779376,0
0.0475,25.5230314,30,0.0890339569,0.00214779376,0
0.0476,25.5403275,30,0.0890339569,0.00214779376,0
0.0477,25.5576233,30,0.0890339569,0.00214779376,0
0.0478,25.5749188,30,0.0890339569,0.00214779376,0
0.0479,25.5922139,30,0.0890339569,0.00214779376,0
0.048,25.6095087,30,0.0890339569,0.00214779376,0
0.0481,25.6261288,30,0.0856620321,0.00206382437,0
0.0482,25.6427485,30,0.0856620321,0.00206382437,0
0.0483,25.6593679,30,0.0856620321,0.00206382437,0
0.0484,25.6759869,30,0.0856620321,0.00206382437,0
0.0485,25.6926056,30,0.0856620321,0.00206382437,0
0.0486,25.709224,30,0.0856620321,0.00206382437,0
0.0487,25.7258421,30,0.0856620321,0.00206382437,0
0.0488,25.7424598,30,0.0856620321,0.00206382437,0
0.0489,25.7590772,30,0.0856620321,0.00206382437,0
0.049,25.7756943,30,0.0856620321,0.00206382437,0
0.0491,25.791663,30,0.0824222906,0.00198310548,0
0.0492,25.8076315,30,0.0824222906,0.00198310548,0
0.0493,25.8235996,30,0.0824222906,0.00198310548,0
0.0494,25.8395675,30,0.0824222906,0.00198310548,0
0.0495,25.855535,30,0.0824222906,0.00198310548,0
0.0496,25.8715022,30,0.0824222906,0.00198310548,0
0.0497,25.887469,30,0.0824222906,0.00198310548,0
0.0498,25.9034356,30,0.0824222906,0.00198310548,0
0.0499,25.9194018,30,0.0824222906,0.00198310548,0
0.05,25.9353677,30,0.0824222906,0.00198310548,0
0.0501,25.9507108,30,0.07930954,0.00190551812,0
0.0502,25.9660535,30,0.07930954,0.00190551812,0
0.0503,25.9813959,30,0.07930954,0.00190551812,0
0.0504,25.9967381,30,0.07930954,0.00190551812,0
0.0505,26.0120799,30,0.07930954,0.00190551812,0
0.0506,26.0274214,30,0.07930954,0.00190551812,0
0.0507,26.0427626,30,0.07930954,0.00190551812,0
0.0508,26.0581035,30,0.07930954,0.00190551812,0
0.0509,26.0734441,30,0.07930954,0.00190551812,0
0.051,26.0887844,30,0.07930954,0.00190551812,0
0.0511,26.1035262,30,0.0763187941,0.00183094623,0
0.0512,26.1182678,30,0.0763187941,0.00183094623,0
0.0513,26.133009,30,0.0763187941,0.00183094623,0
0.0514,26.14775,30,0.0763187941,0.00183094623,0
0.0515,26.1624906,30,0.0763187941,0.00183094623,0
0.0516,26.177231,30,0.0763187941,0.00183094623,0
0.0517,26.191971,30,0.0763187941,0.00183094623,0
0.0518,26.2067108,30,0.0763187941,0.00183094623,0
0.0519,26.2214503,30,0.0763187941,0.00183094623,0
0.052,26.2361895,30,0.0763187941,0.00183094623,0
0.0521,26.2503537,30,0.0734452641,0.00175927686,0
0.0522,26.2645176,30,0.0734452641,0.00175927686,0
0.0523,26.2786812,30,0.0734452641,0.00175927686,0
0.0524,26.2928445,30,0.0734452641,0.00175927686,0
0.0525,26.3070076,30,0.0734452641,0.00175927686,0
0.0526,26.3211704,30,0.0734452641,0.00175927686,0
0.0527,26.3353328,30,0.0734452641,0.00175927686,0
0.0528,26.349495,30,0.0734452641,0.00175927686,0
0.0529,26.363657,30,0.0734452641,0.00175927686,0
0.053,26.3778186,30,0.0734452641,0.00175927686,0
0.0531,26.3914278,30,0.070684351,0.00169040041,0
0.0532,26.4050367,30,0.070684351,0.00169040041,0
0.0533,26.4186453,30,0.070684351,0.00169040041,0
0.0534,26.4322537,30,0.070684351,0.00169040041,0
0.0535,26.4458618,30,0.070684351,0.00169040041,0
0.0536,26.4594696,30,0.070684351,0.00169040041,0
0.0537,26.4730771,30,0.070684351,0.00169040041,0
0.0538,26.4866844,30,0.070684351,0.00169040041,0
0.0539,26.5002914,30,0.070684351,0.00169040041,0
0.054,26.5138981,30,0.070684351,0.00169040041,0
0.0541,26.5269741,30,0.0680316368,0.00162421067,0
0.0542,26.5400497,30,0.0680316368,0.00162421067,0
0.0543,26.5531251,30,0.0680316368,0.00162421067,0
0.0544,26.5662002,30,0.0680316368,0.00162421067,0
0.0545,26.5792751,30,0.0680316368,0.00162421067,0
0.0546,26.5923497,30,0.0680316368,0.00162421067,0
0.0547,26.6054241,30,0.0680316368,0.00162421067,0
0.0548,26.6184982,30,0.0680316368,0.00162421067,0
0.0549,26.631572,30,0.0680316368,0.00162421067,0
0.055,26.6446456,30,0.0680316368,0.00162421067,0
0.0551,26.6572091,30,0.0654828782,0.00156060493,0
0.0552,26.6697724,30,0.0654828782,0.00156060493,0
0.0553,26.6823355,30,0.0654828782,0.00156060493,0
0.0554,26.6948983,30,0.0654828782,0.00156060493,0
0.0555,26.7074608,30,0.0654828782,0.00156060493,0
0.0556,26.7200231,30,0.0654828782,0.00156060493,0
0.0557,26.7325852,30,0.0654828782,0.00156060493,0
0.0558,26.745147,30,0.0654828782,0.00156060493,0
0.0559,26.7577085,30,0.0654828782,0.00156060493,0
0.056,26.7702698,30,0.0654828782,0.00156060493,0
0.0561,26.7823411,30,0.0630339986,0.00149948395,0
0.0562,26.7944121,30,0.0630339986,0.00149948395,0
0.0563,26.8064829,30,0.0630339986,0.00149948395,0
0.0564,26.8185535,30,0.0630339986,0.00149948395,0
0.0565,26.8306238,30,0.0630339986,0.00149948395,0
0.0566,26.8426938,30,0.0630339986,0.00149948395,0
0.0567,26.8547637,30,0.0630339986,0.00149948395,0
0.0568,26.8668333,30,0.0630339986,0.00149948395,0
0.0569,26.8789026,30,0.0630339986,0.00149948395,0
0.057,26.8909717,30,0.0630339986,0.00149948395,0
0.0571,26.90257,30,0.0606810822,0.00144075197,0
0.0572,26.914168,30,0.0606810822,0.00144075197,0
0.0573,26.9257658,30,0.0606810822,0.00144075197,0
0.0574,26.9373634,30,0.0606810822,0.00144075197,0
0.0575,26.9489608,30,0.0606810822,0.00144075197,0
0.0576,26.9605579,30,0.0606810822,0.00144075197,0
0.0577,26.9721548,30,0.0606810822,0.00144075197,0
0.0578,26.9837514,30,0.0606810822,0.00144075197,0
0.0579,26.9953479,30,0.0606810822,0.00144075197,0
0.058,27.0069441,30,0.0606810822,0.00144075197,0
0.0581,27.0180879,30,0.0584203667,0.00138431662,0
0.0582,27.0292315,30,0.0584203667,0.00138431662,0
0.0583,27.0403749,30,0.0584203667,0.00138431662,0
0.0584,27.051518,30,0.0584203667,0.00138431662,0
0.0585,27.062661,30,0.0584203667,0.00138431662,0
0.0586,27.0738037,30,0.0584203667,0.00138431662,0
0.0587,27.0849461,30,0.0584203667,0.00138431662,0
0.0588,27.0960884,30,0.0584203667,0.00138431662,0
0.0589,27.1072305,30,0.0584203667,0.00138431662,0
0.059,27.1183723,30,0.0584203667,0.00138431662,0
0.0591,27.1290794,30,0.056248238,0.0013300889,0
0.0592,27.1397864,30,0.056248238,0.0013300889,0
0.0593,27.1504931,30,0.056248238,0.0013300889,0
0.0594,27.1611997,30,0.056248238,0.0013300889,0
0.0595,27.171906,30,0.056248238,0.0013300889,0
0.0596,27.1826121,30,0.056248238,0.0013300889,0
0.0597,27.193318,30,0.056248238,0.0013300889,0
0.0598,27.2040237,30,0.056248238,0.0013300889,0
0.0599,27.2147291,30,0.056248238,0.0013300889,0
0.06,27.2254344,30,0.056248238,0.0013300889,0
0.0601,27.235722,30,0.0541612238,0.00127798308,0
0.0602,27.2460094,30,0.0541612238,0.00127798308,0
0.0603,27.2562966,30,0.0541612238,0.00127798308,0
0.0604,27.2665837,30,0.0541612238,0.00127798308,0
0.0605,27.2768705,30,0.0541612238,0.00127798308,0
0.0606,27.2871571,30,0.0541612238,0.00127798308,0
0.0607,27.2974435,30,0.0541612238,0.00127798308,0
0.0608,27.3077297,30,0.0541612238,0.00127798308,0
0.0609,27.3180157,30,0.0541612238,0.00127798308,0
0.061,27.3283014,30,0.0541612238,0.00127798308,0
0.0611,27.338186,30,0.0521559882,0.00122791664,0
0.0612,27.3480703,30,0.0521559882,0.00122791664,0
0.0613,27.3579544,30,0.0521559882,0.00122791664,0
0.0614,27.3678384,30,0.0521559882,0.00122791664,0
0.0615,27.3777221,30,0.0521559882,0.00122791664,0
0.0616,27.3876057,30,0.0521559882,0.00122791664,0
0.0617,27.397489,30,0.0521559882,0.00122791664,0
0.0618,27.4073722,30,0.0521559882,0.00122791664,0
0.0619,27.4172551,30,0.0521559882,0.00122791664,0
0.062,27.4271379,30,0.0521559882,0.00122791664,0
0.0621,27.4366351,30,0.050229326,0.00117981015,0
0.0622,27.4461321,30,0.050229326,0.00117981015,0
0.0623,27.455629,30,0.050229326,0.00117981015,0
0.0624,27.4651256,30,0.050229326,0.00117981015,0
0.0625,27.4746221,30,0.050229326,0.00117981015,0
0.0626,27.4841184,30,0.050229326,0.00117981015,0
0.0627,27.4936145,30,0.050229326,0.00117981015,0
0.0628,27.5031104,30,0.050229326,0.00117981015,0
0.0629,27.5126061,30,0.050229326,0.00117981015,0
0.063,27.5221016,30,0.050229326,0.00117981015,0
0.0631,27.5312267,30,0.0483781579,0.00113358719,0
0.0632,27.5403516,30,0.0483781579,0.00113358719,0
0.0633,27.5494763,30,0.0483781579,0.00113358719,0
0.0634,27.5586009,30,0.0483781579,0.00113358719,0
0.0635,27.5677253,30,0.0483781579,0.00113358719,0
0.0636,27.5768494,30,0.0483781579,0.00113358719,0
0.0637,27.5859735,30,0.0483781579,0.00113358719,0
0.0638,27.5950973,30,0.0483781579,0.00113358719,0
0.0639,27.6042209,30,0.0483781579,0.00113358719,0
0.064,27.6133444,30,0.0483781579,0.00113358719,0
0.0641,27.6221119,30,0.0465995255,0.00108917426,0
0.0642,27.6308793,30,0.0465995255,0.00108917426,0
0.0643,27.6396465,30,0.0465995255,0.00108917426,0
0.0644,27.6484135,30,0.0465995255,0.00108917426,0
0.0645,27.6571804,30,0.0465995255,0.00108917426,0
0.0646,27.665947,30,0.0465995255,0.00108917426,0
0.0647,27.6747135,30,0.0465995255,0.00108917426,0
0.0648,27.6834799,30,0.0465995255,0.00108917426,0
0.0649,27.692246,30,0.0465995255,0.00108917426,0
0.065,27.701012,30,0.0465995255,0.00108917426,0
0.0651,27.709436,30,0.0448905861,0.00104650067,0
0.0652,27.7178598,30,0.0448905861,0.00104650067,0
0.0653,27.7262835,30,0.0448905861,0.00104650067,0
0.0654,27.734707,30,0.0448905861,0.00104650067,0
0.0655,27.7431304,30,0.0448905861,0.00104650067,0
0.0656,27.7515535,30,0.0448905861,0.00104650067,0
0.0657,27.7599765,30,0.0448905861,0.00104650067,0
0.0658,27.7683994,30,0.0448905861,0.00104650067,0
0.0659,27.776822,30,0.0448905861,0.00104650067,0
0.066,27.7852445,30,0.0448905861,0.00104650067,0
0.0661,27.7933385,30,0.0432486088,0.00100549847,0
0.0662,27.8014322,30,0.0432486088,0.00100549847,0
0.0663,27.8095259,30,0.0432486088,0.00100549847,0
0.0664,27.8176193,30,0.0432486088,0.00100549847,0
0.0665,27.8257126,30,0.0432486088,0.00100549847,0
0.0666,27.8338057,30,0.0432486088,0.00100549847,0
0.0667,27.8418987,30,0.0432486088,0.00100549847,0
0.0668,27.8499915,30,0.0432486088,0.00100549847,0
0.0669,27.8580841,30,0.0432486088,0.00100549847,0
0.067,27.8661766,30,0.0432486088,0.00100549847,0
0.0671,27.8739534,30,0.0416709695,0.000966102293,0
0.0672,27.88173,30,0.0416709695,0.000966102293,0
0.0673,27.8895065,30,0.0416709695,0.000966102293,0
0.0674,27.8972828,30,0.0416709695,0.000966102293,0
0.0675,27.905059,30,0.0416709695,0.000966102293,0
0.0676,27.912835,30,0.0416709695,0.000966102293,0
0.0677,27.9206109,30,0.0416709695,0.000966102293,0
0.0678,27.9283866,30,0.0416709695,0.000966102293,0
0.0679,27.9361621,30,0.0416709695,0.000966102293,0
0.068,27.9439375,30,0.0416709695,0.000966102293,0
0.0681,27.9514096,30,0.0401551471,0.000928249341,0
0.0682,27.9588815,30,0.0401551471,0.000928249341,0
0.0683,27.9663533,30,0.0401551471,0.000928249341,0
0.0684,27.9738249,30,0.0401551471,0.000928249341,0
0.0685,27.9812964,30,0.0401551471,0.000928249341,0
0.0686,27.9887677,30,0.0401551471,0.000928249341,0
0.0687,27.9962389,30,0.0401551471,0.000928249341,0
0.0688,28.00371,30,0.0401551471,0.000928249341,0
0.0689,28.0111808,30,0.0401551471,0.000928249341,0
0.069,28.0186516,30,0.0401551471,0.000928249341,0
0.0691,28.0258309,30,0.0386987193,0.000891879233,0
0.0692,28.03301,30,0.0386987193,0.000891879233,0
0.0693,28.040189,30,0.0386987193,0.000891879233,0
0.0694,28.0473679,30,0.0386987193,0.000891879233,0
0.0695,28.0545466,30,0.0386987193,0.000891879233,0
0.0696,28.0617252,30,0.0386987193,0.000891879233,0
0.0697,28.0689036,30,0.0386987193,0.000891879233,0
0.0698,28.0760819,30,0.0386987193,0.000891879233,0
0.0699,28.0832601,30,0.0386987193,0.000891879233,0
0.07,28.0904381,30,0.0386987193,0.000891879233,0
0.0701,28.0973361,30,0.0372993589,0.00085693394,0
0.0702,28.1042339,30,0.0372993589,0.00085693394,0
0.0703,28.1111317,30,0.0372993589,0.00085693394,0
0.0704,28.1180292,30,0.0372993589,0.00085693394,0
0.0705,28.1249267,30,0.0372993589,0.00085693394,0
0.0706,28.131824,30,0.0372993589,0.00085693394,0
0.0707,28.1387212,30,0.0372993589,0.00085693394,0
0.0708,28.1456182,30,0.0372993589,0.00085693394,0
0.0709,28.1525151,30,0.0372993589,0.00085693394,0
0.071,28.1594118,30,0.0372993589,0.00085693394,0
0.0711,28.1660395,30,0.0359548295,0.00082335769,0
0.0712,28.1726671,30,0.0359548295,0.00082335769,0
0.0713,28.1792946,30,0.0359548295,0.00082335769,0
0.0714,28.1859219,30,0.0359548295,0.00082335769,0
0.0715,28.1925491,30,0.0359548295,0.00082335769,0
0.0716,28.1991761,30,0.0359548295,0.00082335769,0
0.0717,28.205803,30,0.0359548295,0.00082335769,0
0.0718,28.2124298,30,0.0359548295,0.00082335769,0
0.0719,28.2190565,30,0.0359548295,0.00082335769,0
0.072,28.225683,30,0.0359548295,0.00082335769,0
0.0721,28.232051,30,0.0346629828,0.000791096884,0
0.0722,28.2384189,30,0.0346629828,0.000791096884,0
0.0723,28.2447867,30,0.0346629828,0.000791096884,0
0.0724,28.2511543,30,0.0346629828,0.000791096884,0
0.0725,28.2575218,30,0.0346629828,0.000791096884,0
0.0726,28.2638892,30,0.0346629828,0.000791096884,0
0.0727,28.2702564,30,0.0346629828,0.000791096884,0
0.0728,28.2766236,30,0.0346629828,0.000791096884,0
0.0729,28.2829906,30,0.0346629828,0.000791096884,0
0.073,28.2893574,30,0.0346629828,0.000791096884,0
0.0731,28.2954759,30,0.0334217543,0.000760100015,0
0.0732,28.3015943,30,0.0334217543,0.000760100015,0
0.0733,28.3077126,30,0.0334217543,0.000760100015,0
0.0734,28.3138307,30,0.0334217543,0.000760100015,0
0.0735,28.3199487,30,0.0334217543,0.000760100015,0
0.0736,28.3260666,30,0.0334217543,0.000760100015,0
0.0737,28.3321844,30,0.0334217543,0.000760100015,0
0.0738,28.338302,30,0.0334217543,0.000760100015,0
0.0739,28.3444196,30,0.0334217543,0.000760100015,0
0.074,28.350537,30,0.0334217543,0.000760100015,0
0.0741,28.3564157,30,0.0322291608,0.000730317586,0
0.0742,28.3622944,30,0.0322291608,0.000730317586,0
0.0743,28.3681729,30,0.0322291608,0.000730317586,0
0.0744,28.3740513,30,0.0322291608,0.000730317586,0
0.0745,28.3799296,30,0.0322291608,0.000730317586,0
0.0746,28.3858078,30,0.0322291608,0.000730317586,0
0.0747,28.3916858,30,0.0322291608,0.000730317586,0
0.0748,28.3975638,30,0.0322291608,0.000730317586,0
0.0749,28.4034416,30,0.0322291608,0.000730317586,0
0.075,28.4093193,30,0.0322291608,0.000730317586,0
0.0751,28.4149677,30,0.0310832965,0.000701702033,0
0.0752,28.420616,30,0.0310832965,0.000701702033,0
0.0753,28.4262642,30,0.0310832965,0.000701702033,0
0.0754,28.4319123,30,0.0310832965,0.000701702033,0
0.0755,28.4375602,30,0.0310832965,0.000701702033,0
0.0756,28.4432081,30,0.0310832965,0.000701702033,0
0.0757,28.4488558,30,0.0310832965,0.000701702033,0
0.0758,28.4545035,30,0.0310832965,0.000701702033,0
0.0759,28.460151,30,0.0310832965,0.000701702033,0
0.076,28.4657984,30,0.0310832965,0.000701702033,0
0.0761,28.4712255,30,0.0299823305,0.000674207653,0
0.0762,28.4766525,30,0.0299823305,0.000674207653,0
0.0763,28.4820793,30,0.0299823305,0.000674207653,0
0.0764,28.4875061,30,0.0299823305,0.000674207653,0
0.0765,28.4929328,30,0.0299823305,0.000674207653,0
0.0766,28.4983593,30,0.0299823305,0.000674207653,0
0.0767,28.5037858,30,0.0299823305,0.000674207653,0
0.0768,28.5092121,30,0.0299823305,0.000674207653,0
0.0769,28.5146383,30,0.0299823305,0.000674207653,0
0.077,28.5200644,30,0.0299823305,0.000674207653,0
0.0771,28.5252789,30,0.0289245034,0.000647790527,0
0.0772,28.5304932,30,0.0289245034,0.000647790527,0
0.0773,28.5357075,30,0.0289245034,0.000647790527,0
0.0774,28.5409216,30,0.0289245034,0.000647790527,0
0.0775,28.5461356,30,0.0289245034,0.000647790527,0
0.0776,28.5513496,30,0.0289245034,0.000647790527,0
0.0777,28.5565634,30,0.0289245034,0.000647790527,0
0.0778,28.5617771,30,0.0289245034,0.000647790527,0
0.0779,28.5669907,30,0.0289245034,0.000647790527,0
0.078,28.5722042,30,0.0289245034,0.000647790527,0
0.0781,28.5772144,30,0.0279081249,0.000622408458,0
0.0782,28.5822244,30,0.0279081249,0.000622408458,0
0.0783,28.5872343,30,0.0279081249,0.000622408458,0
0.0784,28.5922442,30,0.0279081249,0.000622408458,0
0.0785,28.5972539,30,0.0279081249,0.000622408458,0
0.0786,28.6022635,30,0.0279081249,0.000622408458,0
0.0787,28.607273,30,0.0279081249,0.000622408458,0
0.0788,28.6122825,30,0.0279081249,0.000622408458,0
0.0789,28.6172918,30,0.0279081249,0.000622408458,0
0.079,28.622301,30,0.0279081249,0.000622408458,0
0.0791,28.6271148,30,0.026931571,0.000598020897,0
0.0792,28.6319286,30,0.026931571,0.000598020897,0
0.0793,28.6367422,30,0.026931571,0.000598020897,0
0.0794,28.6415557,30,0.026931571,0.000598020897,0
0.0795,28.6463692,30,0.026931571,0.000598020897,0
0.0796,28.6511825,30,0.026931571,0.000598020897,0
0.0797,28.6559957,30,0.026931571,0.000598020897,0
0.0798,28.6608089,30,0.026931571,0.000598020897,0
0.0799,28.6656219,30,0.026931571,0.000598020897,0
0.08,28.6704349,30,0.026931571,0.000598020897,0
0.0801,28.6750601,30,0.0259932812,0.000574588884,0
0.0802,28.6796852,30,0.0259932812,0.000574588884,0
0.0803,28.6843102,30,0.0259932812,0.000574588884,0
0.0804,28.6889351,30,0.0259932812,0.000574588884,0
0.0805,28.69356,30,0.0259932812,0.000574588884,0
0.0806,28.6981847,30,0.0259932812,0.000574588884,0
0.0807,28.7028094,30,0.0259932812,0.000574588884,0
0.0808,28.7074339,30,0.0259932812,0.000574588884,0
0.0809,28.7120584,30,0.0259932812,0.000574588884,0
0.081,28.7166827,30,0.0259932812,0.000574588884,0
0.0811,28.7211267,30,0.0250917562,0.000552074981,0
0.0812,28.7255706,30,0.0250917562,0.000552074981,0
0.0813,28.7300144,30,0.0250917562,0.000552074981,0
0.0814,28.7344581,30,0.0250917562,0.000552074981,0
0.0815,28.7389017,30,0.0250917562,0.000552074981,0
0.0816,28.7433453,30,0.0250917562,0.000552074981,0
0.0817,28.7477887,30,0.0250917562,0.000552074981,0
0.0818,28.752232,30,0.0250917562,0.000552074981,0
0.0819,28.7566753,30,0.0250917562,0.000552074981,0
0.082,28.7611185,30,0.0250917562,0.000552074981,0
0.0821,28.7653883,30,0.0242255554,0.00053044322,0
0.0822,28.7696581,30,0.0242255554,0.00053044322,0
0.0823,28.7739278,30,0.0242255554,0.00053044322,0
0.0824,28.7781974,30,0.0242255554,0.00053044322,0
0.0825,28.7824669,30,0.0242255554,0.00053044322,0
0.0826,28.7867363,30,0.0242255554,0.00053044322,0
0.0827,28.7910056,30,0.0242255554,0.00053044322,0
0.0828,28.7952749,30,0.0242255554,0.00053044322,0
0.0829,28.799544,30,0.0242255554,0.00053044322,0
0.083,28.8038131,30,0.0242255554,0.00053044322,0
0.0831,28.8079156,30,0.0233932949,0.000509659039,0
0.0832,28.8120181,30,0.0233932949,0.000509659039,0
0.0833,28.8161205,30,0.0233932949,0.000509659039,0
0.0834,28.8202228,30,0.0233932949,0.000509659039,0
0.0835,28.824325,30,0.0233932949,0.000509659039,0
0.0836,28.8284271,30,0.0233932949,0.000509659039,0
0.0837,28.8325292,30,0.0233932949,0.000509659039,0
0.0838,28.8366311,30,0.0233932949,0.000509659039,0
0.0839,28.840733,30,0.0233932949,0.000509659039,0
0.084,28.8448348,30,0.0233932949,0.000509659039,0
0.0841,28.8487766,30,0.0225936445,0.00048968923,0
0.0842,28.8527183,30,0.0225936445,0.00048968923,0
0.0843,28.85666,30,0.0225936445,0.00048968923,0
0.0844,28.8606015,30,0.0225936445,0.00048968923,0
0.0845,28.864543,30,0.0225936445,0.00048968923,0
0.0846,28.8684844,30,0.0225936445,0.00048968923,0
0.0847,28.8724257,30,0.0225936445,0.00048968923,0
0.0848,28.876367,30,0.0225936445,0.00048968923,0
0.0849,28.8803081,30,0.0225936445,0.00048968923,0
0.085,28.8842492,30,0.0225936445,0.00048968923,0
0.0851,28.8880365,30,0.0218253267,0.000470501885,0
0.0852,28.8918238,30,0.0218253267,0.000470501885,0
0.0853,28.895611,30,0.0218253267,0.000470501885,0
0.0854,28.8993981,30,0.0218253267,0.000470501885,0
0.0855,28.9031852,30,0.0218253267,0.000470501885,0
0.0856,28.9069721,30,0.0218253267,0.000470501885,0
0.0857,28.910759,30,0.0218253267,0.000470501885,0
0.0858,28.9145458,30,0.0218253267,0.000470501885,0
0.0859,28.9183326,30,0.0218253267,0.000470501885,0
0.086,28.9221192,30,0.0218253267,0.000470501885,0
0.0861,28.9257582,30,0.0210871138,0.000452066348,0
0.0862,28.929397,30,0.0210871138,0.000452066348,0
0.0863,28.9330358,30,0.0210871138,0.000452066348,0
0.0864,28.9366746,30,0.0210871138,0.000452066348,0
0.0865,28.9403132,30,0.0210871138,0.000452066348,0
0.0866,28.9439518,30,0.0210871138,0.000452066348,0
0.0867,28.9475903,30,0.0210871138,0.000452066348,0
0.0868,28.9512287,30,0.0210871138,0.000452066348,0
0.0869,28.9548671,30,0.0210871138,0.000452066348,0
0.087,28.9585054,30,0.0210871138,0.000452066348,0
0.0871,28.9620017,30,0.020377826,0.000434353161,0
0.0872,28.965498,30,0.020377826,0.000434353161,0
0.0873,28.9689943,30,0.020377826,0.000434353161,0
0.0874,28.9724904,30,0.020377826,0.000434353161,0
0.0875,28.9759865,30,0.020377826,0.000434353161,0
0.0876,28.9794825,30,0.020377826,0.000434353161,0
0.0877,28.9829784,30,0.020377826,0.000434353161,0
0.0878,28.9864743,30,0.020377826,0.000434353161,0
0.0879,28.9899701,30,0.020377826,0.000434353161,0
0.088,28.9934658,30,0.020377826,0.000434353161,0
0.0881,28.9968252,30,0.0196963301,0.000417334022,0
0.0882,29.0001845,30,0.0196963301,0.000417334022,0
0.0883,29.0035437,30,0.0196963301,0.000417334022,0
0.0884,29.0069029,30,0.0196963301,0.000417334022,0
0.0885,29.010262,30,0.0196963301,0.000417334022,0
0.0886,29.013621,30,0.0196963301,0.000417334022,0
0.0887,29.01698,30,0.0196963301,0.000417334022,0
0.0888,29.0203389,30,0.0196963301,0.000417334022,0
0.0889,29.0236977,30,0.0196963301,0.000417334022,0
0.089,29.0270564,30,0.0196963301,0.000417334022,0
0.0891,29.0302842,30,0.0190415371,0.000400981737,0
0.0892,29.0335118,30,0.0190415371,0.000400981737,0
0.0893,29.0367395,30,0.0190415371,0.000400981737,0
0.0894,29.039967,30,0.0190415371,0.000400981737,0
0.0895,29.0431945,30,0.0190415371,0.000400981737,0
0.0896,29.0464219,30,0.0190415371,0.000400981737,0
0.0897,29.0496492,30,0.0190415371,0.000400981737,0
0.0898,29.0528765,30,0.0190415371,0.000400981737,0
0.0899,29.0561037,30,0.0190415371,0.000400981737,0
0.09,29.0593309,30,0.0190415371,0.000400981737,0
0.0901,29.0624321,30,0.0184124006,0.000385270177,0
0.0902,29.0655333,30,0.0184124006,0.000385270177,0
0.0903,29.0686345,30,0.0184124006,0.000385270177,0
0.0904,29.0717356,30,0.0184124006,0.000385270177,0
0.0905,29.0748366,30,0.0184124006,0.000385270177,0
0.0906,29.0779375,30,0.0184124006,0.000385270177,0
0.0907,29.0810384,30,0.0184124006,0.000385270177,0
0.0908,29.0841392,30,0.0184124006,0.000385270177,0
0.0909,29.08724,30,0.0184124006,0.000385270177,0
0.091,29.0903407,30,0.0184124006,0.000385270177,0
0.0911,29.0933205,30,0.0178079155,0.000370174237,0
0.0912,29.0963001,30,0.0178079155,0.000370174237,0
0.0913,29.0992798,30,0.0178079155,0.000370174237,0
0.0914,29.1022593,30,0.0178079155,0.000370174237,0
0.0915,29.1052389,30,0.0178079155,0.000370174237,0
0.0916,29.1082183,30,0.0178079155,0.000370174237,0
0.0917,29.1111977,30,0.0178079155,0.000370174237,0
0.0918,29.114177,30,0.0178079155,0.000370174237,0
0.0919,29.1171563,30,0.0178079155,0.000370174237,0
0.092,29.1201355,30,0.0178079155,0.000370174237,0
0.0921,29.1229985,30,0.0172271158,0.000355669796,0
0.0922,29.1258614,30,0.0172271158,0.000355669796,0
0.0923,29.1287243,30,0.0172271158,0.000355669796,0
0.0924,29.1315871,30,0.0172271158,0.000355669796,0
0.0925,29.1344499,30,0.0172271158,0.000355669796,0
0.0926,29.1373126,30,0.0172271158,0.000355669796,0
0.0927,29.1401752,30,0.0172271158,0.000355669796,0
0.0928,29.1430378,30,0.0172271158,0.000355669796,0
0.0929,29.1459004,30,0.0172271158,0.000355669796,0
0.093,29.1487628,30,0.0172271158,0.000355669796,0
0.0931,29.1515137,30,0.0166690734,0.000341733679,0
0.0932,29.1542644,30,0.0166690734,0.000341733679,0
0.0933,29.1570151,30,0.0166690734,0.000341733679,0
0.0934,29.1597658,30,0.0166690734,0.000341733679,0
0.0935,29.1625163,30,0.0166690734,0.000341733679,0
0.0936,29.1652669,30,0.0166690734,0.000341733679,0
0.0937,29.1680174,30,0.0166690734,0.000341733679,0
0.0938,29.1707678,30,0.0166690734,0.000341733679,0
0.0939,29.1735182,30,0.0166690734,0.000341733679,0
0.094,29.1762685,30,0.0166690734,0.000341733679,0
0.0941,29.1789115,30,0.0161328967,0.000328343615,0
0.0942,29.1815545,30,0.0161328967,0.000328343615,0
0.0943,29.1841974,30,0.0161328967,0.000328343615,0
0.0944,29.1868403,30,0.0161328967,0.000328343615,0
0.0945,29.1894831,30,0.0161328967,0.000328343615,0
0.0946,29.1921259,30,0.0161328967,0.000328343615,0
0.0947,29.1947686,30,0.0161328967,0.000328343615,0
0.0948,29.1974112,30,0.0161328967,0.000328343615,0
0.0949,29.2000538,30,0.0161328967,0.000328343615,0
0.095,29.2026964,30,0.0161328967,0.000328343615,0
0.0951,29.2052358,30,0.0156177288,0.000315478211,0
0.0952,29.2077753,30,0.0156177288,0.000315478211,0
0.0953,29.2103146,30,0.0156177288,0.000315478211,0
0.0954,29.2128539,30,0.0156177288,0.000315478211,0
0.0955,29.2153932,30,0.0156177288,0.000315478211,0
0.0956,29.2179324,30,0.0156177288,0.000315478211,0
0.0957,29.2204716,30,0.0156177288,0.000315478211,0
0.0958,29.2230107,30,0.0156177288,0.000315478211,0
0.0959,29.2255497,30,0.0156177288,0.000315478211,0
0.096,29.2280888,30,0.0156177288,0.000315478211,0
0.0961,29.2305287,30,0.0151227466,0.000303116908,0
0.0962,29.2329686,30,0.0151227466,0.000303116908,0
0.0963,29.2354085,30,0.0151227466,0.000303116908,0
0.0964,29.2378483,30,0.0151227466,0.000303116908,0
0.0965,29.2402881,30,0.0151227466,0.000303116908,0
0.0966,29.2427278,30,0.0151227466,0.000303116908,0
0.0967,29.2451675,30,0.0151227466,0.000303116908,0
0.0968,29.2476071,30,0.0151227466,0.000303116908,0
0.0969,29.2500467,30,0.0151227466,0.000303116908,0
0.097,29.2524862,30,0.0151227466,0.000303116908,0
0.0971,29.2548306,30,0.0146471592,0.000291239955,0
0.0972,29.2571749,30,0.0146471592,0.000291239955,0
0.0973,29.2595191,30,0.0146471592,0.000291239955,0
0.0974,29.2618633,30,0.0146471592,0.000291239955,0
0.0975,29.2642075,30,0.0146471592,0.000291239955,0
0.0976,29.2665516,30,0.0146471592,0.000291239955,0
0.0977,29.2688957,30,0.0146471592,0.000291239955,0
0.0978,29.2712398,30,0.0146471592,0.000291239955,0
0.0979,29.2735837,30,0.0146471592,0.000291239955,0
0.098,29.2759277,30,0.0146471592,0.000291239955,0
0.0981,29.2781802,30,0.0141902066,0.000279828373,0
0.0982,29.2804326,30,0.0141902066,0.000279828373,0
0.0983,29.282685,30,0.0141902066,0.000279828373,0
0.0984,29.2849374,30,0.0141902066,0.000279828373,0
0.0985,29.2871897,30,0.0141902066,0.000279828373,0
0.0986,29.289442,30,0.0141902066,0.000279828373,0
0.0987,29.2916942,30,0.0141902066,0.000279828373,0
0.0988,29.2939464,30,0.0141902066,0.000279828373,0
0.0989,29.2961986,30,0.0141902066,0.000279828373,0
0.099,29.2984506,30,0.0141902066,0.000279828373,0
0.0991,29.3006149,30,0.0137511587,0.000268863928,0
0.0992,29.3027791,30,0.0137511587,0.000268863928,0
0.0993,29.3049432,30,0.0137511587,0.000268863928,0
0.0994,29.3071074,30,0.0137511587,0.000268863928,0
0.0995,29.3092714,30,0.0137511587,0.000268863928,0
0.0996,29.3114354,30,0.0137511587,0.000268863928,0
0.0997,29.3135994,30,0.0137511587,0.000268863928,0
0.0998,29.3157634,30,0.0137511587,0.000268863928,0
0.0999,29.3179273,30,0.0137511587,0.000268863928,0
0.1,29.3200911,30,0.0137511587,0.000268863928,0
0.1001,29.3221706,30,0.0133293139,0.000258329099,0
0.1002,29.3242499,30,0.0133293139,0.000258329099,0
0.1003,29.3263293,30,0.0133293139,0.000258329099,0
0.1004,29.3284086,30,0.0133293139,0.000258329099,0
0.1005,29.3304879,30,0.0133293139,0.000258329099,0
0.1006,29.3325671,30,0.0133293139,0.000258329099,0
0.1007,29.3346463,30,0.0133293139,0.000258329099,0
0.1008,29.3367255,30,0.0133293139,0.000258329099,0
0.1009,29.3388046,30,0.0133293139,0.000258329099,0
0.101,29.3408836,30,0.0133293139,0.000258329099,0
0.1011,29.3428816,30,0.0129239981,0.000248207055,0
0.1012,29.3448795,30,0.0129239981,0.000248207055,0
0.1013,29.3468774,30,0.0129239981,0.000248207055,0
0.1014,29.3488752,30,0.0129239981,0.000248207055,0
0.1015,29.3508731,30,0.0129239981,0.000248207055,0
0.1016,29.3528708,30,0.0129239981,0.000248207055,0
0.1017,29.3548685,30,0.0129239981,0.000248207055,0
0.1018,29.3568662,30,0.0129239981,0.000248207055,0
0.1019,29.3588639,30,0.0129239981,0.000248207055,0
0.102,29.3608615,30,0.0129239981,0.000248207055,0
0.1021,29.3627811,30,0.0125345637,0.000238481619,0
0.1022,29.3647008,30,0.0125345637,0.000238481619,0
0.1023,29.3666204,30,0.0125345637,0.000238481619,0
0.1024,29.3685399,30,0.0125345637,0.000238481619,0
0.1025,29.3704595,30,0.0125345637,0.000238481619,0
0.1026,29.3723789,30,0.0125345637,0.000238481619,0
0.1027,29.3742984,30,0.0125345637,0.000238481619,0
0.1028,29.3762178,30,0.0125345637,0.000238481619,0
0.1029,29.3781372,30,0.0125345637,0.000238481619,0
0.103,29.3800565,30,0.0125345637,0.000238481619,0
0.1031,29.381901,30,0.0121603884,0.000229137253,0
0.1032,29.3837454,30,0.0121603884,0.000229137253,0
0.1033,29.3855898,30,0.0121603884,0.000229137253,0
0.1034,29.3874341,30,0.0121603884,0.000229137253,0
0.1035,29.3892784,30,0.0121603884,0.000229137253,0
0.1036,29.3911227,30,0.0121603884,0.000229137253,0
0.1037,29.3929669,30,0.0121603884,0.000229137253,0
0.1038,29.3948111,30,0.0121603884,0.000229137253,0
0.1039,29.3966553,30,0.0121603884,0.000229137253,0
0.104,29.3984994,30,0.0121603884,0.000229137253,0
0.1041,29.4002716,30,0.0118008744,0.000220159025,0
0.1042,29.4020438,30,0.0118008744,0.000220159025,0
0.1043,29.4038159,30,0.0118008744,0.000220159025,0
0.1044,29.405588,30,0.0118008744,0.000220159025,0
0.1045,29.40736,30,0.0118008744,0.000220159025,0
0.1046,29.409132,30,0.0118008744,0.000220159025,0
0.1047,29.410904,30,0.0118008744,0.000220159025,0
0.1048,29.4126759,30,0.0118008744,0.000220159025,0
0.1049,29.4144478,30,0.0118008744,0.000220159025,0
0.105,29.4162197,30,0.0118008744,0.000220159025,0
0.1051,29.4179224,30,0.0114554471,0.000211532589,0
0.1052,29.4196252,30,0.0114554471,0.000211532589,0
0.1053,29.4213278,30,0.0114554471,0.000211532589,0
0.1054,29.4230305,30,0.0114554471,0.000211532589,0
0.1055,29.4247331,30,0.0114554471,0.000211532589,0
0.1056,29.4264357,30,0.0114554471,0.000211532589,0
0.1057,29.4281382,30,0.0114554471,0.000211532589,0
0.1058,29.4298407,30,0.0114554471,0.000211532589,0
0.1059,29.4315432,30,0.0114554471,0.000211532589,0
0.106,29.4332456,30,0.0114554471,0.000211532589,0
0.1061,29.4348817,30,0.0111235546,0.000203244159,0
0.1062,29.4365177,30,0.0111235546,0.000203244159,0
0.1063,29.4381536,30,0.0111235546,0.000203244159,0
0.1064,29.4397896,30,0.0111235546,0.000203244159,0
0.1065,29.4414255,30,0.0111235546,0.000203244159,0
0.1066,29.4430613,30,0.0111235546,0.000203244159,0
0.1067,29.4446972,30,0.0111235546,0.000203244159,0
0.1068,29.446333,30,0.0111235546,0.000203244159,0
0.1069,29.4479687,30,0.0111235546,0.000203244159,0
0.107,29.4496045,30,0.0111235546,0.000203244159,0
0.1071,29.4511764,30,0.0108046665,0.000195280494,0
0.1072,29.4527483,30,0.0108046665,0.000195280494,0
0.1073,29.4543201,30,0.0108046665,0.000195280494,0
0.1074,29.455892,30,0.0108046665,0.000195280494,0
0.1075,29.4574638,30,0.0108046665,0.000195280494,0
0.1076,29.4590355,30,0.0108046665,0.000195280494,0
0.1077,29.4606073,30,0.0108046665,0.000195280494,0
0.1078,29.462179,30,0.0108046665,0.000195280494,0
0.1079,29.4637507,30,0.0108046665,0.000195280494,0
0.108,29.4653223,30,0.0108046665,0.000195280494,0
0.1081,29.4668326,30,0.0104982734,0.000187628867,0
0.1082,29.4683429,30,0.0104982734,0.000187628867,0
0.1083,29.4698532,30,0.0104982734,0.000187628867,0
0.1084,29.4713635,30,0.0104982734,0.000187628867,0
0.1085,29.4728737,30,0.0104982734,0.000187628867,0
0.1086,29.4743839,30,0.0104982734,0.000187628867,0
0.1087,29.475894,30,0.0104982734,0.000187628867,0
0.1088,29.4774041,30,0.0104982734,0.000187628867,0
0.1089,29.4789142,30,0.0104982734,0.000187628867,0
0.109,29.4804243,30,0.0104982734,0.000187628867,0
0.1091,29.4818754,30,0.0102038855,0.000180277051,0
0.1092,29.4833266,30,0.0102038855,0.000180277051,0
0.1093,29.4847777,30,0.0102038855,0.000180277051,0
0.1094,29.4862287,30,0.0102038855,0.000180277051,0
0.1095,29.4876798,30,0.0102038855,0.000180277051,0
0.1096,29.4891308,30,0.0102038855,0.000180277051,0
0.1097,29.4905817,30,0.0102038855,0.000180277051,0
0.1098,29.4920327,30,0.0102038855,0.000180277051,0
0.1099,29.4934836,30,0.0102038855,0.000180277051,0
0.11,29.4949345,30,0.0102038855,0.000180277051,0
0.1101,29.4963288,30,0.00992103266,0.0001732133,0
0.1102,29.4977231,30,0.00992103266,0.0001732133,0
0.1103,29.4991173,30,0.00992103266,0.0001732133,0
0.1104,29.5005115,30,0.00992103266,0.0001732133,0
0.1105,29.5019057,30,0.00992103266,0.0001732133,0
0.1106,29.5032999,30,0.00992103266,0.0001732133,0
0.1107,29.504694,30,0.00992103266,0.0001732133,0
0.1108,29.5060881,30,0.00992103266,0.0001732133,0
0.1109,29.5074822,30,0.00992103266,0.0001732133,0
0.111,29.5088762,30,0.00992103266,0.0001732133,0
0.1111,29.5102159,30,0.00964926273,0.000166426326,0
0.1112,29.5115555,30,0.00964926273,0.000166426326,0
0.1113,29.5128951,30,0.00964926273,0.000166426326,0
0.1114,29.5142347,30,0.00964926273,0.000166426326,0
0.1115,29.5155742,30,0.00964926273,0.000166426326,0
0.1116,29.5169138,30,0.00964926273,0.000166426326,0
0.1117,29.5182533,30,0.00964926273,0.000166426326,0
0.1118,29.5195927,30,0.00964926273,0.000166426326,0
0.1119,29.5209322,30,0.00964926273,0.000166426326,0
0.112,29.5222716,30,0.00964926273,0.000166426326,0
0.1121,29.5235588,30,0.00938814149,0.000159905284,0
0.1122,29.5248459,30,0.00938814149,0.000159905284,0
0.1123,29.526133,30,0.00938814149,0.000159905284,0
0.1124,29.5274201,30,0.00938814149,0.000159905284,0
0.1125,29.5287072,30,0.00938814149,0.000159905284,0
0.1126,29.5299942,30,0.00938814149,0.000159905284,0
0.1127,29.5312813,30,0.00938814149,0.000159905284,0
0.1128,29.5325682,30,0.00938814149,0.000159905284,0
0.1129,29.5338552,30,0.00938814149,0.000159905284,0
0.113,29.5351422,30,0.00938814149,0.000159905284,0
0.1131,29.5363789,30,0.0091372517,0.000153639755,0
0.1132,29.5376156,30,0.0091372517,0.000153639755,0
0.1133,29.5388523,30,0.0091372517,0.000153639755,0
0.1134,29.5400889,30,0.0091372517,0.000153639755,0
0.1135,29.5413256,30,0.0091372517,0.000153639755,0
0.1136,29.5425622,30,0.0091372517,0.000153639755,0
0.1137,29.5437988,30,0.0091372517,0.000153639755,0
0.1138,29.5450353,30,0.0091372517,0.000153639755,0
0.1139,29.5462719,30,0.0091372517,0.000153639755,0
0.114,29.5475084,30,0.0091372517,0.000153639755,0
0.1141,29.5486967,30,0.00889619246,0.000147619726,0
0.1142,29.5498849,30,0.00889619246,0.000147619726,0
0.1143,29.5510731,30,0.00889619246,0.000147619726,0
0.1144,29.5522614,30,0.00889619246,0.000147619726,0
0.1145,29.5534495,30,0.00889619246,0.000147619726,0
0.1146,29.5546377,30,0.00889619246,0.000147619726,0
0.1147,29.5558258,30,0.00889619246,0.000147619726,0
0.1148,29.5570139,30,0.00889619246,0.000147619726,0
0.1149,29.558202,30,0.00889619246,0.000147619726,0
0.115,29.5593901,30,0.00889619246,0.000147619726,0
0.1151,29.5605318,30,0.00866457859,0.000141835579,0
0.1152,29.5616735,30,0.00866457859,0.000141835579,0
0.1153,29.5628152,30,0.00866457859,0.000141835579,0
0.1154,29.5639568,30,0.00866457859,0.000141835579,0
0.1155,29.5650984,30,0.00866457859,0.000141835579,0
0.1156,29.56624,30,0.00866457859,0.000141835579,0
0.1157,29.5673816,30,0.00866457859,0.000141835579,0
0.1158,29.5685232,30,0.00866457859,0.000141835579,0
0.1159,29.5696647,30,0.00866457859,0.000141835579,0
0.116,29.5708062,30,0.00866457859,0.000141835579,0
0.1161,29.5719032,30,0.00844203999,0.000136278071,0
0.1162,29.5730002,30,0.00844203999,0.000136278071,0
0.1163,29.5740971,30,0.00844203999,0.000136278071,0
0.1164,29.575194,30,0.00844203999,0.000136278071,0
0.1165,29.5762909,30,0.00844203999,0.000136278071,0
0.1166,29.5773878,30,0.00844203999,0.000136278071,0
0.1167,29.5784846,30,0.00844203999,0.000136278071,0
0.1168,29.5795815,30,0.00844203999,0.000136278071,0
0.1169,29.5806783,30,0.00844203999,0.000136278071,0
0.117,29.581775,30,0.00844203999,0.000136278071,0
0.1171,29.582829,30,0.00822822106,0.000130938321,0
0.1172,29.583883,30,0.00822822106,0.000130938321,0
0.1173,29.584937,30,0.00822822106,0.000130938321,0
0.1174,29.5859909,30,0.00822822106,0.000130938321,0
0.1175,29.5870448,30,0.00822822106,0.000130938321,0
0.1176,29.5880987,30,0.00822822106,0.000130938321,0
0.1177,29.5891526,30,0.00822822106,0.000130938321,0
0.1178,29.5902064,30,0.00822822106,0.000130938321,0
0.1179,29.5912603,30,0.00822822106,0.000130938321,0
0.118,29.5923141,30,0.00822822106,0.000130938321,0
0.1181,29.5933268,30,0.00802278015,0.000125807797,0
0.1182,29.5943395,30,0.00802278015,0.000125807797,0
0.1183,29.5953521,30,0.00802278015,0.000125807797,0
0.1184,29.5963648,30,0.00802278015,0.000125807797,0
0.1185,29.5973774,30,0.00802278015,0.000125807797,0
0.1186,29.59839,30,0.00802278015,0.000125807797,0
0.1187,29.5994025,30,0.00802278015,0.000125807797,0
0.1188,29.6004151,30,0.00802278015,0.000125807797,0
0.1189,29.6014276,30,0.00802278015,0.000125807797,0
0.119,29.6024402,30,0.00802278015,0.000125807797,0
0.1191,29.6034132,30,0.00782538897,0.000120878301,0
0.1192,29.6043862,30,0.00782538897,0.000120878301,0
0.1193,29.6053592,30,0.00782538897,0.000120878301,0
0.1194,29.6063321,30,0.00782538897,0.000120878301,0
0.1195,29.6073051,30,0.00782538897,0.000120878301,0
0.1196,29.608278,30,0.00782538897,0.000120878301,0
0.1197,29.6092509,30,0.00782538897,0.000120878301,0
0.1198,29.6102238,30,0.00782538897,0.000120878301,0
0.1199,29.6111966,30,0.00782538897,0.000120878301,0
0.12,29.6121695,30,0.00782538897,0.000120878301,0
0.1201,29.6131044,30,0.00763573213,0.000116141956,0
0.1202,29.6140392,30,0.00763573213,0.000116141956,0
0.1203,29.6149741,30,0.00763573213,0.000116141956,0
0.1204,29.6159089,30,0.00763573213,0.000116141956,0
0.1205,29.6168438,30,0.00763573213,0.000116141956,0
0.1206,29.6177786,30,0.00763573213,0.000116141956,0
0.1207,29.6187133,30,0.00763573213,0.000116141956,0
0.1208,29.6196481,30,0.00763573213,0.000116141956,0
0.1209,29.6205828,30,0.00763573213,0.000116141956,0
0.121,29.6215176,30,0.00763573213,0.000116141956,0
0.1211,29.6224158,30,0.00745350656,0.000111591195,0
0.1212,29.6233141,30,0.00745350656,0.000111591195,0
0.1213,29.6242123,30,0.00745350656,0.000111591195,0
0.1214,29.6251105,30,0.00745350656,0.000111591195,0
0.1215,29.6260087,30,0.00745350656,0.000111591195,0
0.1216,29.6269069,30,0.00745350656,0.000111591195,0
0.1217,29.627805,30,0.00745350656,0.000111591195,0
0.1218,29.6287032,30,0.00745350656,0.000111591195,0
0.1219,29.6296013,30,0.00745350656,0.000111591195,0
0.122,29.6304994,30,0.00745350656,0.000111591195,0
0.1221,29.6313625,30,0.0072784211,0.000107218744,0
0.1222,29.6322255,30,0.0072784211,0.000107218744,0
0.1223,29.6330885,30,0.0072784211,0.000107218744,0
0.1224,29.6339515,30,0.0072784211,0.000107218744,0
0.1225,29.6348145,30,0.0072784211,0.000107218744,0
0.1226,29.6356775,30,0.0072784211,0.000107218744,0
0.1227,29.6365405,30,0.0072784211,0.000107218744,0
0.1228,29.6374034,30,0.0072784211,0.000107218744,0
0.1229,29.6382664,30,0.0072784211,0.000107218744,0
0.123,29.6391293,30,0.0072784211,0.000107218744,0
0.1231,29.6399585,30,0.00711019596,0.000103017619,0
0.1232,29.6407877,30,0.00711019596,0.000103017619,0
0.1233,29.641617,30,0.00711019596,0.000103017619,0
0.1234,29.6424462,30,0.00711019596,0.000103017619,0
0.1235,29.6432753,30,0.00711019596,0.000103017619,0
0.1236,29.6441045,30,0.00711019596,0.000103017619,0
0.1237,29.6449337,30,0.00711019596,0.000103017619,0
0.1238,29.6457628,30,0.00711019596,0.000103017619,0
0.1239,29.6465919,30,0.00711019596,0.000103017619,0
0.124,29.647421,30,0.00711019596,0.000103017619,0
0.1241,29.6482178,30,0.00694856235,9.89811048e-05,0
0.1242,29.6490145,30,0.00694856235,9.89811048e-05,0
0.1243,29.6498112,30,0.00694856235,9.89811048e-05,0
0.1244,29.6506079,30,0.00694856235,9.89811048e-05,0
0.1245,29.6514046,30,0.00694856235,9.89811048e-05,0
0.1246,29.6522013,30,0.00694856235,9.89811048e-05,0
0.1247,29.652998,30,0.00694856235,9.89811048e-05,0
0.1248,29.6537946,30,0.00694856235,9.89811048e-05,0
0.1249,29.6545912,30,0.00694856235,9.89811048e-05,0
0.125,29.6553878,30,0.00694856235,9.89811048e-05,0
0.1251,29.6561534,30,0.00679326199,9.51027526e-05,0
0.1252,29.6569189,30,0.00679326199,9.51027526e-05,0
0.1253,29.6576844,30,0.00679326199,9.51027526e-05,0
0.1254,29.6584499,30,0.00679326199,9.51027526e-05,0
0.1255,29.6592154,30,0.00679326199,9.51027526e-05,0
0.1256,29.6599808,30,0.00679326199,9.51027526e-05,0
0.1257,29.6607463,30,0.00679326199,9.51027526e-05,0
0.1258,29.6615117,30,0.00679326199,9.51027526e-05,0
0.1259,29.6622771,30,0.00679326199,9.51027526e-05,0
0.126,29.6630425,30,0.00679326199,9.51027526e-05,0
0.1261,29.6637781,30,0.00664404672,9.13763649e-05,0
0.1262,29.6645136,30,0.00664404672,9.13763649e-05,0
0.1263,29.6652491,30,0.00664404672,9.13763649e-05,0
0.1264,29.6659846,30,0.00664404672,9.13763649e-05,0
0.1265,29.6667201,30,0.00664404672,9.13763649e-05,0
0.1266,29.6674556,30,0.00664404672,9.13763649e-05,0
0.1267,29.668191,30,0.00664404672,9.13763649e-05,0
0.1268,29.6689264,30,0.00664404672,9.13763649e-05,0
0.1269,29.6696619,30,0.00664404672,9.13763649e-05,0
0.127,29.6703973,30,0.00664404672,9.13763649e-05,0
0.1271,29.671104,30,0.00650067812,8.77959873e-05,0
0.1272,29.6718107,30,0.00650067812,8.77959873e-05,0
0.1273,29.6725174,30,0.00650067812,8.77959873e-05,0
0.1274,29.6732241,30,0.00650067812,8.77959873e-05,0
0.1275,29.6739307,30,0.00650067812,8.77959873e-05,0
0.1276,29.6746374,30,0.00650067812,8.77959873e-05,0
0.1277,29.675344,30,0.00650067812,8.77959873e-05,0
0.1278,29.6760506,30,0.00650067812,8.77959873e-05,0
0.1279,29.6767573,30,0.00650067812,8.77959873e-05,0
0.128,29.6774638,30,0.00650067812,8.77959873e-05,0
0.1281,29.6781429,30,0.0063629271,8.43558988e-05,0
0.1282,29.6788219,30,0.0063629271,8.43558988e-05,0
0.1283,29.6795009,30,0.0063629271,8.43558988e-05,0
0.1284,29.6801799,30,0.0063629271,8.43558988e-05,0
0.1285,29.6808589,30,0.0063629271,8.43558988e-05,0
0.1286,29.6815378,30,0.0063629271,8.43558988e-05,0
0.1287,29.6822168,30,0.0063629271,8.43558988e-05,0
0.1288,29.6828957,30,0.0063629271,8.43558988e-05,0
0.1289,29.6835746,30,0.0063629271,8.43558988e-05,0
0.129,29.6842535,30,0.0063629271,8.43558988e-05,0
0.1291,29.684906,30,0.00623057354,8.10506024e-05,0
0.1292,29.6855584,30,0.00623057354,8.10506024e-05,0
0.1293,29.6862108,30,0.00623057354,8.10506024e-05,0
0.1294,29.6868631,30,0.00623057354,8.10506024e-05,0
0.1295,29.6875155,30,0.00623057354,8.10506024e-05,0
0.1296,29.6881679,30,0.00623057354,8.10506024e-05,0
0.1297,29.6888202,30,0.00623057354,8.10506024e-05,0
0.1298,29.6894725,30,0.00623057354,8.10506024e-05,0
0.1299,29.6901249,30,0.00623057354,8.10506024e-05,0
0.13,29.6907772,30,0.00623057354,8.10506024e-05,0
0.1301,29.691404,30,0.00610340595,7.78748167e-05,0
0.1302,29.6920309,30,0.00610340595,7.78748167e-05,0
0.1303,29.6926577,30,0.00610340595,7.78748167e-05,0
0.1304,29.6932845,30,0.00610340595,7.78748167e-05,0
0.1305,29.6939113,30,0.00610340595,7.78748167e-05,0
0.1306,29.6945381,30,0.00610340595,7.78748167e-05,0
0.1307,29.6951649,30,0.00610340595,7.78748167e-05,0
0.1308,29.6957917,30,0.00610340595,7.78748167e-05,0
0.1309,29.6964185,30,0.00610340595,7.78748167e-05,0
0.131,29.6970452,30,0.00610340595,7.78748167e-05,0
0.1311,29.6976475,30,0.00598122115,7.48234669e-05,0
0.1312,29.6982498,30,0.00598122115,7.48234669e-05,0
0.1313,29.6988521,30,0.00598122115,7.48234669e-05,0
0.1314,29.6994543,30,0.00598122115,7.48234669e-05,0
0.1315,29.7000566,30,0.00598122115,7.48234669e-05,0
0.1316,29.7006588,30,0.00598122115,7.48234669e-05,0
0.1317,29.701261,30,0.00598122115,7.48234669e-05,0
0.1318,29.7018632,30,0.00598122115,7.48234669e-05,0
0.1319,29.7024654,30,0.00598122115,7.48234669e-05,0
0.132,29.7030676,30,0.00598122115,7.48234669e-05,0
0.1321,29.7036463,30,0.00586382388,7.18916775e-05,0
0.1322,29.704225,30,0.00586382388,7.18916775e-05,0
0.1323,29.7048037,30,0.00586382388,7.18916775e-05,0
0.1324,29.7053824,30,0.00586382388,7.18916775e-05,0
0.1325,29.705961,30,0.00586382388,7.18916775e-05,0
0.1326,29.7065396,30,0.00586382388,7.18916775e-05,0
0.1327,29.7071183,30,0.00586382388,7.18916775e-05,0
0.1328,29.7076969,30,0.00586382388,7.18916775e-05,0
0.1329,29.7082755,30,0.00586382388,7.18916775e-05,0
0.133,29.7088541,30,0.00586382388,7.18916775e-05,0
0.1331,29.7094101,30,0.00575102655,6.90747636e-05,0
0.1332,29.7099661,30,0.00575102655,6.90747636e-05,0
0.1333,29.7105221,30,0.00575102655,6.90747636e-05,0
0.1334,29.7110781,30,0.00575102655,6.90747636e-05,0
0.1335,29.7116341,30,0.00575102655,6.90747636e-05,0
0.1336,29.7121901,30,0.00575102655,6.90747636e-05,0
0.1337,29.712746,30,0.00575102655,6.90747636e-05,0
0.1338,29.713302,30,0.00575102655,6.90747636e-05,0
0.1339,29.7138579,30,0.00575102655,6.90747636e-05,0
0.134,29.7144138,30,0.00575102655,6.90747636e-05,0
0.1341,29.7149481,30,0.00564264894,6.63682242e-05,0
0.1342,29.7154823,30,0.00564264894,6.63682242e-05,0
0.1343,29.7160165,30,0.00564264894,6.63682242e-05,0
0.1344,29.7165507,30,0.00564264894,6.63682242e-05,0
0.1345,29.7170849,30,0.00564264894,6.63682242e-05,0
0.1346,29.7176191,30,0.00564264894,6.63682242e-05,0
0.1347,29.7181532,30,0.00564264894,6.63682242e-05,0
0.1348,29.7186874,30,0.00564264894,6.63682242e-05,0
0.1349,29.7192216,30,0.00564264894,6.63682242e-05,0
0.135,29.7197557,30,0.00564264894,6.63682242e-05,0
0.1351,29.720269,30,0.00553851786,6.37677344e-05,0
0.1352,29.7207823,30,0.00553851786,6.37677344e-05,0
0.1353,29.7212956,30,0.00553851786,6.37677344e-05,0
0.1354,29.7218088,30,0.00553851786,6.37677344e-05,0
0.1355,29.7223221,30,0.00553851786,6.37677344e-05,0
0.1356,29.7228354,30,0.00553851786,6.37677344e-05,0
0.1357,29.7233486,30,0.00553851786,6.37677344e-05,0
0.1358,29.7238618,30,0.00553851786,6.37677344e-05,0
0.1359,29.7243751,30,0.00553851786,6.37677344e-05,0
0.136,29.7248883,30,0.00553851786,6.37677344e-05,0
0.1361,29.7253815,30,0.00543846693,6.1269139e-05,0
0.1362,29.7258746,30,0.00543846693,6.1269139e-05,0
0.1363,29.7263678,30,0.00543846693,6.1269139e-05,0
0.1364,29.726861,30,0.00543846693,6.1269139e-05,0
0.1365,29.7273541,30,0.00543846693,6.1269139e-05,0
0.1366,29.7278473,30,0.00543846693,6.1269139e-05,0
0.1367,29.7283404,30,0.00543846693,6.1269139e-05,0
0.1368,29.7288335,30,0.00543846693,6.1269139e-05,0
0.1369,29.7293266,30,0.00543846693,6.1269139e-05,0
0.137,29.7298197,30,0.00543846693,6.1269139e-05,0
0.1371,29.7302936,30,0.00534233626,5.88684455e-05,0
0.1372,29.7307675,30,0.00534233626,5.88684455e-05,0
0.1373,29.7312413,30,0.00534233626,5.88684455e-05,0
0.1374,29.7317151,30,0.00534233626,5.88684455e-05,0
0.1375,29.732189,30,0.00534233626,5.88684455e-05,0
0.1376,29.7326628,30,0.00534233626,5.88684455e-05,0
0.1377,29.7331366,30,0.00534233626,5.88684455e-05,0
0.1378,29.7336104,30,0.00534233626,5.88684455e-05,0
0.1379,29.7340842,30,0.00534233626,5.88684455e-05,0
0.138,29.734558,30,0.00534233626,5.88684455e-05,0
0.1381,29.7350133,30,0.00524997226,5.65618177e-05,0
0.1382,29.7354686,30,0.00524997226,5.65618177e-05,0
0.1383,29.7359238,30,0.00524997226,5.65618177e-05,0
0.1384,29.7363791,30,0.00524997226,5.65618177e-05,0
0.1385,29.7368344,30,0.00524997226,5.65618177e-05,0
0.1386,29.7372896,30,0.00524997226,5.65618177e-05,0
0.1387,29.7377449,30,0.00524997226,5.65618177e-05,0
0.1388,29.7382001,30,0.00524997226,5.65618177e-05,0
0.1389,29.7386553,30,0.00524997226,5.65618177e-05,0
0.139,29.7391105,30,0.00524997226,5.65618177e-05,0
0.1391,29.739548,30,0.00516122733,5.43455699e-05,0
0.1392,29.7399855,30,0.00516122733,5.43455699e-05,0
0.1393,29.7404229,30,0.00516122733,5.43455699e-05,0
0.1394,29.7408603,30,0.00516122733,5.43455699e-05,0
0.1395,29.7412977,30,0.00516122733,5.43455699e-05,0
0.1396,29.7417352,30,0.00516122733,5.43455699e-05,0
0.1397,29.7421726,30,0.00516122733,5.43455699e-05,0
0.1398,29.74261,30,0.00516122733,5.43455699e-05,0
0.1399,29.7430474,30,0.00516122733,5.43455699e-05,0
0.14,29.7434847,30,0.00516122733,5.43455699e-05,0
0.1401,29.7439051,30,0.00507595968,5.22161609e-05,0
0.1402,29.7443254,30,0.00507595968,5.22161609e-05,0
0.1403,29.7447457,30,0.00507595968,5.22161609e-05,0
0.1404,29.745166,30,0.00507595968,5.22161609e-05,0
0.1405,29.7455862,30,0.00507595968,5.22161609e-05,0
0.1406,29.7460065,30,0.00507595968,5.22161609e-05,0
0.1407,29.7464268,30,0.00507595968,5.22161609e-05,0
0.1408,29.746847,30,0.00507595968,5.22161609e-05,0
0.1409,29.7472673,30,0.00507595968,5.22161609e-05,0
0.141,29.7476875,30,0.00507595968,5.22161609e-05,0
0.1411,29.7480914,30,0.00499403305,5.01701879e-05,0
0.1412,29.7484952,30,0.00499403305,5.01701879e-05,0
0.1413,29.7488991,30,0.00499403305,5.01701879e-05,0
0.1414,29.7493029,30,0.00499403305,5.01701879e-05,0
0.1415,29.7497067,30,0.00499403305,5.01701879e-05,0
0.1416,29.7501105,30,0.00499403305,5.01701879e-05,0
0.1417,29.7505143,30,0.00499403305,5.01701879e-05,0
0.1418,29.7509181,30,0.00499403305,5.01701879e-05,0
0.1419,29.7513219,30,0.00499403305,5.01701879e-05,0
0.142,29.7517257,30,0.00499403305,5.01701879e-05,0
0.1421,29.7521137,30,0.00491531652,4.82043818e-05,0
0.1422,29.7525017,30,0.00491531652,4.82043818e-05,0
0.1423,29.7528897,30,0.00491531652,4.82043818e-05,0
0.1424,29.7532777,30,0.00491531652,4.82043818e-05,0
0.1425,29.7536657,30,0.00491531652,4.82043818e-05,0
0.1426,29.7540537,30,0.00491531652,4.82043818e-05,0
0.1427,29.7544417,30,0.00491531652,4.82043818e-05,0
0.1428,29.7548296,30,0.00491531652,4.82043818e-05,0
0.1429,29.7552176,30,0.00491531652,4.82043818e-05,0
0.143,29.7556056,30,0.00491531652,4.82043818e-05,0
0.1431,29.7559784,30,0.00483968433,4.63156014e-05,0
0.1432,29.7563512,30,0.00483968433,4.63156014e-05,0
0.1433,29.756724,30,0.00483968433,4.63156014e-05,0
0.1434,29.7570968,30,0.00483968433,4.63156014e-05,0
0.1435,29.7574696,30,0.00483968433,4.63156014e-05,0
0.1436,29.7578424,30,0.00483968433,4.63156014e-05,0
0.1437,29.7582152,30,0.00483968433,4.63156014e-05,0
0.1438,29.7585879,30,0.00483968433,4.63156014e-05,0
0.1439,29.7589607,30,0.00483968433,4.63156014e-05,0
0.144,29.7593334,30,0.00483968433,4.63156014e-05,0
0.1441,29.7596917,30,0.00476701562,4.45008286e-05,0
0.1442,29.7600499,30,0.00476701562,4.45008286e-05,0
0.1443,29.7604081,30,0.00476701562,4.45008286e-05,0
0.1444,29.7607662,30,0.00476701562,4.45008286e-05,0
0.1445,29.7611244,30,0.00476701562,4.45008286e-05,0
0.1446,29.7614826,30,0.00476701562,4.45008286e-05,0
0.1447,29.7618408,30,0.00476701562,4.45008286e-05,0
0.1448,29.7621989,30,0.00476701562,4.45008286e-05,0
0.1449,29.7625571,30,0.00476701562,4.45008286e-05,0
0.145,29.7629152,30,0.00476701562,4.45008286e-05,0
0.1451,29.7632594,30,0.00469719426,4.27571636e-05,0
0.1452,29.7636036,30,0.00469719426,4.27571636e-05,0
0.1453,29.7639478,30,0.00469719426,4.27571636e-05,0
0.1454,29.7642919,30,0.00469719426,4.27571636e-05,0
0.1455,29.7646361,30,0.00469719426,4.27571636e-05,0
0.1456,29.7649802,30,0.00469719426,4.27571636e-05,0
0.1457,29.7653243,30,0.00469719426,4.27571636e-05,0
0.1458,29.7656685,30,0.00469719426,4.27571636e-05,0
0.1459,29.7660126,30,0.00469719426,4.27571636e-05,0
0.146,29.7663567,30,0.00469719426,4.27571636e-05,0
0.1461,29.7666874,30,0.0046301087,4.10818202e-05,0
0.1462,29.7670181,30,0.0046301087,4.10818202e-05,0
0.1463,29.7673488,30,0.0046301087,4.10818202e-05,0
0.1464,29.7676794,30,0.0046301087,4.10818202e-05,0
0.1465,29.7680101,30,0.0046301087,4.10818202e-05,0
0.1466,29.7683408,30,0.0046301087,4.10818202e-05,0
0.1467,29.7686714,30,0.0046301087,4.10818202e-05,0
0.1468,29.7690021,30,0.0046301087,4.10818202e-05,0
0.1469,29.7693327,30,0.0046301087,4.10818202e-05,0
0.147,29.7696633,30,0.0046301087,4.10818202e-05,0
0.1471,29.7699811,30,0.00456565174,3.94721214e-05,0
0.1472,29.7702988,30,0.00456565174,3.94721214e-05,0
0.1473,29.7706165,30,0.00456565174,3.94721214e-05,0
0.1474,29.7709342,30,0.00456565174,3.94721214e-05,0
0.1475,29.7712519,30,0.00456565174,3.94721214e-05,0
0.1476,29.7715696,30,0.00456565174,3.94721214e-05,0
0.1477,29.7718873,30,0.00456565174,3.94721214e-05,0
0.1478,29.772205,30,0.00456565174,3.94721214e-05,0
0.1479,29.7725227,30,0.00456565174,3.94721214e-05,0
0.148,29.7728404,30,0.00456565174,3.94721214e-05,0
0.1481,29.7731457,30,0.00450372037,3.7925495e-05,0
0.1482,29.7734509,30,0.00450372037,3.7925495e-05,0
0.1483,29.7737562,30,0.00450372037,3.7925495e-05,0
0.1484,29.7740615,30,0.00450372037,3.7925495e-05,0
0.1485,29.7743667,30,0.00450372037,3.7925495e-05,0
0.1486,29.774672,30,0.00450372037,3.7925495e-05,0
0.1487,29.7749772,30,0.00450372037,3.7925495e-05,0
0.1488,29.7752825,30,0.00450372037,3.7925495e-05,0
0.1489,29.7755877,30,0.00450372037,3.7925495e-05,0
0.149,29.7758929,30,0.00450372037,3.7925495e-05,0
0.1491,29.7761863,30,0.00444421565,3.64394697e-05,0
0.1492,29.7764796,30,0.00444421565,3.64394697e-05,0
0.1493,29.7767729,30,0.00444421565,3.64394697e-05,0
0.1494,29.7770662,30,0.00444421565,3.64394697e-05,0
0.1495,29.7773595,30,0.00444421565,3.64394697e-05,0
0.1496,29.7776528,30,0.00444421565,3.64394697e-05,0
0.1497,29.7779461,30,0.00444421565,3.64394697e-05,0
0.1498,29.7782394,30,0.00444421565,3.64394697e-05,0
0.1499,29.7785326,30,0.00444421565,3.64394697e-05,0
0.15,29.7788259,30,0.00444421565,3.64394697e-05,0
0.1501,29.7791077,30,0.00438704249,3.5011671e-05,0
0.1502,29.7793896,30,0.00438704249,3.5011671e-05,0
0.1503,29.7796714,30,0.00438704249,3.5011671e-05,0
0.1504,29.7799532,30,0.00438704249,3.5011671e-05,0
0.1505,29.780235,30,0.00438704249,3.5011671e-05,0
0.1506,29.7805168,30,0.00438704249,3.5011671e-05,0
0.1507,29.7807986,30,0.00438704249,3.5011671e-05,0
0.1508,29.7810804,30,0.00438704249,3.5011671e-05,0
0.1509,29.7813622,30,0.00438704249,3.5011671e-05,0
0.151,29.7816439,30,0.00438704249,3.5011671e-05,0
0.1511,29.7819147,30,0.00433210953,3.36398173e-05,0
0.1512,29.7821855,30,0.00433210953,3.36398173e-05,0
0.1513,29.7824563,30,0.00433210953,3.36398173e-05,0
0.1514,29.7827271,30,0.00433210953,3.36398173e-05,0
0.1515,29.7829978,30,0.00433210953,3.36398173e-05,0
0.1516,29.7832686,30,0.00433210953,3.36398173e-05,0
0.1517,29.7835393,30,0.00433210953,3.36398173e-05,0
0.1518,29.7838101,30,0.00433210953,3.36398173e-05,0
0.1519,29.7840808,30,0.00433210953,3.36398173e-05,0
0.152,29.7843516,30,0.00433210953,3.36398173e-05,0
0.1521,29.7846117,30,0.00427932899,3.23217166e-05,0
0.1522,29.7848719,30,0.00427932899,3.23217166e-05,0
0.1523,29.7851321,30,0.00427932899,3.23217166e-05,0
0.1524,29.7853922,30,0.00427932899,3.23217166e-05,0
0.1525,29.7856524,30,0.00427932899,3.23217166e-05,0
0.1526,29.7859125,30,0.00427932899,3.23217166e-05,0
0.1527,29.7861727,30,0.00427932899,3.23217166e-05,0
0.1528,29.7864328,30,0.00427932899,3.23217166e-05,0
0.1529,29.786693,30,0.00427932899,3.23217166e-05,0
0.153,29.7869531,30,0.00427932899,3.23217166e-05,0
0.1531,29.7872031,30,0.00422861654,3.10552628e-05,0
0.1532,29.787453,30,0.00422861654,3.10552628e-05,0
0.1533,29.787703,30,0.00422861654,3.10552628e-05,0
0.1534,29.787953,30,0.00422861654,3.10552628e-05,0
0.1535,29.7882029,30,0.00422861654,3.10552628e-05,0
0.1536,29.7884529,30,0.00422861654,3.10552628e-05,0
0.1537,29.7887029,30,0.00422861654,3.10552628e-05,0
0.1538,29.7889528,30,0.00422861654,3.10552628e-05,0
0.1539,29.7892027,30,0.00422861654,3.10552628e-05,0
0.154,29.7894527,30,0.00422861654,3.10552628e-05,0
0.1541,29.7896929,30,0.00417989115,2.98384321e-05,0
0.1542,29.789933,30,0.00417989115,2.98384321e-05,0
0.1543,29.7901732,30,0.00417989115,2.98384321e-05,0
0.1544,29.7904134,30,0.00417989115,2.98384321e-05,0
0.1545,29.7906536,30,0.00417989115,2.98384321e-05,0
0.1546,29.7908937,30,0.00417989115,2.98384321e-05,0
0.1547,29.7911339,30,0.00417989115,2.98384321e-05,0
0.1548,29.791374,30,0.00417989115,2.98384321e-05,0
0.1549,29.7916142,30,0.00417989115,2.98384321e-05,0
0.155,29.7918543,30,0.00417989115,2.98384321e-05,0
0.1551,29.7920851,30,0.00413307495,2.86692801e-05,0
0.1552,29.7923159,30,0.00413307495,2.86692801e-05,0
0.1553,29.7925466,30,0.00413307495,2.86692801e-05,0
0.1554,29.7927774,30,0.00413307495,2.86692801e-05,0
0.1555,29.7930082,30,0.00413307495,2.86692801e-05,0
0.1556,29.7932389,30,0.00413307495,2.86692801e-05,0
0.1557,29.7934697,30,0.00413307495,2.86692801e-05,0
0.1558,29.7937004,30,0.00413307495,2.86692801e-05,0
0.1559,29.7939311,30,0.00413307495,2.86692801e-05,0
0.156,29.7941619,30,0.00413307495,2.86692801e-05,0
0.1561,29.7943836,30,0.00408809313,2.75459388e-05,0
0.1562,29.7946053,30,0.00408809313,2.75459388e-05,0
0.1563,29.7948271,30,0.00408809313,2.75459388e-05,0
0.1564,29.7950488,30,0.00408809313,2.75459388e-05,0
0.1565,29.7952705,30,0.00408809313,2.75459388e-05,0
0.1566,29.7954922,30,0.00408809313,2.75459388e-05,0
0.1567,29.7957139,30,0.00408809313,2.75459388e-05,0
0.1568,29.7959356,30,0.00408809313,2.75459388e-05,0
0.1569,29.7961573,30,0.00408809313,2.75459388e-05,0
0.157,29.796379,30,0.00408809313,2.75459388e-05,0
0.1571,29.7965921,30,0.00404487383,2.64666131e-05,0
0.1572,29.7968051,30,0.00404487383,2.64666131e-05,0
0.1573,29.7970181,30,0.00404487383,2.64666131e-05,0
0.1574,29.7972312,30,0.00404487383,2.64666131e-05,0
0.1575,29.7974442,30,0.00404487383,2.64666131e-05,0
0.1576,29.7976572,30,0.00404487383,2.64666131e-05,0
0.1577,29.7978702,30,0.00404487383,2.64666131e-05,0
0.1578,29.7980833,30,0.00404487383,2.64666131e-05,0
0.1579,29.7982963,30,0.00404487383,2.64666131e-05,0
0.158,29.7985093,30,0.00404487383,2.64666131e-05,0
0.1581,29.798714,30,0.00400334798,2.54295783e-05,0
0.1582,29.7989187,30,0.00400334798,2.54295783e-05,0
0.1583,29.7991234,30,0.00400334798,2.54295783e-05,0
0.1584,29.799328,30,0.00400334798,2.54295783e-05,0
0.1585,29.7995327,30,0.00400334798,2.54295783e-05,0
0.1586,29.7997374,30,0.00400334798,2.54295783e-05,0
0.1587,29.7999421,30,0.00400334798,2.54295783e-05,0
0.1588,29.8001467,30,0.00400334798,2.54295783e-05,0
0.1589,29.8003514,30,0.00400334798,2.54295783e-05,0
0.159,29.8005561,30,0.00400334798,2.54295783e-05,0
0.1591,29.8007527,30,0.00396344923,2.44331774e-05,0
0.1592,29.8009494,30,0.00396344923,2.44331774e-05,0
0.1593,29.8011461,30,0.00396344923,2.44331774e-05,0
0.1594,29.8013427,30,0.00396344923,2.44331774e-05,0
0.1595,29.8015394,30,0.00396344923,2.44331774e-05,0
0.1596,29.8017361,30,0.00396344923,2.44331774e-05,0
0.1597,29.8019327,30,0.00396344923,2.44331774e-05,0
0.1598,29.8021294,30,0.00396344923,2.44331774e-05,0
0.1599,29.802326,30,0.00396344923,2.44331774e-05,0
0.16,29.8025227,30,0.00396344923,2.44331774e-05,0
0.1601,29.8027116,30,0.00392511382,2.34758183e-05,0
0.1602,29.8029006,30,0.00392511382,2.34758183e-05,0
0.1603,29.8030896,30,0.00392511382,2.34758183e-05,0
0.1604,29.8032785,30,0.00392511382,2.34758183e-05,0
0.1605,29.8034675,30,0.00392511382,2.34758183e-05,0
0.1606,29.8036564,30,0.00392511382,2.34758183e-05,0
0.1607,29.8038454,30,0.00392511382,2.34758183e-05,0
0.1608,29.8040343,30,0.00392511382,2.34758183e-05,0
0.1609,29.8042232,30,0.00392511382,2.34758183e-05,0
0.161,29.8044122,30,0.00392511382,2.34758183e-05,0
0.1611,29.8045938,30,0.00388828049,2.25559711e-05,0
0.1612,29.8047753,30,0.00388828049,2.25559711e-05,0
0.1613,29.8049569,30,0.00388828049,2.25559711e-05,0
0.1614,29.8051384,30,0.00388828049,2.25559711e-05,0
0.1615,29.80532,30,0.00388828049,2.25559711e-05,0
0.1616,29.8055015,30,0.00388828049,2.25559711e-05,0
0.1617,29.8056831,30,0.00388828049,2.25559711e-05,0
0.1618,29.8058646,30,0.00388828049,2.25559711e-05,0
0.1619,29.8060461,30,0.00388828049,2.25559711e-05,0
0.162,29.8062277,30,0.00388828049,2.25559711e-05,0
0.1621,29.8064021,30,0.0038528904,2.1672166e-05,0
0.1622,29.8065766,30,0.0038528904,2.1672166e-05,0
0.1623,29.806751,30,0.0038528904,2.1672166e-05,0
0.1624,29.8069255,30,0.0038528904,2.1672166e-05,0
0.1625,29.8070999,30,0.0038528904,2.1672166e-05,0
0.1626,29.8072743,30,0.0038528904,2.1672166e-05,0
0.1627,29.8074488,30,0.0038528904,2.1672166e-05,0
0.1628,29.8076232,30,0.0038528904,2.1672166e-05,0
0.1629,29.8077976,30,0.0038528904,2.1672166e-05,0
0.163,29.807972,30,0.0038528904,2.1672166e-05,0
0.1631,29.8081397,30,0.00381888699,2.08229909e-05,0
0.1632,29.8083073,30,0.00381888699,2.08229909e-05,0
0.1633,29.8084749,30,0.00381888699,2.08229909e-05,0
0.1634,29.8086425,30,0.00381888699,2.08229909e-05,0
0.1635,29.8088101,30,0.00381888699,2.08229909e-05,0
0.1636,29.8089777,30,0.00381888699,2.08229909e-05,0
0.1637,29.8091453,30,0.00381888699,2.08229909e-05,0
0.1638,29.8093129,30,0.00381888699,2.08229909e-05,0
0.1639,29.8094805,30,0.00381888699,2.08229909e-05,0
0.164,29.8096481,30,0.00381888699,2.08229909e-05,0
0.1641,29.8098091,30,0.00378621592,2.00070888e-05,0
0.1642,29.8099701,30,0.00378621592,2.00070888e-05,0
0.1643,29.8101312,30,0.00378621592,2.00070888e-05,0
0.1644,29.8102922,30,0.00378621592,2.00070888e-05,0
0.1645,29.8104533,30,0.00378621592,2.00070888e-05,0
0.1646,29.8106143,30,0.00378621592,2.00070888e-05,0
0.1647,29.8107753,30,0.00378621592,2.00070888e-05,0
0.1648,29.8109364,30,0.00378621592,2.00070888e-05,0
0.1649,29.8110974,30,0.00378621592,2.00070888e-05,0
0.165,29.8112584,30,0.00378621592,2.00070888e-05,0
0.1651,29.8114131,30,0.003754825,1.92231559e-05,0
0.1652,29.8115679,30,0.003754825,1.92231559e-05,0
0.1653,29.8117226,30,0.003754825,1.92231559e-05,0
0.1654,29.8118773,30,0.003754825,1.92231559e-05,0
0.1655,29.8120321,30,0.003754825,1.92231559e-05,0
0.1656,29.8121868,30,0.003754825,1.92231559e-05,0
0.1657,29.8123415,30,0.003754825,1.92231559e-05,0
0.1658,29.8124962,30,0.003754825,1.92231559e-05,0
0.1659,29.8126509,30,0.003754825,1.92231559e-05,0
0.166,29.8128056,30,0.003754825,1.92231559e-05,0
0.1661,29.8129543,30,0.00372466406,1.84699398e-05,0
0.1662,29.813103,30,0.00372466406,1.84699398e-05,0
0.1663,29.8132517,30,0.00372466406,1.84699398e-05,0
0.1664,29.8134003,30,0.00372466406,1.84699398e-05,0
0.1665,29.813549,30,0.00372466406,1.84699398e-05,0
0.1666,29.8136976,30,0.00372466406,1.84699398e-05,0
0.1667,29.8138463,30,0.00372466406,1.84699398e-05,0
0.1668,29.813995,30,0.00372466406,1.84699398e-05,0
0.1669,29.8141436,30,0.00372466406,1.84699398e-05,0
0.167,29.8142923,30,0.00372466406,1.84699398e-05,0
0.1671,29.8144351,30,0.00369568491,1.77462367e-05,0
0.1672,29.814578,30,0.00369568491,1.77462367e-05,0
0.1673,29.8147208,30,0.00369568491,1.77462367e-05,0
0.1674,29.8148636,30,0.00369568491,1.77462367e-05,0
0.1675,29.8150065,30,0.00369568491,1.77462367e-05,0
0.1676,29.8151493,30,0.00369568491,1.77462367e-05,0
0.1677,29.8152921,30,0.00369568491,1.77462367e-05,0
0.1678,29.815435,30,0.00369568491,1.77462367e-05,0
0.1679,29.8155778,30,0.00369568491,1.77462367e-05,0
0.168,29.8157206,30,0.00369568491,1.77462367e-05,0
0.1681,29.8158579,30,0.00366784124,1.70508902e-05,0
0.1682,29.8159951,30,0.00366784124,1.70508902e-05,0
0.1683,29.8161324,30,0.00366784124,1.70508902e-05,0
0.1684,29.8162696,30,0.00366784124,1.70508902e-05,0
0.1685,29.8164069,30,0.00366784124,1.70508902e-05,0
0.1686,29.8165441,30,0.00366784124,1.70508902e-05,0
0.1687,29.8166813,30,0.00366784124,1.70508902e-05,0
0.1688,29.8168186,30,0.00366784124,1.70508902e-05,0
0.1689,29.8169558,30,0.00366784124,1.70508902e-05,0
0.169,29.817093,30,0.00366784124,1.70508902e-05,0
0.1691,29.8172249,30,0.00364108857,1.63827894e-05,0
0.1692,29.8173568,30,0.00364108857,1.63827894e-05,0
0.1693,29.8174886,30,0.00364108857,1.63827894e-05,0
0.1694,29.8176205,30,0.00364108857,1.63827894e-05,0
0.1695,29.8177524,30,0.00364108857,1.63827894e-05,0
0.1696,29.8178842,30,0.00364108857,1.63827894e-05,0
0.1697,29.8180161,30,0.00364108857,1.63827894e-05,0
0.1698,29.8181479,30,0.00364108857,1.63827894e-05,0
0.1699,29.8182798,30,0.00364108857,1.63827894e-05,0
0.17,29.8184117,30,0.00364108857,1.63827894e-05,0
0.1701,29.8185384,30,0.00361538414,1.57408666e-05,0
0.1702,29.8186651,30,0.00361538414,1.57408666e-05,0
0.1703,29.8187918,30,0.00361538414,1.57408666e-05,0
0.1704,29.8189185,30,0.00361538414,1.57408666e-05,0
0.1705,29.8190452,30,0.00361538414,1.57408666e-05,0
0.1706,29.8191719,30,0.00361538414,1.57408666e-05,0
0.1707,29.8192986,30,0.00361538414,1.57408666e-05,0
0.1708,29.8194252,30,0.00361538414,1.57408666e-05,0
0.1709,29.8195519,30,0.00361538414,1.57408666e-05,0
0.171,29.8196786,30,0.00361538414,1.57408666e-05,0
0.1711,29.8198004,30,0.00359068687,1.51240961e-05,0
0.1712,29.8199221,30,0.00359068687,1.51240961e-05,0
0.1713,29.8200438,30,0.00359068687,1.51240961e-05,0
0.1714,29.8201656,30,0.00359068687,1.51240961e-05,0
0.1715,29.8202873,30,0.00359068687,1.51240961e-05,0
0.1716,29.820409,30,0.00359068687,1.51240961e-05,0
0.1717,29.8205308,30,0.00359068687,1.51240961e-05,0
0.1718,29.8206525,30,0.00359068687,1.51240961e-05,0
0.1719,29.8207742,30,0.00359068687,1.51240961e-05,0
0.172,29.8208959,30,0.00359068687,1.51240961e-05,0
0.1721,29.8210129,30,0.00356695732,1.45314924e-05,0
0.1722,29.8211299,30,0.00356695732,1.45314924e-05,0
0.1723,29.8212468,30,0.00356695732,1.45314924e-05,0
0.1724,29.8213638,30,0.00356695732,1.45314924e-05,0
0.1725,29.8214808,30,0.00356695732,1.45314924e-05,0
0.1726,29.8215977,30,0.00356695732,1.45314924e-05,0
0.1727,29.8217147,30,0.00356695732,1.45314924e-05,0
0.1728,29.8218316,30,0.00356695732,1.45314924e-05,0
0.1729,29.8219486,30,0.00356695732,1.45314924e-05,0
0.173,29.8220655,30,0.00356695732,1.45314924e-05,0
0.1731,29.8221779,30,0.00354415755,1.39621085e-05,0
0.1732,29.8222903,30,0.00354415755,1.39621085e-05,0
0.1733,29.8224027,30,0.00354415755,1.39621085e-05,0
0.1734,29.8225151,30,0.00354415755,1.39621085e-05,0
0.1735,29.8226275,30,0.00354415755,1.39621085e-05,0
0.1736,29.8227398,30,0.00354415755,1.39621085e-05,0
0.1737,29.8228522,30,0.00354415755,1.39621085e-05,0
0.1738,29.8229646,30,0.00354415755,1.39621085e-05,0
0.1739,29.823077,30,0.00354415755,1.39621085e-05,0
0.174,29.8231893,30,0.00354415755,1.39621085e-05,0
0.1741,29.8232973,30,0.00352225114,1.34150347e-05,0
0.1742,29.8234053,30,0.00352225114,1.34150347e-05,0
0.1743,29.8235133,30,0.00352225114,1.34150347e-05,0
0.1744,29.8236213,30,0.00352225114,1.34150347e-05,0
0.1745,29.8237292,30,0.00352225114,1.34150347e-05,0
0.1746,29.8238372,30,0.00352225114,1.34150347e-05,0
0.1747,29.8239452,30,0.00352225114,1.34150347e-05,0
0.1748,29.8240532,30,0.00352225114,1.34150347e-05,0
0.1749,29.8241611,30,0.00352225114,1.34150347e-05,0
0.175,29.8242691,30,0.00352225114,1.34150347e-05,0
0.1751,29.8243728,30,0.00350120309,1.28893967e-05,0
0.1752,29.8244766,30,0.00350120309,1.28893967e-05,0
0.1753,29.8245804,30,0.00350120309,1.28893967e-05,0
0.1754,29.8246841,30,0.00350120309,1.28893967e-05,0
0.1755,29.8247878,30,0.00350120309,1.28893967e-05,0
0.1756,29.8248916,30,0.00350120309,1.28893967e-05,0
0.1757,29.8249953,30,0.00350120309,1.28893967e-05,0
0.1758,29.8250991,30,0.00350120309,1.28893967e-05,0
0.1759,29.8252028,30,0.00350120309,1.28893967e-05,0
0.176,29.8253065,30,0.00350120309,1.28893967e-05,0
0.1761,29.8254062,30,0.00348097976,1.23843546e-05,0
0.1762,29.8255059,30,0.00348097976,1.23843546e-05,0
0.1763,29.8256056,30,0.00348097976,1.23843546e-05,0
0.1764,29.8257053,30,0.00348097976,1.23843546e-05,0
0.1765,29.825805,30,0.00348097976,1.23843546e-05,0
0.1766,29.8259046,30,0.00348097976,1.23843546e-05,0
0.1767,29.8260043,30,0.00348097976,1.23843546e-05,0
0.1768,29.826104,30,0.00348097976,1.23843546e-05,0
0.1769,29.8262037,30,0.00348097976,1.23843546e-05,0
0.177,29.8263033,30,0.00348097976,1.23843546e-05,0
0.1771,29.8263991,30,0.00346154883,1.18991015e-05,0
0.1772,29.8264949,30,0.00346154883,1.18991015e-05,0
0.1773,29.8265907,30,0.00346154883,1.18991015e-05,0
0.1774,29.8266865,30,0.00346154883,1.18991015e-05,0
0.1775,29.8267822,30,0.00346154883,1.18991015e-05,0
0.1776,29.826878,30,0.00346154883,1.18991015e-05,0
0.1777,29.8269738,30,0.00346154883,1.18991015e-05,0
0.1778,29.8270695,30,0.00346154883,1.18991015e-05,0
0.1779,29.8271653,30,0.00346154883,1.18991015e-05,0
0.178,29.8272611,30,0.00346154883,1.18991015e-05,0
0.1781,29.8273531,30,0.00344287926,1.14328619e-05,0
0.1782,29.8274451,30,0.00344287926,1.14328619e-05,0
0.1783,29.8275372,30,0.00344287926,1.14328619e-05,0
0.1784,29.8276292,30,0.00344287926,1.14328619e-05,0
0.1785,29.8277212,30,0.00344287926,1.14328619e-05,0
0.1786,29.8278132,30,0.00344287926,1.14328619e-05,0
0.1787,29.8279053,30,0.00344287926,1.14328619e-05,0
0.1788,29.8279973,30,0.00344287926,1.14328619e-05,0
0.1789,29.8280893,30,0.00344287926,1.14328619e-05,0
0.179,29.8281813,30,0.00344287926,1.14328619e-05,0
0.1791,29.8282697,30,0.00342494121,1.09848909e-05,0
0.1792,29.8283581,30,0.00342494121,1.09848909e-05,0
0.1793,29.8284466,30,0.00342494121,1.09848909e-05,0
0.1794,29.828535,30,0.00342494121,1.09848909e-05,0
0.1795,29.8286234,30,0.00342494121,1.09848909e-05,0
0.1796,29.8287118,30,0.00342494121,1.09848909e-05,0
0.1797,29.8288002,30,0.00342494121,1.09848909e-05,0
0.1798,29.8288886,30,0.00342494121,1.09848909e-05,0
0.1799,29.828977,30,0.00342494121,1.09848909e-05,0
0.18,29.8290655,30,0.00342494121,1.09848909e-05,0
0.1801,29.8291504,30,0.00340770603,1.05544727e-05,0
0.1802,29.8292354,30,0.00340770603,1.05544727e-05,0
0.1803,29.8293203,30,0.00340770603,1.05544727e-05,0
0.1804,29.8294053,30,0.00340770603,1.05544727e-05,0
0.1805,29.8294902,30,0.00340770603,1.05544727e-05,0
0.1806,29.8295752,30,0.00340770603,1.05544727e-05,0
0.1807,29.8296601,30,0.00340770603,1.05544727e-05,0
0.1808,29.8297451,30,0.00340770603,1.05544727e-05,0
0.1809,29.82983,30,0.00340770603,1.05544727e-05,0
0.181,29.829915,30,0.00340770603,1.05544727e-05,0
0.1811,29.8299966,30,0.00339114616,1.01409194e-05,0
0.1812,29.8300782,30,0.00339114616,1.01409194e-05,0
0.1813,29.8301599,30,0.00339114616,1.01409194e-05,0
0.1814,29.8302415,30,0.00339114616,1.01409194e-05,0
0.1815,29.8303231,30,0.00339114616,1.01409194e-05,0
0.1816,29.8304047,30,0.00339114616,1.01409194e-05,0
0.1817,29.8304863,30,0.00339114616,1.01409194e-05,0
0.1818,29.830568,30,0.00339114616,1.01409194e-05,0
0.1819,29.8306496,30,0.00339114616,1.01409194e-05,0
0.182,29.8307312,30,0.00339114616,1.01409194e-05,0
0.1821,29.8308096,30,0.00337523516,9.74357023e-06,0
0.1822,29.8308881,30,0.00337523516,9.74357023e-06,0
0.1823,29.8309665,30,0.00337523516,9.74357023e-06,0
0.1824,29.8310449,30,0.00337523516,9.74357023e-06,0
0.1825,29.8311233,30,0.00337523516,9.74357023e-06,0
0.1826,29.8312018,30,0.00337523516,9.74357023e-06,0
0.1827,29.8312802,30,0.00337523516,9.74357023e-06,0
0.1828,29.8313586,30,0.00337523516,9.74357023e-06,0
0.1829,29.831437,30,0.00337523516,9.74357023e-06,0
0.183,29.8315154,30,0.00337523516,9.74357023e-06,0
0.1831,29.8315908,30,0.0033599476,9.36179032e-06,0
0.1832,29.8316662,30,0.0033599476,9.36179032e-06,0
0.1833,29.8317415,30,0.0033599476,9.36179032e-06,0
0.1834,29.8318169,30,0.0033599476,9.36179032e-06,0
0.1835,29.8318922,30,0.0033599476,9.36179032e-06,0
0.1836,29.8319676,30,0.0033599476,9.36179032e-06,0
0.1837,29.8320429,30,0.0033599476,9.36179032e-06,0
0.1838,29.8321183,30,0.0033599476,9.36179032e-06,0
0.1839,29.8321936,30,0.0033599476,9.36179032e-06,0
0.184,29.832269,30,0.0033599476,9.36179032e-06,0
0.1841,29.8323414,30,0.00334525904,8.9949696e-06,0
0.1842,29.8324138,30,0.00334525904,8.9949696e-06,0
0.1843,29.8324862,30,0.00334525904,8.9949696e-06,0
0.1844,29.8325586,30,0.00334525904,8.9949696e-06,0
0.1845,29.832631,30,0.00334525904,8.9949696e-06,0
0.1846,29.8327034,30,0.00334525904,8.9949696e-06,0
0.1847,29.8327758,30,0.00334525904,8.9949696e-06,0
0.1848,29.8328482,30,0.00334525904,8.9949696e-06,0
0.1849,29.8329206,30,0.00334525904,8.9949696e-06,0
0.185,29.832993,30,0.00334525904,8.9949696e-06,0
0.1851,29.8330625,30,0.00333114603,8.64252192e-06,0
0.1852,29.8331321,30,0.00333114603,8.64252192e-06,0
0.1853,29.8332017,30,0.00333114603,8.64252192e-06,0
0.1854,29.8332712,30,0.00333114603,8.64252192e-06,0
0.1855,29.8333408,30,0.00333114603,8.64252192e-06,0
0.1856,29.8334103,30,0.00333114603,8.64252192e-06,0
0.1857,29.8334799,30,0.00333114603,8.64252192e-06,0
0.1858,29.8335495,30,0.00333114603,8.64252192e-06,0
0.1859,29.833619,30,0.00333114603,8.64252192e-06,0
0.186,29.8336886,30,0.00333114603,8.64252192e-06,0
0.1861,29.8337554,30,0.003317586,8.30388412e-06,0
0.1862,29.8338223,30,0.003317586,8.30388412e-06,0
0.1863,29.8338891,30,0.003317586,8.30388412e-06,0
0.1864,29.8339559,30,0.003317586,8.30388412e-06,0
0.1865,29.8340228,30,0.003317586,8.30388412e-06,0
0.1866,29.8340896,30,0.003317586,8.30388412e-06,0
0.1867,29.8341564,30,0.003317586,8.30388412e-06,0
0.1868,29.8342233,30,0.003317586,8.30388412e-06,0
0.1869,29.8342901,30,0.003317586,8.30388412e-06,0
0.187,29.8343569,30,0.003317586,8.30388412e-06,0
0.1871,29.8344212,30,0.00330455729,7.97851507e-06,0
0.1872,29.8344854,30,0.00330455729,7.97851507e-06,0
0.1873,29.8345496,30,0.00330455729,7.97851507e-06,0
0.1874,29.8346138,30,0.00330455729,7.97851507e-06,0
0.1875,29.834678,30,0.00330455729,7.97851507e-06,0
0.1876,29.8347423,30,0.00330455729,7.97851507e-06,0
0.1877,29.8348065,30,0.00330455729,7.97851507e-06,0
0.1878,29.8348707,30,0.00330455729,7.97851507e-06,0
0.1879,29.8349349,30,0.00330455729,7.97851507e-06,0
0.188,29.8349991,30,0.00330455729,7.97851507e-06,0
0.1881,29.8350608,30,0.00329203908,7.66589488e-06,0
0.1882,29.8351225,30,0.00329203908,7.66589488e-06,0
0.1883,29.8351842,30,0.00329203908,7.66589488e-06,0
0.1884,29.8352459,30,0.00329203908,7.66589488e-06,0
0.1885,29.8353076,30,0.00329203908,7.66589488e-06,0
0.1886,29.8353693,30,0.00329203908,7.66589488e-06,0
0.1887,29.835431,30,0.00329203908,7.66589488e-06,0
0.1888,29.8354927,30,0.00329203908,7.66589488e-06,0
0.1889,29.8355544,30,0.00329203908,7.66589488e-06,0
0.189,29.8356161,30,0.00329203908,7.66589488e-06,0
0.1891,29.8356754,30,0.00328001136,7.36552402e-06,0
0.1892,29.8357347,30,0.00328001136,7.36552402e-06,0
0.1893,29.835794,30,0.00328001136,7.36552402e-06,0
0.1894,29.8358533,30,0.00328001136,7.36552402e-06,0
0.1895,29.8359126,30,0.00328001136,7.36552402e-06,0
0.1896,29.8359719,30,0.00328001136,7.36552402e-06,0
0.1897,29.8360311,30,0.00328001136,7.36552402e-06,0
0.1898,29.8360904,30,0.00328001136,7.36552402e-06,0
0.1899,29.8361497,30,0.00328001136,7.36552402e-06,0
0.19,29.836209,30,0.00328001136,7.36552402e-06,0
0.1901,29.8362659,30,0.00326845493,7.0769225e-06,0
0.1902,29.8363229,30,0.00326845493,7.0769225e-06,0
0.1903,29.8363799,30,0.00326845493,7.0769225e-06,0
0.1904,29.8364368,30,0.00326845493,7.0769225e-06,0
0.1905,29.8364938,30,0.00326845493,7.0769225e-06,0
0.1906,29.8365508,30,0.00326845493,7.0769225e-06,0
0.1907,29.8366077,30,0.00326845493,7.0769225e-06,0
0.1908,29.8366647,30,0.00326845493,7.0769225e-06,0
0.1909,29.8367216,30,0.00326845493,7.0769225e-06,0
0.191,29.8367786,30,0.00326845493,7.0769225e-06,0
0.1911,29.8368333,30,0.00325735131,6.7996292e-06,0
0.1912,29.8368881,30,0.00325735131,6.7996292e-06,0
0.1913,29.8369428,30,0.00325735131,6.7996292e-06,0
0.1914,29.8369975,30,0.00325735131,6.7996292e-06,0
0.1915,29.8370522,30,0.00325735131,6.7996292e-06,0
0.1916,29.837107,30,0.00325735131,6.7996292e-06,0
0.1917,29.8371617,30,0.00325735131,6.7996292e-06,0
0.1918,29.8372164,30,0.00325735131,6.7996292e-06,0
0.1919,29.8372712,30,0.00325735131,6.7996292e-06,0
0.192,29.8373259,30,0.00325735131,6.7996292e-06,0
0.1921,29.8373785,30,0.00324668276,6.533201e-06,0
0.1922,29.8374311,30,0.00324668276,6.533201e-06,0
0.1923,29.8374836,30,0.00324668276,6.533201e-06,0
0.1924,29.8375362,30,0.00324668276,6.533201e-06,0
0.1925,29.8375888,30,0.00324668276,6.533201e-06,0
0.1926,29.8376414,30,0.00324668276,6.533201e-06,0
0.1927,29.837694,30,0.00324668276,6.533201e-06,0
0.1928,29.8377466,30,0.00324668276,6.533201e-06,0
0.1929,29.8377991,30,0.00324668276,6.533201e-06,0
0.193,29.8378517,30,0.00324668276,6.533201e-06,0
0.1931,29.8379023,30,0.00323643223,6.2772122e-06,0
0.1932,29.8379528,30,0.00323643223,6.2772122e-06,0
0.1933,29.8380033,30,0.00323643223,6.2772122e-06,0
0.1934,29.8380538,30,0.00323643223,6.2772122e-06,0
0.1935,29.8381044,30,0.00323643223,6.2772122e-06,0
0.1936,29.8381549,30,0.00323643223,6.2772122e-06,0
0.1937,29.8382054,30,0.00323643223,6.2772122e-06,0
0.1938,29.8382559,30,0.00323643223,6.2772122e-06,0
0.1939,29.8383065,30,0.00323643223,6.2772122e-06,0
0.194,29.838357,30,0.00323643223,6.2772122e-06,0
0.1941,29.8384055,30,0.00322658335,6.03125374e-06,0
0.1942,29.8384541,30,0.00322658335,6.03125374e-06,0
0.1943,29.8385026,30,0.00322658335,6.03125374e-06,0
0.1944,29.8385512,30,0.00322658335,6.03125374e-06,0
0.1945,29.8385997,30,0.00322658335,6.03125374e-06,0
0.1946,29.8386483,30,0.00322658335,6.03125374e-06,0
0.1947,29.8386968,30,0.00322658335,6.03125374e-06,0
0.1948,29.8387453,30,0.00322658335,6.03125374e-06,0
0.1949,29.8387939,30,0.00322658335,6.03125374e-06,0
0.195,29.8388424,30,0.00322658335,6.03125374e-06,0
0.1951,29.8388891,30,0.00321712037,5.79493261e-06,0
0.1952,29.8389357,30,0.00321712037,5.79493261e-06,0
0.1953,29.8389824,30,0.00321712037,5.79493261e-06,0
0.1954,29.839029,30,0.00321712037,5.79493261e-06,0
0.1955,29.8390756,30,0.00321712037,5.79493261e-06,0
0.1956,29.8391223,30,0.00321712037,5.79493261e-06,0
0.1957,29.8391689,30,0.00321712037,5.79493261e-06,0
0.1958,29.8392156,30,0.00321712037,5.79493261e-06,0
0.1959,29.8392622,30,0.00321712037,5.79493261e-06,0
0.196,29.8393088,30,0.00321712037,5.79493261e-06,0
0.1961,29.8393537,30,0.00320802818,5.5678712e-06,0
0.1962,29.8393985,30,0.00320802818,5.5678712e-06,0
0.1963,29.8394433,30,0.00320802818,5.5678712e-06,0
0.1964,29.8394881,30,0.00320802818,5.5678712e-06,0
0.1965,29.8395329,30,0.00320802818,5.5678712e-06,0
0.1966,29.8395777,30,0.00320802818,5.5678712e-06,0
0.1967,29.8396226,30,0.00320802818,5.5678712e-06,0
0.1968,29.8396674,30,0.00320802818,5.5678712e-06,0
0.1969,29.8397122,30,0.00320802818,5.5678712e-06,0
0.197,29.839757,30,0.00320802818,5.5678712e-06,0
0.1971,29.8398001,30,0.00319929225,5.34970667e-06,0
0.1972,29.8398431,30,0.00319929225,5.34970667e-06,0
0.1973,29.8398862,30,0.00319929225,5.34970667e-06,0
0.1974,29.8399292,30,0.00319929225,5.34970667e-06,0
0.1975,29.8399723,30,0.00319929225,5.34970667e-06,0
0.1976,29.8400154,30,0.00319929225,5.34970667e-06,0
0.1977,29.8400584,30,0.00319929225,5.34970667e-06,0
0.1978,29.8401015,30,0.00319929225,5.34970667e-06,0
0.1979,29.8401445,30,0.00319929225,5.34970667e-06,0
0.198,29.8401876,30,0.00319929225,5.34970667e-06,0
0.1981,29.840229,30,0.00319089861,5.14009044e-06,0
0.1982,29.8402703,30,0.00319089861,5.14009044e-06,0
0.1983,29.8403117,30,0.00319089861,5.14009044e-06,0
0.1984,29.8403531,30,0.00319089861,5.14009044e-06,0
0.1985,29.8403945,30,0.00319089861,5.14009044e-06,0
0.1986,29.8404358,30,0.00319089861,5.14009044e-06,0
0.1987,29.8404772,30,0.00319089861,5.14009044e-06,0
0.1988,29.8405186,30,0.00319089861,5.14009044e-06,0
0.1989,29.8405599,30,0.00319089861,5.14009044e-06,0
0.199,29.8406013,30,0.00319089861,5.14009044e-06,0
0.1991,29.8406411,30,0.00318283386,4.93868754e-06,0
0.1992,29.8406808,30,0.00318283386,4.93868754e-06,0
0.1993,29.8407206,30,0.00318283386,4.93868754e-06,0
0.1994,29.8407603,30,0.00318283386,4.93868754e-06,0
0.1995,29.8408001,30,0.00318283386,4.93868754e-06,0
0.1996,29.8408398,30,0.00318283386,4.93868754e-06,0
0.1997,29.8408796,30,0.00318283386,4.93868754e-06,0
0.1998,29.8409193,30,0.00318283386,4.93868754e-06,0
0.1999,29.8409591,30,0.00318283386,4.93868754e-06,0
0.2,29.8409988,30,0.00318283386,4.93868754e-06,0
0.2001,29.841037,30,0.00317508511,4.74517616e-06,0
0.2002,29.8410752,30,0.00317508511,4.74517616e-06,0
0.2003,29.8411134,30,0.00317508511,4.74517616e-06,0
0.2004,29.8411516,30,0.00317508511,4.74517616e-06,0
0.2005,29.8411898,30,0.00317508511,4.74517616e-06,0
0.2006,29.841228,30,0.00317508511,4.74517616e-06,0
0.2007,29.8412662,30,0.00317508511,4.74517616e-06,0
0.2008,29.8413044,30,0.00317508511,4.74517616e-06,0
0.2009,29.8413426,30,0.00317508511,4.74517616e-06,0
0.201,29.8413807,30,0.00317508511,4.74517616e-06,0
0.2011,29.8414174,30,0.00316763998,4.5592471e-06,0
0.2012,29.8414541,30,0.00316763998,4.5592471e-06,0
0.2013,29.8414908,30,0.00316763998,4.5592471e-06,0
0.2014,29.8415275,30,0.00316763998,4.5592471e-06,0
0.2015,29.8415642,30,0.00316763998,4.5592471e-06,0
0.2016,29.8416009,30,0.00316763998,4.5592471e-06,0
0.2017,29.8416376,30,0.00316763998,4.5592471e-06,0
0.2018,29.8416743,30,0.00316763998,4.5592471e-06,0
0.2019,29.841711,30,0.00316763998,4.5592471e-06,0
0.202,29.8417477,30,0.00316763998,4.5592471e-06,0
0.2021,29.841783,30,0.00316048656,4.38060324e-06,0
0.2022,29.8418182,30,0.00316048656,4.38060324e-06,0
0.2023,29.8418535,30,0.00316048656,4.38060324e-06,0
0.2024,29.8418888,30,0.00316048656,4.38060324e-06,0
0.2025,29.841924,30,0.00316048656,4.38060324e-06,0
0.2026,29.8419593,30,0.00316048656,4.38060324e-06,0
0.2027,29.8419945,30,0.00316048656,4.38060324e-06,0
0.2028,29.8420298,30,0.00316048656,4.38060324e-06,0
0.2029,29.842065,30,0.00316048656,4.38060324e-06,0
0.203,29.8421003,30,0.00316048656,4.38060324e-06,0
0.2031,29.8421342,30,0.00315361344,4.20895915e-06,0
0.2032,29.8421681,30,0.00315361344,4.20895915e-06,0
0.2033,29.8422019,30,0.00315361344,4.20895915e-06,0
0.2034,29.8422358,30,0.00315361344,4.20895915e-06,0
0.2035,29.8422697,30,0.00315361344,4.20895915e-06,0
0.2036,29.8423036,30,0.00315361344,4.20895915e-06,0
0.2037,29.8423374,30,0.00315361344,4.20895915e-06,0
0.2038,29.8423713,30,0.00315361344,4.20895915e-06,0
0.2039,29.8424052,30,0.00315361344,4.20895915e-06,0
0.204,29.8424391,30,0.00315361344,4.20895915e-06,0
0.2041,29.8424716,30,0.00314700963,4.04404054e-06,0
0.2042,29.8425042,30,0.00314700963,4.04404054e-06,0
0.2043,29.8425367,30,0.00314700963,4.04404054e-06,0
0.2044,29.8425693,30,0.00314700963,4.04404054e-06,0
0.2045,29.8426018,30,0.00314700963,4.04404054e-06,0
0.2046,29.8426344,30,0.00314700963,4.04404054e-06,0
0.2047,29.8426669,30,0.00314700963,4.04404054e-06,0
0.2048,29.8426995,30,0.00314700963,4.04404054e-06,0
0.2049,29.842732,30,0.00314700963,4.04404054e-06,0
0.205,29.8427646,30,0.00314700963,4.04404054e-06,0
0.2051,29.8427958,30,0.00314066457,3.8855839e-06,0
0.2052,29.8428271,30,0.00314066457,3.8855839e-06,0
0.2053,29.8428584,30,0.00314066457,3.8855839e-06,0
0.2054,29.8428897,30,0.00314066457,3.8855839e-06,0
0.2055,29.8429209,30,0.00314066457,3.8855839e-06,0
0.2056,29.8429522,30,0.00314066457,3.8855839e-06,0
0.2057,29.8429835,30,0.00314066457,3.8855839e-06,0
0.2058,29.8430148,30,0.00314066457,3.8855839e-06,0
0.2059,29.843046,30,0.00314066457,3.8855839e-06,0
0.206,29.8430773,30,0.00314066457,3.8855839e-06,0
0.2061,29.8431074,30,0.00313456812,3.73333602e-06,0
0.2062,29.8431374,30,0.00313456812,3.73333602e-06,0
0.2063,29.8431675,30,0.00313456812,3.73333602e-06,0
0.2064,29.8431975,30,0.00313456812,3.73333602e-06,0
0.2065,29.8432276,30,0.00313456812,3.73333602e-06,0
0.2066,29.8432576,30,0.00313456812,3.73333602e-06,0
0.2067,29.8432877,30,0.00313456812,3.73333602e-06,0
0.2068,29.8433177,30,0.00313456812,3.73333602e-06,0
0.2069,29.8433478,30,0.00313456812,3.73333602e-06,0
0.207,29.8433778,30,0.00313456812,3.73333602e-06,0
0.2071,29.8434067,30,0.00312871056,3.58705363e-06,0
0.2072,29.8434356,30,0.00312871056,3.58705363e-06,0
0.2073,29.8434644,30,0.00312871056,3.58705363e-06,0
0.2074,29.8434933,30,0.00312871056,3.58705363e-06,0
0.2075,29.8435222,30,0.00312871056,3.58705363e-06,0
0.2076,29.843551,30,0.00312871056,3.58705363e-06,0
0.2077,29.8435799,30,0.00312871056,3.58705363e-06,0
0.2078,29.8436088,30,0.00312871056,3.58705363e-06,0
0.2079,29.8436377,30,0.00312871056,3.58705363e-06,0
0.208,29.8436665,30,0.00312871056,3.58705363e-06,0
0.2081,29.8436943,30,0.00312308251,3.446503e-06,0
0.2082,29.843722,30,0.00312308251,3.446503e-06,0
0.2083,29.8437497,30,0.00312308251,3.446503e-06,0
0.2084,29.8437775,30,0.00312308251,3.446503e-06,0
0.2085,29.8438052,30,0.00312308251,3.446503e-06,0
0.2086,29.843833,30,0.00312308251,3.446503e-06,0
0.2087,29.8438607,30,0.00312308251,3.446503e-06,0
0.2088,29.8438884,30,0.00312308251,3.446503e-06,0
0.2089,29.8439162,30,0.00312308251,3.446503e-06,0
0.209,29.8439439,30,0.00312308251,3.446503e-06,0
0.2091,29.8439706,30,0.00311767498,3.31145952e-06,0
0.2092,29.8439972,30,0.00311767498,3.31145952e-06,0
0.2093,29.8440239,30,0.00311767498,3.31145952e-06,0
0.2094,29.8440505,30,0.00311767498,3.31145952e-06,0
0.2095,29.8440772,30,0.00311767498,3.31145952e-06,0
0.2096,29.8441039,30,0.00311767498,3.31145952e-06,0
0.2097,29.8441305,30,0.00311767498,3.31145952e-06,0
0.2098,29.8441572,30,0.00311767498,3.31145952e-06,0
0.2099,29.8441838,30,0.00311767498,3.31145952e-06,0
0.21,29.8442105,30,0.00311767498,3.31145952e-06,0
0.2101,29.8442361,30,0.00311247933,3.18170742e-06,0
0.2102,29.8442617,30,0.00311247933,3.18170742e-06,0
0.2103,29.8442873,30,0.00311247933,3.18170742e-06,0
0.2104,29.8443129,30,0.00311247933,3.18170742e-06,0
0.2105,29.8443385,30,0.00311247933,3.18170742e-06,0
0.2106,29.8443641,30,0.00311247933,3.18170742e-06,0
0.2107,29.8443897,30,0.00311247933,3.18170742e-06,0
0.2108,29.8444153,30,0.00311247933,3.18170742e-06,0
0.2109,29.8444409,30,0.00311247933,3.18170742e-06,0
0.211,29.8444666,30,0.00311247933,3.18170742e-06,0
0.2111,29.8444912,30,0.00310748726,3.05703936e-06,0
0.2112,29.8445158,30,0.00310748726,3.05703936e-06,0
0.2113,29.8445404,30,0.00310748726,3.05703936e-06,0
0.2114,29.844565,30,0.00310748726,3.05703936e-06,0
0.2115,29.8445896,30,0.00310748726,3.05703936e-06,0
0.2116,29.8446142,30,0.00310748726,3.05703936e-06,0
0.2117,29.8446388,30,0.00310748726,3.05703936e-06,0
0.2118,29.8446634,30,0.00310748726,3.05703936e-06,0
0.2119,29.844688,30,0.00310748726,3.05703936e-06,0
0.212,29.8447126,30,0.00310748726,3.05703936e-06,0
0.2121,29.8447363,30,0.0031026908,2.93725614e-06,0
0.2122,29.8447599,30,0.0031026908,2.93725614e-06,0
0.2123,29.8447835,30,0.0031026908,2.93725614e-06,0
0.2124,29.8448072,30,0.0031026908,2.93725614e-06,0
0.2125,29.8448308,30,0.0031026908,2.93725614e-06,0
0.2126,29.8448545,30,0.0031026908,2.93725614e-06,0
0.2127,29.8448781,30,0.0031026908,2.93725614e-06,0
0.2128,29.8449017,30,0.0031026908,2.93725614e-06,0
0.2129,29.8449254,30,0.0031026908,2.93725614e-06,0
0.213,29.844949,30,0.0031026908,2.93725614e-06,0
0.2131,29.8449717,30,0.00309808227,2.82216636e-06,0
0.2132,29.8449945,30,0.00309808227,2.82216636e-06,0
0.2133,29.8450172,30,0.00309808227,2.82216636e-06,0
0.2134,29.8450399,30,0.00309808227,2.82216636e-06,0
0.2135,29.8450626,30,0.00309808227,2.82216636e-06,0
0.2136,29.8450853,30,0.00309808227,2.82216636e-06,0
0.2137,29.845108,30,0.00309808227,2.82216636e-06,0
0.2138,29.8451307,30,0.00309808227,2.82216636e-06,0
0.2139,29.8451535,30,0.00309808227,2.82216636e-06,0
0.214,29.8451762,30,0.00309808227,2.82216636e-06,0
0.2141,29.845198,30,0.00309365432,2.71158611e-06,0
0.2142,29.8452198,30,0.00309365432,2.71158611e-06,0
0.2143,29.8452417,30,0.00309365432,2.71158611e-06,0
0.2144,29.8452635,30,0.00309365432,2.71158611e-06,0
0.2145,29.8452853,30,0.00309365432,2.71158611e-06,0
0.2146,29.8453071,30,0.00309365432,2.71158611e-06,0
0.2147,29.845329,30,0.00309365432,2.71158611e-06,0
0.2148,29.8453508,30,0.00309365432,2.71158611e-06,0
0.2149,29.8453726,30,0.00309365432,2.71158611e-06,0
0.215,29.8453944,30,0.00309365432,2.71158611e-06,0
0.2151,29.8454154,30,0.00308939987,2.6053387e-06,0
0.2152,29.8454364,30,0.00308939987,2.6053387e-06,0
0.2153,29.8454573,30,0.00308939987,2.6053387e-06,0
0.2154,29.8454783,30,0.00308939987,2.6053387e-06,0
0.2155,29.8454993,30,0.00308939987,2.6053387e-06,0
0.2156,29.8455203,30,0.00308939987,2.6053387e-06,0
0.2157,29.8455412,30,0.00308939987,2.6053387e-06,0
0.2158,29.8455622,30,0.00308939987,2.6053387e-06,0
0.2159,29.8455832,30,0.00308939987,2.6053387e-06,0
0.216,29.8456041,30,0.00308939987,2.6053387e-06,0
0.2161,29.8456243,30,0.00308531212,2.50325436e-06,0
0.2162,29.8456444,30,0.00308531212,2.50325436e-06,0
0.2163,29.8456646,30,0.00308531212,2.50325436e-06,0
0.2164,29.8456847,30,0.00308531212,2.50325436e-06,0
0.2165,29.8457049,30,0.00308531212,2.50325436e-06,0
0.2166,29.845725,30,0.00308531212,2.50325436e-06,0
0.2167,29.8457452,30,0.00308531212,2.50325436e-06,0
0.2168,29.8457653,30,0.00308531212,2.50325436e-06,0
0.2169,29.8457855,30,0.00308531212,2.50325436e-06,0
0.217,29.8458056,30,0.00308531212,2.50325436e-06,0
0.2171,29.845825,30,0.00308138454,2.40516996e-06,0
0.2172,29.8458443,30,0.00308138454,2.40516996e-06,0
0.2173,29.8458637,30,0.00308138454,2.40516996e-06,0
0.2174,29.8458831,30,0.00308138454,2.40516996e-06,0
0.2175,29.8459024,30,0.00308138454,2.40516996e-06,0
0.2176,29.8459218,30,0.00308138454,2.40516996e-06,0
0.2177,29.8459411,30,0.00308138454,2.40516996e-06,0
0.2178,29.8459605,30,0.00308138454,2.40516996e-06,0
0.2179,29.8459798,30,0.00308138454,2.40516996e-06,0
0.218,29.8459992,30,0.00308138454,2.40516996e-06,0
0.2181,29.8460178,30,0.00307761085,2.31092878e-06,0
0.2182,29.8460364,30,0.00307761085,2.31092878e-06,0
0.2183,29.846055,30,0.00307761085,2.31092878e-06,0
0.2184,29.8460736,30,0.00307761085,2.31092878e-06,0
0.2185,29.8460922,30,0.00307761085,2.31092878e-06,0
0.2186,29.8461108,30,0.00307761085,2.31092878e-06,0
0.2187,29.8461294,30,0.00307761085,2.31092878e-06,0
0.2188,29.846148,30,0.00307761085,2.31092878e-06,0
0.2189,29.8461666,30,0.00307761085,2.31092878e-06,0
0.219,29.8461852,30,0.00307761085,2.31092878e-06,0
0.2191,29.8462031,30,0.00307398503,2.22038023e-06,0
0.2192,29.8462209,30,0.00307398503,2.22038023e-06,0
0.2193,29.8462388,30,0.00307398503,2.22038023e-06,0
0.2194,29.8462567,30,0.00307398503,2.22038023e-06,0
0.2195,29.8462746,30,0.00307398503,2.22038023e-06,0
0.2196,29.8462924,30,0.00307398503,2.22038023e-06,0
0.2197,29.8463103,30,0.00307398503,2.22038023e-06,0
0.2198,29.8463282,30,0.00307398503,2.22038023e-06,0
0.2199,29.846346,30,0.00307398503,2.22038023e-06,0
0.22,29.8463639,30,0.00307398503,2.22038023e-06,0
0.2201,29.8463811,30,0.00307050127,2.13337962e-06,0
0.2202,29.8463983,30,0.00307050127,2.13337962e-06,0
0.2203,29.8464154,30,0.00307050127,2.13337962e-06,0
0.2204,29.8464326,30,0.00307050127,2.13337962e-06,0
0.2205,29.8464498,30,0.00307050127,2.13337962e-06,0
0.2206,29.8464669,30,0.00307050127,2.13337962e-06,0
0.2207,29.8464841,30,0.00307050127,2.13337962e-06,0
0.2208,29.8465013,30,0.00307050127,2.13337962e-06,0
0.2209,29.8465185,30,0.00307050127,2.13337962e-06,0
0.221,29.8465356,30,0.00307050127,2.13337962e-06,0
0.2211,29.8465521,30,0.00306715402,2.04978793e-06,0
0.2212,29.8465686,30,0.00306715402,2.04978793e-06,0
0.2213,29.8465851,30,0.00306715402,2.04978793e-06,0
0.2214,29.8466016,30,0.00306715402,2.04978793e-06,0
0.2215,29.8466181,30,0.00306715402,2.04978793e-06,0
0.2216,29.8466346,30,0.00306715402,2.04978793e-06,0
0.2217,29.8466511,30,0.00306715402,2.04978793e-06,0
0.2218,29.8466676,30,0.00306715402,2.04978793e-06,0
0.2219,29.8466841,30,0.00306715402,2.04978793e-06,0
0.222,29.8467006,30,0.00306715402,2.04978793e-06,0
0.2221,29.8467165,30,0.00306393793,1.96947159e-06,0
0.2222,29.8467323,30,0.00306393793,1.96947159e-06,0
0.2223,29.8467482,30,0.00306393793,1.96947159e-06,0
0.2224,29.846764,30,0.00306393793,1.96947159e-06,0
0.2225,29.8467799,30,0.00306393793,1.96947159e-06,0
0.2226,29.8467957,30,0.00306393793,1.96947159e-06,0
0.2227,29.8468116,30,0.00306393793,1.96947159e-06,0
0.2228,29.8468274,30,0.00306393793,1.96947159e-06,0
0.2229,29.8468433,30,0.00306393793,1.96947159e-06,0
0.223,29.8468591,30,0.00306393793,1.96947159e-06,0
0.2231,29.8468744,30,0.00306084784,1.89230227e-06,0
0.2232,29.8468896,30,0.00306084784,1.89230227e-06,0
0.2233,29.8469048,30,0.00306084784,1.89230227e-06,0
0.2234,29.8469201,30,0.00306084784,1.89230227e-06,0
0.2235,29.8469353,30,0.00306084784,1.89230227e-06,0
0.2236,29.8469505,30,0.00306084784,1.89230227e-06,0
0.2237,29.8469658,30,0.00306084784,1.89230227e-06,0
0.2238,29.846981,30,0.00306084784,1.89230227e-06,0
0.2239,29.8469962,30,0.00306084784,1.89230227e-06,0
0.224,29.8470114,30,0.00306084784,1.89230227e-06,0
0.2241,29.8470261,30,0.00305787884,1.81815666e-06,0
0.2242,29.8470407,30,0.00305787884,1.81815666e-06,0
0.2243,29.8470553,30,0.00305787884,1.81815666e-06,0
0.2244,29.84707,30,0.00305787884,1.81815666e-06,0
0.2245,29.8470846,30,0.00305787884,1.81815666e-06,0
0.2246,29.8470993,30,0.00305787884,1.81815666e-06,0
0.2247,29.8471139,30,0.00305787884,1.81815666e-06,0
0.2248,29.8471285,30,0.00305787884,1.81815666e-06,0
0.2249,29.8471432,30,0.00305787884,1.81815666e-06,0
0.225,29.8471578,30,0.00305787884,1.81815666e-06,0
0.2251,29.8471718,30,0.00305502617,1.74691628e-06,0
0.2252,29.8471859,30,0.00305502617,1.74691628e-06,0
0.2253,29.8472,30,0.00305502617,1.74691628e-06,0
0.2254,29.847214,30,0.00305502617,1.74691628e-06,0
0.2255,29.8472281,30,0.00305502617,1.74691628e-06,0
0.2256,29.8472422,30,0.00305502617,1.74691628e-06,0
0.2257,29.8472562,30,0.00305502617,1.74691628e-06,0
0.2258,29.8472703,30,0.00305502617,1.74691628e-06,0
0.2259,29.8472843,30,0.00305502617,1.74691628e-06,0
0.226,29.8472984,30,0.00305502617,1.74691628e-06,0
0.2261,29.8473119,30,0.00305228528,1.67846729e-06,0
0.2262,29.8473254,30,0.00305228528,1.67846729e-06,0
0.2263,29.8473389,30,0.00305228528,1.67846729e-06,0
0.2264,29.8473524,30,0.00305228528,1.67846729e-06,0
0.2265,29.8473659,30,0.00305228528,1.67846729e-06,0
0.2266,29.8473795,30,0.00305228528,1.67846729e-06,0
0.2267,29.847393,30,0.00305228528,1.67846729e-06,0
0.2268,29.8474065,30,0.00305228528,1.67846729e-06,0
0.2269,29.84742,30,0.00305228528,1.67846729e-06,0
0.227,29.8474335,30,0.00305228528,1.67846729e-06,0
0.2271,29.8474465,30,0.00304965178,1.61270032e-06,0
0.2272,29.8474595,30,0.00304965178,1.61270032e-06,0
0.2273,29.8474724,30,0.00304965178,1.61270032e-06,0
0.2274,29.8474854,30,0.00304965178,1.61270032e-06,0
0.2275,29.8474984,30,0.00304965178,1.61270032e-06,0
0.2276,29.8475114,30,0.00304965178,1.61270032e-06,0
0.2277,29.8475244,30,0.00304965178,1.61270032e-06,0
0.2278,29.8475373,30,0.00304965178,1.61270032e-06,0
0.2279,29.8475503,30,0.00304965178,1.61270032e-06,0
0.228,29.8475633,30,0.00304965178,1.61270032e-06,0
0.2281,29.8475758,30,0.00304712147,1.54951028e-06,0
0.2282,29.8475882,30,0.00304712147,1.54951028e-06,0
0.2283,29.8476007,30,0.00304712147,1.54951028e-06,0
0.2284,29.8476132,30,0.00304712147,1.54951028e-06,0
0.2285,29.8476257,30,0.00304712147,1.54951028e-06,0
0.2286,29.8476381,30,0.00304712147,1.54951028e-06,0
0.2287,29.8476506,30,0.00304712147,1.54951028e-06,0
0.2288,29.8476631,30,0.00304712147,1.54951028e-06,0
0.2289,29.8476755,30,0.00304712147,1.54951028e-06,0
0.229,29.847688,30,0.00304712147,1.54951028e-06,0
0.2291,29.8477,30,0.0030446903,1.4887962e-06,0
0.2292,29.847712,30,0.0030446903,1.4887962e-06,0
0.2293,29.847724,30,0.0030446903,1.4887962e-06,0
0.2294,29.8477359,30,0.0030446903,1.4887962e-06,0
0.2295,29.8477479,30,0.0030446903,1.4887962e-06,0
0.2296,29.8477599,30,0.0030446903,1.4887962e-06,0
0.2297,29.8477719,30,0.0030446903,1.4887962e-06,0
0.2298,29.8477839,30,0.0030446903,1.4887962e-06,0
0.2299,29.8477959,30,0.0030446903,1.4887962e-06,0
0.23,29.8478078,30,0.0030446903,1.4887962e-06,0
0.2301,29.8478194,30,0.0030423544,1.43046107e-06,0
0.2302,29.8478309,30,0.0030423544,1.43046107e-06,0
0.2303,29.8478424,30,0.0030423544,1.43046107e-06,0
0.2304,29.8478539,30,0.0030423544,1.43046107e-06,0
0.2305,29.8478654,30,0.0030423544,1.43046107e-06,0
0.2306,29.8478769,30,0.0030423544,1.43046107e-06,0
0.2307,29.8478884,30,0.0030423544,1.43046107e-06,0
0.2308,29.8479,30,0.0030423544,1.43046107e-06,0
0.2309,29.8479115,30,0.0030423544,1.43046107e-06,0
0.231,29.847923,30,0.0030423544,1.43046107e-06,0
0.2311,29.847934,30,0.00304011002,1.37441166e-06,0
0.2312,29.8479451,30,0.00304011002,1.37441166e-06,0
0.2313,29.8479562,30,0.00304011002,1.37441166e-06,0
0.2314,29.8479672,30,0.00304011002,1.37441166e-06,0
0.2315,29.8479783,30,0.00304011002,1.37441166e-06,0
0.2316,29.8479894,30,0.00304011002,1.37441166e-06,0
0.2317,29.8480004,30,0.00304011002,1.37441166e-06,0
0.2318,29.8480115,30,0.00304011002,1.37441166e-06,0
0.2319,29.8480225,30,0.00304011002,1.37441166e-06,0
0.232,29.8480336,30,0.00304011002,1.37441166e-06,0
0.2321,29.8480442,30,0.00303795358,1.32055843e-06,0
0.2322,29.8480549,30,0.00303795358,1.32055843e-06,0
0.2323,29.8480655,30,0.00303795358,1.32055843e-06,0
0.2324,29.8480761,30,0.00303795358,1.32055843e-06,0
0.2325,29.8480867,30,0.00303795358,1.32055843e-06,0
0.2326,29.8480974,30,0.00303795358,1.32055843e-06,0
0.2327,29.848108,30,0.00303795358,1.32055843e-06,0
0.2328,29.8481186,30,0.00303795358,1.32055843e-06,0
0.2329,29.8481293,30,0.00303795358,1.32055843e-06,0
0.233,29.8481399,30,0.00303795358,1.32055843e-06,0
0.2331,29.8481501,30,0.00303588164,1.26881531e-06,0
0.2332,29.8481603,30,0.00303588164,1.26881531e-06,0
0.2333,29.8481705,30,0.00303588164,1.26881531e-06,0
0.2334,29.8481807,30,0.00303588164,1.26881531e-06,0
0.2335,29.848191,30,0.00303588164,1.26881531e-06,0
0.2336,29.8482012,30,0.00303588164,1.26881531e-06,0
0.2337,29.8482114,30,0.00303588164,1.26881531e-06,0
0.2338,29.8482216,30,0.00303588164,1.26881531e-06,0
0.2339,29.8482318,30,0.00303588164,1.26881531e-06,0
0.234,29.848242,30,0.00303588164,1.26881531e-06,0
0.2341,29.8482518,30,0.00303389088,1.21909964e-06,0
0.2342,29.8482616,30,0.00303389088,1.21909964e-06,0
0.2343,29.8482715,30,0.00303389088,1.21909964e-06,0
0.2344,29.8482813,30,0.00303389088,1.21909964e-06,0
0.2345,29.8482911,30,0.00303389088,1.21909964e-06,0
0.2346,29.8483009,30,0.00303389088,1.21909964e-06,0
0.2347,29.8483107,30,0.00303389088,1.21909964e-06,0
0.2348,29.8483205,30,0.00303389088,1.21909964e-06,0
0.2349,29.8483303,30,0.00303389088,1.21909964e-06,0
0.235,29.8483401,30,0.00303389088,1.21909964e-06,0
0.2351,29.8483496,30,0.00303197812,1.17133196e-06,0
0.2352,29.848359,30,0.00303197812,1.17133196e-06,0
0.2353,29.8483684,30,0.00303197812,1.17133196e-06,0
0.2354,29.8483779,30,0.00303197812,1.17133196e-06,0
0.2355,29.8483873,30,0.00303197812,1.17133196e-06,0
0.2356,29.8483967,30,0.00303197812,1.17133196e-06,0
0.2357,29.8484061,30,0.00303197812,1.17133196e-06,0
0.2358,29.8484156,30,0.00303197812,1.17133196e-06,0
0.2359,29.848425,30,0.00303197812,1.17133196e-06,0
0.236,29.8484344,30,0.00303197812,1.17133196e-06,0
0.2361,29.8484435,30,0.00303014031,1.12543594e-06,0
0.2362,29.8484525,30,0.00303014031,1.12543594e-06,0
0.2363,29.8484616,30,0.00303014031,1.12543594e-06,0
0.2364,29.8484707,30,0.00303014031,1.12543594e-06,0
0.2365,29.8484797,30,0.00303014031,1.12543594e-06,0
0.2366,29.8484888,30,0.00303014031,1.12543594e-06,0
0.2367,29.8484978,30,0.00303014031,1.12543594e-06,0
0.2368,29.8485069,30,0.00303014031,1.12543594e-06,0
0.2369,29.8485159,30,0.00303014031,1.12543594e-06,0
0.237,29.848525,30,0.00303014031,1.12543594e-06,0
0.2371,29.8485337,30,0.00302837452,1.08133826e-06,0
0.2372,29.8485424,30,0.00302837452,1.08133826e-06,0
0.2373,29.8485511,30,0.00302837452,1.08133826e-06,0
0.2374,29.8485598,30,0.00302837452,1.08133826e-06,0
0.2375,29.8485685,30,0.00302837452,1.08133826e-06,0
0.2376,29.8485772,30,0.00302837452,1.08133826e-06,0
0.2377,29.8485859,30,0.00302837452,1.08133826e-06,0
0.2378,29.8485946,30,0.00302837452,1.08133826e-06,0
0.2379,29.8486033,30,0.00302837452,1.08133826e-06,0
0.238,29.848612,30,0.00302837452,1.08133826e-06,0
0.2381,29.8486204,30,0.00302667791,1.03896845e-06,0
0.2382,29.8486288,30,0.00302667791,1.03896845e-06,0
0.2383,29.8486371,30,0.00302667791,1.03896845e-06,0
0.2384,29.8486455,30,0.00302667791,1.03896845e-06,0
0.2385,29.8486539,30,0.00302667791,1.03896845e-06,0
0.2386,29.8486622,30,0.00302667791,1.03896845e-06,0
0.2387,29.8486706,30,0.00302667791,1.03896845e-06,0
0.2388,29.8486789,30,0.00302667791,1.03896845e-06,0
0.2389,29.8486873,30,0.00302667791,1.03896845e-06,0
0.239,29.8486957,30,0.00302667791,1.03896845e-06,0
0.2391,29.8487037,30,0.00302504778,9.9825881e-07,0
0.2392,29.8487117,30,0.00302504778,9.9825881e-07,0
0.2393,29.8487198,30,0.00302504778,9.9825881e-07,0
0.2394,29.8487278,30,0.00302504778,9.9825881e-07,0
0.2395,29.8487358,30,0.00302504778,9.9825881e-07,0
0.2396,29.8487439,30,0.00302504778,9.9825881e-07,0
0.2397,29.8487519,30,0.00302504778,9.9825881e-07,0
0.2398,29.8487599,30,0.00302504778,9.9825881e-07,0
0.2399,29.848768,30,0.00302504778,9.9825881e-07,0
0.24,29.848776,30,0.00302504778,9.9825881e-07,0
0.2401,29.8487837,30,0.00302348152,9.5914428e-07,0
0.2402,29.8487915,30,0.00302348152,9.5914428e-07,0
0.2403,29.8487992,30,0.00302348152,9.5914428e-07,0
0.2404,29.8488069,30,0.00302348152,9.5914428e-07,0
0.2405,29.8488146,30,0.00302348152,9.5914428e-07,0
0.2406,29.8488223,30,0.00302348152,9.5914428e-07,0
0.2407,29.8488301,30,0.00302348152,9.5914428e-07,0
0.2408,29.8488378,30,0.00302348152,9.5914428e-07,0
0.2409,29.8488455,30,0.00302348152,9.5914428e-07,0
0.241,29.8488532,30,0.00302348152,9.5914428e-07,0
0.2411,29.8488606,30,0.00302197663,9.21562366e-07,0
0.2412,29.848868,30,0.00302197663,9.21562366e-07,0
0.2413,29.8488755,30,0.00302197663,9.21562366e-07,0
0.2414,29.8488829,30,0.00302197663,9.21562366e-07,0
0.2415,29.8488903,30,0.00302197663,9.21562366e-07,0
0.2416,29.8488977,30,0.00302197663,9.21562366e-07,0
0.2417,29.8489051,30,0.00302197663,9.21562366e-07,0
0.2418,29.8489126,30,0.00302197663,9.21562366e-07,0
0.2419,29.84892,30,0.00302197663,9.21562366e-07,0
0.242,29.8489274,30,0.00302197663,9.21562366e-07,0
0.2421,29.8489345,30,0.00302053071,8.85453016e-07,0
0.2422,29.8489416,30,0.00302053071,8.85453016e-07,0
0.2423,29.8489488,30,0.00302053071,8.85453016e-07,0
0.2424,29.8489559,30,0.00302053071,8.85453016e-07,0
0.2425,29.848963,30,0.00302053071,8.85453016e-07,0
0.2426,29.8489701,30,0.00302053071,8.85453016e-07,0
0.2427,29.8489773,30,0.00302053071,8.85453016e-07,0
0.2428,29.8489844,30,0.00302053071,8.85453016e-07,0
0.2429,29.8489915,30,0.00302053071,8.85453016e-07,0
0.243,29.8489987,30,0.00302053071,8.85453016e-07,0
0.2431,29.8490055,30,0.00301914144,8.50758528e-07,0
0.2432,29.8490124,30,0.00301914144,8.50758528e-07,0
0.2433,29.8490192,30,0.00301914144,8.50758528e-07,0
0.2434,29.849026,30,0.00301914144,8.50758528e-07,0
0.2435,29.8490329,30,0.00301914144,8.50758528e-07,0
0.2436,29.8490397,30,0.00301914144,8.50758528e-07,0
0.2437,29.8490466,30,0.00301914144,8.50758528e-07,0
0.2438,29.8490534,30,0.00301914144,8.50758528e-07,0
0.2439,29.8490603,30,0.00301914144,8.50758528e-07,0
0.244,29.8490671,30,0.00301914144,8.50758528e-07,0
0.2441,29.8490737,30,0.00301780661,8.17423466e-07,0
0.2442,29.8490803,30,0.00301780661,8.17423466e-07,0
0.2443,29.8490869,30,0.00301780661,8.17423466e-07,0
0.2444,29.8490935,30,0.00301780661,8.17423466e-07,0
0.2445,29.8491,30,0.00301780661,8.17423466e-07,0
0.2446,29.8491066,30,0.00301780661,8.17423466e-07,0
0.2447,29.8491132,30,0.00301780661,8.17423466e-07,0
0.2448,29.8491198,30,0.00301780661,8.17423466e-07,0
0.2449,29.8491263,30,0.00301780661,8.17423466e-07,0
0.245,29.8491329,30,0.00301780661,8.17423466e-07,0
0.2451,29.8491392,30,0.00301652408,7.85394564e-07,0
0.2452,29.8491456,30,0.00301652408,7.85394564e-07,0
0.2453,29.8491519,30,0.00301652408,7.85394564e-07,0
0.2454,29.8491582,30,0.00301652408,7.85394564e-07,0
0.2455,29.8491645,30,0.00301652408,7.85394564e-07,0
0.2456,29.8491709,30,0.00301652408,7.85394564e-07,0
0.2457,29.8491772,30,0.00301652408,7.85394564e-07,0
0.2458,29.8491835,30,0.00301652408,7.85394564e-07,0
0.2459,29.8491898,30,0.00301652408,7.85394564e-07,0
0.246,29.8491961,30,0.00301652408,7.85394564e-07,0
0.2461,29.8492022,30,0.0030152918,7.54620642e-07,0
0.2462,29.8492083,30,0.0030152918,7.54620642e-07,0
0.2463,29.8492144,30,0.0030152918,7.54620642e-07,0
0.2464,29.8492204,30,0.0030152918,7.54620642e-07,0
0.2465,29.8492265,30,0.0030152918,7.54620642e-07,0
0.2466,29.8492326,30,0.0030152918,7.54620642e-07,0
0.2467,29.8492387,30,0.0030152918,7.54620642e-07,0
0.2468,29.8492447,30,0.0030152918,7.54620642e-07,0
0.2469,29.8492508,30,0.0030152918,7.54620642e-07,0
0.247,29.8492569,30,0.0030152918,7.54620642e-07,0
0.2471,29.8492627,30,0.00301410781,7.25052527e-07,0
0.2472,29.8492686,30,0.00301410781,7.25052527e-07,0
0.2473,29.8492744,30,0.00301410781,7.25052527e-07,0
0.2474,29.8492802,30,0.00301410781,7.25052527e-07,0
0.2475,29.8492861,30,0.00301410781,7.25052527e-07,0
0.2476,29.8492919,30,0.00301410781,7.25052527e-07,0
0.2477,29.8492977,30,0.00301410781,7.25052527e-07,0
0.2478,29.8493036,30,0.00301410781,7.25052527e-07,0
0.2479,29.8493094,30,0.00301410781,7.25052527e-07,0
0.248,29.8493152,30,0.00301410781,7.25052527e-07,0
0.2481,29.8493208,30,0.00301297021,6.96642974e-07,0
0.2482,29.8493265,30,0.00301297021,6.96642974e-07,0
0.2483,29.8493321,30,0.00301297021,6.96642974e-07,0
0.2484,29.8493377,30,0.00301297021,6.96642974e-07,0
0.2485,29.8493433,30,0.00301297021,6.96642974e-07,0
0.2486,29.8493489,30,0.00301297021,6.96642974e-07,0
0.2487,29.8493545,30,0.00301297021,6.96642974e-07,0
0.2488,29.8493601,30,0.00301297021,6.96642974e-07,0
0.2489,29.8493657,30,0.00301297021,6.96642974e-07,0
0.249,29.8493713,30,0.00301297021,6.96642974e-07,0
0.2491,29.8493767,30,0.00301187719,6.69346584e-07,0
0.2492,29.8493821,30,0.00301187719,6.69346584e-07,0
0.2493,29.8493875,30,0.00301187719,6.69346584e-07,0
0.2494,29.8493929,30,0.00301187719,6.69346584e-07,0
0.2495,29.8493982,30,0.00301187719,6.69346584e-07,0
0.2496,29.8494036,30,0.00301187719,6.69346584e-07,0
0.2497,29.849409,30,0.00301187719,6.69346584e-07,0
0.2498,29.8494144,30,0.00301187719,6.69346584e-07,0
0.2499,29.8494198,30,0.00301187719,6.69346584e-07,0
0.25,29.8494252,30,0.00301187719,6.69346584e-07,0
0.2501,29.8494304,30,0.00301082699,6.43119742e-07,0
0.2502,29.8494355,30,0.00301082699,6.43119742e-07,0
0.2503,29.8494407,30,0.00301082699,6.43119742e-07,0
0.2504,29.8494459,30,0.00301082699,6.43119742e-07,0
0.2505,29.8494511,30,0.00301082699,6.43119742e-07,0
0.2506,29.8494562,30,0.00301082699,6.43119742e-07,0
0.2507,29.8494614,30,0.00301082699,6.43119742e-07,0
0.2508,29.8494666,30,0.00301082699,6.43119742e-07,0
0.2509,29.8494718,30,0.00301082699,6.43119742e-07,0
0.251,29.8494769,30,0.00301082699,6.43119742e-07,0
0.2511,29.8494819,30,0.00300981794,6.1792054e-07,0
0.2512,29.8494869,30,0.00300981794,6.1792054e-07,0
0.2513,29.8494919,30,0.00300981794,6.1792054e-07,0
0.2514,29.8494968,30,0.00300981794,6.1792054e-07,0
0.2515,29.8495018,30,0.00300981794,6.1792054e-07,0
0.2516,29.8495068,30,0.00300981794,6.1792054e-07,0
0.2517,29.8495118,30,0.00300981794,6.1792054e-07,0
0.2518,29.8495167,30,0.00300981794,6.1792054e-07,0
0.2519,29.8495217,30,0.00300981794,6.1792054e-07,0
0.252,29.8495267,30,0.00300981794,6.1792054e-07,0
0.2521,29.8495315,30,0.00300884843,5.93708712e-07,0
0.2522,29.8495362,30,0.00300884843,5.93708712e-07,0
0.2523,29.849541,30,0.00300884843,5.93708712e-07,0
0.2524,29.8495458,30,0.00300884843,5.93708712e-07,0
0.2525,29.8495506,30,0.00300884843,5.93708712e-07,0
0.2526,29.8495554,30,0.00300884843,5.93708712e-07,0
0.2527,29.8495601,30,0.00300884843,5.93708712e-07,0
0.2528,29.8495649,30,0.00300884843,5.93708712e-07,0
0.2529,29.8495697,30,0.00300884843,5.93708712e-07,0
0.253,29.8495745,30,0.00300884843,5.93708712e-07,0
0.2531,29.8495791,30,0.00300791691,5.7044557e-07,0
0.2532,29.8495837,30,0.00300791691,5.7044557e-07,0
0.2533,29.8495882,30,0.00300791691,5.7044557e-07,0
0.2534,29.8495928,30,0.00300791691,5.7044557e-07,0
0.2535,29.8495974,30,0.00300791691,5.7044557e-07,0
0.2536,29.849602,30,0.00300791691,5.7044557e-07,0
0.2537,29.8496066,30,0.00300791691,5.7044557e-07,0
0.2538,29.8496112,30,0.00300791691,5.7044557e-07,0
0.2539,29.8496158,30,0.00300791691,5.7044557e-07,0
0.254,29.8496204,30,0.00300791691,5.7044557e-07,0
0.2541,29.8496248,30,0.00300702188,5.48093942e-07,0
0.2542,29.8496292,30,0.00300702188,5.48093942e-07,0
0.2543,29.8496336,30,0.00300702188,5.48093942e-07,0
0.2544,29.849638,30,0.00300702188,5.48093942e-07,0
0.2545,29.8496424,30,0.00300702188,5.48093942e-07,0
0.2546,29.8496469,30,0.00300702188,5.48093942e-07,0
0.2547,29.8496513,30,0.00300702188,5.48093942e-07,0
0.2548,29.8496557,30,0.00300702188,5.48093942e-07,0
0.2549,29.8496601,30,0.00300702188,5.48093942e-07,0
0.255,29.8496645,30,0.00300702188,5.48093942e-07,0
0.2551,29.8496687,30,0.00300616193,5.26618112e-07,0
0.2552,29.849673,30,0.00300616193,5.26618112e-07,0
0.2553,29.8496772,30,0.00300616193,5.26618112e-07,0
0.2554,29.8496815,30,0.00300616193,5.26618112e-07,0
0.2555,29.8496857,30,0.00300616193,5.26618112e-07,0
0.2556,29.8496899,30,0.00300616193,5.26618112e-07,0
0.2557,29.8496942,30,0.00300616193,5.26618112e-07,0
0.2558,29.8496984,30,0.00300616193,5.26618112e-07,0
0.2559,29.8497026,30,0.00300616193,5.26618112e-07,0
0.256,29.8497069,30,0.00300616193,5.26618112e-07,0
0.2561,29.849711,30,0.00300533567,5.05983764e-07,0
0.2562,29.849715,30,0.00300533567,5.05983764e-07,0
0.2563,29.8497191,30,0.00300533567,5.05983764e-07,0
0.2564,29.8497232,30,0.00300533567,5.05983764e-07,0
0.2565,29.8497272,30,0.00300533567,5.05983764e-07,0
0.2566,29.8497313,30,0.00300533567,5.05983764e-07,0
0.2567,29.8497354,30,0.00300533567,5.05983764e-07,0
0.2568,29.8497395,30,0.00300533567,5.05983764e-07,0
0.2569,29.8497435,30,0.00300533567,5.05983764e-07,0
0.257,29.8497476,30,0.00300533567,5.05983764e-07,0
0.2571,29.8497515,30,0.00300454179,4.86157927e-07,0
0.2572,29.8497554,30,0.00300454179,4.86157927e-07,0
0.2573,29.8497594,30,0.00300454179,4.86157927e-07,0
0.2574,29.8497633,30,0.00300454179,4.86157927e-07,0
0.2575,29.8497672,30,0.00300454179,4.86157927e-07,0
0.2576,29.8497711,30,0.00300454179,4.86157927e-07,0
0.2577,29.849775,30,0.00300454179,4.86157927e-07,0
0.2578,29.8497789,30,0.00300454179,4.86157927e-07,0
0.2579,29.8497828,30,0.00300454179,4.86157927e-07,0
0.258,29.8497867,30,0.00300454179,4.86157927e-07,0
0.2581,29.8497905,30,0.00300377901,4.67108922e-07,0
0.2582,29.8497943,30,0.00300377901,4.67108922e-07,0
0.2583,29.849798,30,0.00300377901,4.67108922e-07,0
0.2584,29.8498018,30,0.00300377901,4.67108922e-07,0
0.2585,29.8498055,30,0.00300377901,4.67108922e-07,0
0.2586,29.8498093,30,0.00300377901,4.67108922e-07,0
0.2587,29.8498131,30,0.00300377901,4.67108922e-07,0
0.2588,29.8498168,30,0.00300377901,4.67108922e-07,0
0.2589,29.8498206,30,0.00300377901,4.67108922e-07,0
0.259,29.8498243,30,0.00300377901,4.67108922e-07,0
0.2591,29.849828,30,0.00300304612,4.48806308e-07,0
0.2592,29.8498316,30,0.00300304612,4.48806308e-07,0
0.2593,29.8498352,30,0.00300304612,4.48806308e-07,0
0.2594,29.8498388,30,0.00300304612,4.48806308e-07,0
0.2595,29.8498424,30,0.00300304612,4.48806308e-07,0
0.2596,29.849846,30,0.00300304612,4.48806308e-07,0
0.2597,29.8498496,30,0.00300304612,4.48806308e-07,0
0.2598,29.8498532,30,0.00300304612,4.48806308e-07,0
0.2599,29.8498569,30,0.00300304612,4.48806308e-07,0
0.26,29.8498605,30,0.00300304612,4.48806308e-07,0
0.2601,29.8498639,30,0.00300234195,4.31220841e-07,0
0.2602,29.8498674,30,0.00300234195,4.31220841e-07,0
0.2603,29.8498709,30,0.00300234195,4.31220841e-07,0
0.2604,29.8498743,30,0.00300234195,4.31220841e-07,0
0.2605,29.8498778,30,0.00300234195,4.31220841e-07,0
0.2606,29.8498813,30,0.00300234195,4.31220841e-07,0
0.2607,29.8498848,30,0.00300234195,4.31220841e-07,0
0.2608,29.8498882,30,0.00300234195,4.31220841e-07,0
0.2609,29.8498917,30,0.00300234195,4.31220841e-07,0
0.261,29.8498952,30,0.00300234195,4.31220841e-07,0
0.2611,29.8498985,30,0.00300166537,4.1432442e-07,0
0.2612,29.8499018,30,0.00300166537,4.1432442e-07,0
0.2613,29.8499052,30,0.00300166537,4.1432442e-07,0
0.2614,29.8499085,30,0.00300166537,4.1432442e-07,0
0.2615,29.8499118,30,0.00300166537,4.1432442e-07,0
0.2616,29.8499152,30,0.00300166537,4.1432442e-07,0
0.2617,29.8499185,30,0.00300166537,4.1432442e-07,0
0.2618,29.8499218,30,0.00300166537,4.1432442e-07,0
0.2619,29.8499252,30,0.00300166537,4.1432442e-07,0
0.262,29.8499285,30,0.00300166537,4.1432442e-07,0
0.2621,29.8499317,30,0.0030010153,3.98090048e-07,0
0.2622,29.8499349,30,0.0030010153,3.98090048e-07,0
0.2623,29.8499381,30,0.0030010153,3.98090048e-07,0
0.2624,29.8499413,30,0.0030010153,3.98090048e-07,0
0.2625,29.8499445,30,0.0030010153,3.98090048e-07,0
0.2626,29.8499477,30,0.0030010153,3.98090048e-07,0
0.2627,29.8499509,30,0.0030010153,3.98090048e-07,0
0.2628,29.8499542,30,0.0030010153,3.98090048e-07,0
0.2629,29.8499574,30,0.0030010153,3.98090048e-07,0
0.263,29.8499606,30,0.0030010153,3.98090048e-07,0
0.2631,29.8499636,30,0.0030003907,3.82491785e-07,0
0.2632,29.8499667,30,0.0030003907,3.82491785e-07,0
0.2633,29.8499698,30,0.0030003907,3.82491785e-07,0
0.2634,29.8499729,30,0.0030003907,3.82491785e-07,0
0.2635,29.849976,30,0.0030003907,3.82491785e-07,0
0.2636,29.849979,30,0.0030003907,3.82491785e-07,0
0.2637,29.8499821,30,0.0030003907,3.82491785e-07,0
0.2638,29.8499852,30,0.0030003907,3.82491785e-07,0
0.2639,29.8499883,30,0.0030003907,3.82491785e-07,0
0.264,29.8499913,30,0.0030003907,3.82491785e-07,0
0.2641,29.8499943,30,0.00299979057,3.67504703e-07,0
0.2642,29.8499973,30,0.00299979057,3.67504703e-07,0
0.2643,29.8500002,30,0.00299979057,3.67504703e-07,0
0.2644,29.8500032,30,0.00299979057,3.67504703e-07,0
0.2645,29.8500061,30,0.00299979057,3.67504703e-07,0
0.2646,29.8500091,30,0.00299979057,3.67504703e-07,0
0.2647,29.8500121,30,0.00299979057,3.67504703e-07,0
0.2648,29.850015,30,0.00299979057,3.67504703e-07,0
0.2649,29.850018,30,0.00299979057,3.67504703e-07,0
0.265,29.8500209,30,0.00299979057,3.67504703e-07,0
0.2651,29.8500238,30,0.00299921396,3.53104857e-07,0
0.2652,29.8500266,30,0.00299921396,3.53104857e-07,0
0.2653,29.8500295,30,0.00299921396,3.53104857e-07,0
0.2654,29.8500323,30,0.00299921396,3.53104857e-07,0
0.2655,29.8500351,30,0.00299921396,3.53104857e-07,0
0.2656,29.850038,30,0.00299921396,3.53104857e-07,0
0.2657,29.8500408,30,0.00299921396,3.53104857e-07,0
0.2658,29.8500437,30,0.00299921396,3.53104857e-07,0
0.2659,29.8500465,30,0.00299921396,3.53104857e-07,0
0.266,29.8500493,30,0.00299921396,3.53104857e-07,0
0.2661,29.8500521,30,0.00299865994,3.39269236e-07,0
0.2662,29.8500548,30,0.00299865994,3.39269236e-07,0
0.2663,29.8500575,30,0.00299865994,3.39269236e-07,0
0.2664,29.8500603,30,0.00299865994,3.39269236e-07,0
0.2665,29.850063,30,0.00299865994,3.39269236e-07,0
0.2666,29.8500657,30,0.00299865994,3.39269236e-07,0
0.2667,29.8500685,30,0.00299865994,3.39269236e-07,0
0.2668,29.8500712,30,0.00299865994,3.39269236e-07,0
0.2669,29.8500739,30,0.00299865994,3.39269236e-07,0
0.267,29.8500767,30,0.00299865994,3.39269236e-07,0
0.2671,29.8500793,30,0.00299812763,3.25975733e-07,0
0.2672,29.8500819,30,0.00299812763,3.25975733e-07,0
0.2673,29.8500845,30,0.00299812763,3.25975733e-07,0
0.2674,29.8500872,30,0.00299812763,3.25975733e-07,0
0.2675,29.8500898,30,0.00299812763,3.25975733e-07,0
0.2676,29.8500924,30,0.00299812763,3.25975733e-07,0
0.2677,29.850095,30,0.00299812763,3.25975733e-07,0
0.2678,29.8500976,30,0.00299812763,3.25975733e-07,0
0.2679,29.8501003,30,0.00299812763,3.25975733e-07,0
0.268,29.8501029,30,0.00299812763,3.25975733e-07,0
0.2681,29.8501054,30,0.00299761618,3.13203106e-07,0
0.2682,29.8501079,30,0.00299761618,3.13203106e-07,0
0.2683,29.8501105,30,0.00299761618,3.13203106e-07,0
0.2684,29.850113,30,0.00299761618,3.13203106e-07,0
0.2685,29.8501155,30,0.00299761618,3.13203106e-07,0
0.2686,29.850118,30,0.00299761618,3.13203106e-07,0
0.2687,29.8501205,30,0.00299761618,3.13203106e-07,0
0.2688,29.8501231,30,0.00299761618,3.13203106e-07,0
0.2689,29.8501256,30,0.00299761618,3.13203106e-07,0
0.269,29.8501281,30,0.00299761618,3.13203106e-07,0
0.2691,29.8501305,30,0.00299712477,3.00930946e-07,0
0.2692,29.8501329,30,0.00299712477,3.00930946e-07,0
0.2693,29.8501354,30,0.00299712477,3.00930946e-07,0
0.2694,29.8501378,30,0.00299712477,3.00930946e-07,0
0.2695,29.8501402,30,0.00299712477,3.00930946e-07,0
0.2696,29.8501426,30,0.00299712477,3.00930946e-07,0
0.2697,29.8501451,30,0.00299712477,3.00930946e-07,0
0.2698,29.8501475,30,0.00299712477,3.00930946e-07,0
0.2699,29.8501499,30,0.00299712477,3.00930946e-07,0
0.27,29.8501523,30,0.00299712477,3.00930946e-07,0
0.2701,29.8501547,30,0.00299665261,2.89139643e-07,0
0.2702,29.850157,30,0.00299665261,2.89139643e-07,0
0.2703,29.8501593,30,0.00299665261,2.89139643e-07,0
0.2704,29.8501616,30,0.00299665261,2.89139643e-07,0
0.2705,29.850164,30,0.00299665261,2.89139643e-07,0
0.2706,29.8501663,30,0.00299665261,2.89139643e-07,0
0.2707,29.8501686,30,0.00299665261,2.89139643e-07,0
0.2708,29.8501709,30,0.00299665261,2.89139643e-07,0
0.2709,29.8501733,30,0.00299665261,2.89139643e-07,0
0.271,29.8501756,30,0.00299665261,2.89139643e-07,0
0.2711,29.8501778,30,0.00299619895,2.77810355e-07,0
0.2712,29.8501801,30,0.00299619895,2.77810355e-07,0
0.2713,29.8501823,30,0.00299619895,2.77810355e-07,0
0.2714,29.8501845,30,0.00299619895,2.77810355e-07,0
0.2715,29.8501868,30,0.00299619895,2.77810355e-07,0
0.2716,29.850189,30,0.00299619895,2.77810355e-07,0
0.2717,29.8501912,30,0.00299619895,2.77810355e-07,0
0.2718,29.8501935,30,0.00299619895,2.77810355e-07,0
0.2719,29.8501957,30,0.00299619895,2.77810355e-07,0
0.272,29.850198,30,0.00299619895,2.77810355e-07,0
0.2721,29.8502001,30,0.00299576307,2.6692498e-07,0
0.2722,29.8502023,30,0.00299576307,2.6692498e-07,0
0.2723,29.8502044,30,0.00299576307,2.6692498e-07,0
0.2724,29.8502066,30,0.00299576307,2.6692498e-07,0
0.2725,29.8502087,30,0.00299576307,2.6692498e-07,0
0.2726,29.8502108,30,0.00299576307,2.6692498e-07,0
0.2727,29.850213,30,0.00299576307,2.6692498e-07,0
0.2728,29.8502151,30,0.00299576307,2.6692498e-07,0
0.2729,29.8502173,30,0.00299576307,2.6692498e-07,0
0.273,29.8502194,30,0.00299576307,2.6692498e-07,0
0.2731,29.8502215,30,0.00299534427,2.56466125e-07,0
0.2732,29.8502236,30,0.00299534427,2.56466125e-07,0
0.2733,29.8502256,30,0.00299534427,2.56466125e-07,0
0.2734,29.8502277,30,0.00299534427,2.56466125e-07,0
0.2735,29.8502298,30,0.00299534427,2.56466125e-07,0
0.2736,29.8502318,30,0.00299534427,2.56466125e-07,0
0.2737,29.8502339,30,0.00299534427,2.56466125e-07,0
0.2738,29.850236,30,0.00299534427,2.56466125e-07,0
0.2739,29.850238,30,0.00299534427,2.56466125e-07,0
0.274,29.8502401,30,0.00299534427,2.56466125e-07,0
0.2741,29.8502421,30,0.00299494187,2.46417077e-07,0
0.2742,29.8502441,30,0.00299494187,2.46417077e-07,0
0.2743,29.850246,30,0.00299494187,2.46417077e-07,0
0.2744,29.850248,30,0.00299494187,2.46417077e-07,0
0.2745,29.85025,30,0.00299494187,2.46417077e-07,0
0.2746,29.850252,30,0.00299494187,2.46417077e-07,0
0.2747,29.850254,30,0.00299494187,2.46417077e-07,0
0.2748,29.850256,30,0.00299494187,2.46417077e-07,0
0.2749,29.8502579,30,0.00299494187,2.46417077e-07,0
0.275,29.8502599,30,0.00299494187,2.46417077e-07,0
0.2751,29.8502618,30,0.00299455525,2.36761777e-07,0
0.2752,29.8502637,30,0.00299455525,2.36761777e-07,0
0.2753,29.8502656,30,0.00299455525,2.36761777e-07,0
0.2754,29.8502675,30,0.00299455525,2.36761777e-07,0
0.2755,29.8502694,30,0.00299455525,2.36761777e-07,0
0.2756,29.8502714,30,0.00299455525,2.36761777e-07,0
0.2757,29.8502733,30,0.00299455525,2.36761777e-07,0
0.2758,29.8502752,30,0.00299455525,2.36761777e-07,0
0.2759,29.8502771,30,0.00299455525,2.36761777e-07,0
0.276,29.850279,30,0.00299455525,2.36761777e-07,0
0.2761,29.8502808,30,0.00299418377,2.27484799e-07,0
0.2762,29.8502826,30,0.00299418377,2.27484799e-07,0
0.2763,29.8502845,30,0.00299418377,2.27484799e-07,0
0.2764,29.8502863,30,0.00299418377,2.27484799e-07,0
0.2765,29.8502881,30,0.00299418377,2.27484799e-07,0
0.2766,29.85029,30,0.00299418377,2.27484799e-07,0
0.2767,29.8502918,30,0.00299418377,2.27484799e-07,0
0.2768,29.8502936,30,0.00299418377,2.27484799e-07,0
0.2769,29.8502955,30,0.00299418377,2.27484799e-07,0
0.277,29.8502973,30,0.00299418377,2.27484799e-07,0
0.2771,29.850299,30,0.00299382685,2.18571318e-07,0
0.2772,29.8503008,30,0.00299382685,2.18571318e-07,0
0.2773,29.8503026,30,0.00299382685,2.18571318e-07,0
0.2774,29.8503043,30,0.00299382685,2.18571318e-07,0
0.2775,29.8503061,30,0.00299382685,2.18571318e-07,0
0.2776,29.8503078,30,0.00299382685,2.18571318e-07,0
0.2777,29.8503096,30,0.00299382685,2.18571318e-07,0
0.2778,29.8503114,30,0.00299382685,2.18571318e-07,0
0.2779,29.8503131,30,0.00299382685,2.18571318e-07,0
0.278,29.8503149,30,0.00299382685,2.18571318e-07,0
0.2781,29.8503166,30,0.00299348391,2.10007092e-07,0
0.2782,29.8503183,30,0.00299348391,2.10007092e-07,0
0.2783,29.8503199,30,0.00299348391,2.10007092e-07,0
0.2784,29.8503216,30,0.00299348391,2.10007092e-07,0
0.2785,29.8503233,30,0.00299348391,2.10007092e-07,0
0.2786,29.850325,30,0.00299348391,2.10007092e-07,0
0.2787,29.8503267,30,0.00299348391,2.10007092e-07,0
0.2788,29.8503284,30,0.00299348391,2.10007092e-07,0
0.2789,29.8503301,30,0.00299348391,2.10007092e-07,0
0.279,29.8503318,30,0.00299348391,2.10007092e-07,0
0.2791,29.8503334,30,0.00299315442,2.01778435e-07,0
0.2792,29.850335,30,0.00299315442,2.01778435e-07,0
0.2793,29.8503367,30,0.00299315442,2.01778435e-07,0
0.2794,29.8503383,30,0.00299315442,2.01778435e-07,0
0.2795,29.8503399,30,0.00299315442,2.01778435e-07,0
0.2796,29.8503415,30,0.00299315442,2.01778435e-07,0
0.2797,29.8503431,30,0.00299315442,2.01778435e-07,0
0.2798,29.8503448,30,0.00299315442,2.01778435e-07,0
0.2799,29.8503464,30,0.00299315442,2.01778435e-07,0
0.28,29.850348,30,0.00299315442,2.01778435e-07,0
0.2801,29.8503496,30,0.00299283783,1.93872201e-07,0
0.2802,29.8503511,30,0.00299283783,1.93872201e-07,0
0.2803,29.8503527,30,0.00299283783,1.93872201e-07,0
0.2804,29.8503543,30,0.00299283783,1.93872201e-07,0
0.2805,29.8503558,30,0.00299283783,1.93872201e-07,0
0.2806,29.8503574,30,0.00299283783,1.93872201e-07,0
0.2807,29.8503589,30,0.00299283783,1.93872201e-07,0
0.2808,29.8503605,30,0.00299283783,1.93872201e-07,0
0.2809,29.8503621,30,0.00299283783,1.93872201e-07,0
0.281,29.8503636,30,0.00299283783,1.93872201e-07,0
0.2811,29.8503651,30,0.00299253364,1.86275754e-07,0
0.2812,29.8503666,30,0.00299253364,1.86275754e-07,0
0.2813,29.8503681,30,0.00299253364,1.86275754e-07,0
0.2814,29.8503696,30,0.00299253364,1.86275754e-07,0
0.2815,29.8503711,30,0.00299253364,1.86275754e-07,0
0.2816,29.8503726,30,0.00299253364,1.86275754e-07,0
0.2817,29.8503741,30,0.00299253364,1.86275754e-07,0
0.2818,29.8503756,30,0.00299253364,1.86275754e-07,0
0.2819,29.8503771,30,0.00299253364,1.86275754e-07,0
0.282,29.8503786,30,0.00299253364,1.86275754e-07,0
0.2821,29.8503801,30,0.00299224138,1.78976957e-07,0
0.2822,29.8503815,30,0.00299224138,1.78976957e-07,0
0.2823,29.8503829,30,0.00299224138,1.78976957e-07,0
0.2824,29.8503844,30,0.00299224138,1.78976957e-07,0
0.2825,29.8503858,30,0.00299224138,1.78976957e-07,0
0.2826,29.8503873,30,0.00299224138,1.78976957e-07,0
0.2827,29.8503887,30,0.00299224138,1.78976957e-07,0
0.2828,29.8503901,30,0.00299224138,1.78976957e-07,0
0.2829,29.8503916,30,0.00299224138,1.78976957e-07,0
0.283,29.850393,30,0.00299224138,1.78976957e-07,0
0.2831,29.8503944,30,0.00299196057,1.71964147e-07,0
0.2832,29.8503958,30,0.00299196057,1.71964147e-07,0
0.2833,29.8503972,30,0.00299196057,1.71964147e-07,0
0.2834,29.8503986,30,0.00299196057,1.71964147e-07,0
0.2835,29.8503999,30,0.00299196057,1.71964147e-07,0
0.2836,29.8504013,30,0.00299196057,1.71964147e-07,0
0.2837,29.8504027,30,0.00299196057,1.71964147e-07,0
0.2838,29.8504041,30,0.00299196057,1.71964147e-07,0
0.2839,29.8504055,30,0.00299196057,1.71964147e-07,0
0.284,29.8504069,30,0.00299196057,1.71964147e-07,0
0.2841,29.8504082,30,0.00299169076,1.65226118e-07,0
0.2842,29.8504095,30,0.00299169076,1.65226118e-07,0
0.2843,29.8504109,30,0.00299169076,1.65226118e-07,0
0.2844,29.8504122,30,0.00299169076,1.65226118e-07,0
0.2845,29.8504135,30,0.00299169076,1.65226118e-07,0
0.2846,29.8504148,30,0.00299169076,1.65226118e-07,0
0.2847,29.8504162,30,0.00299169076,1.65226118e-07,0
0.2848,29.8504175,30,0.00299169076,1.65226118e-07,0
0.2849,29.8504188,30,0.00299169076,1.65226118e-07,0
0.285,29.8504202,30,0.00299169076,1.65226118e-07,0
0.2851,29.8504214,30,0.00299143152,1.58752104e-07,0
0.2852,29.8504227,30,0.00299143152,1.58752104e-07,0
0.2853,29.850424,30,0.00299143152,1.58752104e-07,0
0.2854,29.8504253,30,0.00299143152,1.58752104e-07,0
0.2855,29.8504266,30,0.00299143152,1.58752104e-07,0
0.2856,29.8504278,30,0.00299143152,1.58752104e-07,0
0.2857,29.8504291,30,0.00299143152,1.58752104e-07,0
0.2858,29.8504304,30,0.00299143152,1.58752104e-07,0
0.2859,29.8504317,30,0.00299143152,1.58752104e-07,0
0.286,29.8504329,30,0.00299143152,1.58752104e-07,0
0.2861,29.8504342,30,0.00299118244,1.52531759e-07,0
0.2862,29.8504354,30,0.00299118244,1.52531759e-07,0
0.2863,29.8504366,30,0.00299118244,1.52531759e-07,0
0.2864,29.8504379,30,0.00299118244,1.52531759e-07,0
0.2865,29.8504391,30,0.00299118244,1.52531759e-07,0
0.2866,29.8504403,30,0.00299118244,1.52531759e-07,0
0.2867,29.8504415,30,0.00299118244,1.52531759e-07,0
0.2868,29.8504428,30,0.00299118244,1.52531759e-07,0
0.2869,29.850444,30,0.00299118244,1.52531759e-07,0
0.287,29.8504452,30,0.00299118244,1.52531759e-07,0
0.2871,29.8504464,30,0.00299094312,1.46555145e-07,0
0.2872,29.8504476,30,0.00299094312,1.46555145e-07,0
0.2873,29.8504488,30,0.00299094312,1.46555145e-07,0
0.2874,29.8504499,30,0.00299094312,1.46555145e-07,0
0.2875,29.8504511,30,0.00299094312,1.46555145e-07,0
0.2876,29.8504523,30,0.00299094312,1.46555145e-07,0
0.2877,29.8504535,30,0.00299094312,1.46555145e-07,0
0.2878,29.8504547,30,0.00299094312,1.46555145e-07,0
0.2879,29.8504558,30,0.00299094312,1.46555145e-07,0
0.288,29.850457,30,0.00299094312,1.46555145e-07,0
0.2881,29.8504581,30,0.00299071317,1.40812711e-07,0
0.2882,29.8504593,30,0.00299071317,1.40812711e-07,0
0.2883,29.8504604,30,0.00299071317,1.40812711e-07,0
0.2884,29.8504615,30,0.00299071317,1.40812711e-07,0
0.2885,29.8504627,30,0.00299071317,1.40812711e-07,0
0.2886,29.8504638,30,0.00299071317,1.40812711e-07,0
0.2887,29.8504649,30,0.00299071317,1.40812711e-07,0
0.2888,29.8504661,30,0.00299071317,1.40812711e-07,0
0.2889,29.8504672,30,0.00299071317,1.40812711e-07,0
0.289,29.8504683,30,0.00299071317,1.40812711e-07,0
0.2891,29.8504694,30,0.00299049224,1.35295281e-07,0
0.2892,29.8504705,30,0.00299049224,1.35295281e-07,0
0.2893,29.8504716,30,0.00299049224,1.35295281e-07,0
0.2894,29.8504727,30,0.00299049224,1.35295281e-07,0
0.2895,29.8504738,30,0.00299049224,1.35295281e-07,0
0.2896,29.8504749,30,0.00299049224,1.35295281e-07,0
0.2897,29.850476,30,0.00299049224,1.35295281e-07,0
0.2898,29.8504771,30,0.00299049224,1.35295281e-07,0
0.2899,29.8504781,30,0.00299049224,1.35295281e-07,0
0.29,29.8504792,30,0.00299049224,1.35295281e-07,0
0.2901,29.8504803,30,0.00299027996,1.29994039e-07,0
0.2902,29.8504813,30,0.00299027996,1.29994039e-07,0
0.2903,29.8504824,30,0.00299027996,1.29994039e-07,0
0.2904,29.8504834,30,0.00299027996,1.29994039e-07,0
0.2905,29.8504845,30,0.00299027996,1.29994039e-07,0
0.2906,29.8504855,30,0.00299027996,1.29994039e-07,0
0.2907,29.8504866,30,0.00299027996,1.29994039e-07,0
0.2908,29.8504876,30,0.00299027996,1.29994039e-07,0
0.2909,29.8504887,30,0.00299027996,1.29994039e-07,0
0.291,29.8504897,30,0.00299027996,1.29994039e-07,0
0.2911,29.8504907,30,0.002990076,1.24900515e-07,0
0.2912,29.8504917,30,0.002990076,1.24900515e-07,0
0.2913,29.8504927,30,0.002990076,1.24900515e-07,0
0.2914,29.8504937,30,0.002990076,1.24900515e-07,0
0.2915,29.8504947,30,0.002990076,1.24900515e-07,0
0.2916,29.8504957,30,0.002990076,1.24900515e-07,0
0.2917,29.8504967,30,0.002990076,1.24900515e-07,0
0.2918,29.8504977,30,0.002990076,1.24900515e-07,0
0.2919,29.8504987,30,0.002990076,1.24900515e-07,0
0.292,29.8504998,30,0.002990076,1.24900515e-07,0
0.2921,29.8505007,30,0.00298988003,1.20006568e-07,0
0.2922,29.8505017,30,0.00298988003,1.20006568e-07,0
0.2923,29.8505027,30,0.00298988003,1.20006568e-07,0
0.2924,29.8505036,30,0.00298988003,1.20006568e-07,0
0.2925,29.8505046,30,0.00298988003,1.20006568e-07,0
0.2926,29.8505055,30,0.00298988003,1.20006568e-07,0
0.2927,29.8505065,30,0.00298988003,1.20006568e-07,0
0.2928,29.8505075,30,0.00298988003,1.20006568e-07,0
0.2929,29.8505084,30,0.00298988003,1.20006568e-07,0
0.293,29.8505094,30,0.00298988003,1.20006568e-07,0
0.2931,29.8505103,30,0.00298969175,1.1530438e-07,0
0.2932,29.8505113,30,0.00298969175,1.1530438e-07,0
0.2933,29.8505122,30,0.00298969175,1.1530438e-07,0
0.2934,29.8505131,30,0.00298969175,1.1530438e-07,0
0.2935,29.8505141,30,0.00298969175,1.1530438e-07,0
0.2936,29.850515,30,0.00298969175,1.1530438e-07,0
0.2937,29.8505159,30,0.00298969175,1.1530438e-07,0
0.2938,29.8505168,30,0.00298969175,1.1530438e-07,0
0.2939,29.8505178,30,0.00298969175,1.1530438e-07,0
0.294,29.8505187,30,0.00298969175,1.1530438e-07,0
0.2941,29.8505196,30,0.00298951083,1.10786437e-07,0
0.2942,29.8505205,30,0.00298951083,1.10786437e-07,0
0.2943,29.8505214,30,0.00298951083,1.10786437e-07,0
0.2944,29.8505223,30,0.00298951083,1.10786437e-07,0
0.2945,29.8505232,30,0.00298951083,1.10786437e-07,0
0.2946,29.850524,30,0.00298951083,1.10786437e-07,0
0.2947,29.8505249,30,0.00298951083,1.10786437e-07,0
0.2948,29.8505258,30,0.00298951083,1.10786437e-07,0
0.2949,29.8505267,30,0.00298951083,1.10786437e-07,0
0.295,29.8505276,30,0.00298951083,1.10786437e-07,0
0.2951,29.8505285,30,0.00298933701,1.06445519e-07,0
0.2952,29.8505293,30,0.00298933701,1.06445519e-07,0
0.2953,29.8505302,30,0.00298933701,1.06445519e-07,0
0.2954,29.850531,30,0.00298933701,1.06445519e-07,0
0.2955,29.8505319,30,0.00298933701,1.06445519e-07,0
0.2956,29.8505328,30,0.00298933701,1.06445519e-07,0
0.2957,29.8505336,30,0.00298933701,1.06445519e-07,0
0.2958,29.8505345,30,0.00298933701,1.06445519e-07,0
0.2959,29.8505353,30,0.00298933701,1.06445519e-07,0
0.296,29.8505362,30,0.00298933701,1.06445519e-07,0
0.2961,29.850537,30,0.00298917,1.0227469e-07,0
0.2962,29.8505378,30,0.00298917,1.0227469e-07,0
0.2963,29.8505386,30,0.00298917,1.0227469e-07,0
0.2964,29.8505395,30,0.00298917,1.0227469e-07,0
0.2965,29.8505403,30,0.00298917,1.0227469e-07,0
0.2966,29.8505411,30,0.00298917,1.0227469e-07,0
0.2967,29.8505419,30,0.00298917,1.0227469e-07,0
0.2968,29.8505428,30,0.00298917,1.0227469e-07,0
0.2969,29.8505436,30,0.00298917,1.0227469e-07,0
0.297,29.8505444,30,0.00298917,1.0227469e-07,0
0.2971,29.8505452,30,0.00298900953,9.82672862e-08,0
0.2972,29.850546,30,0.00298900953,9.82672862e-08,0
0.2973,29.8505468,30,0.00298900953,9.82672862e-08,0
0.2974,29.8505476,30,0.00298900953,9.82672862e-08,0
0.2975,29.8505484,30,0.00298900953,9.82672862e-08,0
0.2976,29.8505492,30,0.00298900953,9.82672862e-08,0
0.2977,29.8505499,30,0.00298900953,9.82672862e-08,0
0.2978,29.8505507,30,0.00298900953,9.82672862e-08,0
0.2979,29.8505515,30,0.00298900953,9.82672862e-08,0
0.298,29.8505523,30,0.00298900953,9.82672862e-08,0
0.2981,29.8505531,30,0.00298885535,9.44169028e-08,0
0.2982,29.8505538,30,0.00298885535,9.44169028e-08,0
0.2983,29.8505546,30,0.00298885535,9.44169028e-08,0
0.2984,29.8505554,30,0.00298885535,9.44169028e-08,0
0.2985,29.8505561,30,0.00298885535,9.44169028e-08,0
0.2986,29.8505569,30,0.00298885535,9.44169028e-08,0
0.2987,29.8505576,30,0.00298885535,9.44169028e-08,0
0.2988,29.8505584,30,0.00298885535,9.44169028e-08,0
0.2989,29.8505592,30,0.00298885535,9.44169028e-08,0
0.299,29.8505599,30,0.00298885535,9.44169028e-08,0
0.2991,29.8505606,30,0.00298870721,9.07173889e-08,0
0.2992,29.8505614,30,0.00298870721,9.07173889e-08,0
0.2993,29.8505621,30,0.00298870721,9.07173889e-08,0
0.2994,29.8505628,30,0.00298870721,9.07173889e-08,0
0.2995,29.8505636,30,0.00298870721,9.07173889e-08,0
0.2996,29.8505643,30,0.00298870721,9.07173889e-08,0
0.2997,29.850565,30,0.00298870721,9.07173889e-08,0
0.2998,29.8505658,30,0.00298870721,9.07173889e-08,0
0.2999,29.8505665,30,0.00298870721,9.07173889e-08,0
0.3,29.8505672,30,0.00298870721,9.07173889e-08,0
0.3001,29.8505679,30,0.00298856488,8.71628317e-08,0
0.3002,29.8505686,30,0.00298856488,8.71628317e-08,0
0.3003,29.8505693,30,0.00298856488,8.71628317e-08,0
0.3004,29.85057,30,0.00298856488,8.71628317e-08,0
0.3005,29.8505707,30,0.00298856488,8.71628317e-08,0
0.3006,29.8505714,30,0.00298856488,8.71628317e-08,0
0.3007,29.8505721,30,0.00298856488,8.71628317e-08,0
0.3008,29.8505728,30,0.00298856488,8.71628317e-08,0
0.3009,29.8505735,30,0.00298856488,8.71628317e-08,0
0.301,29.8505742,30,0.00298856488,8.71628317e-08,0
0.3011,29.8505749,30,0.00298842812,8.37475522e-08,0
0.3012,29.8505756,30,0.00298842812,8.37475522e-08,0
0.3013,29.8505763,30,0.00298842812,8.37475522e-08,0
0.3014,29.8505769,30,0.00298842812,8.37475522e-08,0
0.3015,29.8505776,30,0.00298842812,8.37475522e-08,0
0.3016,29.8505783,30,0.00298842812,8.37475522e-08,0
0.3017,29.850579,30,0.00298842812,8.37475522e-08,0
0.3018,29.8505796,30,0.00298842812,8.37475522e-08,0
0.3019,29.8505803,30,0.00298842812,8.37475522e-08,0
0.302,29.850581,30,0.00298842812,8.37475522e-08,0
0.3021,29.8505816,30,0.00298829672,8.0466093e-08,0
0.3022,29.8505823,30,0.00298829672,8.0466093e-08,0
0.3023,29.8505829,30,0.00298829672,8.0466093e-08,0
0.3024,29.8505836,30,0.00298829672,8.0466093e-08,0
0.3025,29.8505842,30,0.00298829672,8.0466093e-08,0
0.3026,29.8505849,30,0.00298829672,8.0466093e-08,0
0.3027,29.8505855,30,0.00298829672,8.0466093e-08,0
0.3028,29.8505862,30,0.00298829672,8.0466093e-08,0
0.3029,29.8505868,30,0.00298829672,8.0466093e-08,0
0.303,29.8505875,30,0.00298829672,8.0466093e-08,0
0.3031,29.8505881,30,0.00298817047,7.73132099e-08,0
0.3032,29.8505887,30,0.00298817047,7.73132099e-08,0
0.3033,29.8505893,30,0.00298817047,7.73132099e-08,0
0.3034,29.8505899,30,0.00298817047,7.73132099e-08,0
0.3035,29.8505906,30,0.00298817047,7.73132099e-08,0
0.3036,29.8505912,30,0.00298817047,7.73132099e-08,0
0.3037,29.8505918,30,0.00298817047,7.73132099e-08,0
0.3038,29.8505924,30,0.00298817047,7.73132099e-08,0
0.3039,29.8505931,30,0.00298817047,7.73132099e-08,0
0.304,29.8505937,30,0.00298817047,7.73132099e-08,0
0.3041,29.8505943,30,0.00298804917,7.42838664e-08,0
0.3042,29.8505949,30,0.00298804917,7.42838664e-08,0
0.3043,29.8505955,30,0.00298804917,7.42838664e-08,0
0.3044,29.8505961,30,0.00298804917,7.42838664e-08,0
0.3045,29.8505967,30,0.00298804917,7.42838664e-08,0
0.3046,29.8505973,30,0.00298804917,7.42838664e-08,0
0.3047,29.8505979,30,0.00298804917,7.42838664e-08,0
0.3048,29.8505985,30,0.00298804917,7.42838664e-08,0
0.3049,29.8505991,30,0.00298804917,7.42838664e-08,0
0.305,29.8505997,30,0.00298804917,7.42838664e-08,0
0.3051,29.8506002,30,0.00298793262,7.13732197e-08,0
0.3052,29.8506008,30,0.00298793262,7.13732197e-08,0
0.3053,29.8506014,30,0.00298793262,7.13732197e-08,0
0.3054,29.850602,30,0.00298793262,7.13732197e-08,0
0.3055,29.8506025,30,0.00298793262,7.13732197e-08,0
0.3056,29.8506031,30,0.00298793262,7.13732197e-08,0
0.3057,29.8506037,30,0.00298793262,7.13732197e-08,0
0.3058,29.8506043,30,0.00298793262,7.13732197e-08,0
0.3059,29.8506048,30,0.00298793262,7.13732197e-08,0
0.306,29.8506054,30,0.00298793262,7.13732197e-08,0
0.3061,29.850606,30,0.00298782063,6.85766196e-08,0
0.3062,29.8506065,30,0.00298782063,6.85766196e-08,0
0.3063,29.8506071,30,0.00298782063,6.85766196e-08,0
0.3064,29.8506076,30,0.00298782063,6.85766196e-08,0
0.3065,29.8506082,30,0.00298782063,6.85766196e-08,0
0.3066,29.8506087,30,0.00298782063,6.85766196e-08,0
0.3067,29.8506093,30,0.00298782063,6.85766196e-08,0
0.3068,29.8506098,30,0.00298782063,6.85766196e-08,0
0.3069,29.8506104,30,0.00298782063,6.85766196e-08,0
0.307,29.8506109,30,0.00298782063,6.85766196e-08,0
0.3071,29.8506114,30,0.00298771304,6.58895983e-08,0
0.3072,29.850612,30,0.00298771304,6.58895983e-08,0
0.3073,29.8506125,30,0.00298771304,6.58895983e-08,0
0.3074,29.850613,30,0.00298771304,6.58895983e-08,0
0.3075,29.8506136,30,0.00298771304,6.58895983e-08,0
0.3076,29.8506141,30,0.00298771304,6.58895983e-08,0
0.3077,29.8506146,30,0.00298771304,6.58895983e-08,0
0.3078,29.8506152,30,0.00298771304,6.58895983e-08,0
0.3079,29.8506157,30,0.00298771304,6.58895983e-08,0
0.308,29.8506162,30,0.00298771304,6.58895983e-08,0
0.3081,29.8506167,30,0.00298760966,6.33078621e-08,0
0.3082,29.8506172,30,0.00298760966,6.33078621e-08,0
0.3083,29.8506178,30,0.00298760966,6.33078621e-08,0
0.3084,29.8506183,30,0.00298760966,6.33078621e-08,0
0.3085,29.8506188,30,0.00298760966,6.33078621e-08,0
0.3086,29.8506193,30,0.00298760966,6.33078621e-08,0
0.3087,29.8506198,30,0.00298760966,6.33078621e-08,0
0.3088,29.8506203,30,0.00298760966,6.33078621e-08,0
0.3089,29.8506208,30,0.00298760966,6.33078621e-08,0
0.309,29.8506213,30,0.00298760966,6.33078621e-08,0
0.3091,29.8506218,30,0.00298751033,6.08272858e-08,0
0.3092,29.8506223,30,0.00298751033,6.08272858e-08,0
0.3093,29.8506228,30,0.00298751033,6.08272858e-08,0
0.3094,29.8506233,30,0.00298751033,6.08272858e-08,0
0.3095,29.8506238,30,0.00298751033,6.08272858e-08,0
0.3096,29.8506243,30,0.00298751033,6.08272858e-08,0
0.3097,29.8506247,30,0.00298751033,6.08272858e-08,0
0.3098,29.8506252,30,0.00298751033,6.08272858e-08,0
0.3099,29.8506257,30,0.00298751033,6.08272858e-08,0
0.31,29.8506262,30,0.00298751033,6.08272858e-08,0
0.3101,29.8506267,30,0.00298741489,5.84439058e-08,0
0.3102,29.8506272,30,0.00298741489,5.84439058e-08,0
0.3103,29.8506276,30,0.00298741489,5.84439058e-08,0
0.3104,29.8506281,30,0.00298741489,5.84439058e-08,0
0.3105,29.8506286,30,0.00298741489,5.84439058e-08,0
0.3106,29.850629,30,0.00298741489,5.84439058e-08,0
0.3107,29.8506295,30,0.00298741489,5.84439058e-08,0
0.3108,29.85063,30,0.00298741489,5.84439058e-08,0
0.3109,29.8506304,30,0.00298741489,5.84439058e-08,0
0.311,29.8506309,30,0.00298741489,5.84439058e-08,0
0.3111,29.8506314,30,0.00298732319,5.61539129e-08,0
0.3112,29.8506318,30,0.00298732319,5.61539129e-08,0
0.3113,29.8506323,30,0.00298732319,5.61539129e-08,0
0.3114,29.8506327,30,0.00298732319,5.61539129e-08,0
0.3115,29.8506332,30,0.00298732319,5.61539129e-08,0
0.3116,29.8506336,30,0.00298732319,5.61539129e-08,0
0.3117,29.8506341,30,0.00298732319,5.61539129e-08,0
0.3118,29.8506345,30,0.00298732319,5.61539129e-08,0
0.3119,29.850635,30,0.00298732319,5.61539129e-08,0
0.312,29.8506354,30,0.00298732319,5.61539129e-08,0
0.3121,29.8506359,30,0.00298723509,5.39536482e-08,0
0.3122,29.8506363,30,0.00298723509,5.39536482e-08,0
0.3123,29.8506367,30,0.00298723509,5.39536482e-08,0
0.3124,29.8506372,30,0.00298723509,5.39536482e-08,0
0.3125,29.8506376,30,0.00298723509,5.39536482e-08,0
0.3126,29.850638,30,0.00298723509,5.39536482e-08,0
0.3127,29.8506385,30,0.00298723509,5.39536482e-08,0
0.3128,29.8506389,30,0.00298723509,5.39536482e-08,0
0.3129,29.8506393,30,0.00298723509,5.39536482e-08,0
0.313,29.8506398,30,0.00298723509,5.39536482e-08,0
0.3131,29.8506402,30,0.00298715043,5.18395954e-08,0
0.3132,29.8506406,30,0.00298715043,5.18395954e-08,0
0.3133,29.850641,30,0.00298715043,5.18395954e-08,0
0.3134,29.8506414,30,0.00298715043,5.18395954e-08,0
0.3135,29.8506419,30,0.00298715043,5.18395954e-08,0
0.3136,29.8506423,30,0.00298715043,5.18395954e-08,0
0.3137,29.8506427,30,0.00298715043,5.18395954e-08,0
0.3138,29.8506431,30,0.00298715043,5.18395954e-08,0
0.3139,29.8506435,30,0.00298715043,5.18395954e-08,0
0.314,29.850644,30,0.00298715043,5.18395954e-08,0
0.3141,29.8506444,30,0.0029870691,4.98083766e-08,0
0.3142,29.8506448,30,0.0029870691,4.98083766e-08,0
0.3143,29.8506452,30,0.0029870691,4.98083766e-08,0
0.3144,29.8506456,30,0.0029870691,4.98083766e-08,0
0.3145,29.850646,30,0.0029870691,4.98083766e-08,0
0.3146,29.8506464,30,0.0029870691,4.98083766e-08,0
0.3147,29.8506468,30,0.0029870691,4.98083766e-08,0
0.3148,29.8506472,30,0.0029870691,4.98083766e-08,0
0.3149,29.8506476,30,0.0029870691,4.98083766e-08,0
0.315,29.850648,30,0.0029870691,4.98083766e-08,0
0.3151,29.8506483,30,0.00298699095,4.78567465e-08,0
0.3152,29.8506487,30,0.00298699095,4.78567465e-08,0
0.3153,29.8506491,30,0.00298699095,4.78567465e-08,0
0.3154,29.8506495,30,0.00298699095,4.78567465e-08,0
0.3155,29.8506499,30,0.00298699095,4.78567465e-08,0
0.3156,29.8506503,30,0.00298699095,4.78567465e-08,0
0.3157,29.8506507,30,0.00298699095,4.78567465e-08,0
0.3158,29.850651,30,0.00298699095,4.78567465e-08,0
0.3159,29.8506514,30,0.00298699095,4.78567465e-08,0
0.316,29.8506518,30,0.00298699095,4.78567465e-08,0
0.3161,29.8506522,30,0.00298691586,4.59815878e-08,0
0.3162,29.8506526,30,0.00298691586,4.59815878e-08,0
0.3163,29.8506529,30,0.00298691586,4.59815878e-08,0
0.3164,29.8506533,30,0.00298691586,4.59815878e-08,0
0.3165,29.8506537,30,0.00298691586,4.59815878e-08,0
0.3166,29.850654,30,0.00298691586,4.59815878e-08,0
0.3167,29.8506544,30,0.00298691586,4.59815878e-08,0
0.3168,29.8506548,30,0.00298691586,4.59815878e-08,0
0.3169,29.8506551,30,0.00298691586,4.59815878e-08,0
0.317,29.8506555,30,0.00298691586,4.59815878e-08,0
0.3171,29.8506559,30,0.00298684372,4.41799023e-08,0
0.3172,29.8506562,30,0.00298684372,4.41799023e-08,0
0.3173,29.8506566,30,0.00298684372,4.41799023e-08,0
0.3174,29.8506569,30,0.00298684372,4.41799023e-08,0
0.3175,29.8506573,30,0.00298684372,4.41799023e-08,0
0.3176,29.8506576,30,0.00298684372,4.41799023e-08,0
0.3177,29.850658,30,0.00298684372,4.41799023e-08,0
0.3178,29.8506584,30,0.00298684372,4.41799023e-08,0
0.3179,29.8506587,30,0.00298684372,4.41799023e-08,0
0.318,29.8506591,30,0.00298684372,4.41799023e-08,0
0.3181,29.8506594,30,0.0029867744,4.24488116e-08,0
0.3182,29.8506598,30,0.0029867744,4.24488116e-08,0
0.3183,29.8506601,30,0.0029867744,4.24488116e-08,0
0.3184,29.8506604,30,0.0029867744,4.24488116e-08,0
0.3185,29.8506608,30,0.0029867744,4.24488116e-08,0
0.3186,29.8506611,30,0.0029867744,4.24488116e-08,0
0.3187,29.8506615,30,0.0029867744,4.24488116e-08,0
0.3188,29.8506618,30,0.0029867744,4.24488116e-08,0
0.3189,29.8506621,30,0.0029867744,4.24488116e-08,0
0.319,29.8506625,30,0.0029867744,4.24488116e-08,0
0.3191,29.8506628,30,0.0029867078,4.07855501e-08,0
0.3192,29.8506631,30,0.0029867078,4.07855501e-08,0
0.3193,29.8506635,30,0.0029867078,4.07855501e-08,0
0.3194,29.8506638,30,0.0029867078,4.07855501e-08,0
0.3195,29.8506641,30,0.0029867078,4.07855501e-08,0
0.3196,29.8506645,30,0.0029867078,4.07855501e-08,0
0.3197,29.8506648,30,0.0029867078,4.07855501e-08,0
0.3198,29.8506651,30,0.0029867078,4.07855501e-08,0
0.3199,29.8506654,30,0.0029867078,4.07855501e-08,0
0.32,29.8506658,30,0.0029867078,4.07855501e-08,0
0.3201,29.8506661,30,0.00298664381,3.91874608e-08,0
0.3202,29.8506664,30,0.00298664381,3.91874608e-08,0
0.3203,29.8506667,30,0.00298664381,3.91874608e-08,0
0.3204,29.850667,30,0.00298664381,3.91874608e-08,0
0.3205,29.8506673,30,0.00298664381,3.91874608e-08,0
0.3206,29.8506677,30,0.00298664381,3.91874608e-08,0
0.3207,29.850668,30,0.00298664381,3.91874608e-08,0
0.3208,29.8506683,30,0.00298664381,3.91874608e-08,0
0.3209,29.8506686,30,0.00298664381,3.91874608e-08,0
0.321,29.8506689,30,0.00298664381,3.91874608e-08,0
0.3211,29.8506692,30,0.00298658232,3.76519883e-08,0
0.3212,29.8506695,30,0.00298658232,3.76519883e-08,0
0.3213,29.8506698,30,0.00298658232,3.76519883e-08,0
0.3214,29.8506701,30,0.00298658232,3.76519883e-08,0
0.3215,29.8506704,30,0.00298658232,3.76519883e-08,0
0.3216,29.8506707,30,0.00298658232,3.76519883e-08,0
0.3217,29.850671,30,0.00298658232,3.76519883e-08,0
0.3218,29.8506713,30,0.00298658232,3.76519883e-08,0
0.3219,29.8506717,30,0.00298658232,3.76519883e-08,0
0.322,29.850672,30,0.00298658232,3.76519883e-08,0
0.3221,29.8506722,30,0.00298652325,3.61766811e-08,0
0.3222,29.8506725,30,0.00298652325,3.61766811e-08,0
0.3223,29.8506728,30,0.00298652325,3.61766811e-08,0
0.3224,29.8506731,30,0.00298652325,3.61766811e-08,0
0.3225,29.8506734,30,0.00298652325,3.61766811e-08,0
0.3226,29.8506737,30,0.00298652325,3.61766811e-08,0
0.3227,29.850674,30,0.00298652325,3.61766811e-08,0
0.3228,29.8506743,30,0.00298652325,3.61766811e-08,0
0.3229,29.8506746,30,0.00298652325,3.61766811e-08,0
0.323,29.8506749,30,0.00298652325,3.61766811e-08,0
0.3231,29.8506751,30,0.00298646648,3.47591788e-08,0
0.3232,29.8506754,30,0.00298646648,3.47591788e-08,0
0.3233,29.8506757,30,0.00298646648,3.47591788e-08,0
0.3234,29.850676,30,0.00298646648,3.47591788e-08,0
0.3235,29.8506763,30,0.00298646648,3.47591788e-08,0
0.3236,29.8506765,30,0.00298646648,3.47591788e-08,0
0.3237,29.8506768,30,0.00298646648,3.47591788e-08,0
0.3238,29.8506771,30,0.00298646648,3.47591788e-08,0
0.3239,29.8506774,30,0.00298646648,3.47591788e-08,0
0.324,29.8506777,30,0.00298646648,3.47591788e-08,0
0.3241,29.8506779,30,0.00298641195,3.33972188e-08,0
0.3242,29.8506782,30,0.00298641195,3.33972188e-08,0
0.3243,29.8506785,30,0.00298641195,3.33972188e-08,0
0.3244,29.8506787,30,0.00298641195,3.33972188e-08,0
0.3245,29.850679,30,0.00298641195,3.33972188e-08,0
0.3246,29.8506793,30,0.00298641195,3.33972188e-08,0
0.3247,29.8506795,30,0.00298641195,3.33972188e-08,0
0.3248,29.8506798,30,0.00298641195,3.33972188e-08,0
0.3249,29.8506801,30,0.00298641195,3.33972188e-08,0
0.325,29.8506804,30,0.00298641195,3.33972188e-08,0
0.3251,29.8506806,30,0.00298635955,3.20886235e-08,0
0.3252,29.8506809,30,0.00298635955,3.20886235e-08,0
0.3253,29.8506811,30,0.00298635955,3.20886235e-08,0
0.3254,29.8506814,30,0.00298635955,3.20886235e-08,0
0.3255,29.8506816,30,0.00298635955,3.20886235e-08,0
0.3256,29.8506819,30,0.00298635955,3.20886235e-08,0
0.3257,29.8506822,30,0.00298635955,3.20886235e-08,0
0.3258,29.8506824,30,0.00298635955,3.20886235e-08,0
0.3259,29.8506827,30,0.00298635955,3.20886235e-08,0
0.326,29.8506829,30,0.00298635955,3.20886235e-08,0
0.3261,29.8506832,30,0.0029863092,3.08313026e-08,0
0.3262,29.8506834,30,0.0029863092,3.08313026e-08,0
0.3263,29.8506837,30,0.0029863092,3.08313026e-08,0
0.3264,29.8506839,30,0.0029863092,3.08313026e-08,0
0.3265,29.8506842,30,0.0029863092,3.08313026e-08,0
0.3266,29.8506844,30,0.0029863092,3.08313026e-08,0
0.3267,29.8506847,30,0.0029863092,3.08313026e-08,0
0.3268,29.8506849,30,0.0029863092,3.08313026e-08,0
0.3269,29.8506852,30,0.0029863092,3.08313026e-08,0
0.327,29.8506854,30,0.0029863092,3.08313026e-08,0
0.3271,29.8506857,30,0.00298626083,2.96232465e-08,0
0.3272,29.8506859,30,0.00298626083,2.96232465e-08,0
0.3273,29.8506861,30,0.00298626083,2.96232465e-08,0
0.3274,29.8506864,30,0.00298626083,2.96232465e-08,0
0.3275,29.8506866,30,0.00298626083,2.96232465e-08,0
0.3276,29.8506868,30,0.00298626083,2.96232465e-08,0
0.3277,29.8506871,30,0.00298626083,2.96232465e-08,0
0.3278,29.8506873,30,0.00298626083,2.96232465e-08,0
0.3279,29.8506876,30,0.00298626083,2.96232465e-08,0
0.328,29.8506878,30,0.00298626083,2.96232465e-08,0
0.3281,29.850688,30,0.00298621435,2.84625254e-08,0
0.3282,29.8506883,30,0.00298621435,2.84625254e-08,0
0.3283,29.8506885,30,0.00298621435,2.84625254e-08,0
0.3284,29.8506887,30,0.00298621435,2.84625254e-08,0
0.3285,29.8506889,30,0.00298621435,2.84625254e-08,0
0.3286,29.8506892,30,0.00298621435,2.84625254e-08,0
0.3287,29.8506894,30,0.00298621435,2.84625254e-08,0
0.3288,29.8506896,30,0.00298621435,2.84625254e-08,0
0.3289,29.8506899,30,0.00298621435,2.84625254e-08,0
0.329,29.8506901,30,0.00298621435,2.84625254e-08,0
0.3291,29.8506903,30,0.00298616969,2.73472854e-08,0
0.3292,29.8506905,30,0.00298616969,2.73472854e-08,0
0.3293,29.8506908,30,0.00298616969,2.73472854e-08,0
0.3294,29.850691,30,0.00298616969,2.73472854e-08,0
0.3295,29.8506912,30,0.00298616969,2.73472854e-08,0
0.3296,29.8506914,30,0.00298616969,2.73472854e-08,0
0.3297,29.8506916,30,0.00298616969,2.73472854e-08,0
0.3298,29.8506919,30,0.00298616969,2.73472854e-08,0
0.3299,29.8506921,30,0.00298616969,2.73472854e-08,0
0.33,29.8506923,30,0.00298616969,2.73472854e-08,0
0.3301,29.8506925,30,0.00298612678,2.62757433e-08,0
0.3302,29.8506927,30,0.00298612678,2.62757433e-08,0
0.3303,29.8506929,30,0.00298612678,2.62757433e-08,0
0.3304,29.8506931,30,0.00298612678,2.62757433e-08,0
0.3305,29.8506934,30,0.00298612678,2.62757433e-08,0
0.3306,29.8506936,30,0.00298612678,2.62757433e-08,0
0.3307,29.8506938,30,0.00298612678,2.62757433e-08,0
0.3308,29.850694,30,0.00298612678,2.62757433e-08,0
0.3309,29.8506942,30,0.00298612678,2.62757433e-08,0
0.331,29.8506944,30,0.00298612678,2.62757433e-08,0
0.3311,29.8506946,30,0.00298608556,2.52461882e-08,0
0.3312,29.8506948,30,0.00298608556,2.52461882e-08,0
0.3313,29.850695,30,0.00298608556,2.52461882e-08,0
0.3314,29.8506952,30,0.00298608556,2.52461882e-08,0
0.3315,29.8506954,30,0.00298608556,2.52461882e-08,0
0.3316,29.8506956,30,0.00298608556,2.52461882e-08,0
0.3317,29.8506958,30,0.00298608556,2.52461882e-08,0
0.3318,29.850696,30,0.00298608556,2.52461882e-08,0
0.3319,29.8506962,30,0.00298608556,2.52461882e-08,0
0.332,29.8506964,30,0.00298608556,2.52461882e-08,0
0.3321,29.8506966,30,0.00298604595,2.42569731e-08,0
0.3322,29.8506968,30,0.00298604595,2.42569731e-08,0
0.3323,29.850697,30,0.00298604595,2.42569731e-08,0
0.3324,29.8506972,30,0.00298604595,2.42569731e-08,0
0.3325,29.8506974,30,0.00298604595,2.42569731e-08,0
0.3326,29.8506976,30,0.00298604595,2.42569731e-08,0
0.3327,29.8506978,30,0.00298604595,2.42569731e-08,0
0.3328,29.850698,30,0.00298604595,2.42569731e-08,0
0.3329,29.8506982,30,0.00298604595,2.42569731e-08,0
0.333,29.8506984,30,0.00298604595,2.42569731e-08,0
0.3331,29.8506986,30,0.00298600789,2.33065179e-08,0
0.3332,29.8506988,30,0.00298600789,2.33065179e-08,0
0.3333,29.850699,30,0.00298600789,2.33065179e-08,0
0.3334,29.8506991,30,0.00298600789,2.33065179e-08,0
0.3335,29.8506993,30,0.00298600789,2.33065179e-08,0
0.3336,29.8506995,30,0.00298600789,2.33065179e-08,0
0.3337,29.8506997,30,0.00298600789,2.33065179e-08,0
0.3338,29.8506999,30,0.00298600789,2.33065179e-08,0
0.3339,29.8507001,30,0.00298600789,2.33065179e-08,0
0.334,29.8507003,30,0.00298600789,2.33065179e-08,0
0.3341,29.8507004,30,0.00298597132,2.23933037e-08,0
0.3342,29.8507006,30,0.00298597132,2.23933037e-08,0
0.3343,29.8507008,30,0.00298597132,2.23933037e-08,0
0.3344,29.850701,30,0.00298597132,2.23933037e-08,0
0.3345,29.8507012,30,0.00298597132,2.23933037e-08,0
0.3346,29.8507014,30,0.00298597132,2.23933037e-08,0
0.3347,29.8507015,30,0.00298597132,2.23933037e-08,0
0.3348,29.8507017,30,0.00298597132,2.23933037e-08,0
0.3349,29.8507019,30,0.00298597132,2.23933037e-08,0
0.335,29.8507021,30,0.00298597132,2.23933037e-08,0
0.3351,29.8507022,30,0.00298593618,2.15158721e-08,0
0.3352,29.8507024,30,0.00298593618,2.15158721e-08,0
0.3353,29.8507026,30,0.00298593618,2.15158721e-08,0
0.3354,29.8507028,30,0.00298593618,2.15158721e-08,0
0.3355,29.8507029,30,0.00298593618,2.15158721e-08,0
0.3356,29.8507031,30,0.00298593618,2.15158721e-08,0
0.3357,29.8507033,30,0.00298593618,2.15158721e-08,0
0.3358,29.8507035,30,0.00298593618,2.15158721e-08,0
0.3359,29.8507036,30,0.00298593618,2.15158721e-08,0
0.336,29.8507038,30,0.00298593618,2.15158721e-08,0
0.3361,29.850704,30,0.00298590243,2.06728205e-08,0
0.3362,29.8507041,30,0.00298590243,2.06728205e-08,0
0.3363,29.8507043,30,0.00298590243,2.06728205e-08,0
0.3364,29.8507045,30,0.00298590243,2.06728205e-08,0
0.3365,29.8507046,30,0.00298590243,2.06728205e-08,0
0.3366,29.8507048,30,0.00298590243,2.06728205e-08,0
0.3367,29.850705,30,0.00298590243,2.06728205e-08,0
0.3368,29.8507051,30,0.00298590243,2.06728205e-08,0
0.3369,29.8507053,30,0.00298590243,2.06728205e-08,0
0.337,29.8507055,30,0.00298590243,2.06728205e-08,0
0.3371,29.8507056,30,0.00298586999,1.98628021e-08,0
0.3372,29.8507058,30,0.00298586999,1.98628021e-08,0
0.3373,29.8507059,30,0.00298586999,1.98628021e-08,0
0.3374,29.8507061,30,0.00298586999,1.98628021e-08,0
0.3375,29.8507063,30,0.00298586999,1.98628021e-08,0
0.3376,29.8507064,30,0.00298586999,1.98628021e-08,0
0.3377,29.8507066,30,0.00298586999,1.98628021e-08,0
0.3378,29.8507067,30,0.00298586999,1.98628021e-08,0
0.3379,29.8507069,30,0.00298586999,1.98628021e-08,0
0.338,29.8507071,30,0.00298586999,1.98628021e-08,0
0.3381,29.8507072,30,0.00298583883,1.90845237e-08,0
0.3382,29.8507074,30,0.00298583883,1.90845237e-08,0
0.3383,29.8507075,30,0.00298583883,1.90845237e-08,0
0.3384,29.8507077,30,0.00298583883,1.90845237e-08,0
0.3385,29.8507078,30,0.00298583883,1.90845237e-08,0
0.3386,29.850708,30,0.00298583883,1.90845237e-08,0
0.3387,29.8507081,30,0.00298583883,1.90845237e-08,0
0.3388,29.8507083,30,0.00298583883,1.90845237e-08,0
0.3389,29.8507084,30,0.00298583883,1.90845237e-08,0
0.339,29.8507086,30,0.00298583883,1.90845237e-08,0
0.3391,29.8507087,30,0.00298580888,1.83367395e-08,0
0.3392,29.8507089,30,0.00298580888,1.83367395e-08,0
0.3393,29.850709,30,0.00298580888,1.83367395e-08,0
0.3394,29.8507092,30,0.00298580888,1.83367395e-08,0
0.3395,29.8507093,30,0.00298580888,1.83367395e-08,0
0.3396,29.8507095,30,0.00298580888,1.83367395e-08,0
0.3397,29.8507096,30,0.00298580888,1.83367395e-08,0
0.3398,29.8507098,30,0.00298580888,1.83367395e-08,0
0.3399,29.8507099,30,0.00298580888,1.83367395e-08,0
0.34,29.8507101,30,0.00298580888,1.83367395e-08,0
0.3401,29.8507102,30,0.00298578011,1.76182556e-08,0
0.3402,29.8507104,30,0.00298578011,1.76182556e-08,0
0.3403,29.8507105,30,0.00298578011,1.76182556e-08,0
0.3404,29.8507106,30,0.00298578011,1.76182556e-08,0
0.3405,29.8507108,30,0.00298578011,1.76182556e-08,0
0.3406,29.8507109,30,0.00298578011,1.76182556e-08,0
0.3407,29.8507111,30,0.00298578011,1.76182556e-08,0
0.3408,29.8507112,30,0.00298578011,1.76182556e-08,0
0.3409,29.8507114,30,0.00298578011,1.76182556e-08,0
0.341,29.8507115,30,0.00298578011,1.76182556e-08,0
0.3411,29.8507116,30,0.00298575247,1.69279238e-08,0
0.3412,29.8507118,30,0.00298575247,1.69279238e-08,0
0.3413,29.8507119,30,0.00298575247,1.69279238e-08,0
0.3414,29.850712,30,0.00298575247,1.69279238e-08,0
0.3415,29.8507122,30,0.00298575247,1.69279238e-08,0
0.3416,29.8507123,30,0.00298575247,1.69279238e-08,0
0.3417,29.8507124,30,0.00298575247,1.69279238e-08,0
0.3418,29.8507126,30,0.00298575247,1.69279238e-08,0
0.3419,29.8507127,30,0.00298575247,1.69279238e-08,0
0.342,29.8507129,30,0.00298575247,1.69279238e-08,0
0.3421,29.850713,30,0.00298572591,1.62646417e-08,0
0.3422,29.8507131,30,0.00298572591,1.62646417e-08,0
0.3423,29.8507133,30,0.00298572591,1.62646417e-08,0
0.3424,29.8507134,30,0.00298572591,1.62646417e-08,0
0.3425,29.8507135,30,0.00298572591,1.62646417e-08,0
0.3426,29.8507136,30,0.00298572591,1.62646417e-08,0
0.3427,29.8507138,30,0.00298572591,1.62646417e-08,0
0.3428,29.8507139,30,0.00298572591,1.62646417e-08,0
0.3429,29.850714,30,0.00298572591,1.62646417e-08,0
0.343,29.8507142,30,0.00298572591,1.62646417e-08,0
0.3431,29.8507143,30,0.00298570039,1.5627348e-08,0
0.3432,29.8507144,30,0.00298570039,1.5627348e-08,0
0.3433,29.8507145,30,0.00298570039,1.5627348e-08,0
0.3434,29.8507147,30,0.00298570039,1.5627348e-08,0
0.3435,29.8507148,30,0.00298570039,1.5627348e-08,0
0.3436,29.8507149,30,0.00298570039,1.5627348e-08,0
0.3437,29.850715,30,0.00298570039,1.5627348e-08,0
0.3438,29.8507152,30,0.00298570039,1.5627348e-08,0
0.3439,29.8507153,30,0.00298570039,1.5627348e-08,0
0.344,29.8507154,30,0.00298570039,1.5627348e-08,0
0.3441,29.8507155,30,0.00298567587,1.5015025e-08,0
0.3442,29.8507157,30,0.00298567587,1.5015025e-08,0
0.3443,29.8507158,30,0.00298567587,1.5015025e-08,0
0.3444,29.8507159,30,0.00298567587,1.5015025e-08,0
0.3445,29.850716,30,0.00298567587,1.5015025e-08,0
0.3446,29.8507162,30,0.00298567587,1.5015025e-08,0
0.3447,29.8507163,30,0.00298567587,1.5015025e-08,0
0.3448,29.8507164,30,0.00298567587,1.5015025e-08,0
0.3449,29.8507165,30,0.00298567587,1.5015025e-08,0
0.345,29.8507166,30,0.00298567587,1.5015025e-08,0
0.3451,29.8507167,30,0.00298565231,1.44266949e-08,0
0.3452,29.8507169,30,0.00298565231,1.44266949e-08,0
0.3453,29.850717,30,0.00298565231,1.44266949e-08,0
0.3454,29.8507171,30,0.00298565231,1.44266949e-08,0
0.3455,29.8507172,30,0.00298565231,1.44266949e-08,0
0.3456,29.8507173,30,0.00298565231,1.44266949e-08,0
0.3457,29.8507174,30,0.00298565231,1.44266949e-08,0
0.3458,29.8507176,30,0.00298565231,1.44266949e-08,0
0.3459,29.8507177,30,0.00298565231,1.44266949e-08,0
0.346,29.8507178,30,0.00298565231,1.44266949e-08,0
0.3461,29.8507179,30,0.00298562968,1.38614168e-08,0
0.3462,29.850718,30,0.00298562968,1.38614168e-08,0
0.3463,29.8507181,30,0.00298562968,1.38614168e-08,0
0.3464,29.8507182,30,0.00298562968,1.38614168e-08,0
0.3465,29.8507184,30,0.00298562968,1.38614168e-08,0
0.3466,29.8507185,30,0.00298562968,1.38614168e-08,0
0.3467,29.8507186,30,0.00298562968,1.38614168e-08,0
0.3468,29.8507187,30,0.00298562968,1.38614168e-08,0
0.3469,29.8507188,30,0.00298562968,1.38614168e-08,0
0.347,29.8507189,30,0.00298562968,1.38614168e-08,0
0.3471,29.850719,30,0.00298560793,1.33182878e-08,0
0.3472,29.8507191,30,0.00298560793,1.33182878e-08,0
0.3473,29.8507192,30,0.00298560793,1.33182878e-08,0
0.3474,29.8507193,30,0.00298560793,1.33182878e-08,0
0.3475,29.8507194,30,0.00298560793,1.33182878e-08,0
0.3476,29.8507196,30,0.00298560793,1.33182878e-08,0
0.3477,29.8507197,30,0.00298560793,1.33182878e-08,0
0.3478,29.8507198,30,0.00298560793,1.33182878e-08,0
0.3479,29.8507199,30,0.00298560793,1.33182878e-08,0
0.348,29.85072,30,0.00298560793,1.33182878e-08,0
0.3481,29.8507201,30,0.00298558703,1.27964405e-08,0
0.3482,29.8507202,30,0.00298558703,1.27964405e-08,0
0.3483,29.8507203,30,0.00298558703,1.27964405e-08,0
0.3484,29.8507204,30,0.00298558703,1.27964405e-08,0
0.3485,29.8507205,30,0.00298558703,1.27964405e-08,0
0.3486,29.8507206,30,0.00298558703,1.27964405e-08,0
0.3487,29.8507207,30,0.00298558703,1.27964405e-08,0
0.3488,29.8507208,30,0.00298558703,1.27964405e-08,0
0.3489,29.8507209,30,0.00298558703,1.27964405e-08,0
0.349,29.850721,30,0.00298558703,1.27964405e-08,0
0.3491,29.8507211,30,0.00298556696,1.22950408e-08,0
0.3492,29.8507212,30,0.00298556696,1.22950408e-08,0
0.3493,29.8507213,30,0.00298556696,1.22950408e-08,0
0.3494,29.8507214,30,0.00298556696,1.22950408e-08,0
0.3495,29.8507215,30,0.00298556696,1.22950408e-08,0
0.3496,29.8507216,30,0.00298556696,1.22950408e-08,0
0.3497,29.8507217,30,0.00298556696,1.22950408e-08,0
0.3498,29.8507218,30,0.00298556696,1.22950408e-08,0
0.3499,29.8507219,30,0.00298556696,1.22950408e-08,0
0.35,29.850722,30,0.00298556696,1.22950408e-08,0
0.3501,29.8507221,30,0.00298554766,1.18132875e-08,0
0.3502,29.8507222,30,0.00298554766,1.18132875e-08,0
0.3503,29.8507223,30,0.00298554766,1.18132875e-08,0
0.3504,29.8507224,30,0.00298554766,1.18132875e-08,0
0.3505,29.8507225,30,0.00298554766,1.18132875e-08,0
0.3506,29.8507226,30,0.00298554766,1.18132875e-08,0
0.3507,29.8507227,30,0.00298554766,1.18132875e-08,0
0.3508,29.8507228,30,0.00298554766,1.18132875e-08,0
0.3509,29.8507229,30,0.00298554766,1.18132875e-08,0
0.351,29.850723,30,0.00298554766,1.18132875e-08,0
0.3511,29.850723,30,0.00298552913,1.13504104e-08,0
0.3512,29.8507231,30,0.00298552913,1.13504104e-08,0
0.3513,29.8507232,30,0.00298552913,1.13504104e-08,0
0.3514,29.8507233,30,0.00298552913,1.13504104e-08,0
0.3515,29.8507234,30,0.00298552913,1.13504104e-08,0
0.3516,29.8507235,30,0.00298552913,1.13504104e-08,0
0.3517,29.8507236,30,0.00298552913,1.13504104e-08,0
0.3518,29.8507237,30,0.00298552913,1.13504104e-08,0
0.3519,29.8507238,30,0.00298552913,1.13504104e-08,0
0.352,29.8507239,30,0.00298552913,1.13504104e-08,0
0.3521,29.850724,30,0.00298551132,1.090567e-08,0
0.3522,29.850724,30,0.00298551132,1.090567e-08,0
0.3523,29.8507241,30,0.00298551132,1.090567e-08,0
0.3524,29.8507242,30,0.00298551132,1.090567e-08,0
0.3525,29.8507243,30,0.00298551132,1.090567e-08,0
0.3526,29.8507244,30,0.00298551132,1.090567e-08,0
0.3527,29.8507245,30,0.00298551132,1.090567e-08,0
0.3528,29.8507246,30,0.00298551132,1.090567e-08,0
0.3529,29.8507247,30,0.00298551132,1.090567e-08,0
0.353,29.8507247,30,0.00298551132,1.090567e-08,0
0.3531,29.8507248,30,0.00298549421,1.04783559e-08,0
0.3532,29.8507249,30,0.00298549421,1.04783559e-08,0
0.3533,29.850725,30,0.00298549421,1.04783559e-08,0
0.3534,29.8507251,30,0.00298549421,1.04783559e-08,0
0.3535,29.8507252,30,0.00298549421,1.04783559e-08,0
0.3536,29.8507253,30,0.00298549421,1.04783559e-08,0
0.3537,29.8507253,30,0.00298549421,1.04783559e-08,0
0.3538,29.8507254,30,0.00298549421,1.04783559e-08,0
0.3539,29.8507255,30,0.00298549421,1.04783559e-08,0
0.354,29.8507256,30,0.00298549421,1.04783559e-08,0
0.3541,29.8507257,30,0.00298547777,1.00677852e-08,0
0.3542,29.8507257,30,0.00298547777,1.00677852e-08,0
0.3543,29.8507258,30,0.00298547777,1.00677852e-08,0
0.3544,29.8507259,30,0.00298547777,1.00677852e-08,0
0.3545,29.850726,30,0.00298547777,1.00677852e-08,0
0.3546,29.8507261,30,0.00298547777,1.00677852e-08,0
0.3547,29.8507262,30,0.00298547777,1.00677852e-08,0
0.3548,29.8507262,30,0.00298547777,1.00677852e-08,0
0.3549,29.8507263,30,0.00298547777,1.00677852e-08,0
0.355,29.8507264,30,0.00298547777,1.00677852e-08,0
0.3551,29.8507265,30,0.00298546197,9.67330178e-09,0
0.3552,29.8507266,30,0.00298546197,9.67330178e-09,0
0.3553,29.8507266,30,0.00298546197,9.67330178e-09,0
0.3554,29.8507267,30,0.00298546197,9.67330178e-09,0
0.3555,29.8507268,30,0.00298546197,9.67330178e-09,0
0.3556,29.8507269,30,0.00298546197,9.67330178e-09,0
0.3557,29.8507269,30,0.00298546197,9.67330178e-09,0
0.3558,29.850727,30,0.00298546197,9.67330178e-09,0
0.3559,29.8507271,30,0.00298546197,9.67330178e-09,0
0.356,29.8507272,30,0.00298546197,9.67330178e-09,0
0.3561,29.8507273,30,0.0029854468,9.29427464e-09,0
0.3562,29.8507273,30,0.0029854468,9.29427464e-09,0
0.3563,29.8507274,30,0.0029854468,9.29427464e-09,0
0.3564,29.8507275,30,0.0029854468,9.29427464e-09,0
0.3565,29.8507276,30,0.0029854468,9.29427464e-09,0
0.3566,29.8507276,30,0.0029854468,9.29427464e-09,0
0.3567,29.8507277,30,0.0029854468,9.29427464e-09,0
0.3568,29.8507278,30,0.0029854468,9.29427464e-09,0
0.3569,29.8507278,30,0.0029854468,9.29427464e-09,0
0.357,29.8507279,30,0.0029854468,9.29427464e-09,0
0.3571,29.850728,30,0.00298543221,8.9300985e-09,0
0.3572,29.8507281,30,0.00298543221,8.9300985e-09,0
0.3573,29.8507281,30,0.00298543221,8.9300985e-09,0
0.3574,29.8507282,30,0.00298543221,8.9300985e-09,0
0.3575,29.8507283,30,0.00298543221,8.9300985e-09,0
0.3576,29.8507284,30,0.00298543221,8.9300985e-09,0
0.3577,29.8507284,30,0.00298543221,8.9300985e-09,0
0.3578,29.8507285,30,0.00298543221,8.9300985e-09,0
0.3579,29.8507286,30,0.00298543221,8.9300985e-09,0
0.358,29.8507286,30,0.00298543221,8.9300985e-09,0
0.3581,29.8507287,30,0.0029854182,8.58019242e-09,0
0.3582,29.8507288,30,0.0029854182,8.58019242e-09,0
0.3583,29.8507289,30,0.0029854182,8.58019242e-09,0
0.3584,29.8507289,30,0.0029854182,8.58019242e-09,0
0.3585,29.850729,30,0.0029854182,8.58019242e-09,0
0.3586,29.8507291,30,0.0029854182,8.58019242e-09,0
0.3587,29.8507291,30,0.0029854182,8.58019242e-09,0
0.3588,29.8507292,30,0.0029854182,8.58019242e-09,0
0.3589,29.8507293,30,0.0029854182,8.58019242e-09,0
0.359,29.8507293,30,0.0029854182,8.58019242e-09,0
0.3591,29.8507294,30,0.00298540474,8.24399674e-09,0
0.3592,29.8507295,30,0.00298540474,8.24399674e-09,0
0.3593,29.8507295,30,0.00298540474,8.24399674e-09,0
0.3594,29.8507296,30,0.00298540474,8.24399674e-09,0
0.3595,29.8507297,30,0.00298540474,8.24399674e-09,0
0.3596,29.8507297,30,0.00298540474,8.24399674e-09,0
0.3597,29.8507298,30,0.00298540474,8.24399674e-09,0
0.3598,29.8507299,30,0.00298540474,8.24399674e-09,0
0.3599,29.8507299,30,0.00298540474,8.24399674e-09,0
0.36,29.85073,30,0.00298540474,8.24399674e-09,0
0.3601,29.8507301,30,0.00298539181,7.92097416e-09,0
0.3602,29.8507301,30,0.00298539181,7.92097416e-09,0
0.3603,29.8507302,30,0.00298539181,7.92097416e-09,0
0.3604,29.8507303,30,0.00298539181,7.92097416e-09,0
0.3605,29.8507303,30,0.00298539181,7.92097416e-09,0
0.3606,29.8507304,30,0.00298539181,7.92097416e-09,0
0.3607,29.8507304,30,0.00298539181,7.92097416e-09,0
0.3608,29.8507305,30,0.00298539181,7.92097416e-09,0
0.3609,29.8507306,30,0.00298539181,7.92097416e-09,0
0.361,29.8507306,30,0.00298539181,7.92097416e-09,0
0.3611,29.8507307,30,0.00298537938,7.61060867e-09,0
0.3612,29.8507308,30,0.00298537938,7.61060867e-09,0
0.3613,29.8507308,30,0.00298537938,7.61060867e-09,0
0.3614,29.8507309,30,0.00298537938,7.61060867e-09,0
0.3615,29.8507309,30,0.00298537938,7.61060867e-09,0
0.3616,29.850731,30,0.00298537938,7.61060867e-09,0
0.3617,29.8507311,30,0.00298537938,7.61060867e-09,0
0.3618,29.8507311,30,0.00298537938,7.61060867e-09,0
0.3619,29.8507312,30,0.00298537938,7.61060867e-09,0
0.362,29.8507312,30,0.00298537938,7.61060867e-09,0
0.3621,29.8507313,30,0.00298536744,7.31240375e-09,0
0.3622,29.8507314,30,0.00298536744,7.31240375e-09,0
0.3623,29.8507314,30,0.00298536744,7.31240375e-09,0
0.3624,29.8507315,30,0.00298536744,7.31240375e-09,0
0.3625,29.8507315,30,0.00298536744,7.31240375e-09,0
0.3626,29.8507316,30,0.00298536744,7.31240375e-09,0
0.3627,29.8507317,30,0.00298536744,7.31240375e-09,0
0.3628,29.8507317,30,0.00298536744,7.31240375e-09,0
0.3629,29.8507318,30,0.00298536744,7.31240375e-09,0
0.363,29.8507318,30,0.00298536744,7.31240375e-09,0
0.3631,29.8507319,30,0.00298535596,7.02588385e-09,0
0.3632,29.8507319,30,0.00298535596,7.02588385e-09,0
0.3633,29.850732,30,0.00298535596,7.02588385e-09,0
0.3634,29.8507321,30,0.00298535596,7.02588385e-09,0
0.3635,29.8507321,30,0.00298535596,7.02588385e-09,0
0.3636,29.8507322,30,0.00298535596,7.02588385e-09,0
0.3637,29.8507322,30,0.00298535596,7.02588385e-09,0
0.3638,29.8507323,30,0.00298535596,7.02588385e-09,0
0.3639,29.8507323,30,0.00298535596,7.02588385e-09,0
0.364,29.8507324,30,0.00298535596,7.02588385e-09,0
0.3641,29.8507325,30,0.00298534494,6.75059037e-09,0
0.3642,29.8507325,30,0.00298534494,6.75059037e-09,0
0.3643,29.8507326,30,0.00298534494,6.75059037e-09,0
0.3644,29.8507326,30,0.00298534494,6.75059037e-09,0
0.3645,29.8507327,30,0.00298534494,6.75059037e-09,0
0.3646,29.8507327,30,0.00298534494,6.75059037e-09,0
0.3647,29.8507328,30,0.00298534494,6.75059037e-09,0
0.3648,29.8507328,30,0.00298534494,6.75059037e-09,0
0.3649,29.8507329,30,0.00298534494,6.75059037e-09,0
0.365,29.8507329,30,0.00298534494,6.75059037e-09,0
0.3651,29.850733,30,0.00298533435,6.4860836e-09,0
0.3652,29.850733,30,0.00298533435,6.4860836e-09,0
0.3653,29.8507331,30,0.00298533435,6.4860836e-09,0
0.3654,29.8507332,30,0.00298533435,6.4860836e-09,0
0.3655,29.8507332,30,0.00298533435,6.4860836e-09,0
0.3656,29.8507333,30,0.00298533435,6.4860836e-09,0
0.3657,29.8507333,30,0.00298533435,6.4860836e-09,0
0.3658,29.8507334,30,0.00298533435,6.4860836e-09,0
0.3659,29.8507334,30,0.00298533435,6.4860836e-09,0
0.366,29.8507335,30,0.00298533435,6.4860836e-09,0
0.3661,29.8507335,30,0.00298532417,6.23194096e-09,0
0.3662,29.8507336,30,0.00298532417,6.23194096e-09,0
0.3663,29.8507336,30,0.00298532417,6.23194096e-09,0
0.3664,29.8507337,30,0.00298532417,6.23194096e-09,0
0.3665,29.8507337,30,0.00298532417,6.23194096e-09,0
0.3666,29.8507338,30,0.00298532417,6.23194096e-09,0
0.3667,29.8507338,30,0.00298532417,6.23194096e-09,0
0.3668,29.8507339,30,0.00298532417,6.23194096e-09,0
0.3669,29.8507339,30,0.00298532417,6.23194096e-09,0
0.367,29.850734,30,0.00298532417,6.23194096e-09,0
0.3671,29.850734,30,0.00298531439,5.98775581e-09,0
0.3672,29.8507341,30,0.00298531439,5.98775581e-09,0
0.3673,29.8507341,30,0.00298531439,5.98775581e-09,0
0.3674,29.8507342,30,0.00298531439,5.98775581e-09,0
0.3675,29.8507342,30,0.00298531439,5.98775581e-09,0
0.3676,29.8507343,30,0.00298531439,5.98775581e-09,0
0.3677,29.8507343,30,0.00298531439,5.98775581e-09,0
0.3678,29.8507344,30,0.00298531439,5.98775581e-09,0
0.3679,29.8507344,30,0.00298531439,5.98775581e-09,0
0.368,29.8507345,30,0.00298531439,5.98775581e-09,0
0.3681,29.8507345,30,0.002985305,5.7531392e-09,0
0.3682,29.8507345,30,0.002985305,5.7531392e-09,0
0.3683,29.8507346,30,0.002985305,5.7531392e-09,0
0.3684,29.8507346,30,0.002985305,5.7531392e-09,0
0.3685,29.8507347,30,0.002985305,5.7531392e-09,0
0.3686,29.8507347,30,0.002985305,5.7531392e-09,0
0.3687,29.8507348,30,0.002985305,5.7531392e-09,0
0.3688,29.8507348,30,0.002985305,5.7531392e-09,0
0.3689,29.8507349,30,0.002985305,5.7531392e-09,0
0.369,29.8507349,30,0.002985305,5.7531392e-09,0
0.3691,29.850735,30,0.00298529597,5.52771479e-09,0
0.3692,29.850735,30,0.00298529597,5.52771479e-09,0
0.3693,29.850735,30,0.00298529597,5.52771479e-09,0
0.3694,29.8507351,30,0.00298529597,5.52771479e-09,0
0.3695,29.8507351,30,0.00298529597,5.52771479e-09,0
0.3696,29.8507352,30,0.00298529597,5.52771479e-09,0
0.3697,29.8507352,30,0.00298529597,5.52771479e-09,0
0.3698,29.8507353,30,0.00298529597,5.52771479e-09,0
0.3699,29.8507353,30,0.00298529597,5.52771479e-09,0
0.37,29.8507354,30,0.00298529597,5.52771479e-09,0
0.3701,29.8507354,30,0.0029852873,5.31112341e-09,0
0.3702,29.8507354,30,0.0029852873,5.31112341e-09,0
0.3703,29.8507355,30,0.0029852873,5.31112341e-09,0
0.3704,29.8507355,30,0.0029852873,5.31112341e-09,0
0.3705,29.8507356,30,0.0029852873,5.31112341e-09,0
0.3706,29.8507356,30,0.0029852873,5.31112341e-09,0
0.3707,29.8507357,30,0.0029852873,5.31112341e-09,0
0.3708,29.8507357,30,0.0029852873,5.31112341e-09,0
0.3709,29.8507357,30,0.0029852873,5.31112341e-09,0
0.371,29.8507358,30,0.0029852873,5.31112341e-09,0
0.3711,29.8507358,30,0.00298527897,5.10301896e-09,0
0.3712,29.8507359,30,0.00298527897,5.10301896e-09,0
0.3713,29.8507359,30,0.00298527897,5.10301896e-09,0
0.3714,29.850736,30,0.00298527897,5.10301896e-09,0
0.3715,29.850736,30,0.00298527897,5.10301896e-09,0
0.3716,29.850736,30,0.00298527897,5.10301896e-09,0
0.3717,29.8507361,30,0.00298527897,5.10301896e-09,0
0.3718,29.8507361,30,0.00298527897,5.10301896e-09,0
0.3719,29.8507362,30,0.00298527897,5.10301896e-09,0
0.372,29.8507362,30,0.00298527897,5.10301896e-09,0
0.3721,29.8507362,30,0.00298527096,4.9030692e-09,0
0.3722,29.8507363,30,0.00298527096,4.9030692e-09,0
0.3723,29.8507363,30,0.00298527096,4.9030692e-09,0
0.3724,29.8507364,30,0.00298527096,4.9030692e-09,0
0.3725,29.8507364,30,0.00298527096,4.9030692e-09,0
0.3726,29.8507364,30,0.00298527096,4.9030692e-09,0
0.3727,29.8507365,30,0.00298527096,4.9030692e-09,0
0.3728,29.8507365,30,0.00298527096,4.9030692e-09,0
0.3729,29.8507366,30,0.00298527096,4.9030692e-09,0
0.373,29.8507366,30,0.00298527096,4.9030692e-09,0
0.3731,29.8507366,30,0.00298526327,4.71095373e-09,0
0.3732,29.8507367,30,0.00298526327,4.71095373e-09,0
0.3733,29.8507367,30,0.00298526327,4.71095373e-09,0
0.3734,29.8507367,30,0.00298526327,4.71095373e-09,0
0.3735,29.8507368,30,0.00298526327,4.71095373e-09,0
0.3736,29.8507368,30,0.00298526327,4.71095373e-09,0
0.3737,29.8507369,30,0.00298526327,4.71095373e-09,0
0.3738,29.8507369,30,0.00298526327,4.71095373e-09,0
0.3739,29.8507369,30,0.00298526327,4.71095373e-09,0
0.374,29.850737,30,0.00298526327,4.71095373e-09,0
0.3741,29.850737,30,0.00298525588,4.52636555e-09,0
0.3742,29.850737,30,0.00298525588,4.52636555e-09,0
0.3743,29.8507371,30,0.00298525588,4.52636555e-09,0
0.3744,29.8507371,30,0.00298525588,4.52636555e-09,0
0.3745,29.8507372,30,0.00298525588,4.52636555e-09,0
0.3746,29.8507372,30,0.00298525588,4.52636555e-09,0
0.3747,29.8507372,30,0.00298525588,4.52636555e-09,0
0.3748,29.8507373,30,0.00298525588,4.52636555e-09,0
0.3749,29.8507373,30,0.00298525588,4.52636555e-09,0
0.375,29.8507373,30,0.00298525588,4.52636555e-09,0
0.3751,29.8507374,30,0.00298524877,4.34900981e-09,0
0.3752,29.8507374,30,0.00298524877,4.34900981e-09,0
0.3753,29.8507374,30,0.00298524877,4.34900981e-09,0
0.3754,29.8507375,30,0.00298524877,4.34900981e-09,0
0.3755,29.8507375,30,0.00298524877,4.34900981e-09,0
0.3756,29.8507375,30,0.00298524877,4.34900981e-09,0
0.3757,29.8507376,30,0.00298524877,4.34900981e-09,0
0.3758,29.8507376,30,0.00298524877,4.34900981e-09,0
0.3759,29.8507377,30,0.00298524877,4.34900981e-09,0
0.376,29.8507377,30,0.00298524877,4.34900981e-09,0
0.3761,29.8507377,30,0.00298524195,4.17860444e-09,0
0.3762,29.8507378,30,0.00298524195,4.17860444e-09,0
0.3763,29.8507378,30,0.00298524195,4.17860444e-09,0
0.3764,29.8507378,30,0.00298524195,4.17860444e-09,0
0.3765,29.8507379,30,0.00298524195,4.17860444e-09,0
0.3766,29.8507379,30,0.00298524195,4.17860444e-09,0
0.3767,29.8507379,30,0.00298524195,4.17860444e-09,0
0.3768,29.850738,30,0.00298524195,4.17860444e-09,0
0.3769,29.850738,30,0.00298524195,4.17860444e-09,0
0.377,29.850738,30,0.00298524195,4.17860444e-09,0
0.3771,29.8507381,30,0.00298523539,4.01487536e-09,0
0.3772,29.8507381,30,0.00298523539,4.01487536e-09,0
0.3773,29.8507381,30,0.00298523539,4.01487536e-09,0
0.3774,29.8507382,30,0.00298523539,4.01487536e-09,0
0.3775,29.8507382,30,0.00298523539,4.01487536e-09,0
0.3776,29.8507382,30,0.00298523539,4.01487536e-09,0
0.3777,29.8507382,30,0.00298523539,4.01487536e-09,0
0.3778,29.8507383,30,0.00298523539,4.01487536e-09,0
0.3779,29.8507383,30,0.00298523539,4.01487536e-09,0
0.378,29.8507383,30,0.00298523539,4.01487536e-09,0
0.3781,29.8507384,30,0.00298522909,3.85756117e-09,0
0.3782,29.8507384,30,0.00298522909,3.85756117e-09,0
0.3783,29.8507384,30,0.00298522909,3.85756117e-09,0
0.3784,29.8507385,30,0.00298522909,3.85756117e-09,0
0.3785,29.8507385,30,0.00298522909,3.85756117e-09,0
0.3786,29.8507385,30,0.00298522909,3.85756117e-09,0
0.3787,29.8507386,30,0.00298522909,3.85756117e-09,0
0.3788,29.8507386,30,0.00298522909,3.85756117e-09,0
0.3789,29.8507386,30,0.00298522909,3.85756117e-09,0
0.379,29.8507387,30,0.00298522909,3.85756117e-09,0
0.3791,29.8507387,30,0.00298522304,3.70641091e-09,0
0.3792,29.8507387,30,0.00298522304,3.70641091e-09,0
0.3793,29.8507387,30,0.00298522304,3.70641091e-09,0
0.3794,29.8507388,30,0.00298522304,3.70641091e-09,0
0.3795,29.8507388,30,0.00298522304,3.70641091e-09,0
0.3796,29.8507388,30,0.00298522304,3.70641091e-09,0
0.3797,29.8507389,30,0.00298522304,3.70641091e-09,0
0.3798,29.8507389,30,0.00298522304,3.70641091e-09,0
0.3799,29.8507389,30,0.00298522304,3.70641091e-09,0
0.38,29.850739,30,0.00298522304,3.70641091e-09,0
0.3801,29.850739,30,0.00298521723,3.56118444e-09,0
0.3802,29.850739,30,0.00298521723,3.56118444e-09,0
0.3803,29.850739,30,0.00298521723,3.56118444e-09,0
0.3804,29.8507391,30,0.00298521723,3.56118444e-09,0
0.3805,29.8507391,30,0.00298521723,3.56118444e-09,0
0.3806,29.8507391,30,0.00298521723,3.56118444e-09,0
0.3807,29.8507392,30,0.00298521723,3.56118444e-09,0
0.3808,29.8507392,30,0.00298521723,3.56118444e-09,0
0.3809,29.8507392,30,0.00298521723,3.56118444e-09,0
0.381,29.8507392,30,0.00298521723,3.56118444e-09,0
0.3811,29.8507393,30,0.00298521164,3.42164692e-09,0
0.3812,29.8507393,30,0.00298521164,3.42164692e-09,0
0.3813,29.8507393,30,0.00298521164,3.42164692e-09,0
0.3814,29.8507394,30,0.00298521164,3.42164692e-09,0
0.3815,29.8507394,30,0.00298521164,3.42164692e-09,0
0.3816,29.8507394,30,0.00298521164,3.42164692e-09,0
0.3817,29.8507394,30,0.00298521164,3.42164692e-09,0
0.3818,29.8507395,30,0.00298521164,3.42164692e-09,0
0.3819,29.8507395,30,0.00298521164,3.42164692e-09,0
0.382,29.8507395,30,0.00298521164,3.42164692e-09,0
0.3821,29.8507395,30,0.00298520627,3.28757774e-09,0
0.3822,29.8507396,30,0.00298520627,3.28757774e-09,0
0.3823,29.8507396,30,0.00298520627,3.28757774e-09,0
0.3824,29.8507396,30,0.00298520627,3.28757774e-09,0
0.3825,29.8507396,30,0.00298520627,3.28757774e-09,0
0.3826,29.8507397,30,0.00298520627,3.28757774e-09,0
0.3827,29.8507397,30,0.00298520627,3.28757774e-09,0
0.3828,29.8507397,30,0.00298520627,3.28757774e-09,0
0.3829,29.8507398,30,0.00298520627,3.28757774e-09,0
0.383,29.8507398,30,0.00298520627,3.28757774e-09,0
0.3831,29.8507398,30,0.00298520111,3.15876046e-09,0
0.3832,29.8507398,30,0.00298520111,3.15876046e-09,0
0.3833,29.8507399,30,0.00298520111,3.15876046e-09,0
0.3834,29.8507399,30,0.00298520111,3.15876046e-09,0
0.3835,29.8507399,30,0.00298520111,3.15876046e-09,0
0.3836,29.8507399,30,0.00298520111,3.15876046e-09,0
0.3837,29.85074,30,0.00298520111,3.15876046e-09,0
0.3838,29.85074,30,0.00298520111,3.15876046e-09,0
0.3839,29.85074,30,0.00298520111,3.15876046e-09,0
0.384,29.85074,30,0.00298520111,3.15876046e-09,0
0.3841,29.8507401,30,0.00298519616,3.03499158e-09,0
0.3842,29.8507401,30,0.00298519616,3.03499158e-09,0
0.3843,29.8507401,30,0.00298519616,3.03499158e-09,0
0.3844,29.8507401,30,0.00298519616,3.03499158e-09,0
0.3845,29.8507402,30,0.00298519616,3.03499158e-09,0
0.3846,29.8507402,30,0.00298519616,3.03499158e-09,0
0.3847,29.8507402,30,0.00298519616,3.03499158e-09,0
0.3848,29.8507402,30,0.00298519616,3.03499158e-09,0
0.3849,29.8507403,30,0.00298519616,3.03499158e-09,0
0.385,29.8507403,30,0.00298519616,3.03499158e-09,0
0.3851,29.8507403,30,0.00298519139,2.91607219e-09,0
0.3852,29.8507403,30,0.00298519139,2.91607219e-09,0
0.3853,29.8507403,30,0.00298519139,2.91607219e-09,0
0.3854,29.8507404,30,0.00298519139,2.91607219e-09,0
0.3855,29.8507404,30,0.00298519139,2.91607219e-09,0
0.3856,29.8507404,30,0.00298519139,2.91607219e-09,0
0.3857,29.8507404,30,0.00298519139,2.91607219e-09,0
0.3858,29.8507405,30,0.00298519139,2.91607219e-09,0
0.3859,29.8507405,30,0.00298519139,2.91607219e-09,0
0.386,29.8507405,30,0.00298519139,2.91607219e-09,0
0.3861,29.8507405,30,0.00298518682,2.80181179e-09,0
0.3862,29.8507406,30,0.00298518682,2.80181179e-09,0
0.3863,29.8507406,30,0.00298518682,2.80181179e-09,0
0.3864,29.8507406,30,0.00298518682,2.80181179e-09,0
0.3865,29.8507406,30,0.00298518682,2.80181179e-09,0
0.3866,29.8507406,30,0.00298518682,2.80181179e-09,0
0.3867,29.8507407,30,0.00298518682,2.80181179e-09,0
0.3868,29.8507407,30,0.00298518682,2.80181179e-09,0
0.3869,29.8507407,30,0.00298518682,2.80181179e-09,0
0.387,29.8507407,30,0.00298518682,2.80181179e-09,0
0.3871,29.8507408,30,0.00298518242,2.69202858e-09,0
0.3872,29.8507408,30,0.00298518242,2.69202858e-09,0
0.3873,29.8507408,30,0.00298518242,2.69202858e-09,0
0.3874,29.8507408,30,0.00298518242,2.69202858e-09,0
0.3875,29.8507408,30,0.00298518242,2.69202858e-09,0
0.3876,29.8507409,30,0.00298518242,2.69202858e-09,0
0.3877,29.8507409,30,0.00298518242,2.69202858e-09,0
0.3878,29.8507409,30,0.00298518242,2.69202858e-09,0
0.3879,29.8507409,30,0.00298518242,2.69202858e-09,0
0.388,29.850741,30,0.00298518242,2.69202858e-09,0
0.3881,29.850741,30,0.0029851782,2.58654652e-09,0
0.3882,29.850741,30,0.0029851782,2.58654652e-09,0
0.3883,29.850741,30,0.0029851782,2.58654652e-09,0
0.3884,29.850741,30,0.0029851782,2.58654652e-09,0
0.3885,29.8507411,30,0.0029851782,2.58654652e-09,0
0.3886,29.8507411,30,0.0029851782,2.58654652e-09,0
0.3887,29.8507411,30,0.0029851782,2.58654652e-09,0
0.3888,29.8507411,30,0.0029851782,2.58654652e-09,0
0.3889,29.8507411,30,0.0029851782,2.58654652e-09,0
0.389,29.8507412,30,0.0029851782,2.58654652e-09,0
0.3891,29.8507412,30,0.00298517414,2.48519823e-09,0
0.3892,29.8507412,30,0.00298517414,2.48519823e-09,0
0.3893,29.8507412,30,0.00298517414,2.48519823e-09,0
0.3894,29.8507412,30,0.00298517414,2.48519823e-09,0
0.3895,29.8507413,30,0.00298517414,2.48519823e-09,0
0.3896,29.8507413,30,0.00298517414,2.48519823e-09,0
0.3897,29.8507413,30,0.00298517414,2.48519823e-09,0
0.3898,29.8507413,30,0.00298517414,2.48519823e-09,0
0.3899,29.8507413,30,0.00298517414,2.48519823e-09,0
0.39,29.8507414,30,0.00298517414,2.48519823e-09,0
0.3901,29.8507414,30,0.00298517024,2.38782165e-09,0
0.3902,29.8507414,30,0.00298517024,2.38782165e-09,0
0.3903,29.8507414,30,0.00298517024,2.38782165e-09,0
0.3904,29.8507414,30,0.00298517024,2.38782165e-09,0
0.3905,29.8507415,30,0.00298517024,2.38782165e-09,0
0.3906,29.8507415,30,0.00298517024,2.38782165e-09,0
0.3907,29.8507415,30,0.00298517024,2.38782165e-09,0
0.3908,29.8507415,30,0.00298517024,2.38782165e-09,0
0.3909,29.8507415,30,0.00298517024,2.38782165e-09,0
0.391,29.8507416,30,0.00298517024,2.38782165e-09,0
0.3911,29.8507416,30,0.0029851665,2.29426053e-09,0
0.3912,29.8507416,30,0.0029851665,2.29426053e-09,0
0.3913,29.8507416,30,0.0029851665,2.29426053e-09,0
0.3914,29.8507416,30,0.0029851665,2.29426053e-09,0
0.3915,29.8507416,30,0.0029851665,2.29426053e-09,0
0.3916,29.8507417,30,0.0029851665,2.29426053e-09,0
0.3917,29.8507417,30,0.0029851665,2.29426053e-09,0
0.3918,29.8507417,30,0.0029851665,2.29426053e-09,0
0.3919,29.8507417,30,0.0029851665,2.29426053e-09,0
0.392,29.8507417,30,0.0029851665,2.29426053e-09,0
0.3921,29.8507418,30,0.0029851629,2.20436564e-09,0
0.3922,29.8507418,30,0.0029851629,2.20436564e-09,0
0.3923,29.8507418,30,0.0029851629,2.20436564e-09,0
0.3924,29.8507418,30,0.0029851629,2.20436564e-09,0
0.3925,29.8507418,30,0.0029851629,2.20436564e-09,0
0.3926,29.8507418,30,0.0029851629,2.20436564e-09,0
0.3927,29.8507419,30,0.0029851629,2.20436564e-09,0
0.3928,29.8507419,30,0.0029851629,2.20436564e-09,0
0.3929,29.8507419,30,0.0029851629,2.20436564e-09,0
0.393,29.8507419,30,0.0029851629,2.20436564e-09,0
0.3931,29.8507419,30,0.00298515944,2.1179925e-09,0
0.3932,29.850742,30,0.00298515944,2.1179925e-09,0
0.3933,29.850742,30,0.00298515944,2.1179925e-09,0
0.3934,29.850742,30,0.00298515944,2.1179925e-09,0
0.3935,29.850742,30,0.00298515944,2.1179925e-09,0
0.3936,29.850742,30,0.00298515944,2.1179925e-09,0
0.3937,29.850742,30,0.00298515944,2.1179925e-09,0
0.3938,29.8507421,30,0.00298515944,2.1179925e-09,0
0.3939,29.8507421,30,0.00298515944,2.1179925e-09,0
0.394,29.8507421,30,0.00298515944,2.1179925e-09,0
0.3941,29.8507421,30,0.00298515611,2.03500405e-09,0
0.3942,29.8507421,30,0.00298515611,2.03500405e-09,0
0.3943,29.8507421,30,0.00298515611,2.03500405e-09,0
0.3944,29.8507422,30,0.00298515611,2.03500405e-09,0
0.3945,29.8507422,30,0.00298515611,2.03500405e-09,0
0.3946,29.8507422,30,0.00298515611,2.03500405e-09,0
0.3947,29.8507422,30,0.00298515611,2.03500405e-09,0
0.3948,29.8507422,30,0.00298515611,2.03500405e-09,0
0.3949,29.8507422,30,0.00298515611,2.03500405e-09,0
0.395,29.8507423,30,0.00298515611,2.03500405e-09,0
0.3951,29.8507423,30,0.00298515292,1.95526707e-09,0
0.3952,29.8507423,30,0.00298515292,1.95526707e-09,0
0.3953,29.8507423,30,0.00298515292,1.95526707e-09,0
0.3954,29.8507423,30,0.00298515292,1.95526707e-09,0
0.3955,29.8507423,30,0.00298515292,1.95526707e-09,0
0.3956,29.8507423,30,0.00298515292,1.95526707e-09,0
0.3957,29.8507424,30,0.00298515292,1.95526707e-09,0
0.3958,29.8507424,30,0.00298515292,1.95526707e-09,0
0.3959,29.8507424,30,0.00298515292,1.95526707e-09,0
0.396,29.8507424,30,0.00298515292,1.95526707e-09,0
0.3961,29.8507424,30,0.00298514985,1.87865393e-09,0
0.3962,29.8507424,30,0.00298514985,1.87865393e-09,0
0.3963,29.8507425,30,0.00298514985,1.87865393e-09,0
0.3964,29.8507425,30,0.00298514985,1.87865393e-09,0
0.3965,29.8507425,30,0.00298514985,1.87865393e-09,0
0.3966,29.8507425,30,0.00298514985,1.87865393e-09,0
0.3967,29.8507425,30,0.00298514985,1.87865393e-09,0
0.3968,29.8507425,30,0.00298514985,1.87865393e-09,0
0.3969,29.8507425,30,0.00298514985,1.87865393e-09,0
0.397,29.8507426,30,0.00298514985,1.87865393e-09,0
0.3971,29.8507426,30,0.00298514691,1.80504333e-09,0
0.3972,29.8507426,30,0.00298514691,1.80504333e-09,0
0.3973,29.8507426,30,0.00298514691,1.80504333e-09,0
0.3974,29.8507426,30,0.00298514691,1.80504333e-09,0
0.3975,29.8507426,30,0.00298514691,1.80504333e-09,0
0.3976,29.8507426,30,0.00298514691,1.80504333e-09,0
0.3977,29.8507427,30,0.00298514691,1.80504333e-09,0
0.3978,29.8507427,30,0.00298514691,1.80504333e-09,0
0.3979,29.8507427,30,0.00298514691,1.80504333e-09,0
0.398,29.8507427,30,0.00298514691,1.80504333e-09,0
0.3981,29.8507427,30,0.00298514407,1.7343165e-09,0
0.3982,29.8507427,30,0.00298514407,1.7343165e-09,0
0.3983,29.8507427,30,0.00298514407,1.7343165e-09,0
0.3984,29.8507428,30,0.00298514407,1.7343165e-09,0
0.3985,29.8507428,30,0.00298514407,1.7343165e-09,0
0.3986,29.8507428,30,0.00298514407,1.7343165e-09,0
0.3987,29.8507428,30,0.00298514407,1.7343165e-09,0
0.3988,29.8507428,30,0.00298514407,1.7343165e-09,0
0.3989,29.8507428,30,0.00298514407,1.7343165e-09,0
0.399,29.8507428,30,0.00298514407,1.7343165e-09,0
0.3991,29.8507429,30,0.00298514135,1.66636071e-09,0
0.3992,29.8507429,30,0.00298514135,1.66636071e-09,0
0.3993,29.8507429,30,0.00298514135,1.66636071e-09,0
0.3994,29.8507429,30,0.00298514135,1.66636071e-09,0
0.3995,29.8507429,30,0.00298514135,1.66636071e-09,0
0.3996,29.8507429,30,0.00298514135,1.66636071e-09,0
0.3997,29.8507429,30,0.00298514135,1.66636071e-09,0
0.3998,29.850743,30,0.00298514135,1.66636071e-09,0
0.3999,29.850743,30,0.00298514135,1.66636071e-09,0
0.4,29.850743,30,0.00298514135,1.66636071e-09,0
0.4001,29.850743,30,0.00298513874,1.60106851e-09,0
0.4002,29.850743,30,0.00298513874,1.60106851e-09,0
0.4003,29.850743,30,0.00298513874,1.60106851e-09,0
0.4004,29.850743,30,0.00298513874,1.60106851e-09,0
0.4005,29.850743,30,0.00298513874,1.60106851e-09,0
0.4006,29.8507431,30,0.00298513874,1.60106851e-09,0
0.4007,29.8507431,30,0.00298513874,1.60106851e-09,0
0.4008,29.8507431,30,0.00298513874,1.60106851e-09,0
0.4009,29.8507431,30,0.00298513874,1.60106851e-09,0
0.401,29.8507431,30,0.00298513874,1.60106851e-09,0
0.4011,29.8507431,30,0.00298513623,1.53833415e-09,0
0.4012,29.8507431,30,0.00298513623,1.53833415e-09,0
0.4013,29.8507431,30,0.00298513623,1.53833415e-09,0
0.4014,29.8507432,30,0.00298513623,1.53833415e-09,0
0.4015,29.8507432,30,0.00298513623,1.53833415e-09,0
0.4016,29.8507432,30,0.00298513623,1.53833415e-09,0
0.4017,29.8507432,30,0.00298513623,1.53833415e-09,0
0.4018,29.8507432,30,0.00298513623,1.53833415e-09,0
0.4019,29.8507432,30,0.00298513623,1.53833415e-09,0
0.402,29.8507432,30,0.00298513623,1.53833415e-09,0
0.4021,29.8507432,30,0.00298513381,1.47805777e-09,0
0.4022,29.8507433,30,0.00298513381,1.47805777e-09,0
0.4023,29.8507433,30,0.00298513381,1.47805777e-09,0
0.4024,29.8507433,30,0.00298513381,1.47805777e-09,0
0.4025,29.8507433,30,0.00298513381,1.47805777e-09,0
0.4026,29.8507433,30,0.00298513381,1.47805777e-09,0
0.4027,29.8507433,30,0.00298513381,1.47805777e-09,0
0.4028,29.8507433,30,0.00298513381,1.47805777e-09,0
0.4029,29.8507433,30,0.00298513381,1.47805777e-09,0
0.403,29.8507434,30,0.00298513381,1.47805777e-09,0
0.4031,29.8507434,30,0.00298513149,1.42014221e-09,0
0.4032,29.8507434,30,0.00298513149,1.42014221e-09,0
0.4033,29.8507434,30,0.00298513149,1.42014221e-09,0
0.4034,29.8507434,30,0.00298513149,1.42014221e-09,0
0.4035,29.8507434,30,0.00298513149,1.42014221e-09,0
0.4036,29.8507434,30,0.00298513149,1.42014221e-09,0
0.4037,29.8507434,30,0.00298513149,1.42014221e-09,0
0.4038,29.8507434,30,0.00298513149,1.42014221e-09,0
0.4039,29.8507435,30,0.00298513149,1.42014221e-09,0
0.404,29.8507435,30,0.00298513149,1.42014221e-09,0
0.4041,29.8507435,30,0.00298512927,1.36449732e-09,0
0.4042,29.8507435,30,0.00298512927,1.36449732e-09,0
0.4043,29.8507435,30,0.00298512927,1.36449732e-09,0
0.4044,29.8507435,30,0.00298512927,1.36449732e-09,0
0.4045,29.8507435,30,0.00298512927,1.36449732e-09,0
0.4046,29.8507435,30,0.00298512927,1.36449732e-09,0
0.4047,29.8507435,30,0.00298512927,1.36449732e-09,0
0.4048,29.8507436,30,0.00298512927,1.36449732e-09,0
0.4049,29.8507436,30,0.00298512927,1.36449732e-09,0
0.405,29.8507436,30,0.00298512927,1.36449732e-09,0
0.4051,29.8507436,30,0.00298512712,1.3110324e-09,0
0.4052,29.8507436,30,0.00298512712,1.3110324e-09,0
0.4053,29.8507436,30,0.00298512712,1.3110324e-09,0
0.4054,29.8507436,30,0.00298512712,1.3110324e-09,0
0.4055,29.8507436,30,0.00298512712,1.3110324e-09,0
0.4056,29.8507436,30,0.00298512712,1.3110324e-09,0
0.4057,29.8507436,30,0.00298512712,1.3110324e-09,0
0.4058,29.8507437,30,0.00298512712,1.3110324e-09,0
0.4059,29.8507437,30,0.00298512712,1.3110324e-09,0
0.406,29.8507437,30,0.00298512712,1.3110324e-09,0
0.4061,29.8507437,30,0.00298512507,1.25966226e-09,0
0.4062,29.8507437,30,0.00298512507,1.25966226e-09,0
0.4063,29.8507437,30,0.00298512507,1.25966226e-09,0
0.4064,29.8507437,30,0.00298512507,1.25966226e-09,0
0.4065,29.8507437,30,0.00298512507,1.25966226e-09,0
0.4066,29.8507437,30,0.00298512507,1.25966226e-09,0
0.4067,29.8507438,30,0.00298512507,1.25966226e-09,0
0.4068,29.8507438,30,0.00298512507,1.25966226e-09,0
0.4069,29.8507438,30,0.00298512507,1.25966226e-09,0
0.407,29.8507438,30,0.00298512507,1.25966226e-09,0
0.4071,29.8507438,30,0.00298512309,1.21030595e-09,0
0.4072,29.8507438,30,0.00298512309,1.21030595e-09,0
0.4073,29.8507438,30,0.00298512309,1.21030595e-09,0
0.4074,29.8507438,30,0.00298512309,1.21030595e-09,0
0.4075,29.8507438,30,0.00298512309,1.21030595e-09,0
0.4076,29.8507438,30,0.00298512309,1.21030595e-09,0
0.4077,29.8507439,30,0.00298512309,1.21030595e-09,0
0.4078,29.8507439,30,0.00298512309,1.21030595e-09,0
0.4079,29.8507439,30,0.00298512309,1.21030595e-09,0
0.408,29.8507439,30,0.00298512309,1.21030595e-09,0
0.4081,29.8507439,30,0.00298512119,1.16288329e-09,0
0.4082,29.8507439,30,0.00298512119,1.16288329e-09,0
0.4083,29.8507439,30,0.00298512119,1.16288329e-09,0
0.4084,29.8507439,30,0.00298512119,1.16288329e-09,0
0.4085,29.8507439,30,0.00298512119,1.16288329e-09,0
0.4086,29.8507439,30,0.00298512119,1.16288329e-09,0
0.4087,29.8507439,30,0.00298512119,1.16288329e-09,0
0.4088,29.850744,30,0.00298512119,1.16288329e-09,0
0.4089,29.850744,30,0.00298512119,1.16288329e-09,0
0.409,29.850744,30,0.00298512119,1.16288329e-09,0
0.4091,29.850744,30,0.00298511937,1.11731844e-09,0
0.4092,29.850744,30,0.00298511937,1.11731844e-09,0
0.4093,29.850744,30,0.00298511937,1.11731844e-09,0
0.4094,29.850744,30,0.00298511937,1.11731844e-09,0
0.4095,29.850744,30,0.00298511937,1.11731844e-09,0
0.4096,29.850744,30,0.00298511937,1.11731844e-09,0
0.4097,29.850744,30,0.00298511937,1.11731844e-09,0
0.4098,29.850744,30,0.00298511937,1.11731844e-09,0
0.4099,29.8507441,30,0.00298511937,1.11731844e-09,0
0.41,29.8507441,30,0.00298511937,1.11731844e-09,0
0.4101,29.8507441,30,0.00298511761,1.0735387e-09,0
0.4102,29.8507441,30,0.00298511761,1.0735387e-09,0
0.4103,29.8507441,30,0.00298511761,1.0735387e-09,0
0.4104,29.8507441,30,0.00298511761,1.0735387e-09,0
0.4105,29.8507441,30,0.00298511761,1.0735387e-09,0
0.4106,29.8507441,30,0.00298511761,1.0735387e-09,0
0.4107,29.8507441,30,0.00298511761,1.0735387e-09,0
0.4108,29.8507441,30,0.00298511761,1.0735387e-09,0
0.4109,29.8507441,30,0.00298511761,1.0735387e-09,0
0.411,29.8507441,30,0.00298511761,1.0735387e-09,0
0.4111,29.8507442,30,0.00298511593,1.03147429e-09,0
0.4112,29.8507442,30,0.00298511593,1.03147429e-09,0
0.4113,29.8507442,30,0.00298511593,1.03147429e-09,0
0.4114,29.8507442,30,0.00298511593,1.03147429e-09,0
0.4115,29.8507442,30,0.00298511593,1.03147429e-09,0
0.4116,29.8507442,30,0.00298511593,1.03147429e-09,0
0.4117,29.8507442,30,0.00298511593,1.03147429e-09,0
0.4118,29.8507442,30,0.00298511593,1.03147429e-09,0
0.4119,29.8507442,30,0.00298511593,1.03147429e-09,0
0.412,29.8507442,30,0.00298511593,1.03147429e-09,0
0.4121,29.8507442,30,0.00298511431,9.91058202e-10,0
0.4122,29.8507442,30,0.00298511431,9.91058202e-10,0
0.4123,29.8507443,30,0.00298511431,9.91058202e-10,0
0.4124,29.8507443,30,0.00298511431,9.91058202e-10,0
0.4125,29.8507443,30,0.00298511431,9.91058202e-10,0
0.4126,29.8507443,30,0.00298511431,9.91058202e-10,0
0.4127,29.8507443,30,0.00298511431,9.91058202e-10,0
0.4128,29.8507443,30,0.00298511431,9.91058202e-10,0
0.4129,29.8507443,30,0.00298511431,9.91058202e-10,0
0.413,29.8507443,30,0.00298511431,9.91058202e-10,0
0.4131,29.8507443,30,0.00298511276,9.52225785e-10,0
0.4132,29.8507443,30,0.00298511276,9.52225785e-10,0
0.4133,29.8507443,30,0.00298511276,9.52225785e-10,0
0.4134,29.8507443,30,0.00298511276,9.52225785e-10,0
0.4135,29.8507444,30,0.00298511276,9.52225785e-10,0
0.4136,29.8507444,30,0.00298511276,9.52225785e-10,0
0.4137,29.8507444,30,0.00298511276,9.52225785e-10,0
0.4138,29.8507444,30,0.00298511276,9.52225785e-10,0
0.4139,29.8507444,30,0.00298511276,9.52225785e-10,0
0.414,29.8507444,30,0.00298511276,9.52225785e-10,0
0.4141,29.8507444,30,0.00298511126,9.14914101e-10,0
0.4142,29.8507444,30,0.00298511126,9.14914101e-10,0
0.4143,29.8507444,30,0.00298511126,9.14914101e-10,0
0.4144,29.8507444,30,0.00298511126,9.14914101e-10,0
0.4145,29.8507444,30,0.00298511126,9.14914101e-10,0
0.4146,29.8507444,30,0.00298511126,9.14914101e-10,0
0.4147,29.8507444,30,0.00298511126,9.14914101e-10,0
0.4148,29.8507444,30,0.00298511126,9.14914101e-10,0
0.4149,29.8507445,30,0.00298511126,9.14914101e-10,0
0.415,29.8507445,30,0.00298511126,9.14914101e-10,0
0.4151,29.8507445,30,0.00298510983,8.79065019e-10,0
0.4152,29.8507445,30,0.00298510983,8.79065019e-10,0
0.4153,29.8507445,30,0.00298510983,8.79065019e-10,0
0.4154,29.8507445,30,0.00298510983,8.79065019e-10,0
0.4155,29.8507445,30,0.00298510983,8.79065019e-10,0
0.4156,29.8507445,30,0.00298510983,8.79065019e-10,0
0.4157,29.8507445,30,0.00298510983,8.79065019e-10,0
0.4158,29.8507445,30,0.00298510983,8.79065019e-10,0
0.4159,29.8507445,30,0.00298510983,8.79065019e-10,0
0.416,29.8507445,30,0.00298510983,8.79065019e-10,0
0.4161,29.8507445,30,0.00298510845,8.44621274e-10,0
0.4162,29.8507445,30,0.00298510845,8.44621274e-10,0
0.4163,29.8507446,30,0.00298510845,8.44621274e-10,0
0.4164,29.8507446,30,0.00298510845,8.44621274e-10,0
0.4165,29.8507446,30,0.00298510845,8.44621274e-10,0
0.4166,29.8507446,30,0.00298510845,8.44621274e-10,0
0.4167,29.8507446,30,0.00298510845,8.44621274e-10,0
0.4168,29.8507446,30,0.00298510845,8.44621274e-10,0
0.4169,29.8507446,30,0.00298510845,8.44621274e-10,0
0.417,29.8507446,30,0.00298510845,8.44621274e-10,0
0.4171,29.8507446,30,0.00298510712,8.11526648e-10,0
0.4172,29.8507446,30,0.00298510712,8.11526648e-10,0
0.4173,29.8507446,30,0.00298510712,8.11526648e-10,0
0.4174,29.8507446,30,0.00298510712,8.11526648e-10,0
0.4175,29.8507446,30,0.00298510712,8.11526648e-10,0
0.4176,29.8507446,30,0.00298510712,8.11526648e-10,0
0.4177,29.8507446,30,0.00298510712,8.11526648e-10,0
0.4178,29.8507447,30,0.00298510712,8.11526648e-10,0
0.4179,29.8507447,30,0.00298510712,8.11526648e-10,0
0.418,29.8507447,30,0.00298510712,8.11526648e-10,0
0.4181,29.8507447,30,0.00298510585,7.79728775e-10,0
0.4182,29.8507447,30,0.00298510585,7.79728775e-10,0
0.4183,29.8507447,30,0.00298510585,7.79728775e-10,0
0.4184,29.8507447,30,0.00298510585,7.79728775e-10,0
0.4185,29.8507447,30,0.00298510585,7.79728775e-10,0
0.4186,29.8507447,30,0.00298510585,7.79728775e-10,0
0.4187,29.8507447,30,0.00298510585,7.79728775e-10,0
0.4188,29.8507447,30,0.00298510585,7.79728775e-10,0
0.4189,29.8507447,30,0.00298510585,7.79728775e-10,0
0.419,29.8507447,30,0.00298510585,7.79728775e-10,0
0.4191,29.8507447,30,0.00298510463,7.49176791e-10,0
0.4192,29.8507447,30,0.00298510463,7.49176791e-10,0
0.4193,29.8507447,30,0.00298510463,7.49176791e-10,0
0.4194,29.8507448,30,0.00298510463,7.49176791e-10,0
0.4195,29.8507448,30,0.00298510463,7.49176791e-10,0
0.4196,29.8507448,30,0.00298510463,7.49176791e-10,0
0.4197,29.8507448,30,0.00298510463,7.49176791e-10,0
0.4198,29.8507448,30,0.00298510463,7.49176791e-10,0
0.4199,29.8507448,30,0.00298510463,7.49176791e-10,0
0.42,29.8507448,30,0.00298510463,7.49176791e-10,0
0.4201,29.8507448,30,0.00298510345,7.19821489e-10,0
0.4202,29.8507448,30,0.00298510345,7.19821489e-10,0
0.4203,29.8507448,30,0.00298510345,7.19821489e-10,0
0.4204,29.8507448,30,0.00298510345,7.19821489e-10,0
0.4205,29.8507448,30,0.00298510345,7.19821489e-10,0
0.4206,29.8507448,30,0.00298510345,7.19821489e-10,0
0.4207,29.8507448,30,0.00298510345,7.19821489e-10,0
0.4208,29.8507448,30,0.00298510345,7.19821489e-10,0
0.4209,29.8507448,30,0.00298510345,7.19821489e-10,0
0.421,29.8507448,30,0.00298510345,7.19821489e-10,0
0.4211,29.8507449,30,0.00298510232,6.91616939e-10,0
0.4212,29.8507449,30,0.00298510232,6.91616939e-10,0
0.4213,29.8507449,30,0.00298510232,6.91616939e-10,0
0.4214,29.8507449,30,0.00298510232,6.91616939e-10,0
0.4215,29.8507449,30,0.00298510232,6.91616939e-10,0
0.4216,29.8507449,30,0.00298510232,6.91616939e-10,0
0.4217,29.8507449,30,0.00298510232,6.91616939e-10,0
0.4218,29.8507449,30,0.00298510232,6.91616939e-10,0
0.4219,29.8507449,30,0.00298510232,6.91616939e-10,0
0.422,29.8507449,30,0.00298510232,6.91616939e-10,0
0.4221,29.8507449,30,0.00298510124,6.64517238e-10,0
0.4222,29.8507449,30,0.00298510124,6.64517238e-10,0
0.4223,29.8507449,30,0.00298510124,6.64517238e-10,0
0.4224,29.8507449,30,0.00298510124,6.64517238e-10,0
0.4225,29.8507449,30,0.00298510124,6.64517238e-10,0
0.4226,29.8507449,30,0.00298510124,6.64517238e-10,0
0.4227,29.8507449,30,0.00298510124,6.64517238e-10,0
0.4228,29.8507449,30,0.00298510124,6.64517238e-10,0
0.4229,29.850745,30,0.00298510124,6.64517238e-10,0
0.423,29.850745,30,0.00298510124,6.64517238e-10,0
0.4231,29.850745,30,0.00298510019,6.38479605e-10,0
0.4232,29.850745,30,0.00298510019,6.38479605e-10,0
0.4233,29.850745,30,0.00298510019,6.38479605e-10,0
0.4234,29.850745,30,0.00298510019,6.38479605e-10,0
0.4235,29.850745,30,0.00298510019,6.38479605e-10,0
0.4236,29.850745,30,0.00298510019,6.38479605e-10,0
0.4237,29.850745,30,0.00298510019,6.38479605e-10,0
0.4238,29.850745,30,0.00298510019,6.38479605e-10,0
0.4239,29.850745,30,0.00298510019,6.38479605e-10,0
0.424,29.850745,30,0.00298510019,6.38479605e-10,0
0.4241,29.850745,30,0.00298509919,6.13462021e-10,0
0.4242,29.850745,30,0.00298509919,6.13462021e-10,0
0.4243,29.850745,30,0.00298509919,6.13462021e-10,0
0.4244,29.850745,30,0.00298509919,6.13462021e-10,0
0.4245,29.850745,30,0.00298509919,6.13462021e-10,0
0.4246,29.850745,30,0.00298509919,6.13462021e-10,0
0.4247,29.850745,30,0.00298509919,6.13462021e-10,0
0.4248,29.850745,30,0.00298509919,6.13462021e-10,0
0.4249,29.8507451,30,0.00298509919,6.13462021e-10,0
0.425,29.8507451,30,0.00298509919,6.13462021e-10,0
0.4251,29.8507451,30,0.00298509823,5.89424826e-10,0
0.4252,29.8507451,30,0.00298509823,5.89424826e-10,0
0.4253,29.8507451,30,0.00298509823,5.89424826e-10,0
0.4254,29.8507451,30,0.00298509823,5.89424826e-10,0
0.4255,29.8507451,30,0.00298509823,5.89424826e-10,0
0.4256,29.8507451,30,0.00298509823,5.89424826e-10,0
0.4257,29.8507451,30,0.00298509823,5.89424826e-10,0
0.4258,29.8507451,30,0.00298509823,5.89424826e-10,0
0.4259,29.8507451,30,0.00298509823,5.89424826e-10,0
0.426,29.8507451,30,0.00298509823,5.89424826e-10,0
0.4261,29.8507451,30,0.0029850973,5.66329911e-10,0
0.4262,29.8507451,30,0.0029850973,5.66329911e-10,0
0.4263,29.8507451,30,0.0029850973,5.66329911e-10,0
0.4264,29.8507451,30,0.0029850973,5.66329911e-10,0
0.4265,29.8507451,30,0.0029850973,5.66329911e-10,0
0.4266,29.8507451,30,0.0029850973,5.66329911e-10,0
0.4267,29.8507451,30,0.0029850973,5.66329911e-10,0
0.4268,29.8507451,30,0.0029850973,5.66329911e-10,0
0.4269,29.8507451,30,0.0029850973,5.66329911e-10,0
0.427,29.8507452,30,0.0029850973,5.66329911e-10,0
0.4271,29.8507452,30,0.00298509642,5.44139391e-10,0
0.4272,29.8507452,30,0.00298509642,5.44139391e-10,0
0.4273,29.8507452,30,0.00298509642,5.44139391e-10,0
0.4274,29.8507452,30,0.00298509642,5.44139391e-10,0
0.4275,29.8507452,30,0.00298509642,5.44139391e-10,0
0.4276,29.8507452,30,0.00298509642,5.44139391e-10,0
0.4277,29.8507452,30,0.00298509642,5.44139391e-10,0
0.4278,29.8507452,30,0.00298509642,5.44139391e-10,0
0.4279,29.8507452,30,0.00298509642,5.44139391e-10,0
0.428,29.8507452,30,0.00298509642,5.44139391e-10,0
0.4281,29.8507452,30,0.00298509556,5.22818442e-10,0
0.4282,29.8507452,30,0.00298509556,5.22818442e-10,0
0.4283,29.8507452,30,0.00298509556,5.22818442e-10,0
0.4284,29.8507452,30,0.00298509556,5.22818442e-10,0
0.4285,29.8507452,30,0.00298509556,5.22818442e-10,0
0.4286,29.8507452,30,0.00298509556,5.22818442e-10,0
0.4287,29.8507452,30,0.00298509556,5.22818442e-10,0
0.4288,29.8507452,30,0.00298509556,5.22818442e-10,0
0.4289,29.8507452,30,0.00298509556,5.22818442e-10,0
0.429,29.8507452,30,0.00298509556,5.22818442e-10,0
0.4291,29.8507452,30,0.00298509474,5.02332422e-10,0
0.4292,29.8507452,30,0.00298509474,5.02332422e-10,0
0.4293,29.8507452,30,0.00298509474,5.02332422e-10,0
0.4294,29.8507453,30,0.00298509474,5.02332422e-10,0
0.4295,29.8507453,30,0.00298509474,5.02332422e-10,0
0.4296,29.8507453,30,0.00298509474,5.02332422e-10,0
0.4297,29.8507453,30,0.00298509474,5.02332422e-10,0
0.4298,29.8507453,30,0.00298509474,5.02332422e-10,0
0.4299,29.8507453,30,0.00298509474,5.02332422e-10,0
0.43,29.8507453,30,0.00298509474,5.02332422e-10,0
0.4301,29.8507453,30,0.00298509395,4.82649619e-10,0
0.4302,29.8507453,30,0.00298509395,4.82649619e-10,0
0.4303,29.8507453,30,0.00298509395,4.82649619e-10,0
0.4304,29.8507453,30,0.00298509395,4.82649619e-10,0
0.4305,29.8507453,30,0.00298509395,4.82649619e-10,0
0.4306,29.8507453,30,0.00298509395,4.82649619e-10,0
0.4307,29.8507453,30,0.00298509395,4.82649619e-10,0
0.4308,29.8507453,30,0.00298509395,4.82649619e-10,0
0.4309,29.8507453,30,0.00298509395,4.82649619e-10,0
0.431,29.8507453,30,0.00298509395,4.82649619e-10,0
0.4311,29.8507453,30,0.0029850932,4.6373813e-10,0
0.4312,29.8507453,30,0.0029850932,4.6373813e-10,0
0.4313,29.8507453,30,0.0029850932,4.6373813e-10,0
0.4314,29.8507453,30,0.0029850932,4.6373813e-10,0
0.4315,29.8507453,30,0.0029850932,4.6373813e-10,0
0.4316,29.8507453,30,0.0029850932,4.6373813e-10,0
0.4317,29.8507453,30,0.0029850932,4.6373813e-10,0
0.4318,29.8507453,30,0.0029850932,4.6373813e-10,0
0.4319,29.8507453,30,0.0029850932,4.6373813e-10,0
0.432,29.8507454,30,0.0029850932,4.6373813e-10,0
0.4321,29.8507454,30,0.00298509247,4.45568398e-10,0
0.4322,29.8507454,30,0.00298509247,4.45568398e-10,0
0.4323,29.8507454,30,0.00298509247,4.45568398e-10,0
0.4324,29.8507454,30,0.00298509247,4.45568398e-10,0
0.4325,29.8507454,30,0.00298509247,4.45568398e-10,0
0.4326,29.8507454,30,0.00298509247,4.45568398e-10,0
0.4327,29.8507454,30,0.00298509247,4.45568398e-10,0
0.4328,29.8507454,30,0.00298509247,4.45568398e-10,0
0.4329,29.8507454,30,0.00298509247,4.45568398e-10,0
0.433,29.8507454,30,0.00298509247,4.45568398e-10,0
0.4331,29.8507454,30,0.00298509177,4.28109766e-10,0
0.4332,29.8507454,30,0.00298509177,4.28109766e-10,0
0.4333,29.8507454,30,0.00298509177,4.28109766e-10,0
0.4334,29.8507454,30,0.00298509177,4.28109766e-10,0
0.4335,29.8507454,30,0.00298509177,4.28109766e-10,0
0.4336,29.8507454,30,0.00298509177,4.28109766e-10,0
0.4337,29.8507454,30,0.00298509177,4.28109766e-10,0
0.4338,29.8507454,30,0.00298509177,4.28109766e-10,0
0.4339,29.8507454,30,0.00298509177,4.28109766e-10,0
0.434,29.8507454,30,0.00298509177,4.28109766e-10,0
0.4341,29.8507454,30,0.0029850911,4.11335378e-10,0
0.4342,29.8507454,30,0.0029850911,4.11335378e-10,0
0.4343,29.8507454,30,0.0029850911,4.11335378e-10,0
0.4344,29.8507454,30,0.0029850911,4.11335378e-10,0
0.4345,29.8507454,30,0.0029850911,4.11335378e-10,0
0.4346,29.8507454,30,0.0029850911,4.11335378e-10,0
0.4347,29.8507454,30,0.0029850911,4.11335378e-10,0
0.4348,29.8507455,30,0.0029850911,4.11335378e-10,0
0.4349,29.8507455,30,0.0029850911,4.11335378e-10,0
0.435,29.8507455,30,0.0029850911,4.11335378e-10,0
0.4351,29.8507455,30,0.00298509045,3.95218267e-10,0
0.4352,29.8507455,30,0.00298509045,3.95218267e-10,0
0.4353,29.8507455,30,0.00298509045,3.95218267e-10,0
0.4354,29.8507455,30,0.00298509045,3.95218267e-10,0
0.4355,29.8507455,30,0.00298509045,3.95218267e-10,0
0.4356,29.8507455,30,0.00298509045,3.95218267e-10,0
0.4357,29.8507455,30,0.00298509045,3.95218267e-10,0
0.4358,29.8507455,30,0.00298509045,3.95218267e-10,0
0.4359,29.8507455,30,0.00298509045,3.95218267e-10,0
0.436,29.8507455,30,0.00298509045,3.95218267e-10,0
0.4361,29.8507455,30,0.00298508983,3.79732293e-10,0
0.4362,29.8507455,30,0.00298508983,3.79732293e-10,0
0.4363,29.8507455,30,0.00298508983,3.79732293e-10,0
0.4364,29.8507455,30,0.00298508983,3.79732293e-10,0
0.4365,29.8507455,30,0.00298508983,3.79732293e-10,0
0.4366,29.8507455,30,0.00298508983,3.79732293e-10,0
0.4367,29.8507455,30,0.00298508983,3.79732293e-10,0
0.4368,29.8507455,30,0.00298508983,3.79732293e-10,0
0.4369,29.8507455,30,0.00298508983,3.79732293e-10,0
0.437,29.8507455,30,0.00298508983,3.79732293e-10,0
0.4371,29.8507455,30,0.00298508924,3.64853168e-10,0
0.4372,29.8507455,30,0.00298508924,3.64853168e-10,0
0.4373,29.8507455,30,0.00298508924,3.64853168e-10,0
0.4374,29.8507455,30,0.00298508924,3.64853168e-10,0
0.4375,29.8507455,30,0.00298508924,3.64853168e-10,0
0.4376,29.8507455,30,0.00298508924,3.64853168e-10,0
0.4377,29.8507455,30,0.00298508924,3.64853168e-10,0
0.4378,29.8507455,30,0.00298508924,3.64853168e-10,0
0.4379,29.8507455,30,0.00298508924,3.64853168e-10,0
0.438,29.8507455,30,0.00298508924,3.64853168e-10,0
0.4381,29.8507456,30,0.00298508866,3.50556503e-10,0
0.4382,29.8507456,30,0.00298508866,3.50556503e-10,0
0.4383,29.8507456,30,0.00298508866,3.50556503e-10,0
0.4384,29.8507456,30,0.00298508866,3.50556503e-10,0
0.4385,29.8507456,30,0.00298508866,3.50556503e-10,0
0.4386,29.8507456,30,0.00298508866,3.50556503e-10,0
0.4387,29.8507456,30,0.00298508866,3.50556503e-10,0
0.4388,29.8507456,30,0.00298508866,3.50556503e-10,0
0.4389,29.8507456,30,0.00298508866,3.50556503e-10,0
0.439,29.8507456,30,0.00298508866,3.50556503e-10,0
0.4391,29.8507456,30,0.00298508811,3.36821025e-10,0
0.4392,29.8507456,30,0.00298508811,3.36821025e-10,0
0.4393,29.8507456,30,0.00298508811,3.36821025e-10,0
0.4394,29.8507456,30,0.00298508811,3.36821025e-10,0
0.4395,29.8507456,30,0.00298508811,3.36821025e-10,0
0.4396,29.8507456,30,0.00298508811,3.36821025e-10,0
0.4397,29.8507456,30,0.00298508811,3.36821025e-10,0
0.4398,29.8507456,30,0.00298508811,3.36821025e-10,0
0.4399,29.8507456,30,0.00298508811,3.36821025e-10,0
0.44,29.8507456,30,0.00298508811,3.36821025e-10,0
0.4401,29.8507456,30,0.00298508759,3.23623396e-10,0
0.4402,29.8507456,30,0.00298508759,3.23623396e-10,0
0.4403,29.8507456,30,0.00298508759,3.23623396e-10,0
0.4404,29.8507456,30,0.00298508759,3.23623396e-10,0
0.4405,29.8507456,30,0.00298508759,3.23623396e-10,0
0.4406,29.8507456,30,0.00298508759,3.23623396e-10,0
0.4407,29.8507456,30,0.00298508759,3.23623396e-10,0
0.4408,29.8507456,30,0.00298508759,3.23623396e-10,0
0.4409,29.8507456,30,0.00298508759,3.23623396e-10,0
0.441,29.8507456,30,0.00298508759,3.23623396e-10,0
0.4411,29.8507456,30,0.00298508708,3.10942985e-10,0
0.4412,29.8507456,30,0.00298508708,3.10942985e-10,0
0.4413,29.8507456,30,0.00298508708,3.10942985e-10,0
0.4414,29.8507456,30,0.00298508708,3.10942985e-10,0
0.4415,29.8507456,30,0.00298508708,3.10942985e-10,0
0.4416,29.8507456,30,0.00298508708,3.10942985e-10,0
0.4417,29.8507456,30,0.00298508708,3.10942985e-10,0
0.4418,29.8507456,30,0.00298508708,3.10942985e-10,0
0.4419,29.8507457,30,0.00298508708,3.10942985e-10,0
0.442,29.8507457,30,0.00298508708,3.10942985e-10,0
0.4421,29.8507457,30,0.00298508659,2.98759458e-10,0
0.4422,29.8507457,30,0.00298508659,2.98759458e-10,0
0.4423,29.8507457,30,0.00298508659,2.98759458e-10,0
0.4424,29.8507457,30,0.00298508659,2.98759458e-10,0
0.4425,29.8507457,30,0.00298508659,2.98759458e-10,0
0.4426,29.8507457,30,0.00298508659,2.98759458e-10,0
0.4427,29.8507457,30,0.00298508659,2.98759458e-10,0
0.4428,29.8507457,30,0.00298508659,2.98759458e-10,0
0.4429,29.8507457,30,0.00298508659,2.98759458e-10,0
0.443,29.8507457,30,0.00298508659,2.98759458e-10,0
0.4431,29.8507457,30,0.00298508612,2.87053196e-10,0
0.4432,29.8507457,30,0.00298508612,2.87053196e-10,0
0.4433,29.8507457,30,0.00298508612,2.87053196e-10,0
0.4434,29.8507457,30,0.00298508612,2.87053196e-10,0
0.4435,29.8507457,30,0.00298508612,2.87053196e-10,0
0.4436,29.8507457,30,0.00298508612,2.87053196e-10,0
0.4437,29.8507457,30,0.00298508612,2.87053196e-10,0
0.4438,29.8507457,30,0.00298508612,2.87053196e-10,0
0.4439,29.8507457,30,0.00298508612,2.87053196e-10,0
0.444,29.8507457,30,0.00298508612,2.87053196e-10,0
0.4441,29.8507457,30,0.00298508567,2.75805915e-10,0
0.4442,29.8507457,30,0.00298508567,2.75805915e-10,0
0.4443,29.8507457,30,0.00298508567,2.75805915e-10,0
0.4444,29.8507457,30,0.00298508567,2.75805915e-10,0
0.4445,29.8507457,30,0.00298508567,2.75805915e-10,0
0.4446,29.8507457,30,0.00298508567,2.75805915e-10,0
0.4447,29.8507457,30,0.00298508567,2.75805915e-10,0
0.4448,29.8507457,30,0.00298508567,2.75805915e-10,0
0.4449,29.8507457,30,0.00298508567,2.75805915e-10,0
0.445,29.8507457,30,0.00298508567,2.75805915e-10,0
0.4451,29.8507457,30,0.00298508524,2.64998649e-10,0
0.4452,29.8507457,30,0.00298508524,2.64998649e-10,0
0.4453,29.8507457,30,0.00298508524,2.64998649e-10,0
0.4454,29.8507457,30,0.00298508524,2.64998649e-10,0
0.4455,29.8507457,30,0.00298508524,2.64998649e-10,0
0.4456,29.8507457,30,0.00298508524,2.64998649e-10,0
0.4457,29.8507457,30,0.00298508524,2.64998649e-10,0
0.4458,29.8507457,30,0.00298508524,2.64998649e-10,0
0.4459,29.8507457,30,0.00298508524,2.64998649e-10,0
0.446,29.8507457,30,0.00298508524,2.64998649e-10,0
0.4461,29.8507457,30,0.00298508482,2.54615325e-10,0
0.4462,29.8507457,30,0.00298508482,2.54615325e-10,0
0.4463,29.8507458,30,0.00298508482,2.54615325e-10,0
0.4464,29.8507458,30,0.00298508482,2.54615325e-10,0
0.4465,29.8507458,30,0.00298508482,2.54615325e-10,0
0.4466,29.8507458,30,0.00298508482,2.54615325e-10,0
0.4467,29.8507458,30,0.00298508482,2.54615325e-10,0
0.4468,29.8507458,30,0.00298508482,2.54615325e-10,0
0.4469,29.8507458,30,0.00298508482,2.54615325e-10,0
0.447,29.8507458,30,0.00298508482,2.54615325e-10,0
0.4471,29.8507458,30,0.00298508442,2.44638902e-10,0
0.4472,29.8507458,30,0.00298508442,2.44638902e-10,0
0.4473,29.8507458,30,0.00298508442,2.44638902e-10,0
0.4474,29.8507458,30,0.00298508442,2.44638902e-10,0
0.4475,29.8507458,30,0.00298508442,2.44638902e-10,0
0.4476,29.8507458,30,0.00298508442,2.44638902e-10,0
0.4477,29.8507458,30,0.00298508442,2.44638902e-10,0
0.4478,29.8507458,30,0.00298508442,2.44638902e-10,0
0.4479,29.8507458,30,0.00298508442,2.44638902e-10,0
0.448,29.8507458,30,0.00298508442,2.44638902e-10,0
0.4481,29.8507458,30,0.00298508404,2.35053182e-10,0
0.4482,29.8507458,30,0.00298508404,2.35053182e-10,0
0.4483,29.8507458,30,0.00298508404,2.35053182e-10,0
0.4484,29.8507458,30,0.00298508404,2.35053182e-10,0
0.4485,29.8507458,30,0.00298508404,2.35053182e-10,0
0.4486,29.8507458,30,0.00298508404,2.35053182e-10,0
0.4487,29.8507458,30,0.00298508404,2.35053182e-10,0
0.4488,29.8507458,30,0.00298508404,2.35053182e-10,0
0.4489,29.8507458,30,0.00298508404,2.35053182e-10,0
0.449,29.8507458,30,0.00298508404,2.35053182e-10,0
0.4491,29.8507458,30,0.00298508367,2.25843051e-10,0
0.4492,29.8507458,30,0.00298508367,2.25843051e-10,0
0.4493,29.8507458,30,0.00298508367,2.25843051e-10,0
0.4494,29.8507458,30,0.00298508367,2.25843051e-10,0
0.4495,29.8507458,30,0.00298508367,2.25843051e-10,0
0.4496,29.8507458,30,0.00298508367,2.25843051e-10,0
0.4497,29.8507458,30,0.00298508367,2.25843051e-10,0
0.4498,29.8507458,30,0.00298508367,2.25843051e-10,0
0.4499,29.8507458,30,0.00298508367,2.25843051e-10,0
0.45,29.8507458,30,0.00298508367,2.25843051e-10,0
0.4501,29.8507458,30,0.00298508332,2.16993553e-10,0
0.4502,29.8507458,30,0.00298508332,2.16993553e-10,0
0.4503,29.8507458,30,0.00298508332,2.16993553e-10,0
0.4504,29.8507458,30,0.00298508332,2.16993553e-10,0
0.4505,29.8507458,30,0.00298508332,2.16993553e-10,0
0.4506,29.8507458,30,0.00298508332,2.16993553e-10,0
0.4507,29.8507458,30,0.00298508332,2.16993553e-10,0
0.4508,29.8507458,30,0.00298508332,2.16993553e-10,0
0.4509,29.8507458,30,0.00298508332,2.16993553e-10,0
0.451,29.8507458,30,0.00298508332,2.16993553e-10,0
0.4511,29.8507458,30,0.00298508298,2.08491532e-10,0
0.4512,29.8507458,30,0.00298508298,2.08491532e-10,0
0.4513,29.8507458,30,0.00298508298,2.08491532e-10,0
0.4514,29.8507458,30,0.00298508298,2.08491532e-10,0
0.4515,29.8507458,30,0.00298508298,2.08491532e-10,0
0.4516,29.8507459,30,0.00298508298,2.08491532e-10,0
0.4517,29.8507459,30,0.00298508298,2.08491532e-10,0
0.4518,29.8507459,30,0.00298508298,2.08491532e-10,0
0.4519,29.8507459,30,0.00298508298,2.08491532e-10,0
0.452,29.8507459,30,0.00298508298,2.08491532e-10,0
0.4521,29.8507459,30,0.00298508265,2.00321924e-10,0
0.4522,29.8507459,30,0.00298508265,2.00321924e-10,0
0.4523,29.8507459,30,0.00298508265,2.00321924e-10,0
0.4524,29.8507459,30,0.00298508265,2.00321924e-10,0
0.4525,29.8507459,30,0.00298508265,2.00321924e-10,0
0.4526,29.8507459,30,0.00298508265,2.00321924e-10,0
0.4527,29.8507459,30,0.00298508265,2.00321924e-10,0
0.4528,29.8507459,30,0.00298508265,2.00321924e-10,0
0.4529,29.8507459,30,0.00298508265,2.00321924e-10,0
0.453,29.8507459,30,0.00298508265,2.00321924e-10,0
0.4531,29.8507459,30,0.00298508233,1.92472273e-10,0
0.4532,29.8507459,30,0.00298508233,1.92472273e-10,0
0.4533,29.8507459,30,0.00298508233,1.92472273e-10,0
0.4534,29.8507459,30,0.00298508233,1.92472273e-10,0
0.4535,29.8507459,30,0.00298508233,1.92472273e-10,0
0.4536,29.8507459,30,0.00298508233,1.92472273e-10,0
0.4537,29.8507459,30,0.00298508233,1.92472273e-10,0
0.4538,29.8507459,30,0.00298508233,1.92472273e-10,0
0.4539,29.8507459,30,0.00298508233,1.92472273e-10,0
0.454,29.8507459,30,0.00298508233,1.92472273e-10,0
0.4541,29.8507459,30,0.00298508203,1.8493111e-10,0
0.4542,29.8507459,30,0.00298508203,1.8493111e-10,0
0.4543,29.8507459,30,0.00298508203,1.8493111e-10,0
0.4544,29.8507459,30,0.00298508203,1.8493111e-10,0
0.4545,29.8507459,30,0.00298508203,1.8493111e-10,0
0.4546,29.8507459,30,0.00298508203,1.8493111e-10,0
0.4547,29.8507459,30,0.00298508203,1.8493111e-10,0
0.4548,29.8507459,30,0.00298508203,1.8493111e-10,0
0.4549,29.8507459,30,0.00298508203,1.8493111e-10,0
0.455,29.8507459,30,0.00298508203,1.8493111e-10,0
0.4551,29.8507459,30,0.00298508174,1.7768474e-10,0
0.4552,29.8507459,30,0.00298508174,1.7768474e-10,0
0.4553,29.8507459,30,0.00298508174,1.7768474e-10,0
0.4554,29.8507459,30,0.00298508174,1.7768474e-10,0
0.4555,29.8507459,30,0.00298508174,1.7768474e-10,0
0.4556,29.8507459,30,0.00298508174,1.7768474e-10,0
0.4557,29.8507459,30,0.00298508174,1.7768474e-10,0
0.4558,29.8507459,30,0.00298508174,1.7768474e-10,0
0.4559,29.8507459,30,0.00298508174,1.7768474e-10,0
0.456,29.8507459,30,0.00298508174,1.7768474e-10,0
0.4561,29.8507459,30,0.00298508146,1.70721953e-10,0
0.4562,29.8507459,30,0.00298508146,1.70721953e-10,0
0.4563,29.8507459,30,0.00298508146,1.70721953e-10,0
0.4564,29.8507459,30,0.00298508146,1.70721953e-10,0
0.4565,29.8507459,30,0.00298508146,1.70721953e-10,0
0.4566,29.8507459,30,0.00298508146,1.70721953e-10,0
0.4567,29.8507459,30,0.00298508146,1.70721953e-10,0
0.4568,29.8507459,30,0.00298508146,1.70721953e-10,0
0.4569,29.8507459,30,0.00298508146,1.70721953e-10,0
0.457,29.8507459,30,0.00298508146,1.70721953e-10,0
0.4571,29.8507459,30,0.0029850812,1.6403317e-10,0
0.4572,29.8507459,30,0.0029850812,1.6403317e-10,0
0.4573,29.8507459,30,0.0029850812,1.6403317e-10,0
0.4574,29.8507459,30,0.0029850812,1.6403317e-10,0
0.4575,29.8507459,30,0.0029850812,1.6403317e-10,0
0.4576,29.8507459,30,0.0029850812,1.6403317e-10,0
0.4577,29.8507459,30,0.0029850812,1.6403317e-10,0
0.4578,29.8507459,30,0.0029850812,1.6403317e-10,0
0.4579,29.8507459,30,0.0029850812,1.6403317e-10,0
0.458,29.8507459,30,0.0029850812,1.6403317e-10,0
0.4581,29.8507459,30,0.00298508094,1.57605847e-10,0
0.4582,29.8507459,30,0.00298508094,1.57605847e-10,0
0.4583,29.8507459,30,0.00298508094,1.57605847e-10,0
0.4584,29.8507459,30,0.00298508094,1.57605847e-10,0
0.4585,29.850746,30,0.00298508094,1.57605847e-10,0
0.4586,29.850746,30,0.00298508094,1.57605847e-10,0
0.4587,29.850746,30,0.00298508094,1.57605847e-10,0
0.4588,29.850746,30,0.00298508094,1.57605847e-10,0
0.4589,29.850746,30,0.00298508094,1.57605847e-10,0
0.459,29.850746,30,0.00298508094,1.57605847e-10,0
0.4591,29.850746,30,0.00298508069,1.51429497e-10,0
0.4592,29.850746,30,0.00298508069,1.51429497e-10,0
0.4593,29.850746,30,0.00298508069,1.51429497e-10,0
0.4594,29.850746,30,0.00298508069,1.51429497e-10,0
0.4595,29.850746,30,0.00298508069,1.51429497e-10,0
0.4596,29.850746,30,0.00298508069,1.51429497e-10,0
0.4597,29.850746,30,0.00298508069,1.51429497e-10,0
0.4598,29.850746,30,0.00298508069,1.51429497e-10,0
0.4599,29.850746,30,0.00298508069,1.51429497e-10,0
0.46,29.850746,30,0.00298508069,1.51429497e-10,0
0.4601,29.850746,30,0.00298508045,1.45495504e-10,0
0.4602,29.850746,30,0.00298508045,1.45495504e-10,0
0.4603,29.850746,30,0.00298508045,1.45495504e-10,0
0.4604,29.850746,30,0.00298508045,1.45495504e-10,0
0.4605,29.850746,30,0.00298508045,1.45495504e-10,0
0.4606,29.850746,30,0.00298508045,1.45495504e-10,0
0.4607,29.850746,30,0.00298508045,1.45495504e-10,0
0.4608,29.850746,30,0.00298508045,1.45495504e-10,0
0.4609,29.850746,30,0.00298508045,1.45495504e-10,0
0.461,29.850746,30,0.00298508045,1.45495504e-10,0
0.4611,29.850746,30,0.00298508022,1.39794258e-10,0
0.4612,29.850746,30,0.00298508022,1.39794258e-10,0
0.4613,29.850746,30,0.00298508022,1.39794258e-10,0
0.4614,29.850746,30,0.00298508022,1.39794258e-10,0
0.4615,29.850746,30,0.00298508022,1.39794258e-10,0
0.4616,29.850746,30,0.00298508022,1.39794258e-10,0
0.4617,29.850746,30,0.00298508022,1.39794258e-10,0
0.4618,29.850746,30,0.00298508022,1.39794258e-10,0
0.4619,29.850746,30,0.00298508022,1.39794258e-10,0
0.462,29.850746,30,0.00298508022,1.39794258e-10,0
0.4621,29.850746,30,0.00298508001,1.34316764e-10,0
0.4622,29.850746,30,0.00298508001,1.34316764e-10,0
0.4623,29.850746,30,0.00298508001,1.34316764e-10,0
0.4624,29.850746,30,0.00298508001,1.34316764e-10,0
0.4625,29.850746,30,0.00298508001,1.34316764e-10,0
0.4626,29.850746,30,0.00298508001,1.34316764e-10,0
0.4627,29.850746,30,0.00298508001,1.34316764e-10,0
0.4628,29.850746,30,0.00298508001,1.34316764e-10,0
0.4629,29.850746,30,0.00298508001,1.34316764e-10,0
0.463,29.850746,30,0.00298508001,1.34316764e-10,0
0.4631,29.850746,30,0.00298507979,1.29053904e-10,0
0.4632,29.850746,30,0.00298507979,1.29053904e-10,0
0.4633,29.850746,30,0.00298507979,1.29053904e-10,0
0.4634,29.850746,30,0.00298507979,1.29053904e-10,0
0.4635,29.850746,30,0.00298507979,1.29053904e-10,0
0.4636,29.850746,30,0.00298507979,1.29053904e-10,0
0.4637,29.850746,30,0.00298507979,1.29053904e-10,0
0.4638,29.850746,30,0.00298507979,1.29053904e-10,0
0.4639,29.850746,30,0.00298507979,1.29053904e-10,0
0.464,29.850746,30,0.00298507979,1.29053904e-10,0
0.4641,29.850746,30,0.00298507959,1.23997567e-10,0
0.4642,29.850746,30,0.00298507959,1.23997567e-10,0
0.4643,29.850746,30,0.00298507959,1.23997567e-10,0
0.4644,29.850746,30,0.00298507959,1.23997567e-10,0
0.4645,29.850746,30,0.00298507959,1.23997567e-10,0
0.4646,29.850746,30,0.00298507959,1.23997567e-10,0
0.4647,29.850746,30,0.00298507959,1.23997567e-10,0
0.4648,29.850746,30,0.00298507959,1.23997567e-10,0
0.4649,29.850746,30,0.00298507959,1.23997567e-10,0
0.465,29.850746,30,0.00298507959,1.23997567e-10,0
0.4651,29.850746,30,0.0029850794,1.19139117e-10,0
0.4652,29.850746,30,0.0029850794,1.19139117e-10,0
0.4653,29.850746,30,0.0029850794,1.19139117e-10,0
0.4654,29.850746,30,0.0029850794,1.19139117e-10,0
0.4655,29.850746,30,0.0029850794,1.19139117e-10,0
0.4656,29.850746,30,0.0029850794,1.19139117e-10,0
0.4657,29.850746,30,0.0029850794,1.19139117e-10,0
0.4658,29.850746,30,0.0029850794,1.19139117e-10,0
0.4659,29.850746,30,0.0029850794,1.19139117e-10,0
0.466,29.850746,30,0.0029850794,1.19139117e-10,0
0.4661,29.850746,30,0.00298507921,1.14470476e-10,0
0.4662,29.850746,30,0.00298507921,1.14470476e-10,0
0.4663,29.850746,30,0.00298507921,1.14470476e-10,0
0.4664,29.850746,30,0.00298507921,1.14470476e-10,0
0.4665,29.850746,30,0.00298507921,1.14470476e-10,0
0.4666,29.850746,30,0.00298507921,1.14470476e-10,0
0.4667,29.850746,30,0.00298507921,1.14470476e-10,0
0.4668,29.850746,30,0.00298507921,1.14470476e-10,0
0.4669,29.850746,30,0.00298507921,1.14470476e-10,0
0.467,29.850746,30,0.00298507921,1.14470476e-10,0
0.4671,29.850746,30,0.00298507903,1.09985141e-10,0
0.4672,29.850746,30,0.00298507903,1.09985141e-10,0
0.4673,29.850746,30,0.00298507903,1.09985141e-10,0
0.4674,29.850746,30,0.00298507903,1.09985141e-10,0
0.4675,29.850746,30,0.00298507903,1.09985141e-10,0
0.4676,29.850746,30,0.00298507903,1.09985141e-10,0
0.4677,29.850746,30,0.00298507903,1.09985141e-10,0
0.4678,29.850746,30,0.00298507903,1.09985141e-10,0
0.4679,29.8507461,30,0.00298507903,1.09985141e-10,0
0.468,29.8507461,30,0.00298507903,1.09985141e-10,0
0.4681,29.8507461,30,0.00298507886,1.05676297e-10,0
0.4682,29.8507461,30,0.00298507886,1.05676297e-10,0
0.4683,29.8507461,30,0.00298507886,1.05676297e-10,0
0.4684,29.8507461,30,0.00298507886,1.05676297e-10,0
0.4685,29.8507461,30,0.00298507886,1.05676297e-10,0
0.4686,29.8507461,30,0.00298507886,1.05676297e-10,0
0.4687,29.8507461,30,0.00298507886,1.05676297e-10,0
0.4688,29.8507461,30,0.00298507886,1.05676297e-10,0
0.4689,29.8507461,30,0.00298507886,1.05676297e-10,0
0.469,29.8507461,30,0.00298507886,1.05676297e-10,0
0.4691,29.8507461,30,0.00298507869,1.01535614e-10,0
0.4692,29.8507461,30,0.00298507869,1.01535614e-10,0
0.4693,29.8507461,30,0.00298507869,1.01535614e-10,0
0.4694,29.8507461,30,0.00298507869,1.01535614e-10,0
0.4695,29.8507461,30,0.00298507869,1.01535614e-10,0
0.4696,29.8507461,30,0.00298507869,1.01535614e-10,0
0.4697,29.8507461,30,0.00298507869,1.01535614e-10,0
0.4698,29.8507461,30,0.00298507869,1.01535614e-10,0
0.4699,29.8507461,30,0.00298507869,1.01535614e-10,0
0.47,29.8507461,30,0.00298507869,1.01535614e-10,0
0.4701,29.8507461,30,0.00298507853,9.75571087e-11,0
0.4702,29.8507461,30,0.00298507853,9.75571087e-11,0
0.4703,29.8507461,30,0.00298507853,9.75571087e-11,0
0.4704,29.8507461,30,0.00298507853,9.75571087e-11,0
0.4705,29.8507461,30,0.00298507853,9.75571087e-11,0
0.4706,29.8507461,30,0.00298507853,9.75571087e-11,0
0.4707,29.8507461,30,0.00298507853,9.75571087e-11,0
0.4708,29.8507461,30,0.00298507853,9.75571087e-11,0
0.4709,29.8507461,30,0.00298507853,9.75571087e-11,0
0.471,29.8507461,30,0.00298507853,9.75571087e-11,0
0.4711,29.8507461,30,0.00298507838,9.37342044e-11,0
0.4712,29.8507461,30,0.00298507838,9.37342044e-11,0
0.4713,29.8507461,30,0.00298507838,9.37342044e-11,0
0.4714,29.8507461,30,0.00298507838,9.37342044e-11,0
0.4715,29.8507461,30,0.00298507838,9.37342044e-11,0
0.4716,29.8507461,30,0.00298507838,9.37342044e-11,0
0.4717,29.8507461,30,0.00298507838,9.37342044e-11,0
0.4718,29.8507461,30,0.00298507838,9.37342044e-11,0
0.4719,29.8507461,30,0.00298507838,9.37342044e-11,0
0.472,29.8507461,30,0.00298507838,9.37342044e-11,0
0.4721,29.8507461,30,0.00298507823,9.00621331e-11,0
0.4722,29.8507461,30,0.00298507823,9.00621331e-11,0
0.4723,29.8507461,30,0.00298507823,9.00621331e-11,0
0.4724,29.8507461,30,0.00298507823,9.00621331e-11,0
0.4725,29.8507461,30,0.00298507823,9.00621331e-11,0
0.4726,29.8507461,30,0.00298507823,9.00621331e-11,0
0.4727,29.8507461,30,0.00298507823,9.00621331e-11,0
0.4728,29.8507461,30,0.00298507823,9.00621331e-11,0
0.4729,29.8507461,30,0.00298507823,9.00621331e-11,0
0.473,29.8507461,30,0.00298507823,9.00621331e-11,0
0.4731,29.8507461,30,0.00298507809,8.65331292e-11,0
0.4732,29.8507461,30,0.00298507809,8.65331292e-11,0
0.4733,29.8507461,30,0.00298507809,8.65331292e-11,0
0.4734,29.8507461,30,0.00298507809,8.65331292e-11,0
0.4735,29.8507461,30,0.00298507809,8.65331292e-11,0
0.4736,29.8507461,30,0.00298507809,8.65331292e-11,0
0.4737,29.8507461,30,0.00298507809,8.65331292e-11,0
0.4738,29.8507461,30,0.00298507809,8.65331292e-11,0
0.4739,29.8507461,30,0.00298507809,8.65331292e-11,0
0.474,29.8507461,30,0.00298507809,8.65331292e-11,0
0.4741,29.8507461,30,0.00298507796,8.31424985e-11,0
0.4742,29.8507461,30,0.00298507796,8.31424985e-11,0
0.4743,29.8507461,30,0.00298507796,8.31424985e-11,0
0.4744,29.8507461,30,0.00298507796,8.31424985e-11,0
0.4745,29.8507461,30,0.00298507796,8.31424985e-11,0
0.4746,29.8507461,30,0.00298507796,8.31424985e-11,0
0.4747,29.8507461,30,0.00298507796,8.31424985e-11,0
0.4748,29.8507461,30,0.00298507796,8.31424985e-11,0
0.4749,29.8507461,30,0.00298507796,8.31424985e-11,0
0.475,29.8507461,30,0.00298507796,8.31424985e-11,0
0.4751,29.8507461,30,0.00298507783,7.98846237e-11,0
0.4752,29.8507461,30,0.00298507783,7.98846237e-11,0
0.4753,29.8507461,30,0.00298507783,7.98846237e-11,0
0.4754,29.8507461,30,0.00298507783,7.98846237e-11,0
0.4755,29.8507461,30,0.00298507783,7.98846237e-11,0
0.4756,29.8507461,30,0.00298507783,7.98846237e-11,0
0.4757,29.8507461,30,0.00298507783,7.98846237e-11,0
0.4758,29.8507461,30,0.00298507783,7.98846237e-11,0
0.4759,29.8507461,30,0.00298507783,7.98846237e-11,0
0.476,29.8507461,30,0.00298507783,7.98846237e-11,0
0.4761,29.8507461,30,0.0029850777,7.67544505e-11,0
0.4762,29.8507461,30,0.0029850777,7.67544505e-11,0
0.4763,29.8507461,30,0.0029850777,7.67544505e-11,0
0.4764,29.8507461,30,0.0029850777,7.67544505e-11,0
0.4765,29.8507461,30,0.0029850777,7.67544505e-11,0
0.4766,29.8507461,30,0.0029850777,7.67544505e-11,0
0.4767,29.8507461,30,0.0029850777,7.67544505e-11,0
0.4768,29.8507461,30,0.0029850777,7.67544505e-11,0
0.4769,29.8507461,30,0.0029850777,7.67544505e-11,0
0.477,29.8507461,30,0.0029850777,7.67544505e-11,0
0.4771,29.8507461,30,0.00298507758,7.3746927e-11,0
0.4772,29.8507461,30,0.00298507758,7.3746927e-11,0
0.4773,29.8507461,30,0.00298507758,7.3746927e-11,0
0.4774,29.8507461,30,0.00298507758,7.3746927e-11,0
0.4775,29.8507461,30,0.00298507758,7.3746927e-11,0
0.4776,29.8507461,30,0.00298507758,7.3746927e-11,0
0.4777,29.8507461,30,0.00298507758,7.3746927e-11,0
0.4778,29.8507461,30,0.00298507758,7.3746927e-11,0
0.4779,29.8507461,30,0.00298507758,7.3746927e-11,0
0.478,29.8507461,30,0.00298507758,7.3746927e-11,0
0.4781,29.8507461,30,0.00298507746,7.08569679e-11,0
0.4782,29.8507461,30,0.00298507746,7.08569679e-11,0
0.4783,29.8507461,30,0.00298507746,7.08569679e-11,0
0.4784,29.8507461,30,0.00298507746,7.08569679e-11,0
0.4785,29.8507461,30,0.00298507746,7.08569679e-11,0
0.4786,29.8507461,30,0.00298507746,7.08569679e-11,0
0.4787,29.8507461,30,0.00298507746,7.08569679e-11,0
0.4788,29.8507461,30,0.00298507746,7.08569679e-11,0
0.4789,29.8507461,30,0.00298507746,7.08569679e-11,0
0.479,29.8507461,30,0.00298507746,7.08569679e-11,0
0.4791,29.8507461,30,0.00298507735,6.80802528e-11,0
0.4792,29.8507461,30,0.00298507735,6.80802528e-11,0
0.4793,29.8507461,30,0.00298507735,6.80802528e-11,0
0.4794,29.8507461,30,0.00298507735,6.80802528e-11,0
0.4795,29.8507461,30,0.00298507735,6.80802528e-11,0
0.4796,29.8507461,30,0.00298507735,6.80802528e-11,0
0.4797,29.8507461,30,0.00298507735,6.80802528e-11,0
0.4798,29.8507461,30,0.00298507735,6.80802528e-11,0
0.4799,29.8507461,30,0.00298507735,6.80802528e-11,0
0.48,29.8507461,30,0.00298507735,6.80802528e-11,0
0.4801,29.8507461,30,0.00298507725,6.54127451e-11,0
0.4802,29.8507461,30,0.00298507725,6.54127451e-11,0
0.4803,29.8507461,30,0.00298507725,6.54127451e-11,0
0.4804,29.8507461,30,0.00298507725,6.54127451e-11,0
0.4805,29.8507461,30,0.00298507725,6.54127451e-11,0
0.4806,29.8507461,30,0.00298507725,6.54127451e-11,0
0.4807,29.8507461,30,0.00298507725,6.54127451e-11,0
0.4808,29.8507461,30,0.00298507725,6.54127451e-11,0
0.4809,29.8507461,30,0.00298507725,6.54127451e-11,0
0.481,29.8507461,30,0.00298507725,6.54127451e-11,0
0.4811,29.8507461,30,0.00298507714,6.28493048e-11,0
0.4812,29.8507461,30,0.00298507714,6.28493048e-11,0
0.4813,29.8507461,30,0.00298507714,6.28493048e-11,0
0.4814,29.8507461,30,0.00298507714,6.28493048e-11,0
0.4815,29.8507461,30,0.00298507714,6.28493048e-11,0
0.4816,29.8507461,30,0.00298507714,6.28493048e-11,0
0.4817,29.8507461,30,0.00298507714,6.28493048e-11,0
0.4818,29.8507461,30,0.00298507714,6.28493048e-11,0
0.4819,29.8507461,30,0.00298507714,6.28493048e-11,0
0.482,29.8507461,30,0.00298507714,6.28493048e-11,0
0.4821,29.8507461,30,0.00298507704,6.03870556e-11,0
0.4822,29.8507461,30,0.00298507704,6.03870556e-11,0
0.4823,29.8507461,30,0.00298507704,6.03870556e-11,0
0.4824,29.8507461,30,0.00298507704,6.03870556e-11,0
0.4825,29.8507461,30,0.00298507704,6.03870556e-11,0
0.4826,29.8507461,30,0.00298507704,6.03870556e-11,0
0.4827,29.8507461,30,0.00298507704,6.03870556e-11,0
0.4828,29.8507461,30,0.00298507704,6.03870556e-11,0
0.4829,29.8507461,30,0.00298507704,6.03870556e-11,0
0.483,29.8507461,30,0.00298507704,6.03870556e-11,0
0.4831,29.8507461,30,0.00298507695,5.80209067e-11,0
0.4832,29.8507462,30,0.00298507695,5.80209067e-11,0
0.4833,29.8507462,30,0.00298507695,5.80209067e-11,0
0.4834,29.8507462,30,0.00298507695,5.80209067e-11,0
0.4835,29.8507462,30,0.00298507695,5.80209067e-11,0
0.4836,29.8507462,30,0.00298507695,5.80209067e-11,0
0.4837,29.8507462,30,0.00298507695,5.80209067e-11,0
0.4838,29.8507462,30,0.00298507695,5.80209067e-11,0
0.4839,29.8507462,30,0.00298507695,5.80209067e-11,0
0.484,29.8507462,30,0.00298507695,5.80209067e-11,0
0.4841,29.8507462,30,0.00298507686,5.57478022e-11,0
0.4842,29.8507462,30,0.00298507686,5.57478022e-11,0
0.4843,29.8507462,30,0.00298507686,5.57478022e-11,0
0.4844,29.8507462,30,0.00298507686,5.57478022e-11,0
0.4845,29.8507462,30,0.00298507686,5.57478022e-11,0
0.4846,29.8507462,30,0.00298507686,5.57478022e-11,0
0.4847,29.8507462,30,0.00298507686,5.57478022e-11,0
0.4848,29.8507462,30,0.00298507686,5.57478022e-11,0
0.4849,29.8507462,30,0.00298507686,5.57478022e-11,0
0.485,29.8507462,30,0.00298507686,5.57478022e-11,0
0.4851,29.8507462,30,0.00298507677,5.35629969e-11,0
0.4852,29.8507462,30,0.00298507677,5.35629969e-11,0
0.4853,29.8507462,30,0.00298507677,5.35629969e-11,0
0.4854,29.8507462,30,0.00298507677,5.35629969e-11,0
0.4855,29.8507462,30,0.00298507677,5.35629969e-11,0
0.4856,29.8507462,30,0.00298507677,5.35629969e-11,0
0.4857,29.8507462,30,0.00298507677,5.35629969e-11,0
0.4858,29.8507462,30,0.00298507677,5.35629969e-11,0
0.4859,29.8507462,30,0.00298507677,5.35629969e-11,0
0.486,29.8507462,30,0.00298507677,5.35629969e-11,0
0.4861,29.8507462,30,0.00298507669,5.14643649e-11,0
0.4862,29.8507462,30,0.00298507669,5.14643649e-11,0
0.4863,29.8507462,30,0.00298507669,5.14643649e-11,0
0.4864,29.8507462,30,0.00298507669,5.14643649e-11,0
0.4865,29.8507462,30,0.00298507669,5.14643649e-11,0
0.4866,29.8507462,30,0.00298507669,5.14643649e-11,0
0.4867,29.8507462,30,0.00298507669,5.14643649e-11,0
0.4868,29.8507462,30,0.00298507669,5.14643649e-11,0
0.4869,29.8507462,30,0.00298507669,5.14643649e-11,0
0.487,29.8507462,30,0.00298507669,5.14643649e-11,0
0.4871,29.8507462,30,0.00298507661,4.94469687e-11,0
0.4872,29.8507462,30,0.00298507661,4.94469687e-11,0
0.4873,29.8507462,30,0.00298507661,4.94469687e-11,0
0.4874,29.8507462,30,0.00298507661,4.94469687e-11,0
0.4875,29.8507462,30,0.00298507661,4.94469687e-11,0
0.4876,29.8507462,30,0.00298507661,4.94469687e-11,0
0.4877,29.8507462,30,0.00298507661,4.94469687e-11,0
0.4878,29.8507462,30,0.00298507661,4.94469687e-11,0
0.4879,29.8507462,30,0.00298507661,4.94469687e-11,0
0.488,29.8507462,30,0.00298507661,4.94469687e-11,0
0.4881,29.8507462,30,0.00298507653,4.75094907e-11,0
0.4882,29.8507462,30,0.00298507653,4.75094907e-11,0
0.4883,29.8507462,30,0.00298507653,4.75094907e-11,0
0.4884,29.8507462,30,0.00298507653,4.75094907e-11,0
0.4885,29.8507462,30,0.00298507653,4.75094907e-11,0
0.4886,29.8507462,30,0.00298507653,4.75094907e-11,0
0.4887,29.8507462,30,0.00298507653,4.75094907e-11,0
0.4888,29.8507462,30,0.00298507653,4.75094907e-11,0
0.4889,29.8507462,30,0.00298507653,4.75094907e-11,0
0.489,29.8507462,30,0.00298507653,4.75094907e-11,0
0.4891,29.8507462,30,0.00298507645,4.56478869e-11,0
0.4892,29.8507462,30,0.00298507645,4.56478869e-11,0
0.4893,29.8507462,30,0.00298507645,4.56478869e-11,0
0.4894,29.8507462,30,0.00298507645,4.56478869e-11,0
0.4895,29.8507462,30,0.00298507645,4.56478869e-11,0
0.4896,29.8507462,30,0.00298507645,4.56478869e-11,0
0.4897,29.8507462,30,0.00298507645,4.56478869e-11,0
0.4898,29.8507462,30,0.00298507645,4.56478869e-11,0
0.4899,29.8507462,30,0.00298507645,4.56478869e-11,0
0.49,29.8507462,30,0.00298507645,4.56478869e-11,0
0.4901,29.8507462,30,0.00298507638,4.38592279e-11,0
0.4902,29.8507462,30,0.00298507638,4.38592279e-11,0
0.4903,29.8507462,30,0.00298507638,4.38592279e-11,0
0.4904,29.8507462,30,0.00298507638,4.38592279e-11,0
0.4905,29.8507462,30,0.00298507638,4.38592279e-11,0
0.4906,29.8507462,30,0.00298507638,4.38592279e-11,0
0.4907,29.8507462,30,0.00298507638,4.38592279e-11,0
0.4908,29.8507462,30,0.00298507638,4.38592279e-11,0
0.4909,29.8507462,30,0.00298507638,4.38592279e-11,0
0.491,29.8507462,30,0.00298507638,4.38592279e-11,0
0.4911,29.8507462,30,0.00298507631,4.21408733e-11,0
0.4912,29.8507462,30,0.00298507631,4.21408733e-11,0
0.4913,29.8507462,30,0.00298507631,4.21408733e-11,0
0.4914,29.8507462,30,0.00298507631,4.21408733e-11,0
0.4915,29.8507462,30,0.00298507631,4.21408733e-11,0
0.4916,29.8507462,30,0.00298507631,4.21408733e-11,0
0.4917,29.8507462,30,0.00298507631,4.21408733e-11,0
0.4918,29.8507462,30,0.00298507631,4.21408733e-11,0
0.4919,29.8507462,30,0.00298507631,4.21408733e-11,0
0.492,29.8507462,30,0.00298507631,4.21408733e-11,0
0.4921,29.8507462,30,0.00298507625,4.04894928e-11,0
0.4922,29.8507462,30,0.00298507625,4.04894928e-11,0
0.4923,29.8507462,30,0.00298507625,4.04894928e-11,0
0.4924,29.8507462,30,0.00298507625,4.04894928e-11,0
0.4925,29.8507462,30,0.00298507625,4.04894928e-11,0
0.4926,29.8507462,30,0.00298507625,4.04894928e-11,0
0.4927,29.8507462,30,0.00298507625,4.04894928e-11,0
0.4928,29.8507462,30,0.00298507625,4.04894928e-11,0
0.4929,29.8507462,30,0.00298507625,4.04894928e-11,0
0.493,29.8507462,30,0.00298507625,4.04894928e-11,0
0.4931,29.8507462,30,0.00298507618,3.89029919e-11,0
0.4932,29.8507462,30,0.00298507618,3.89029919e-11,0
0.4933,29.8507462,30,0.00298507618,3.89029919e-11,0
0.4934,29.8507462,30,0.00298507618,3.89029919e-11,0
0.4935,29.8507462,30,0.00298507618,3.89029919e-11,0
0.4936,29.8507462,30,0.00298507618,3.89029919e-11,0
0.4937,29.8507462,30,0.00298507618,3.89029919e-11,0
0.4938,29.8507462,30,0.00298507618,3.89029919e-11,0
0.4939,29.8507462,30,0.00298507618,3.89029919e-11,0
0.494,29.8507462,30,0.00298507618,3.89029919e-11,0
0.4941,29.8507462,30,0.00298507612,3.73785486e-11,0
0.4942,29.8507462,30,0.00298507612,3.73785486e-11,0
0.4943,29.8507462,30,0.00298507612,3.73785486e-11,0
0.4944,29.8507462,30,0.00298507612,3.73785486e-11,0
0.4945,29.8507462,30,0.00298507612,3.73785486e-11,0
0.4946,29.8507462,30,0.00298507612,3.73785486e-11,0
0.4947,29.8507462,30,0.00298507612,3.73785486e-11,0
0.4948,29.8507462,30,0.00298507612,3.73785486e-11,0
0.4949,29.8507462,30,0.00298507612,3.73785486e-11,0
0.495,29.8507462,30,0.00298507612,3.73785486e-11,0
0.4951,29.8507462,30,0.00298507607,3.59137156e-11,0
0.4952,29.8507462,30,0.00298507607,3.59137156e-11,0
0.4953,29.8507462,30,0.00298507607,3.59137156e-11,0
0.4954,29.8507462,30,0.00298507607,3.59137156e-11,0
0.4955,29.8507462,30,0.00298507607,3.59137156e-11,0
0.4956,29.8507462,30,0.00298507607,3.59137156e-11,0
0.4957,29.8507462,30,0.00298507607,3.59137156e-11,0
0.4958,29.8507462,30,0.00298507607,3.59137156e-11,0
0.4959,29.8507462,30,0.00298507607,3.59137156e-11,0
0.496,29.8507462,30,0.00298507607,3.59137156e-11,0
0.4961,29.8507462,30,0.00298507601,3.45065677e-11,0
0.4962,29.8507462,30,0.00298507601,3.45065677e-11,0
0.4963,29.8507462,30,0.00298507601,3.45065677e-11,0
0.4964,29.8507462,30,0.00298507601,3.45065677e-11,0
0.4965,29.8507462,30,0.00298507601,3.45065677e-11,0
0.4966,29.8507462,30,0.00298507601,3.45065677e-11,0
0.4967,29.8507462,30,0.00298507601,3.45065677e-11,0
0.4968,29.8507462,30,0.00298507601,3.45065677e-11,0
0.4969,29.8507462,30,0.00298507601,3.45065677e-11,0
0.497,29.8507462,30,0.00298507601,3.45065677e-11,0
0.4971,29.8507462,30,0.00298507595,3.31541955e-11,0
0.4972,29.8507462,30,0.00298507595,3.31541955e-11,0
0.4973,29.8507462,30,0.00298507595,3.31541955e-11,0
0.4974,29.8507462,30,0.00298507595,3.31541955e-11,0
0.4975,29.8507462,30,0.00298507595,3.31541955e-11,0
0.4976,29.8507462,30,0.00298507595,3.31541955e-11,0
0.4977,29.8507462,30,0.00298507595,3.31541955e-11,0
0.4978,29.8507462,30,0.00298507595,3.31541955e-11,0
0.4979,29.8507462,30,0.00298507595,3.31541955e-11,0
0.498,29.8507462,30,0.00298507595,3.31541955e-11,0
0.4981,29.8507462,30,0.0029850759,3.18554749e-11,0
0.4982,29.8507462,30,0.0029850759,3.18554749e-11,0
0.4983,29.8507462,30,0.0029850759,3.18554749e-11,0
0.4984,29.8507462,30,0.0029850759,3.18554749e-11,0
0.4985,29.8507462,30,0.0029850759,3.18554749e-11,0
0.4986,29.8507462,30,0.0029850759,3.18554749e-11,0
0.4987,29.8507462,30,0.0029850759,3.18554749e-11,0
0.4988,29.8507462,30,0.0029850759,3.18554749e-11,0
0.4989,29.8507462,30,0.0029850759,3.18554749e-11,0
0.499,29.8507462,30,0.0029850759,3.18554749e-11,0
0.4991,29.8507462,30,0.00298507585,3.06072958e-11,0
0.4992,29.8507462,30,0.00298507585,3.06072958e-11,0
0.4993,29.8507462,30,0.00298507585,3.06072958e-11,0
0.4994,29.8507462,30,0.00298507585,3.06072958e-11,0
0.4995,29.8507462,30,0.00298507585,3.06072958e-11,0
0.4996,29.8507462,30,0.00298507585,3.06072958e-11,0
0.4997,29.8507462,30,0.00298507585,3.06072958e-11,0
0.4998,29.8507462,30,0.00298507585,3.06072958e-11,0
0.4999,29.8507462,30,0.00298507585,3.06072958e-11,0
0.5,29.8507462,30,0.00298507585,3.06072958e-11,0
0.5001,29.8907458,30,0.0029850758,2.94077922e-11,0.2
0.5002,29.9307446,30,0.0029850758,2.94077922e-11,0.2
0.5003,29.9707426,30,0.0029850758,2.94077922e-11,0.2
0.5004,30.0107398,30,0.0029850758,2.94077922e-11,0.2
0.5005,30.0507362,30,0.0029850758,2.94077922e-11,0.2
0.5006,30.0907318,30,0.0029850758,2.94077922e-11,0.2
0.5007,30.1307266,30,0.0029850758,2.94077922e-11,0.2
0.5008,30.1707206,30,0.0029850758,2.94077922e-11,0.2
0.5009,30.2107138,30,0.0029850758,2.94077922e-11,0.2
0.501,30.2507062,30,0.0029850758,2.94077922e-11,0.2
0.5011,30.289098,30,-0.00501412429,0.0370908363,0.2
0.5012,30.327489,30,-0.00501412429,0.0370908363,0.2
0.5013,30.3658792,30,-0.00501412429,0.0370908363,0.2
0.5014,30.4042687,30,-0.00501412429,0.0370908363,0.2
0.5015,30.4426574,30,-0.00501412429,0.0370908363,0.2
0.5016,30.4810454,30,-0.00501412429,0.0370908363,0.2
0.5017,30.5194325,30,-0.00501412429,0.0370908363,0.2
0.5018,30.5578189,30,-0.00501412429,0.0370908363,0.2
0.5019,30.5962046,30,-0.00501412429,0.0370908363,0.2
0.502,30.6345894,30,-0.00501412429,0.0370908363,0.2
0.5021,30.6640199,30,-0.049782625,0.0707805478,0.2
0.5022,30.6934498,30,-0.049782625,0.0707805478,0.2
0.5023,30.7228791,30,-0.049782625,0.0707805478,0.2
0.5024,30.7523079,30,-0.049782625,0.0707805478,0.2
0.5025,30.781736,30,-0.049782625,0.0707805478,0.2
0.5026,30.8111635,30,-0.049782625,0.0707805478,0.2
0.5027,30.8405905,30,-0.049782625,0.0707805478,0.2
0.5028,30.8700169,30,-0.049782625,0.0707805478,0.2
0.5029,30.8994426,30,-0.049782625,0.0707805478,0.2
0.503,30.9288678,30,-0.049782625,0.0707805478,0.2
0.5031,30.9503775,30,-0.0893579045,0.0978727463,0.2
0.5032,30.9718867,30,-0.0893579045,0.0978727463,0.2
0.5033,30.9933954,30,-0.0893579045,0.0978727463,0.2
0.5034,31.0149038,30,-0.0893579045,0.0978727463,0.2
0.5035,31.0364117,30,-0.0893579045,0.0978727463,0.2
0.5036,31.0579191,30,-0.0893579045,0.0978727463,0.2
0.5037,31.0794262,30,-0.0893579045,0.0978727463,0.2
0.5038,31.1009328,30,-0.0893579045,0.0978727463,0.2
0.5039,31.122439,30,-0.0893579045,0.0978727463,0.2
0.504,31.1439447,30,-0.0893579045,0.0978727463,0.2
0.5041,31.1591714,30,-0.120751641,0.119295314,0.2
0.5042,31.1743977,30,-0.120751641,0.119295314,0.2
0.5043,31.1896238,30,-0.120751641,0.119295314,0.2
0.5044,31.2048495,30,-0.120751641,0.119295314,0.2
0.5045,31.2200749,30,-0.120751641,0.119295314,0.2
0.5046,31.2353,30,-0.120751641,0.119295314,0.2
0.5047,31.2505248,30,-0.120751641,0.119295314,0.2
0.5048,31.2657493,30,-0.120751641,0.119295314,0.2
0.5049,31.2809735,30,-0.120751641,0.119295314,0.2
0.505,31.2961974,30,-0.120751641,0.119295314,0.2
0.5051,31.3065276,30,-0.145219263,0.136193222,0.2
0.5052,31.3168575,30,-0.145219263,0.136193222,0.2
0.5053,31.3271872,30,-0.145219263,0.136193222,0.2
0.5054,31.3375167,30,-0.145219263,0.136193222,0.2
0.5055,31.347846,30,-0.145219263,0.136193222,0.2
0.5056,31.3581751,30,-0.145219263,0.136193222,0.2
0.5057,31.368504,30,-0.145219263,0.136193222,0.2
0.5058,31.3788326,30,-0.145219263,0.136193222,0.2
0.5059,31.3891611,30,-0.145219263,0.136193222,0.2
0.506,31.3994894,30,-0.145219263,0.136193222,0.2
0.5061,31.4060247,30,-0.164183009,0.149518432,0.2
0.5062,31.4125599,30,-0.164183009,0.149518432,0.2
0.5063,31.419095,30,-0.164183009,0.149518432,0.2
0.5064,31.4256299,30,-0.164183009,0.149518432,0.2
0.5065,31.4321648,30,-0.164183009,0.149518432,0.2
0.5066,31.4386995,30,-0.164183009,0.149518432,0.2
0.5067,31.445234,30,-0.164183009,0.149518432,0.2
0.5068,31.4517684,30,-0.164183009,0.149518432,0.2
0.5069,31.4583027,30,-0.164183009,0.149518432,0.2
0.507,31.4648369,30,-0.164183009,0.149518432,0.2
0.5071,31.4684445,30,-0.17881517,0.160027095,0.2
0.5072,31.4720521,30,-0.17881517,0.160027095,0.2
0.5073,31.4756596,30,-0.17881517,0.160027095,0.2
0.5074,31.479267,30,-0.17881517,0.160027095,0.2
0.5075,31.4828743,30,-0.17881517,0.160027095,0.2
0.5076,31.4864816,30,-0.17881517,0.160027095,0.2
0.5077,31.4900888,30,-0.17881517,0.160027095,0.2
0.5078,31.4936959,30,-0.17881517,0.160027095,0.2
0.5079,31.497303,30,-0.17881517,0.160027095,0.2
0.508,31.50091,30,-0.17881517,0.160027095,0.2
0.5081,31.5022709,30,-0.190045295,0.168315816,0.2
0.5082,31.5036318,30,-0.190045295,0.168315816,0.2
0.5083,31.5049926,30,-0.190045295,0.168315816,0.2
0.5084,31.5063535,30,-0.190045295,0.168315816,0.2
0.5085,31.5077143,30,-0.190045295,0.168315816,0.2
0.5086,31.509075,30,-0.190045295,0.168315816,0.2
0.5087,31.5104358,30,-0.190045295,0.168315816,0.2
0.5088,31.5117965,30,-0.190045295,0.168315816,0.2
0.5089,31.5131572,30,-0.190045295,0.168315816,0.2
0.509,31.5145179,30,-0.190045295,0.168315816,0.2
0.5091,31.5141663,30,-0.198606173,0.174854839,0.2
0.5092,31.5138148,30,-0.198606173,0.174854839,0.2
0.5093,31.5134633,30,-0.198606173,0.174854839,0.2
0.5094,31.5131118,30,-0.198606173,0.174854839,0.2
0.5095,31.5127603,30,-0.198606173,0.174854839,0.2
0.5096,31.5124088,30,-0.198606173,0.174854839,0.2
0.5097,31.5120574,30,-0.198606173,0.174854839,0.2
0.5098,31.5117059,30,-0.198606173,0.174854839,0.2
0.5099,31.5113544,30,-0.198606173,0.174854839,0.2
0.51,31.511003,30,-0.198606173,0.174854839,0.2
0.5101,31.5093578,30,-0.205074898,0.180014752,0.2
0.5102,31.5077126,30,-0.205074898,0.180014752,0.2
0.5103,31.5060675,30,-0.205074898,0.180014752,0.2
0.5104,31.5044224,30,-0.205074898,0.180014752,0.2
0.5105,31.5027774,30,-0.205074898,0.180014752,0.2
0.5106,31.5011324,30,-0.205074898,0.180014752,0.2
0.5107,31.4994874,30,-0.205074898,0.180014752,0.2
0.5108,31.4978424,30,-0.205074898,0.180014752,0.2
0.5109,31.4961975,30,-0.205074898,0.180014752,0.2
0.511,31.4945526,30,-0.205074898,0.180014752,0.2
0.5111,31.4919416,30,-0.209905804,0.184087607,0.2
0.5112,31.4893306,30,-0.209905804,0.184087607,0.2
0.5113,31.4867197,30,-0.209905804,0.184087607,0.2
0.5114,31.4841088,30,-0.209905804,0.184087607,0.2
0.5115,31.481498,30,-0.209905804,0.184087607,0.2
0.5116,31.4788872,30,-0.209905804,0.184087607,0.2
0.5117,31.4762765,30,-0.209905804,0.184087607,0.2
0.5118,31.4736659,30,-0.209905804,0.184087607,0.2
0.5119,31.4710553,30,-0.209905804,0.184087607,0.2
0.512,31.4684447,30,-0.209905804,0.184087607,0.2
0.5121,31.4651241,30,-0.213456501,0.18730356,0.2
0.5122,31.4618035,30,-0.213456501,0.18730356,0.2
0.5123,31.458483,30,-0.213456501,0.18730356,0.2
0.5124,31.4551626,30,-0.213456501,0.18730356,0.2
0.5125,31.4518422,30,-0.213456501,0.18730356,0.2
0.5126,31.4485219,30,-0.213456501,0.18730356,0.2
0.5127,31.4452016,30,-0.213456501,0.18730356,0.2
0.5128,31.4418815,30,-0.213456501,0.18730356,0.2
0.5129,31.4385614,30,-0.213456501,0.18730356,0.2
0.513,31.4352413,30,-0.213456501,0.18730356,0.2
0.5131,31.431411,30,-0.216008386,0.189843993,0.2
0.5132,31.4275807,30,-0.216008386,0.189843993,0.2
0.5133,31.4237505,30,-0.216008386,0.189843993,0.2
0.5134,31.4199204,30,-0.216008386,0.189843993,0.2
0.5135,31.4160904,30,-0.216008386,0.189843993,0.2
0.5136,31.4122604,30,-0.216008386,0.189843993,0.2
0.5137,31.4084305,30,-0.216008386,0.189843993,0.2
0.5138,31.4046007,30,-0.216008386,0.189843993,0.2
0.5139,31.400771,30,-0.216008386,0.189843993,0.2
0.514,31.3969413,30,-0.216008386,0.189843993,0.2
0.5141,31.3927569,30,-0.21778282,0.191851852,0.2
0.5142,31.3885725,30,-0.21778282,0.191851852,0.2
0.5143,31.3843882,30,-0.21778282,0.191851852,0.2
0.5144,31.380204,30,-0.21778282,0.191851852,0.2
0.5145,31.3760199,30,-0.21778282,0.191851852,0.2
0.5146,31.3718358,30,-0.21778282,0.191851852,0.2
0.5147,31.3676519,30,-0.21778282,0.191851852,0.2
0.5148,31.363468,30,-0.21778282,0.191851852,0.2
0.5149,31.3592842,30,-0.21778282,0.191851852,0.2
0.515,31.3551005,30,-0.21778282,0.191851852,0.2
0.5151,31.3506827,30,-0.218953862,0.193439792,0.2
0.5152,31.3462649,30,-0.218953862,0.193439792,0.2
0.5153,31.3418473,30,-0.218953862,0.193439792,0.2
0.5154,31.3374297,30,-0.218953862,0.193439792,0.2
0.5155,31.3330122,30,-0.218953862,0.193439792,0.2
0.5156,31.3285948,30,-0.218953862,0.193439792,0.2
0.5157,31.3241775,30,-0.218953862,0.193439792,0.2
0.5158,31.3197603,30,-0.218953862,0.193439792,0.2
0.5159,31.3153432,30,-0.218953862,0.193439792,0.2
0.516,31.3109262,30,-0.218953862,0.193439792,0.2
0.5161,31.3063683,30,-0.219658315,0.194696598,0.2
0.5162,31.3018106,30,-0.219658315,0.194696598,0.2
0.5163,31.2972529,30,-0.219658315,0.194696598,0.2
0.5164,31.2926954,30,-0.219658315,0.194696598,0.2
0.5165,31.2881379,30,-0.219658315,0.194696598,0.2
0.5166,31.2835805,30,-0.219658315,0.194696598,0.2
0.5167,31.2790232,30,-0.219658315,0.194696598,0.2
0.5168,31.274466,30,-0.219658315,0.194696598,0.2
0.5169,31.2699089,30,-0.219658315,0.194696598,0.2
0.517,31.2653519,30,-0.219658315,0.194696598,0.2
0.5171,31.2607259,30,-0.220003636,0.195692246,0.2
0.5172,31.2561,30,-0.220003636,0.195692246,0.2
0.5173,31.2514742,30,-0.220003636,0.195692246,0.2
0.5174,31.2468485,30,-0.220003636,0.195692246,0.2
0.5175,31.2422229,30,-0.220003636,0.195692246,0.2
0.5176,31.2375974,30,-0.220003636,0.195692246,0.2
0.5177,31.2329719,30,-0.220003636,0.195692246,0.2
0.5178,31.2283466,30,-0.220003636,0.195692246,0.2
0.5179,31.2237213,30,-0.220003636,0.195692246,0.2
0.518,31.2190962,30,-0.220003636,0.195692246,0.2
0.5181,31.214457,30,-0.22007417,0.196481886,0.2
0.5182,31.2098179,30,-0.22007417,0.196481886,0.2
0.5183,31.205179,30,-0.22007417,0.196481886,0.2
0.5184,31.2005401,30,-0.22007417,0.196481886,0.2
0.5185,31.1959013,30,-0.22007417,0.196481886,0.2
0.5186,31.1912626,30,-0.22007417,0.196481886,0.2
0.5187,31.186624,30,-0.22007417,0.196481886,0.2
0.5188,31.1819854,30,-0.22007417,0.196481886,0.2
0.5189,31.177347,30,-0.22007417,0.196481886,0.2
0.519,31.1727087,30,-0.22007417,0.196481886,0.2
0.5191,31.1680981,30,-0.219936059,0.197108988,0.2
0.5192,31.1634875,30,-0.219936059,0.197108988,0.2
0.5193,31.1588771,30,-0.219936059,0.197108988,0.2
0.5194,31.1542667,30,-0.219936059,0.197108988,0.2
0.5195,31.1496565,30,-0.219936059,0.197108988,0.2
0.5196,31.1450463,30,-0.219936059,0.197108988,0.2
0.5197,31.1404363,30,-0.219936059,0.197108988,0.2
0.5198,31.1358263,30,-0.219936059,0.197108988,0.2
0.5199,31.1312164,30,-0.219936059,0.197108988,0.2
0.52,31.1266066,30,-0.219936059,0.197108988,0.2
0.5201,31.1220559,30,-0.21964112,0.197607814,0.2
0.5202,31.1175053,30,-0.21964112,0.197607814,0.2
0.5203,31.1129548,30,-0.21964112,0.197607814,0.2
0.5204,31.1084043,30,-0.21964112,0.197607814,0.2
0.5205,31.103854,30,-0.21964112,0.197607814,0.2
0.5206,31.0993037,30,-0.21964112,0.197607814,0.2
0.5207,31.0947536,30,-0.21964112,0.197607814,0.2
0.5208,31.0902035,30,-0.21964112,0.197607814,0.2
0.5209,31.0856535,30,-0.21964112,0.197607814,0.2
0.521,31.0811036,30,-0.21964112,0.197607814,0.2
0.5211,31.0766361,30,-0.219229886,0.198005372,0.2
0.5212,31.0721686,30,-0.219229886,0.198005372,0.2
0.5213,31.0677012,30,-0.219229886,0.198005372,0.2
0.5214,31.0632339,30,-0.219229886,0.198005372,0.2
0.5215,31.0587667,30,-0.219229886,0.198005372,0.2
0.5216,31.0542996,30,-0.219229886,0.198005372,0.2
0.5217,31.0498326,30,-0.219229886,0.198005372,0.2
0.5218,31.0453657,30,-0.219229886,0.198005372,0.2
0.5219,31.0408988,30,-0.219229886,0.198005372,0.2
0.522,31.0364321,30,-0.219229886,0.198005372,0.2
0.5221,31.0320646,30,-0.218734013,0.198322952,0.2
0.5222,31.0276972,30,-0.218734013,0.198322952,0.2
0.5223,31.0233299,30,-0.218734013,0.198322952,0.2
0.5224,31.0189627,30,-0.218734013,0.198322952,0.2
0.5225,31.0145955,30,-0.218734013,0.198322952,0.2
0.5226,31.0102285,30,-0.218734013,0.198322952,0.2
0.5227,31.0058615,30,-0.218734013,0.198322952,0.2
0.5228,31.0014946,30,-0.218734013,0.198322952,0.2
0.5229,30.9971278,30,-0.218734013,0.198322952,0.2
0.523,30.9927611,30,-0.218734013,0.198322952,0.2
0.5231,30.9885057,30,-0.218178175,0.198577339,0.2
0.5232,30.9842503,30,-0.218178175,0.198577339,0.2
0.5233,30.9799951,30,-0.218178175,0.198577339,0.2
0.5234,30.9757399,30,-0.218178175,0.198577339,0.2
0.5235,30.9714848,30,-0.218178175,0.198577339,0.2
0.5236,30.9672297,30,-0.218178175,0.198577339,0.2
0.5237,30.9629748,30,-0.218178175,0.198577339,0.2
0.5238,30.9587199,30,-0.218178175,0.198577339,0.2
0.5239,30.9544652,30,-0.218178175,0.198577339,0.2
0.524,30.9502105,30,-0.218178175,0.198577339,0.2
0.5241,30.9460752,30,-0.217581549,0.198781766,0.2
0.5242,30.94194,30,-0.217581549,0.198781766,0.2
0.5243,30.9378049,30,-0.217581549,0.198781766,0.2
0.5244,30.9336699,30,-0.217581549,0.198781766,0.2
0.5245,30.929535,30,-0.217581549,0.198781766,0.2
0.5246,30.9254001,30,-0.217581549,0.198781766,0.2
0.5247,30.9212653,30,-0.217581549,0.198781766,0.2
0.5248,30.9171306,30,-0.217581549,0.198781766,0.2
0.5249,30.912996,30,-0.217581549,0.198781766,0.2
0.525,30.9088615,30,-0.217581549,0.198781766,0.2
0.5251,30.9048516,30,-0.216958996,0.198946667,0.2
0.5252,30.9008417,30,-0.216958996,0.198946667,0.2
0.5253,30.8968319,30,-0.216958996,0.198946667,0.2
0.5254,30.8928222,30,-0.216958996,0.198946667,0.2
0.5255,30.8888126,30,-0.216958996,0.198946667,0.2
0.5256,30.8848031,30,-0.216958996,0.198946667,0.2
0.5257,30.8807936,30,-0.216958996,0.198946667,0.2
0.5258,30.8767842,30,-0.216958996,0.198946667,0.2
0.5259,30.8727749,30,-0.216958996,0.198946667,0.2
0.526,30.8687657,30,-0.216958996,0.198946667,0.2
0.5261,30.864884,30,-0.216321982,0.199080272,0.2
0.5262,30.8610023,30,-0.216321982,0.199080272,0.2
0.5263,30.8571208,30,-0.216321982,0.199080272,0.2
0.5264,30.8532393,30,-0.216321982,0.199080272,0.2
0.5265,30.8493578,30,-0.216321982,0.199080272,0.2
0.5266,30.8454765,30,-0.216321982,0.199080272,0.2
0.5267,30.8415952,30,-0.216321982,0.199080272,0.2
0.5268,30.837714,30,-0.216321982,0.199080272,0.2
0.5269,30.8338329,30,-0.216321982,0.199080272,0.2
0.527,30.8299519,30,-0.216321982,0.199080272,0.2
0.5271,30.8261995,30,-0.21567931,0.199189071,0.2
0.5272,30.8224471,30,-0.21567931,0.199189071,0.2
0.5273,30.8186949,30,-0.21567931,0.199189071,0.2
0.5274,30.8149427,30,-0.21567931,0.199189071,0.2
0.5275,30.8111905,30,-0.21567931,0.199189071,0.2
0.5276,30.8074385,30,-0.21567931,0.199189071,0.2
0.5277,30.8036865,30,-0.21567931,0.199189071,0.2
0.5278,30.7999346,30,-0.21567931,0.199189071,0.2
0.5279,30.7961828,30,-0.21567931,0.199189071,0.2
0.528,30.792431,30,-0.21567931,0.199189071,0.2
0.5281,30.7888077,30,-0.215037691,0.199278183,0.2
0.5282,30.7851844,30,-0.215037691,0.199278183,0.2
0.5283,30.7815612,30,-0.215037691,0.199278183,0.2
0.5284,30.7779381,30,-0.215037691,0.199278183,0.2
0.5285,30.774315,30,-0.215037691,0.199278183,0.2
0.5286,30.770692,30,-0.215037691,0.199278183,0.2
0.5287,30.7670691,30,-0.215037691,0.199278183,0.2
0.5288,30.7634463,30,-0.215037691,0.199278183,0.2
0.5289,30.7598235,30,-0.215037691,0.199278183,0.2
0.529,30.7562008,30,-0.215037691,0.199278183,0.2
0.5291,30.7527053,30,-0.214402199,0.199351651,0.2
0.5292,30.7492098,30,-0.214402199,0.199351651,0.2
0.5293,30.7457144,30,-0.214402199,0.199351651,0.2
0.5294,30.7422191,30,-0.214402199,0.199351651,0.2
0.5295,30.7387238,30,-0.214402199,0.199351651,0.2
0.5296,30.7352287,30,-0.214402199,0.199351651,0.2
0.5297,30.7317336,30,-0.214402199,0.199351651,0.2
0.5298,30.7282385,30,-0.214402199,0.199351651,0.2
0.5299,30.7247436,30,-0.214402199,0.199351651,0.2
0.53,30.7212487,30,-0.214402199,0.199351651,0.2
0.5301,30.7178789,30,-0.213776624,0.199412662,0.2
0.5302,30.7145093,30,-0.213776624,0.199412662,0.2
0.5303,30.7111397,30,-0.213776624,0.199412662,0.2
0.5304,30.7077702,30,-0.213776624,0.199412662,0.2
0.5305,30.7044007,30,-0.213776624,0.199412662,0.2
0.5306,30.7010314,30,-0.213776624,0.199412662,0.2
0.5307,30.6976621,30,-0.213776624,0.199412662,0.2
0.5308,30.6942928,30,-0.213776624,0.199412662,0.2
0.5309,30.6909236,30,-0.213776624,0.199412662,0.2
0.531,30.6875545,30,-0.213776624,0.199412662,0.2
0.5311,30.6843081,30,-0.213163752,0.199463735,0.2
0.5312,30.6810616,30,-0.213163752,0.199463735,0.2
0.5313,30.6778153,30,-0.213163752,0.199463735,0.2
0.5314,30.674569,30,-0.213163752,0.199463735,0.2
0.5315,30.6713228,30,-0.213163752,0.199463735,0.2
0.5316,30.6680767,30,-0.213163752,0.199463735,0.2
0.5317,30.6648306,30,-0.213163752,0.199463735,0.2
0.5318,30.6615846,30,-0.213163752,0.199463735,0.2
0.5319,30.6583386,30,-0.213163752,0.199463735,0.2
0.532,30.6550928,30,-0.213163752,0.199463735,0.2
0.5321,30.6519666,30,-0.21256559,0.199506859,0.2
0.5322,30.6488404,30,-0.21256559,0.199506859,0.2
0.5323,30.6457144,30,-0.21256559,0.199506859,0.2
0.5324,30.6425884,30,-0.21256559,0.199506859,0.2
0.5325,30.6394624,30,-0.21256559,0.199506859,0.2
0.5326,30.6363366,30,-0.21256559,0.199506859,0.2
0.5327,30.6332107,30,-0.21256559,0.199506859,0.2
0.5328,30.630085,30,-0.21256559,0.199506859,0.2
0.5329,30.6269593,30,-0.21256559,0.199506859,0.2
0.533,30.6238337,30,-0.21256559,0.199506859,0.2
0.5331,30.6208245,30,-0.211983533,0.199543607,0.2
0.5332,30.6178154,30,-0.211983533,0.199543607,0.2
0.5333,30.6148064,30,-0.211983533,0.199543607,0.2
0.5334,30.6117974,30,-0.211983533,0.199543607,0.2
0.5335,30.6087885,30,-0.211983533,0.199543607,0.2
0.5336,30.6057797,30,-0.211983533,0.199543607,0.2
0.5337,30.6027709,30,-0.211983533,0.199543607,0.2
0.5338,30.5997621,30,-0.211983533,0.199543607,0.2
0.5339,30.5967535,30,-0.211983533,0.199543607,0.2
0.534,30.5937449,30,-0.211983533,0.199543607,0.2
0.5341,30.5908493,30,-0.211418504,0.199575221,0.2
0.5342,30.5879538,30,-0.211418504,0.199575221,0.2
0.5343,30.5850584,30,-0.211418504,0.199575221,0.2
0.5344,30.582163,30,-0.211418504,0.199575221,0.2
0.5345,30.5792677,30,-0.211418504,0.199575221,0.2
0.5346,30.5763724,30,-0.211418504,0.199575221,0.2
0.5347,30.5734772,30,-0.211418504,0.199575221,0.2
0.5348,30.5705821,30,-0.211418504,0.199575221,0.2
0.5349,30.567687,30,-0.211418504,0.199575221,0.2
0.535,30.564792,30,-0.211418504,0.199575221,0.2
0.5351,30.5620065,30,-0.210871061,0.199602686,0.2
0.5352,30.5592211,30,-0.210871061,0.199602686,0.2
0.5353,30.5564357,30,-0.210871061,0.199602686,0.2
0.5354,30.5536504,30,-0.210871061,0.199602686,0.2
0.5355,30.5508652,30,-0.210871061,0.199602686,0.2
0.5356,30.5480799,30,-0.210871061,0.199602686,0.2
0.5357,30.5452948,30,-0.210871061,0.199602686,0.2
0.5358,30.5425097,30,-0.210871061,0.199602686,0.2
0.5359,30.5397247,30,-0.210871061,0.199602686,0.2
0.536,30.5369397,30,-0.210871061,0.199602686,0.2
0.5361,30.5342607,30,-0.21034148,0.199626781,0.2
0.5362,30.5315817,30,-0.21034148,0.199626781,0.2
0.5363,30.5289028,30,-0.21034148,0.199626781,0.2
0.5364,30.526224,30,-0.21034148,0.199626781,0.2
0.5365,30.5235452,30,-0.21034148,0.199626781,0.2
0.5366,30.5208665,30,-0.21034148,0.199626781,0.2
0.5367,30.5181878,30,-0.21034148,0.199626781,0.2
0.5368,30.5155091,30,-0.21034148,0.199626781,0.2
0.5369,30.5128306,30,-0.21034148,0.199626781,0.2
0.537,30.510152,30,-0.21034148,0.199626781,0.2
0.5371,30.5075759,30,-0.209829822,0.199648125,0.2
0.5372,30.5049998,30,-0.209829822,0.199648125,0.2
0.5373,30.5024238,30,-0.209829822,0.199648125,0.2
0.5374,30.4998478,30,-0.209829822,0.199648125,0.2
0.5375,30.4972718,30,-0.209829822,0.199648125,0.2
0.5376,30.494696,30,-0.209829822,0.199648125,0.2
0.5377,30.4921201,30,-0.209829822,0.199648125,0.2
0.5378,30.4895443,30,-0.209829822,0.199648125,0.2
0.5379,30.4869686,30,-0.209829822,0.199648125,0.2
0.538,30.4843929,30,-0.209829822,0.199648125,0.2
0.5381,30.4819161,30,-0.209335984,0.199667208,0.2
0.5382,30.4794393,30,-0.209335984,0.199667208,0.2
0.5383,30.4769625,30,-0.209335984,0.199667208,0.2
0.5384,30.4744858,30,-0.209335984,0.199667208,0.2
0.5385,30.4720091,30,-0.209335984,0.199667208,0.2
0.5386,30.4695325,30,-0.209335984,0.199667208,0.2
0.5387,30.467056,30,-0.209335984,0.199667208,0.2
0.5388,30.4645794,30,-0.209335984,0.199667208,0.2
0.5389,30.462103,30,-0.209335984,0.199667208,0.2
0.539,30.4596266,30,-0.209335984,0.199667208,0.2
0.5391,30.4572454,30,-0.208859739,0.199684421,0.2
0.5392,30.4548644,30,-0.208859739,0.199684421,0.2
0.5393,30.4524834,30,-0.208859739,0.199684421,0.2
0.5394,30.4501024,30,-0.208859739,0.199684421,0.2
0.5395,30.4477215,30,-0.208859739,0.199684421,0.2
0.5396,30.4453406,30,-0.208859739,0.199684421,0.2
0.5397,30.4429597,30,-0.208859739,0.199684421,0.2
0.5398,30.440579,30,-0.208859739,0.199684421,0.2
0.5399,30.4381982,30,-0.208859739,0.199684421,0.2
0.54,30.4358175,30,-0.208859739,0.199684421,0.2
0.5401,30.4335287,30,-0.208400771,0.199700074,0.2
0.5402,30.4312399,30,-0.208400771,0.199700074,0.2
0.5403,30.4289511,30,-0.208400771,0.199700074,0.2
0.5404,30.4266624,30,-0.208400771,0.199700074,0.2
0.5405,30.4243738,30,-0.208400771,0.199700074,0.2
0.5406,30.4220851,30,-0.208400771,0.199700074,0.2
0.5407,30.4197966,30,-0.208400771,0.199700074,0.2
0.5408,30.417508,30,-0.208400771,0.199700074,0.2
0.5409,30.4152196,30,-0.208400771,0.199700074,0.2
0.541,30.4129311,30,-0.208400771,0.199700074,0.2
0.5411,30.4107311,30,-0.207958697,0.199714418,0.2
0.5412,30.4085312,30,-0.207958697,0.199714418,0.2
0.5413,30.4063313,30,-0.207958697,0.199714418,0.2
0.5414,30.4041315,30,-0.207958697,0.199714418,0.2
0.5415,30.4019317,30,-0.207958697,0.199714418,0.2
0.5416,30.3997319,30,-0.207958697,0.199714418,0.2
0.5417,30.3975322,30,-0.207958697,0.199714418,0.2
0.5418,30.3953325,30,-0.207958697,0.199714418,0.2
0.5419,30.3931329,30,-0.207958697,0.199714418,0.2
0.542,30.3909333,30,-0.207958697,0.199714418,0.2
0.5421,30.3888189,30,-0.207533085,0.19972765,0.2
0.5422,30.3867046,30,-0.207533085,0.19972765,0.2
0.5423,30.3845902,30,-0.207533085,0.19972765,0.2
0.5424,30.3824759,30,-0.207533085,0.19972765,0.2
0.5425,30.3803617,30,-0.207533085,0.19972765,0.2
0.5426,30.3782475,30,-0.207533085,0.19972765,0.2
0.5427,30.3761333,30,-0.207533085,0.19972765,0.2
0.5428,30.3740192,30,-0.207533085,0.19972765,0.2
0.5429,30.3719051,30,-0.207533085,0.19972765,0.2
0.543,30.3697911,30,-0.207533085,0.19972765,0.2
0.5431,30.367759,30,-0.207123472,0.19973993,0.2
0.5432,30.365727,30,-0.207123472,0.19973993,0.2
0.5433,30.363695,30,-0.207123472,0.19973993,0.2
0.5434,30.3616631,30,-0.207123472,0.19973993,0.2
0.5435,30.3596312,30,-0.207123472,0.19973993,0.2
0.5436,30.3575993,30,-0.207123472,0.19973993,0.2
0.5437,30.3555675,30,-0.207123472,0.19973993,0.2
0.5438,30.3535357,30,-0.207123472,0.19973993,0.2
0.5439,30.3515039,30,-0.207123472,0.19973993,0.2
0.544,30.3494722,30,-0.207123472,0.19973993,0.2
0.5441,30.3475194,30,-0.206729375,0.199751389,0.2
0.5442,30.3455666,30,-0.206729375,0.199751389,0.2
0.5443,30.3436138,30,-0.206729375,0.199751389,0.2
0.5444,30.3416611,30,-0.206729375,0.199751389,0.2
0.5445,30.3397084,30,-0.206729375,0.199751389,0.2
0.5446,30.3377557,30,-0.206729375,0.199751389,0.2
0.5447,30.3358031,30,-0.206729375,0.199751389,0.2
0.5448,30.3338506,30,-0.206729375,0.199751389,0.2
0.5449,30.331898,30,-0.206729375,0.199751389,0.2
0.545,30.3299455,30,-0.206729375,0.199751389,0.2
0.5451,30.3280689,30,-0.2063503,0.199762129,0.2
0.5452,30.3261923,30,-0.2063503,0.199762129,0.2
0.5453,30.3243157,30,-0.2063503,0.199762129,0.2
0.5454,30.3224392,30,-0.2063503,0.199762129,0.2
0.5455,30.3205627,30,-0.2063503,0.199762129,0.2
0.5456,30.3186863,30,-0.2063503,0.199762129,0.2
0.5457,30.3168098,30,-0.2063503,0.199762129,0.2
0.5458,30.3149335,30,-0.2063503,0.199762129,0.2
0.5459,30.3130571,30,-0.2063503,0.199762129,0.2
0.546,30.3111808,30,-0.2063503,0.199762129,0.2
0.5461,30.3093775,30,-0.205985746,0.199772237,0.2
0.5462,30.3075742,30,-0.205985746,0.199772237,0.2
0.5463,30.3057709,30,-0.205985746,0.199772237,0.2
0.5464,30.3039676,30,-0.205985746,0.199772237,0.2
0.5465,30.3021644,30,-0.205985746,0.199772237,0.2
0.5466,30.3003612,30,-0.205985746,0.199772237,0.2
0.5467,30.2985581,30,-0.205985746,0.199772237,0.2
0.5468,30.296755,30,-0.205985746,0.199772237,0.2
0.5469,30.2949519,30,-0.205985746,0.199772237,0.2
0.547,30.2931489,30,-0.205985746,0.199772237,0.2
0.5471,30.291416,30,-0.205635215,0.199781782,0.2
0.5472,30.2896832,30,-0.205635215,0.199781782,0.2
0.5473,30.2879503,30,-0.205635215,0.199781782,0.2
0.5474,30.2862176,30,-0.205635215,0.199781782,0.2
0.5475,30.2844848,30,-0.205635215,0.199781782,0.2
0.5476,30.2827521,30,-0.205635215,0.199781782,0.2
0.5477,30.2810194,30,-0.205635215,0.199781782,0.2
0.5478,30.2792868,30,-0.205635215,0.199781782,0.2
0.5479,30.2775542,30,-0.205635215,0.199781782,0.2
0.548,30.2758216,30,-0.205635215,0.199781782,0.2
0.5481,30.2741564,30,-0.205298214,0.199790822,0.2
0.5482,30.2724913,30,-0.205298214,0.199790822,0.2
0.5483,30.2708262,30,-0.205298214,0.199790822,0.2
0.5484,30.2691612,30,-0.205298214,0.199790822,0.2
0.5485,30.2674962,30,-0.205298214,0.199790822,0.2
0.5486,30.2658312,30,-0.205298214,0.199790822,0.2
0.5487,30.2641663,30,-0.205298214,0.199790822,0.2
0.5488,30.2625014,30,-0.205298214,0.199790822,0.2
0.5489,30.2608365,30,-0.205298214,0.199790822,0.2
0.549,30.2591716,30,-0.205298214,0.199790822,0.2
0.5491,30.2575716,30,-0.204974255,0.199799403,0.2
0.5492,30.2559716,30,-0.204974255,0.199799403,0.2
0.5493,30.2543717,30,-0.204974255,0.199799403,0.2
0.5494,30.2527718,30,-0.204974255,0.199799403,0.2
0.5495,30.2511719,30,-0.204974255,0.199799403,0.2
0.5496,30.249572,30,-0.204974255,0.199799403,0.2
0.5497,30.2479722,30,-0.204974255,0.199799403,0.2
0.5498,30.2463724,30,-0.204974255,0.199799403,0.2
0.5499,30.2447726,30,-0.204974255,0.199799403,0.2
0.55,30.2431729,30,-0.204974255,0.199799403,0.2
0.5501,30.2416355,30,-0.204662861,0.199807567,0.2
0.5502,30.2400981,30,-0.204662861,0.199807567,0.2
0.5503,30.2385607,30,-0.204662861,0.199807567,0.2
0.5504,30.2370234,30,-0.204662861,0.199807567,0.2
0.5505,30.2354861,30,-0.204662861,0.199807567,0.2
0.5506,30.2339488,30,-0.204662861,0.199807567,0.2
0.5507,30.2324116,30,-0.204662861,0.199807567,0.2
0.5508,30.2308744,30,-0.204662861,0.199807567,0.2
0.5509,30.2293372,30,-0.204662861,0.199807567,0.2
0.551,30.2278001,30,-0.204662861,0.199807567,0.2
0.5511,30.2263228,30,-0.204363569,0.199815346,0.2
0.5512,30.2248456,30,-0.204363569,0.199815346,0.2
0.5513,30.2233684,30,-0.204363569,0.199815346,0.2
0.5514,30.2218912,30,-0.204363569,0.199815346,0.2
0.5515,30.2204141,30,-0.204363569,0.199815346,0.2
0.5516,30.218937,30,-0.204363569,0.199815346,0.2
0.5517,30.2174599,30,-0.204363569,0.199815346,0.2
0.5518,30.2159829,30,-0.204363569,0.199815346,0.2
0.5519,30.2145059,30,-0.204363569,0.199815346,0.2
0.552,30.2130289,30,-0.204363569,0.199815346,0.2
0.5521,30.2116094,30,-0.204075924,0.19982277,0.2
0.5522,30.21019,30,-0.204075924,0.19982277,0.2
0.5523,30.2087707,30,-0.204075924,0.19982277,0.2
0.5524,30.2073513,30,-0.204075924,0.19982277,0.2
0.5525,30.205932,30,-0.204075924,0.19982277,0.2
0.5526,30.2045127,30,-0.204075924,0.19982277,0.2
0.5527,30.2030934,30,-0.204075924,0.19982277,0.2
0.5528,30.2016742,30,-0.204075924,0.19982277,0.2
0.5529,30.200255,30,-0.204075924,0.19982277,0.2
0.553,30.1988358,30,-0.204075924,0.19982277,0.2
0.5531,30.197472,30,-0.203799487,0.199829863,0.2
0.5532,30.1961081,30,-0.203799487,0.199829863,0.2
0.5533,30.1947443,30,-0.203799487,0.199829863,0.2
0.5534,30.1933806,30,-0.203799487,0.199829863,0.2
0.5535,30.1920168,30,-0.203799487,0.199829863,0.2
0.5536,30.1906531,30,-0.203799487,0.199829863,0.2
0.5537,30.1892894,30,-0.203799487,0.199829863,0.2
0.5538,30.1879257,30,-0.203799487,0.199829863,0.2
0.5539,30.1865621,30,-0.203799487,0.199829863,0.2
0.554,30.1851985,30,-0.203799487,0.199829863,0.2
0.5541,30.183888,30,-0.203533832,0.199836647,0.2
0.5542,30.1825776,30,-0.203533832,0.199836647,0.2
0.5543,30.1812672,30,-0.203533832,0.199836647,0.2
0.5544,30.1799568,30,-0.203533832,0.199836647,0.2
0.5545,30.1786464,30,-0.203533832,0.199836647,0.2
0.5546,30.1773361,30,-0.203533832,0.199836647,0.2
0.5547,30.1760258,30,-0.203533832,0.199836647,0.2
0.5548,30.1747155,30,-0.203533832,0.199836647,0.2
0.5549,30.1734053,30,-0.203533832,0.199836647,0.2
0.555,30.1720951,30,-0.203533832,0.199836647,0.2
0.5551,30.1708359,30,-0.203278548,0.19984314,0.2
0.5552,30.1695768,30,-0.203278548,0.19984314,0.2
0.5553,30.1683177,30,-0.203278548,0.19984314,0.2
0.5554,30.1670587,30,-0.203278548,0.19984314,0.2
0.5555,30.1657996,30,-0.203278548,0.19984314,0.2
0.5556,30.1645406,30,-0.203278548,0.19984314,0.2
0.5557,30.1632816,30,-0.203278548,0.19984314,0.2
0.5558,30.1620227,30,-0.203278548,0.19984314,0.2
0.5559,30.1607637,30,-0.203278548,0.19984314,0.2
0.556,30.1595048,30,-0.203278548,0.19984314,0.2
0.5561,30.158295,30,-0.203033236,0.199849359,0.2
0.5562,30.1570852,30,-0.203033236,0.199849359,0.2
0.5563,30.1558754,30,-0.203033236,0.199849359,0.2
0.5564,30.1546656,30,-0.203033236,0.199849359,0.2
0.5565,30.1534559,30,-0.203033236,0.199849359,0.2
0.5566,30.1522462,30,-0.203033236,0.199849359,0.2
0.5567,30.1510365,30,-0.203033236,0.199849359,0.2
0.5568,30.1498269,30,-0.203033236,0.199849359,0.2
0.5569,30.1486172,30,-0.203033236,0.199849359,0.2
0.557,30.1474076,30,-0.203033236,0.199849359,0.2
0.5571,30.1462452,30,-0.202797511,0.199855319,0.2
0.5572,30.1450828,30,-0.202797511,0.199855319,0.2
0.5573,30.1439204,30,-0.202797511,0.199855319,0.2
0.5574,30.142758,30,-0.202797511,0.199855319,0.2
0.5575,30.1415957,30,-0.202797511,0.199855319,0.2
0.5576,30.1404334,30,-0.202797511,0.199855319,0.2
0.5577,30.1392711,30,-0.202797511,0.199855319,0.2
0.5578,30.1381088,30,-0.202797511,0.199855319,0.2
0.5579,30.1369465,30,-0.202797511,0.199855319,0.2
0.558,30.1357843,30,-0.202797511,0.199855319,0.2
0.5581,30.1346674,30,-0.202571004,0.199861033,0.2
0.5582,30.1335505,30,-0.202571004,0.199861033,0.2
0.5583,30.1324336,30,-0.202571004,0.199861033,0.2
0.5584,30.1313168,30,-0.202571004,0.199861033,0.2
0.5585,30.1302,30,-0.202571004,0.199861033,0.2
0.5586,30.1290832,30,-0.202571004,0.199861033,0.2
0.5587,30.1279664,30,-0.202571004,0.199861033,0.2
0.5588,30.1268497,30,-0.202571004,0.199861033,0.2
0.5589,30.125733,30,-0.202571004,0.199861033,0.2
0.559,30.1246162,30,-0.202571004,0.199861033,0.2
0.5591,30.1235431,30,-0.202353358,0.199866513,0.2
0.5592,30.12247,30,-0.202353358,0.199866513,0.2
0.5593,30.1213969,30,-0.202353358,0.199866513,0.2
0.5594,30.1203238,30,-0.202353358,0.199866513,0.2
0.5595,30.1192507,30,-0.202353358,0.199866513,0.2
0.5596,30.1181777,30,-0.202353358,0.199866513,0.2
0.5597,30.1171046,30,-0.202353358,0.199866513,0.2
0.5598,30.1160316,30,-0.202353358,0.199866513,0.2
0.5599,30.1149586,30,-0.202353358,0.199866513,0.2
0.56,30.1138857,30,-0.202353358,0.199866513,0.2
0.5601,30.1128546,30,-0.202144227,0.199871772,0.2
0.5602,30.1118235,30,-0.202144227,0.199871772,0.2
0.5603,30.1107924,30,-0.202144227,0.199871772,0.2
0.5604,30.1097614,30,-0.202144227,0.199871772,0.2
0.5605,30.1087303,30,-0.202144227,0.199871772,0.2
0.5606,30.1076993,30,-0.202144227,0.199871772,0.2
0.5607,30.1066683,30,-0.202144227,0.199871772,0.2
0.5608,30.1056374,30,-0.202144227,0.199871772,0.2
0.5609,30.1046064,30,-0.202144227,0.199871772,0.2
0.561,30.1035755,30,-0.202144227,0.199871772,0.2
0.5611,30.1025848,30,-0.201943281,0.199876818,0.2
0.5612,30.1015941,30,-0.201943281,0.199876818,0.2
0.5613,30.1006034,30,-0.201943281,0.199876818,0.2
0.5614,30.0996127,30,-0.201943281,0.199876818,0.2
0.5615,30.0986221,30,-0.201943281,0.199876818,0.2
0.5616,30.0976315,30,-0.201943281,0.199876818,0.2
0.5617,30.0966409,30,-0.201943281,0.199876818,0.2
0.5618,30.0956503,30,-0.201943281,0.199876818,0.2
0.5619,30.0946597,30,-0.201943281,0.199876818,0.2
0.562,30.0936692,30,-0.201943281,0.199876818,0.2
0.5621,30.0927173,30,-0.201750202,0.199881662,0.2
0.5622,30.0917654,30,-0.201750202,0.199881662,0.2
0.5623,30.0908135,30,-0.201750202,0.199881662,0.2
0.5624,30.0898617,30,-0.201750202,0.199881662,0.2
0.5625,30.0889099,30,-0.201750202,0.199881662,0.2
0.5626,30.0879581,30,-0.201750202,0.199881662,0.2
0.5627,30.0870063,30,-0.201750202,0.199881662,0.2
0.5628,30.0860545,30,-0.201750202,0.199881662,0.2
0.5629,30.0851027,30,-0.201750202,0.199881662,0.2
0.563,30.084151,30,-0.201750202,0.199881662,0.2
0.5631,30.0832364,30,-0.201564682,0.199886313,0.2
0.5632,30.0823218,30,-0.201564682,0.199886313,0.2
0.5633,30.0814072,30,-0.201564682,0.199886313,0.2
0.5634,30.0804927,30,-0.201564682,0.199886313,0.2
0.5635,30.0795781,30,-0.201564682,0.199886313,0.2
0.5636,30.0786636,30,-0.201564682,0.199886313,0.2
0.5637,30.0777491,30,-0.201564682,0.199886313,0.2
0.5638,30.0768346,30,-0.201564682,0.199886313,0.2
0.5639,30.0759202,30,-0.201564682,0.199886313,0.2
0.564,30.0750057,30,-0.201564682,0.199886313,0.2
0.5641,30.074127,30,-0.201386427,0.199890778,0.2
0.5642,30.0732482,30,-0.201386427,0.199890778,0.2
0.5643,30.0723695,30,-0.201386427,0.199890778,0.2
0.5644,30.0714907,30,-0.201386427,0.199890778,0.2
0.5645,30.070612,30,-0.201386427,0.199890778,0.2
0.5646,30.0697333,30,-0.201386427,0.199890778,0.2
0.5647,30.0688547,30,-0.201386427,0.199890778,0.2
0.5648,30.067976,30,-0.201386427,0.199890778,0.2
0.5649,30.0670974,30,-0.201386427,0.199890778,0.2
0.565,30.0662188,30,-0.201386427,0.199890778,0.2
0.5651,30.0653744,30,-0.201215153,0.199895066,0.2
0.5652,30.0645301,30,-0.201215153,0.199895066,0.2
0.5653,30.0636858,30,-0.201215153,0.199895066,0.2
0.5654,30.0628415,30,-0.201215153,0.199895066,0.2
0.5655,30.0619972,30,-0.201215153,0.199895066,0.2
0.5656,30.0611529,30,-0.201215153,0.199895066,0.2
0.5657,30.0603087,30,-0.201215153,0.199895066,0.2
0.5658,30.0594645,30,-0.201215153,0.199895066,0.2
0.5659,30.0586202,30,-0.201215153,0.199895066,0.2
0.566,30.057776,30,-0.201215153,0.199895066,0.2
0.5661,30.0569648,30,-0.201050587,0.199899185,0.2
0.5662,30.0561535,30,-0.201050587,0.199899185,0.2
0.5663,30.0553423,30,-0.201050587,0.199899185,0.2
0.5664,30.0545311,30,-0.201050587,0.199899185,0.2
0.5665,30.0537199,30,-0.201050587,0.199899185,0.2
0.5666,30.0529087,30,-0.201050587,0.199899185,0.2
0.5667,30.0520975,30,-0.201050587,0.199899185,0.2
0.5668,30.0512864,30,-0.201050587,0.199899185,0.2
0.5669,30.0504752,30,-0.201050587,0.199899185,0.2
0.567,30.0496641,30,-0.201050587,0.199899185,0.2
0.5671,30.0488846,30,-0.200892467,0.19990314,0.2
0.5672,30.0481052,30,-0.200892467,0.19990314,0.2
0.5673,30.0473257,30,-0.200892467,0.19990314,0.2
0.5674,30.0465463,30,-0.200892467,0.19990314,0.2
0.5675,30.0457669,30,-0.200892467,0.19990314,0.2
0.5676,30.0449875,30,-0.200892467,0.19990314,0.2
0.5677,30.0442081,30,-0.200892467,0.19990314,0.2
0.5678,30.0434287,30,-0.200892467,0.19990314,0.2
0.5679,30.0426494,30,-0.200892467,0.19990314,0.2
0.568,30.04187,30,-0.200892467,0.19990314,0.2
0.5681,30.0411211,30,-0.200740541,0.19990694,0.2
0.5682,30.0403722,30,-0.200740541,0.19990694,0.2
0.5683,30.0396233,30,-0.200740541,0.19990694,0.2
0.5684,30.0388744,30,-0.200740541,0.19990694,0.2
0.5685,30.0381255,30,-0.200740541,0.19990694,0.2
0.5686,30.0373766,30,-0.200740541,0.19990694,0.2
0.5687,30.0366278,30,-0.200740541,0.19990694,0.2
0.5688,30.035879,30,-0.200740541,0.19990694,0.2
0.5689,30.0351301,30,-0.200740541,0.19990694,0.2
0.569,30.0343813,30,-0.200740541,0.19990694,0.2
0.5691,30.0336617,30,-0.200594566,0.199910589,0.2
0.5692,30.0329422,30,-0.200594566,0.199910589,0.2
0.5693,30.0322226,30,-0.200594566,0.199910589,0.2
0.5694,30.031503,30,-0.200594566,0.199910589,0.2
0.5695,30.0307835,30,-0.200594566,0.199910589,0.2
0.5696,30.030064,30,-0.200594566,0.199910589,0.2
0.5697,30.0293445,30,-0.200594566,0.199910589,0.2
0.5698,30.028625,30,-0.200594566,0.199910589,0.2
0.5699,30.0279055,30,-0.200594566,0.199910589,0.2
0.57,30.027186,30,-0.200594566,0.199910589,0.2
0.5701,30.0264946,30,-0.20045431,0.199914095,0.2
0.5702,30.0258033,30,-0.20045431,0.199914095,0.2
0.5703,30.0251119,30,-0.20045431,0.199914095,0.2
0.5704,30.0244205,30,-0.20045431,0.199914095,0.2
0.5705,30.0237292,30,-0.20045431,0.199914095,0.2
0.5706,30.0230379,30,-0.20045431,0.199914095,0.2
0.5707,30.0223465,30,-0.20045431,0.199914095,0.2
0.5708,30.0216552,30,-0.20045431,0.199914095,0.2
0.5709,30.020964,30,-0.20045431,0.199914095,0.2
0.571,30.0202727,30,-0.20045431,0.199914095,0.2
0.5711,30.0196084,30,-0.200319549,0.199917463,0.2
0.5712,30.0189441,30,-0.200319549,0.199917463,0.2
0.5713,30.0182798,30,-0.200319549,0.199917463,0.2
0.5714,30.0176155,30,-0.200319549,0.199917463,0.2
0.5715,30.0169513,30,-0.200319549,0.199917463,0.2
0.5716,30.016287,30,-0.200319549,0.199917463,0.2
0.5717,30.0156228,30,-0.200319549,0.199917463,0.2
0.5718,30.0149586,30,-0.200319549,0.199917463,0.2
0.5719,30.0142944,30,-0.200319549,0.199917463,0.2
0.572,30.0136302,30,-0.200319549,0.199917463,0.2
0.5721,30.0129919,30,-0.200190067,0.199920699,0.2
0.5722,30.0123536,30,-0.200190067,0.199920699,0.2
0.5723,30.0117154,30,-0.200190067,0.199920699,0.2
0.5724,30.0110771,30,-0.200190067,0.199920699,0.2
0.5725,30.0104389,30,-0.200190067,0.199920699,0.2
0.5726,30.0098007,30,-0.200190067,0.199920699,0.2
0.5727,30.0091625,30,-0.200190067,0.199920699,0.2
0.5728,30.0085243,30,-0.200190067,0.199920699,0.2
0.5729,30.0078861,30,-0.200190067,0.199920699,0.2
0.573,30.007248,30,-0.200190067,0.199920699,0.2
0.5731,30.0066347,30,-0.200065658,0.199923807,0.2
0.5732,30.0060214,30,-0.200065658,0.199923807,0.2
0.5733,30.0054082,30,-0.200065658,0.199923807,0.2
0.5734,30.004795,30,-0.200065658,0.199923807,0.2
0.5735,30.0041817,30,-0.200065658,0.199923807,0.2
0.5736,30.0035685,30,-0.200065658,0.199923807,0.2
0.5737,30.0029553,30,-0.200065658,0.199923807,0.2
0.5738,30.0023421,30,-0.200065658,0.199923807,0.2
0.5739,30.001729,30,-0.200065658,0.199923807,0.2
0.574,30.0011158,30,-0.200065658,0.199923807,0.2
0.5741,30.0005266,30,-0.199946124,0.199926794,0.2
0.5742,29.9999373,30,-0.199946124,0.199926794,0.2
0.5743,29.9993481,30,-0.199946124,0.199926794,0.2
0.5744,29.9987589,30,-0.199946124,0.199926794,0.2
0.5745,29.9981697,30,-0.199946124,0.199926794,0.2
0.5746,29.9975805,30,-0.199946124,0.199926794,0.2
0.5747,29.9969914,30,-0.199946124,0.199926794,0.2
0.5748,29.9964022,30,-0.199946124,0.199926794,0.2
0.5749,29.9958131,30,-0.199946124,0.199926794,0.2
0.575,29.9952239,30,-0.199946124,0.199926794,0.2
0.5751,29.9946578,30,-0.199831272,0.199929663,0.2
0.5752,29.9940916,30,-0.199831272,0.199929663,0.2
0.5753,29.9935255,30,-0.199831272,0.199929663,0.2
0.5754,29.9929594,30,-0.199831272,0.199929663,0.2
0.5755,29.9923933,30,-0.199831272,0.199929663,0.2
0.5756,29.9918272,30,-0.199831272,0.199929663,0.2
0.5757,29.9912611,30,-0.199831272,0.199929663,0.2
0.5758,29.990695,30,-0.199831272,0.199929663,0.2
0.5759,29.990129,30,-0.199831272,0.199929663,0.2
0.576,29.9895629,30,-0.199831272,0.199929663,0.2
0.5761,29.9890189,30,-0.199720921,0.19993242,0.2
0.5762,29.988475,30,-0.199720921,0.19993242,0.2
0.5763,29.987931,30,-0.199720921,0.19993242,0.2
0.5764,29.9873871,30,-0.199720921,0.19993242,0.2
0.5765,29.9868432,30,-0.199720921,0.19993242,0.2
0.5766,29.9862993,30,-0.199720921,0.19993242,0.2
0.5767,29.9857553,30,-0.199720921,0.19993242,0.2
0.5768,29.9852115,30,-0.199720921,0.19993242,0.2
0.5769,29.9846676,30,-0.199720921,0.19993242,0.2
0.577,29.9841237,30,-0.199720921,0.19993242,0.2
0.5771,29.983601,30,-0.199614894,0.199935068,0.2
0.5772,29.9830784,30,-0.199614894,0.199935068,0.2
0.5773,29.9825558,30,-0.199614894,0.199935068,0.2
0.5774,29.9820331,30,-0.199614894,0.199935068,0.2
0.5775,29.9815105,30,-0.199614894,0.199935068,0.2
0.5776,29.9809879,30,-0.199614894,0.199935068,0.2
0.5777,29.9804653,30,-0.199614894,0.199935068,0.2
0.5778,29.9799427,30,-0.199614894,0.199935068,0.2
0.5779,29.9794202,30,-0.199614894,0.199935068,0.2
0.578,29.9788976,30,-0.199614894,0.199935068,0.2
0.5781,29.9783954,30,-0.19951302,0.199937613,0.2
0.5782,29.9778933,30,-0.19951302,0.199937613,0.2
0.5783,29.9773911,30,-0.19951302,0.199937613,0.2
0.5784,29.976889,30,-0.19951302,0.199937613,0.2
0.5785,29.9763868,30,-0.19951302,0.199937613,0.2
0.5786,29.9758847,30,-0.19951302,0.199937613,0.2
0.5787,29.9753826,30,-0.19951302,0.199937613,0.2
0.5788,29.9748805,30,-0.19951302,0.199937613,0.2
0.5789,29.9743784,30,-0.19951302,0.199937613,0.2
0.579,29.9738763,30,-0.19951302,0.199937613,0.2
0.5791,29.9733938,30,-0.199415139,0.199940057,0.2
0.5792,29.9729113,30,-0.199415139,0.199940057,0.2
0.5793,29.9724288,30,-0.199415139,0.199940057,0.2
0.5794,29.9719463,30,-0.199415139,0.199940057,0.2
0.5795,29.9714639,30,-0.199415139,0.199940057,0.2
0.5796,29.9709814,30,-0.199415139,0.199940057,0.2
0.5797,29.970499,30,-0.199415139,0.199940057,0.2
0.5798,29.9700166,30,-0.199415139,0.199940057,0.2
0.5799,29.9695341,30,-0.199415139,0.199940057,0.2
0.58,29.9690517,30,-0.199415139,0.199940057,0.2
0.5801,29.9685881,30,-0.199321092,0.199942406,0.2
0.5802,29.9681245,30,-0.199321092,0.199942406,0.2
0.5803,29.967661,30,-0.199321092,0.199942406,0.2
0.5804,29.9671974,30,-0.199321092,0.199942406,0.2
0.5805,29.9667338,30,-0.199321092,0.199942406,0.2
0.5806,29.9662703,30,-0.199321092,0.199942406,0.2
0.5807,29.9658068,30,-0.199321092,0.199942406,0.2
0.5808,29.9653432,30,-0.199321092,0.199942406,0.2
0.5809,29.9648797,30,-0.199321092,0.199942406,0.2
0.581,29.9644162,30,-0.199321092,0.199942406,0.2
0.5811,29.9639708,30,-0.19923073,0.199944663,0.2
0.5812,29.9635253,30,-0.19923073,0.199944663,0.2
0.5813,29.9630799,30,-0.19923073,0.199944663,0.2
0.5814,29.9626345,30,-0.19923073,0.199944663,0.2
0.5815,29.9621891,30,-0.19923073,0.199944663,0.2
0.5816,29.9617437,30,-0.19923073,0.199944663,0.2
0.5817,29.9612984,30,-0.19923073,0.199944663,0.2
0.5818,29.960853,30,-0.19923073,0.199944663,0.2
0.5819,29.9604076,30,-0.19923073,0.199944663,0.2
0.582,29.9599623,30,-0.19923073,0.199944663,0.2
0.5821,29.9595343,30,-0.199143909,0.199946832,0.2
0.5822,29.9591063,30,-0.199143909,0.199946832,0.2
0.5823,29.9586784,30,-0.199143909,0.199946832,0.2
0.5824,29.9582504,30,-0.199143909,0.199946832,0.2
0.5825,29.9578225,30,-0.199143909,0.199946832,0.2
0.5826,29.9573946,30,-0.199143909,0.199946832,0.2
0.5827,29.9569666,30,-0.199143909,0.199946832,0.2
0.5828,29.9565387,30,-0.199143909,0.199946832,0.2
0.5829,29.9561108,30,-0.199143909,0.199946832,0.2
0.583,29.9556829,30,-0.199143909,0.199946832,0.2
0.5831,29.9552717,30,-0.19906049,0.199948915,0.2
0.5832,29.9548605,30,-0.19906049,0.199948915,0.2
0.5833,29.9544493,30,-0.19906049,0.199948915,0.2
0.5834,29.9540381,30,-0.19906049,0.199948915,0.2
0.5835,29.953627,30,-0.19906049,0.199948915,0.2
0.5836,29.9532158,30,-0.19906049,0.199948915,0.2
0.5837,29.9528046,30,-0.19906049,0.199948915,0.2
0.5838,29.9523935,30,-0.19906049,0.199948915,0.2
0.5839,29.9519823,30,-0.19906049,0.199948915,0.2
0.584,29.9515712,30,-0.19906049,0.199948915,0.2
0.5841,29.9511761,30,-0.198980339,0.199950917,0.2
0.5842,29.950781,30,-0.198980339,0.199950917,0.2
0.5843,29.9503859,30,-0.198980339,0.199950917,0.2
0.5844,29.9499909,30,-0.198980339,0.199950917,0.2
0.5845,29.9495958,30,-0.198980339,0.199950917,0.2
0.5846,29.9492008,30,-0.198980339,0.199950917,0.2
0.5847,29.9488057,30,-0.198980339,0.199950917,0.2
0.5848,29.9484107,30,-0.198980339,0.199950917,0.2
0.5849,29.9480156,30,-0.198980339,0.199950917,0.2
0.585,29.9476206,30,-0.198980339,0.199950917,0.2
0.5851,29.947241,30,-0.198903329,0.19995284,0.2
0.5852,29.9468614,30,-0.198903329,0.19995284,0.2
0.5853,29.9464818,30,-0.198903329,0.19995284,0.2
0.5854,29.9461022,30,-0.198903329,0.19995284,0.2
0.5855,29.9457226,30,-0.198903329,0.19995284,0.2
0.5856,29.945343,30,-0.198903329,0.19995284,0.2
0.5857,29.9449635,30,-0.198903329,0.19995284,0.2
0.5858,29.9445839,30,-0.198903329,0.19995284,0.2
0.5859,29.9442044,30,-0.198903329,0.19995284,0.2
0.586,29.9438248,30,-0.198903329,0.19995284,0.2
0.5861,29.9434601,30,-0.198829336,0.199954688,0.2
0.5862,29.9430953,30,-0.198829336,0.199954688,0.2
0.5863,29.9427306,30,-0.198829336,0.199954688,0.2
0.5864,29.9423659,30,-0.198829336,0.199954688,0.2
0.5865,29.9420012,30,-0.198829336,0.199954688,0.2
0.5866,29.9416365,30,-0.198829336,0.199954688,0.2
0.5867,29.9412718,30,-0.198829336,0.199954688,0.2
0.5868,29.9409071,30,-0.198829336,0.199954688,0.2
0.5869,29.9405424,30,-0.198829336,0.199954688,0.2
0.587,29.9401777,30,-0.198829336,0.199954688,0.2
0.5871,29.9398273,30,-0.198758243,0.199956464,0.2
0.5872,29.9394768,30,-0.198758243,0.199956464,0.2
0.5873,29.9391264,30,-0.198758243,0.199956464,0.2
0.5874,29.938776,30,-0.198758243,0.199956464,0.2
0.5875,29.9384256,30,-0.198758243,0.199956464,0.2
0.5876,29.9380751,30,-0.198758243,0.199956464,0.2
0.5877,29.9377247,30,-0.198758243,0.199956464,0.2
0.5878,29.9373743,30,-0.198758243,0.199956464,0.2
0.5879,29.9370239,30,-0.198758243,0.199956464,0.2
0.588,29.9366736,30,-0.198758243,0.199956464,0.2
0.5881,29.9363368,30,-0.198689935,0.199958169,0.2
0.5882,29.9360001,30,-0.198689935,0.199958169,0.2
0.5883,29.9356634,30,-0.198689935,0.199958169,0.2
0.5884,29.9353267,30,-0.198689935,0.199958169,0.2
0.5885,29.93499,30,-0.198689935,0.199958169,0.2
0.5886,29.9346534,30,-0.198689935,0.199958169,0.2
0.5887,29.9343167,30,-0.198689935,0.199958169,0.2
0.5888,29.93398,30,-0.198689935,0.199958169,0.2
0.5889,29.9336434,30,-0.198689935,0.199958169,0.2
0.589,29.9333067,30,-0.198689935,0.199958169,0.2
0.5891,29.9329832,30,-0.198624303,0.199959808,0.2
0.5892,29.9326597,30,-0.198624303,0.199959808,0.2
0.5893,29.9323361,30,-0.198624303,0.199959808,0.2
0.5894,29.9320126,30,-0.198624303,0.199959808,0.2
0.5895,29.9316891,30,-0.198624303,0.199959808,0.2
0.5896,29.9313657,30,-0.198624303,0.199959808,0.2
0.5897,29.9310422,30,-0.198624303,0.199959808,0.2
0.5898,29.9307187,30,-0.198624303,0.199959808,0.2
0.5899,29.9303952,30,-0.198624303,0.199959808,0.2
0.59,29.9300718,30,-0.198624303,0.199959808,0.2
0.5901,29.9297609,30,-0.198561243,0.199961383,0.2
0.5902,29.9294501,30,-0.198561243,0.199961383,0.2
0.5903,29.9291392,30,-0.198561243,0.199961383,0.2
0.5904,29.9288284,30,-0.198561243,0.199961383,0.2
0.5905,29.9285176,30,-0.198561243,0.199961383,0.2
0.5906,29.9282068,30,-0.198561243,0.199961383,0.2
0.5907,29.927896,30,-0.198561243,0.199961383,0.2
0.5908,29.9275851,30,-0.198561243,0.199961383,0.2
0.5909,29.9272744,30,-0.198561243,0.199961383,0.2
0.591,29.9269636,30,-0.198561243,0.199961383,0.2
0.5911,29.9266649,30,-0.198500655,0.199962896,0.2
0.5912,29.9263662,30,-0.198500655,0.199962896,0.2
0.5913,29.9260676,30,-0.198500655,0.199962896,0.2
0.5914,29.9257689,30,-0.198500655,0.199962896,0.2
0.5915,29.9254703,30,-0.198500655,0.199962896,0.2
0.5916,29.9251716,30,-0.198500655,0.199962896,0.2
0.5917,29.924873,30,-0.198500655,0.199962896,0.2
0.5918,29.9245744,30,-0.198500655,0.199962896,0.2
0.5919,29.9242758,30,-0.198500655,0.199962896,0.2
0.592,29.9239772,30,-0.198500655,0.199962896,0.2
0.5921,29.9236902,30,-0.19844244,0.19996435,0.2
0.5922,29.9234032,30,-0.19844244,0.19996435,0.2
0.5923,29.9231163,30,-0.19844244,0.19996435,0.2
0.5924,29.9228293,30,-0.19844244,0.19996435,0.2
0.5925,29.9225424,30,-0.19844244,0.19996435,0.2
0.5926,29.9222555,30,-0.19844244,0.19996435,0.2
0.5927,29.9219685,30,-0.19844244,0.19996435,0.2
0.5928,29.9216816,30,-0.19844244,0.19996435,0.2
0.5929,29.9213947,30,-0.19844244,0.19996435,0.2
0.593,29.9211078,30,-0.19844244,0.19996435,0.2
0.5931,29.920832,30,-0.198386506,0.199965747,0.2
0.5932,29.9205563,30,-0.198386506,0.199965747,0.2
0.5933,29.9202806,30,-0.198386506,0.199965747,0.2
0.5934,29.9200049,30,-0.198386506,0.199965747,0.2
0.5935,29.9197292,30,-0.198386506,0.199965747,0.2
0.5936,29.9194535,30,-0.198386506,0.199965747,0.2
0.5937,29.9191778,30,-0.198386506,0.199965747,0.2
0.5938,29.9189022,30,-0.198386506,0.199965747,0.2
0.5939,29.9186265,30,-0.198386506,0.199965747,0.2
0.594,29.9183508,30,-0.198386506,0.199965747,0.2
0.5941,29.9180859,30,-0.198332763,0.199967089,0.2
0.5942,29.917821,30,-0.198332763,0.199967089,0.2
0.5943,29.9175561,30,-0.198332763,0.199967089,0.2
0.5944,29.9172912,30,-0.198332763,0.199967089,0.2
0.5945,29.9170263,30,-0.198332763,0.199967089,0.2
0.5946,29.9167614,30,-0.198332763,0.199967089,0.2
0.5947,29.9164965,30,-0.198332763,0.199967089,0.2
0.5948,29.9162316,30,-0.198332763,0.199967089,0.2
0.5949,29.9159667,30,-0.198332763,0.199967089,0.2
0.595,29.9157019,30,-0.198332763,0.199967089,0.2
0.5951,29.9154473,30,-0.198281127,0.199968379,0.2
0.5952,29.9151928,30,-0.198281127,0.199968379,0.2
0.5953,29.9149383,30,-0.198281127,0.199968379,0.2
0.5954,29.9146838,30,-0.198281127,0.199968379,0.2
0.5955,29.9144292,30,-0.198281127,0.199968379,0.2
0.5956,29.9141747,30,-0.198281127,0.199968379,0.2
0.5957,29.9139202,30,-0.198281127,0.199968379,0.2
0.5958,29.9136657,30,-0.198281127,0.199968379,0.2
0.5959,29.9134112,30,-0.198281127,0.199968379,0.2
0.596,29.9131567,30,-0.198281127,0.199968379,0.2
0.5961,29.9129122,30,-0.198231514,0.199969618,0.2
0.5962,29.9126676,30,-0.198231514,0.199969618,0.2
0.5963,29.9124231,30,-0.198231514,0.199969618,0.2
0.5964,29.9121785,30,-0.198231514,0.199969618,0.2
0.5965,29.911934,30,-0.198231514,0.199969618,0.2
0.5966,29.9116894,30,-0.198231514,0.199969618,0.2
0.5967,29.9114449,30,-0.198231514,0.199969618,0.2
0.5968,29.9112004,30,-0.198231514,0.199969618,0.2
0.5969,29.9109558,30,-0.198231514,0.199969618,0.2
0.597,29.9107113,30,-0.198231514,0.199969618,0.2
0.5971,29.9104763,30,-0.198183844,0.199970808,0.2
0.5972,29.9102414,30,-0.198183844,0.199970808,0.2
0.5973,29.9100064,30,-0.198183844,0.199970808,0.2
0.5974,29.9097714,30,-0.198183844,0.199970808,0.2
0.5975,29.9095365,30,-0.198183844,0.199970808,0.2
0.5976,29.9093015,30,-0.198183844,0.199970808,0.2
0.5977,29.9090666,30,-0.198183844,0.199970808,0.2
0.5978,29.9088316,30,-0.198183844,0.199970808,0.2
0.5979,29.9085967,30,-0.198183844,0.199970808,0.2
0.598,29.9083617,30,-0.198183844,0.199970808,0.2
0.5981,29.908136,30,-0.198138043,0.199971952,0.2
0.5982,29.9079102,30,-0.198138043,0.199971952,0.2
0.5983,29.9076844,30,-0.198138043,0.199971952,0.2
0.5984,29.9074587,30,-0.198138043,0.199971952,0.2
0.5985,29.9072329,30,-0.198138043,0.199971952,0.2
0.5986,29.9070072,30,-0.198138043,0.199971952,0.2
0.5987,29.9067814,30,-0.198138043,0.199971952,0.2
0.5988,29.9065557,30,-0.198138043,0.199971952,0.2
0.5989,29.9063299,30,-0.198138043,0.199971952,0.2
0.599,29.9061042,30,-0.198138043,0.199971952,0.2
0.5991,29.9058873,30,-0.198094036,0.199973051,0.2
0.5992,29.9056703,30,-0.198094036,0.199973051,0.2
0.5993,29.9054534,30,-0.198094036,0.199973051,0.2
0.5994,29.9052365,30,-0.198094036,0.199973051,0.2
0.5995,29.9050196,30,-0.198094036,0.199973051,0.2
0.5996,29.9048027,30,-0.198094036,0.199973051,0.2
0.5997,29.9045858,30,-0.198094036,0.199973051,0.2
0.5998,29.9043689,30,-0.198094036,0.199973051,0.2
0.5999,29.904152,30,-0.198094036,0.199973051,0.2
0.6,29.9039351,30,-0.198094036,0.199973051,0.2
0.6001,29.9037267,30,-0.198051754,0.199974107,0.2
0.6002,29.9035183,30,-0.198051754,0.199974107,0.2
0.6003,29.9033099,30,-0.198051754,0.199974107,0.2
0.6004,29.9031014,30,-0.198051754,0.199974107,0.2
0.6005,29.902893,30,-0.198051754,0.199974107,0.2
0.6006,29.9026846,30,-0.198051754,0.199974107,0.2
0.6007,29.9024762,30,-0.198051754,0.199974107,0.2
0.6008,29.9022678,30,-0.198051754,0.199974107,0.2
0.6009,29.9020594,30,-0.198051754,0.199974107,0.2
0.601,29.901851,30,-0.198051754,0.199974107,0.2
0.6011,29.9016508,30,-0.198011128,0.199975122,0.2
0.6012,29.9014505,30,-0.198011128,0.199975122,0.2
0.6013,29.9012503,30,-0.198011128,0.199975122,0.2
0.6014,29.90105,30,-0.198011128,0.199975122,0.2
0.6015,29.9008498,30,-0.198011128,0.199975122,0.2
0.6016,29.9006495,30,-0.198011128,0.199975122,0.2
0.6017,29.9004493,30,-0.198011128,0.199975122,0.2
0.6018,29.9002491,30,-0.198011128,0.199975122,0.2
0.6019,29.9000488,30,-0.198011128,0.199975122,0.2
0.602,29.8998486,30,-0.198011128,0.199975122,0.2
0.6021,29.8996562,30,-0.197972094,0.199976096,0.2
0.6022,29.8994638,30,-0.197972094,0.199976096,0.2
0.6023,29.8992714,30,-0.197972094,0.199976096,0.2
0.6024,29.899079,30,-0.197972094,0.199976096,0.2
0.6025,29.8988866,30,-0.197972094,0.199976096,0.2
0.6026,29.8986942,30,-0.197972094,0.199976096,0.2
0.6027,29.8985018,30,-0.197972094,0.199976096,0.2
0.6028,29.8983094,30,-0.197972094,0.199976096,0.2
0.6029,29.898117,30,-0.197972094,0.199976096,0.2
0.603,29.8979246,30,-0.197972094,0.199976096,0.2
0.6031,29.8977398,30,-0.197934589,0.199977033,0.2
0.6032,29.8975549,30,-0.197934589,0.199977033,0.2
0.6033,29.89737,30,-0.197934589,0.199977033,0.2
0.6034,29.8971852,30,-0.197934589,0.199977033,0.2
0.6035,29.8970003,30,-0.197934589,0.199977033,0.2
0.6036,29.8968155,30,-0.197934589,0.199977033,0.2
0.6037,29.8966306,30,-0.197934589,0.199977033,0.2
0.6038,29.8964458,30,-0.197934589,0.199977033,0.2
0.6039,29.8962609,30,-0.197934589,0.199977033,0.2
0.604,29.8960761,30,-0.197934589,0.199977033,0.2
0.6041,29.8958984,30,-0.197898554,0.199977933,0.2
0.6042,29.8957208,30,-0.197898554,0.199977933,0.2
0.6043,29.8955432,30,-0.197898554,0.199977933,0.2
0.6044,29.8953656,30,-0.197898554,0.199977933,0.2
0.6045,29.8951879,30,-0.197898554,0.199977933,0.2
0.6046,29.8950103,30,-0.197898554,0.199977933,0.2
0.6047,29.8948327,30,-0.197898554,0.199977933,0.2
0.6048,29.8946551,30,-0.197898554,0.199977933,0.2
0.6049,29.8944775,30,-0.197898554,0.199977933,0.2
0.605,29.8942999,30,-0.197898554,0.199977933,0.2
0.6051,29.8941292,30,-0.197863931,0.199978798,0.2
0.6052,29.8939586,30,-0.197863931,0.199978798,0.2
0.6053,29.8937879,30,-0.197863931,0.199978798,0.2
0.6054,29.8936173,30,-0.197863931,0.199978798,0.2
0.6055,29.8934466,30,-0.197863931,0.199978798,0.2
0.6056,29.8932759,30,-0.197863931,0.199978798,0.2
0.6057,29.8931053,30,-0.197863931,0.199978798,0.2
0.6058,29.8929347,30,-0.197863931,0.199978798,0.2
0.6059,29.892764,30,-0.197863931,0.199978798,0.2
0.606,29.8925934,30,-0.197863931,0.199978798,0.2
0.6061,29.8924294,30,-0.197830665,0.199979628,0.2
0.6062,29.8922654,30,-0.197830665,0.199979628,0.2
0.6063,29.8921014,30,-0.197830665,0.199979628,0.2
0.6064,29.8919375,30,-0.197830665,0.199979628,0.2
0.6065,29.8917735,30,-0.197830665,0.199979628,0.2
0.6066,29.8916095,30,-0.197830665,0.199979628,0.2
0.6067,29.8914456,30,-0.197830665,0.199979628,0.2
0.6068,29.8912816,30,-0.197830665,0.199979628,0.2
0.6069,29.8911176,30,-0.197830665,0.199979628,0.2
0.607,29.8909537,30,-0.197830665,0.199979628,0.2
0.6071,29.8907961,30,-0.197798702,0.199980427,0.2
0.6072,29.8906386,30,-0.197798702,0.199980427,0.2
0.6073,29.890481,30,-0.197798702,0.199980427,0.2
0.6074,29.8903235,30,-0.197798702,0.199980427,0.2
0.6075,29.8901659,30,-0.197798702,0.199980427,0.2
0.6076,29.8900084,30,-0.197798702,0.199980427,0.2
0.6077,29.8898508,30,-0.197798702,0.199980427,0.2
0.6078,29.8896933,30,-0.197798702,0.199980427,0.2
0.6079,29.8895358,30,-0.197798702,0.199980427,0.2
0.608,29.8893782,30,-0.197798702,0.199980427,0.2
0.6081,29.8892269,30,-0.197767991,0.199981194,0.2
0.6082,29.8890755,30,-0.197767991,0.199981194,0.2
0.6083,29.8889241,30,-0.197767991,0.199981194,0.2
0.6084,29.8887727,30,-0.197767991,0.199981194,0.2
0.6085,29.8886214,30,-0.197767991,0.199981194,0.2
0.6086,29.88847,30,-0.197767991,0.199981194,0.2
0.6087,29.8883186,30,-0.197767991,0.199981194,0.2
0.6088,29.8881673,30,-0.197767991,0.199981194,0.2
0.6089,29.8880159,30,-0.197767991,0.199981194,0.2
0.609,29.8878645,30,-0.197767991,0.199981194,0.2
0.6091,29.8877191,30,-0.197738484,0.19998193,0.2
0.6092,29.8875736,30,-0.197738484,0.19998193,0.2
0.6093,29.8874282,30,-0.197738484,0.19998193,0.2
0.6094,29.8872827,30,-0.197738484,0.19998193,0.2
0.6095,29.8871373,30,-0.197738484,0.19998193,0.2
0.6096,29.8869919,30,-0.197738484,0.19998193,0.2
0.6097,29.8868464,30,-0.197738484,0.19998193,0.2
0.6098,29.886701,30,-0.197738484,0.19998193,0.2
0.6099,29.8865556,30,-0.197738484,0.19998193,0.2
0.61,29.8864101,30,-0.197738484,0.19998193,0.2
0.6101,29.8862704,30,-0.197710133,0.199982638,0.2
0.6102,29.8861306,30,-0.197710133,0.199982638,0.2
0.6103,29.8859909,30,-0.197710133,0.199982638,0.2
0.6104,29.8858511,30,-0.197710133,0.199982638,0.2
0.6105,29.8857114,30,-0.197710133,0.199982638,0.2
0.6106,29.8855717,30,-0.197710133,0.199982638,0.2
0.6107,29.8854319,30,-0.197710133,0.199982638,0.2
0.6108,29.8852922,30,-0.197710133,0.199982638,0.2
0.6109,29.8851525,30,-0.197710133,0.199982638,0.2
0.611,29.8850127,30,-0.197710133,0.199982638,0.2
0.6111,29.8848785,30,-0.197682893,0.199983319,0.2
0.6112,29.8847442,30,-0.197682893,0.199983319,0.2
0.6113,29.8846099,30,-0.197682893,0.199983319,0.2
0.6114,29.8844756,30,-0.197682893,0.199983319,0.2
0.6115,29.8843414,30,-0.197682893,0.199983319,0.2
0.6116,29.8842071,30,-0.197682893,0.199983319,0.2
0.6117,29.8840728,30,-0.197682893,0.199983319,0.2
0.6118,29.8839386,30,-0.197682893,0.199983319,0.2
0.6119,29.8838043,30,-0.197682893,0.199983319,0.2
0.612,29.8836701,30,-0.197682893,0.199983319,0.2
0.6121,29.8835411,30,-0.19765672,0.199983972,0.2
0.6122,29.8834121,30,-0.19765672,0.199983972,0.2
0.6123,29.883283,30,-0.19765672,0.199983972,0.2
0.6124,29.883154,30,-0.19765672,0.199983972,0.2
0.6125,29.883025,30,-0.19765672,0.199983972,0.2
0.6126,29.882896,30,-0.19765672,0.199983972,0.2
0.6127,29.882767,30,-0.19765672,0.199983972,0.2
0.6128,29.882638,30,-0.19765672,0.199983972,0.2
0.6129,29.882509,30,-0.19765672,0.199983972,0.2
0.613,29.88238,30,-0.19765672,0.199983972,0.2
0.6131,29.8822561,30,-0.197631573,0.1999846,0.2
0.6132,29.8821321,30,-0.197631573,0.1999846,0.2
0.6133,29.8820082,30,-0.197631573,0.1999846,0.2
0.6134,29.8818842,30,-0.197631573,0.1999846,0.2
0.6135,29.8817603,30,-0.197631573,0.1999846,0.2
0.6136,29.8816363,30,-0.197631573,0.1999846,0.2
0.6137,29.8815124,30,-0.197631573,0.1999846,0.2
0.6138,29.8813884,30,-0.197631573,0.1999846,0.2
0.6139,29.8812645,30,-0.197631573,0.1999846,0.2
0.614,29.8811405,30,-0.197631573,0.1999846,0.2
0.6141,29.8810214,30,-0.197607411,0.199985204,0.2
0.6142,29.8809023,30,-0.197607411,0.199985204,0.2
0.6143,29.8807832,30,-0.197607411,0.199985204,0.2
0.6144,29.8806641,30,-0.197607411,0.199985204,0.2
0.6145,29.880545,30,-0.197607411,0.199985204,0.2
0.6146,29.8804259,30,-0.197607411,0.199985204,0.2
0.6147,29.8803069,30,-0.197607411,0.199985204,0.2
0.6148,29.8801878,30,-0.197607411,0.199985204,0.2
0.6149,29.8800687,30,-0.197607411,0.199985204,0.2
0.615,29.8799496,30,-0.197607411,0.199985204,0.2
0.6151,29.8798352,30,-0.197584196,0.199985783,0.2
0.6152,29.8797207,30,-0.197584196,0.199985783,0.2
0.6153,29.8796063,30,-0.197584196,0.199985783,0.2
0.6154,29.8794919,30,-0.197584196,0.199985783,0.2
0.6155,29.8793774,30,-0.197584196,0.199985783,0.2
0.6156,29.879263,30,-0.197584196,0.199985783,0.2
0.6157,29.8791486,30,-0.197584196,0.199985783,0.2
0.6158,29.8790342,30,-0.197584196,0.199985783,0.2
0.6159,29.8789198,30,-0.197584196,0.199985783,0.2
0.616,29.8788053,30,-0.197584196,0.199985783,0.2
0.6161,29.8786954,30,-0.19756189,0.199986341,0.2
0.6162,29.8785854,30,-0.19756189,0.199986341,0.2
0.6163,29.8784755,30,-0.19756189,0.199986341,0.2
0.6164,29.8783655,30,-0.19756189,0.199986341,0.2
0.6165,29.8782556,30,-0.19756189,0.199986341,0.2
0.6166,29.8781457,30,-0.19756189,0.199986341,0.2
0.6167,29.8780357,30,-0.19756189,0.199986341,0.2
0.6168,29.8779258,30,-0.19756189,0.199986341,0.2
0.6169,29.8778158,30,-0.19756189,0.199986341,0.2
0.617,29.8777059,30,-0.19756189,0.199986341,0.2
0.6171,29.8776003,30,-0.197540459,0.199986876,0.2
0.6172,29.8774946,30,-0.197540459,0.199986876,0.2
0.6173,29.877389,30,-0.197540459,0.199986876,0.2
0.6174,29.8772833,30,-0.197540459,0.199986876,0.2
0.6175,29.8771777,30,-0.197540459,0.199986876,0.2
0.6176,29.8770721,30,-0.197540459,0.199986876,0.2
0.6177,29.8769664,30,-0.197540459,0.199986876,0.2
0.6178,29.8768608,30,-0.197540459,0.199986876,0.2
0.6179,29.8767552,30,-0.197540459,0.199986876,0.2
0.618,29.8766496,30,-0.197540459,0.199986876,0.2
0.6181,29.876548,30,-0.197519867,0.19998739,0.2
0.6182,29.8764465,30,-0.197519867,0.19998739,0.2
0.6183,29.876345,30,-0.197519867,0.19998739,0.2
0.6184,29.8762435,30,-0.197519867,0.19998739,0.2
0.6185,29.876142,30,-0.197519867,0.19998739,0.2
0.6186,29.8760406,30,-0.197519867,0.19998739,0.2
0.6187,29.8759391,30,-0.197519867,0.19998739,0.2
0.6188,29.8758376,30,-0.197519867,0.19998739,0.2
0.6189,29.8757361,30,-0.197519867,0.19998739,0.2
0.619,29.8756346,30,-0.197519867,0.19998739,0.2
0.6191,29.8755371,30,-0.197500082,0.199987884,0.2
0.6192,29.8754395,30,-0.197500082,0.199987884,0.2
0.6193,29.875342,30,-0.197500082,0.199987884,0.2
0.6194,29.8752445,30,-0.197500082,0.199987884,0.2
0.6195,29.875147,30,-0.197500082,0.199987884,0.2
0.6196,29.8750495,30,-0.197500082,0.199987884,0.2
0.6197,29.8749519,30,-0.197500082,0.199987884,0.2
0.6198,29.8748544,30,-0.197500082,0.199987884,0.2
0.6199,29.8747569,30,-0.197500082,0.199987884,0.2
0.62,29.8746594,30,-0.197500082,0.199987884,0.2
0.6201,29.8745657,30,-0.197481072,0.199988359,0.2
0.6202,29.874472,30,-0.197481072,0.199988359,0.2
0.6203,29.8743783,30,-0.197481072,0.199988359,0.2
0.6204,29.8742846,30,-0.197481072,0.199988359,0.2
0.6205,29.8741909,30,-0.197481072,0.199988359,0.2
0.6206,29.8740972,30,-0.197481072,0.199988359,0.2
0.6207,29.8740035,30,-0.197481072,0.199988359,0.2
0.6208,29.8739098,30,-0.197481072,0.199988359,0.2
0.6209,29.8738161,30,-0.197481072,0.199988359,0.2
0.621,29.8737224,30,-0.197481072,0.199988359,0.2
0.6211,29.8736324,30,-0.197462807,0.199988815,0.2
0.6212,29.8735423,30,-0.197462807,0.199988815,0.2
0.6213,29.8734523,30,-0.197462807,0.199988815,0.2
0.6214,29.8733623,30,-0.197462807,0.199988815,0.2
0.6215,29.8732723,30,-0.197462807,0.199988815,0.2
0.6216,29.8731822,30,-0.197462807,0.199988815,0.2
0.6217,29.8730922,30,-0.197462807,0.199988815,0.2
0.6218,29.8730022,30,-0.197462807,0.199988815,0.2
0.6219,29.8729122,30,-0.197462807,0.199988815,0.2
0.622,29.8728221,30,-0.197462807,0.199988815,0.2
0.6221,29.8727356,30,-0.197445258,0.199989253,0.2
0.6222,29.8726491,30,-0.197445258,0.199989253,0.2
0.6223,29.8725626,30,-0.197445258,0.199989253,0.2
0.6224,29.8724761,30,-0.197445258,0.199989253,0.2
0.6225,29.8723896,30,-0.197445258,0.199989253,0.2
0.6226,29.8723031,30,-0.197445258,0.199989253,0.2
0.6227,29.8722166,30,-0.197445258,0.199989253,0.2
0.6228,29.8721301,30,-0.197445258,0.199989253,0.2
0.6229,29.8720436,30,-0.197445258,0.199989253,0.2
0.623,29.8719572,30,-0.197445258,0.199989253,0.2
0.6231,29.871874,30,-0.197428396,0.199989674,0.2
0.6232,29.8717909,30,-0.197428396,0.199989674,0.2
0.6233,29.8717078,30,-0.197428396,0.199989674,0.2
0.6234,29.8716247,30,-0.197428396,0.199989674,0.2
0.6235,29.8715416,30,-0.197428396,0.199989674,0.2
0.6236,29.8714585,30,-0.197428396,0.199989674,0.2
0.6237,29.8713754,30,-0.197428396,0.199989674,0.2
0.6238,29.8712923,30,-0.197428396,0.199989674,0.2
0.6239,29.8712092,30,-0.197428396,0.199989674,0.2
0.624,29.8711261,30,-0.197428396,0.199989674,0.2
0.6241,29.8710462,30,-0.197412195,0.199990079,0.2
0.6242,29.8709663,30,-0.197412195,0.199990079,0.2
0.6243,29.8708865,30,-0.197412195,0.199990079,0.2
0.6244,29.8708066,30,-0.197412195,0.199990079,0.2
0.6245,29.8707268,30,-0.197412195,0.199990079,0.2
0.6246,29.8706469,30,-0.197412195,0.199990079,0.2
0.6247,29.8705671,30,-0.197412195,0.199990079,0.2
0.6248,29.8704872,30,-0.197412195,0.199990079,0.2
0.6249,29.8704074,30,-0.197412195,0.199990079,0.2
0.625,29.8703275,30,-0.197412195,0.199990079,0.2
0.6251,29.8702508,30,-0.197396629,0.199990468,0.2
0.6252,29.8701741,30,-0.197396629,0.199990468,0.2
0.6253,29.8700973,30,-0.197396629,0.199990468,0.2
0.6254,29.8700206,30,-0.197396629,0.199990468,0.2
0.6255,29.8699439,30,-0.197396629,0.199990468,0.2
0.6256,29.8698672,30,-0.197396629,0.199990468,0.2
0.6257,29.8697904,30,-0.197396629,0.199990468,0.2
0.6258,29.8697137,30,-0.197396629,0.199990468,0.2
0.6259,29.869637,30,-0.197396629,0.199990468,0.2
0.626,29.8695603,30,-0.197396629,0.199990468,0.2
0.6261,29.8694865,30,-0.197381673,0.199990841,0.2
0.6262,29.8694128,30,-0.197381673,0.199990841,0.2
0.6263,29.8693391,30,-0.197381673,0.199990841,0.2
0.6264,29.8692654,30,-0.197381673,0.199990841,0.2
0.6265,29.8691917,30,-0.197381673,0.199990841,0.2
0.6266,29.8691179,30,-0.197381673,0.199990841,0.2
0.6267,29.8690442,30,-0.197381673,0.199990841,0.2
0.6268,29.8689705,30,-0.197381673,0.199990841,0.2
0.6269,29.8688968,30,-0.197381673,0.199990841,0.2
0.627,29.8688231,30,-0.197381673,0.199990841,0.2
0.6271,29.8687522,30,-0.197367303,0.1999912,0.2
0.6272,29.8686814,30,-0.197367303,0.1999912,0.2
0.6273,29.8686106,30,-0.197367303,0.1999912,0.2
0.6274,29.8685397,30,-0.197367303,0.1999912,0.2
0.6275,29.8684689,30,-0.197367303,0.1999912,0.2
0.6276,29.8683981,30,-0.197367303,0.1999912,0.2
0.6277,29.8683273,30,-0.197367303,0.1999912,0.2
0.6278,29.8682564,30,-0.197367303,0.1999912,0.2
0.6279,29.8681856,30,-0.197367303,0.1999912,0.2
0.628,29.8681148,30,-0.197367303,0.1999912,0.2
0.6281,29.8680467,30,-0.197353496,0.199991545,0.2
0.6282,29.8679787,30,-0.197353496,0.199991545,0.2
0.6283,29.8679106,30,-0.197353496,0.199991545,0.2
0.6284,29.8678426,30,-0.197353496,0.199991545,0.2
0.6285,29.8677745,30,-0.197353496,0.199991545,0.2
0.6286,29.8677064,30,-0.197353496,0.199991545,0.2
0.6287,29.8676384,30,-0.197353496,0.199991545,0.2
0.6288,29.8675703,30,-0.197353496,0.199991545,0.2
0.6289,29.8675023,30,-0.197353496,0.199991545,0.2
0.629,29.8674342,30,-0.197353496,0.199991545,0.2
0.6291,29.8673688,30,-0.19734023,0.199991876,0.2
0.6292,29.8673035,30,-0.19734023,0.199991876,0.2
0.6293,29.8672381,30,-0.19734023,0.199991876,0.2
0.6294,29.8671727,30,-0.19734023,0.199991876,0.2
0.6295,29.8671073,30,-0.19734023,0.199991876,0.2
0.6296,29.8670419,30,-0.19734023,0.199991876,0.2
0.6297,29.8669765,30,-0.19734023,0.199991876,0.2
0.6298,29.8669111,30,-0.19734023,0.199991876,0.2
0.6299,29.8668457,30,-0.19734023,0.199991876,0.2
0.63,29.8667804,30,-0.19734023,0.199991876,0.2
0.6301,29.8667175,30,-0.197327483,0.199992194,0.2
0.6302,29.8666547,30,-0.197327483,0.199992194,0.2
0.6303,29.8665919,30,-0.197327483,0.199992194,0.2
0.6304,29.866529,30,-0.197327483,0.199992194,0.2
0.6305,29.8664662,30,-0.197327483,0.199992194,0.2
0.6306,29.8664034,30,-0.197327483,0.199992194,0.2
0.6307,29.8663406,30,-0.197327483,0.199992194,0.2
0.6308,29.8662777,30,-0.197327483,0.199992194,0.2
0.6309,29.8662149,30,-0.197327483,0.199992194,0.2
0.631,29.8661521,30,-0.197327483,0.199992194,0.2
0.6311,29.8660917,30,-0.197315236,0.1999925,0.2
0.6312,29.8660314,30,-0.197315236,0.1999925,0.2
0.6313,29.865971,30,-0.197315236,0.1999925,0.2
0.6314,29.8659106,30,-0.197315236,0.1999925,0.2
0.6315,29.8658503,30,-0.197315236,0.1999925,0.2
0.6316,29.8657899,30,-0.197315236,0.1999925,0.2
0.6317,29.8657295,30,-0.197315236,0.1999925,0.2
0.6318,29.8656692,30,-0.197315236,0.1999925,0.2
0.6319,29.8656088,30,-0.197315236,0.1999925,0.2
0.632,29.8655485,30,-0.197315236,0.1999925,0.2
0.6321,29.8654905,30,-0.197303469,0.199992794,0.2
0.6322,29.8654324,30,-0.197303469,0.199992794,0.2
0.6323,29.8653744,30,-0.197303469,0.199992794,0.2
0.6324,29.8653164,30,-0.197303469,0.199992794,0.2
0.6325,29.8652584,30,-0.197303469,0.199992794,0.2
0.6326,29.8652004,30,-0.197303469,0.199992794,0.2
0.6327,29.8651425,30,-0.197303469,0.199992794,0.2
0.6328,29.8650845,30,-0.197303469,0.199992794,0.2
0.6329,29.8650265,30,-0.197303469,0.199992794,0.2
0.633,29.8649685,30,-0.197303469,0.199992794,0.2
0.6331,29.8649127,30,-0.197292163,0.199993076,0.2
0.6332,29.864857,30,-0.197292163,0.199993076,0.2
0.6333,29.8648013,30,-0.197292163,0.199993076,0.2
0.6334,29.8647455,30,-0.197292163,0.199993076,0.2
0.6335,29.8646898,30,-0.197292163,0.199993076,0.2
0.6336,29.8646341,30,-0.197292163,0.199993076,0.2
0.6337,29.8645784,30,-0.197292163,0.199993076,0.2
0.6338,29.8645226,30,-0.197292163,0.199993076,0.2
0.6339,29.8644669,30,-0.197292163,0.199993076,0.2
0.634,29.8644112,30,-0.197292163,0.199993076,0.2
0.6341,29.8643577,30,-0.1972813,0.199993348,0.2
0.6342,29.8643041,30,-0.1972813,0.199993348,0.2
0.6343,29.8642506,30,-0.1972813,0.199993348,0.2
0.6344,29.864197,30,-0.1972813,0.199993348,0.2
0.6345,29.8641435,30,-0.1972813,0.199993348,0.2
0.6346,29.8640899,30,-0.1972813,0.199993348,0.2
0.6347,29.8640364,30,-0.1972813,0.199993348,0.2
0.6348,29.8639828,30,-0.1972813,0.199993348,0.2
0.6349,29.8639293,30,-0.1972813,0.199993348,0.2
0.635,29.8638758,30,-0.1972813,0.199993348,0.2
0.6351,29.8638243,30,-0.197270863,0.199993608,0.2
0.6352,29.8637729,30,-0.197270863,0.199993608,0.2
0.6353,29.8637214,30,-0.197270863,0.199993608,0.2
0.6354,29.86367,30,-0.197270863,0.199993608,0.2
0.6355,29.8636185,30,-0.197270863,0.199993608,0.2
0.6356,29.8635671,30,-0.197270863,0.199993608,0.2
0.6357,29.8635156,30,-0.197270863,0.199993608,0.2
0.6358,29.8634642,30,-0.197270863,0.199993608,0.2
0.6359,29.8634128,30,-0.197270863,0.199993608,0.2
0.636,29.8633613,30,-0.197270863,0.199993608,0.2
0.6361,29.8633119,30,-0.197260835,0.199993859,0.2
0.6362,29.8632625,30,-0.197260835,0.199993859,0.2
0.6363,29.863213,30,-0.197260835,0.199993859,0.2
0.6364,29.8631636,30,-0.197260835,0.199993859,0.2
0.6365,29.8631142,30,-0.197260835,0.199993859,0.2
0.6366,29.8630647,30,-0.197260835,0.199993859,0.2
0.6367,29.8630153,30,-0.197260835,0.199993859,0.2
0.6368,29.8629659,30,-0.197260835,0.199993859,0.2
0.6369,29.8629165,30,-0.197260835,0.199993859,0.2
0.637,29.862867,30,-0.197260835,0.199993859,0.2
0.6371,29.8628195,30,-0.197251199,0.199994099,0.2
0.6372,29.862772,30,-0.197251199,0.199994099,0.2
0.6373,29.8627245,30,-0.197251199,0.199994099,0.2
0.6374,29.862677,30,-0.197251199,0.199994099,0.2
0.6375,29.8626296,30,-0.197251199,0.199994099,0.2
0.6376,29.8625821,30,-0.197251199,0.199994099,0.2
0.6377,29.8625346,30,-0.197251199,0.199994099,0.2
0.6378,29.8624871,30,-0.197251199,0.199994099,0.2
0.6379,29.8624396,30,-0.197251199,0.199994099,0.2
0.638,29.8623921,30,-0.197251199,0.199994099,0.2
0.6381,29.8623465,30,-0.197241942,0.199994331,0.2
0.6382,29.8623008,30,-0.197241942,0.199994331,0.2
0.6383,29.8622552,30,-0.197241942,0.199994331,0.2
0.6384,29.8622096,30,-0.197241942,0.199994331,0.2
0.6385,29.8621639,30,-0.197241942,0.199994331,0.2
0.6386,29.8621183,30,-0.197241942,0.199994331,0.2
0.6387,29.8620727,30,-0.197241942,0.199994331,0.2
0.6388,29.862027,30,-0.197241942,0.199994331,0.2
0.6389,29.8619814,30,-0.197241942,0.199994331,0.2
0.639,29.8619358,30,-0.197241942,0.199994331,0.2
0.6391,29.8618919,30,-0.197233046,0.199994553,0.2
0.6392,29.8618481,30,-0.197233046,0.199994553,0.2
0.6393,29.8618042,30,-0.197233046,0.199994553,0.2
0.6394,29.8617604,30,-0.197233046,0.199994553,0.2
0.6395,29.8617166,30,-0.197233046,0.199994553,0.2
0.6396,29.8616727,30,-0.197233046,0.199994553,0.2
0.6397,29.8616289,30,-0.197233046,0.199994553,0.2
0.6398,29.861585,30,-0.197233046,0.199994553,0.2
0.6399,29.8615412,30,-0.197233046,0.199994553,0.2
0.64,29.8614974,30,-0.197233046,0.199994553,0.2
0.6401,29.8614552,30,-0.1972245,0.199994766,0.2
0.6402,29.8614131,30,-0.1972245,0.199994766,0.2
0.6403,29.861371,30,-0.1972245,0.199994766,0.2
0.6404,29.8613288,30,-0.1972245,0.199994766,0.2
0.6405,29.8612867,30,-0.1972245,0.199994766,0.2
0.6406,29.8612446,30,-0.1972245,0.199994766,0.2
0.6407,29.8612025,30,-0.1972245,0.199994766,0.2
0.6408,29.8611603,30,-0.1972245,0.199994766,0.2
0.6409,29.8611182,30,-0.1972245,0.199994766,0.2
0.641,29.8610761,30,-0.1972245,0.199994766,0.2
0.6411,29.8610356,30,-0.197216288,0.199994971,0.2
0.6412,29.8609951,30,-0.197216288,0.199994971,0.2
0.6413,29.8609547,30,-0.197216288,0.199994971,0.2
0.6414,29.8609142,30,-0.197216288,0.199994971,0.2
0.6415,29.8608737,30,-0.197216288,0.199994971,0.2
0.6416,29.8608332,30,-0.197216288,0.199994971,0.2
0.6417,29.8607928,30,-0.197216288,0.199994971,0.2
0.6418,29.8607523,30,-0.197216288,0.199994971,0.2
0.6419,29.8607118,30,-0.197216288,0.199994971,0.2
0.642,29.8606713,30,-0.197216288,0.199994971,0.2
0.6421,29.8606325,30,-0.197208398,0.199995168,0.2
0.6422,29.8605936,30,-0.197208398,0.199995168,0.2
0.6423,29.8605547,30,-0.197208398,0.199995168,0.2
0.6424,29.8605158,30,-0.197208398,0.199995168,0.2
0.6425,29.8604769,30,-0.197208398,0.199995168,0.2
0.6426,29.860438,30,-0.197208398,0.199995168,0.2
0.6427,29.8603991,30,-0.197208398,0.199995168,0.2
0.6428,29.8603602,30,-0.197208398,0.199995168,0.2
0.6429,29.8603213,30,-0.197208398,0.199995168,0.2
0.643,29.8602825,30,-0.197208398,0.199995168,0.2
0.6431,29.8602451,30,-0.197200817,0.199995358,0.2
0.6432,29.8602077,30,-0.197200817,0.199995358,0.2
0.6433,29.8601703,30,-0.197200817,0.199995358,0.2
0.6434,29.860133,30,-0.197200817,0.199995358,0.2
0.6435,29.8600956,30,-0.197200817,0.199995358,0.2
0.6436,29.8600583,30,-0.197200817,0.199995358,0.2
0.6437,29.8600209,30,-0.197200817,0.199995358,0.2
0.6438,29.8599835,30,-0.197200817,0.199995358,0.2
0.6439,29.8599462,30,-0.197200817,0.199995358,0.2
0.644,29.8599088,30,-0.197200817,0.199995358,0.2
0.6441,29.8598729,30,-0.197193534,0.19999554,0.2
0.6442,29.859837,30,-0.197193534,0.19999554,0.2
0.6443,29.8598011,30,-0.197193534,0.19999554,0.2
0.6444,29.8597652,30,-0.197193534,0.19999554,0.2
0.6445,29.8597293,30,-0.197193534,0.19999554,0.2
0.6446,29.8596934,30,-0.197193534,0.19999554,0.2
0.6447,29.8596575,30,-0.197193534,0.19999554,0.2
0.6448,29.8596216,30,-0.197193534,0.19999554,0.2
0.6449,29.8595857,30,-0.197193534,0.19999554,0.2
0.645,29.8595498,30,-0.197193534,0.19999554,0.2
0.6451,29.8595153,30,-0.197186535,0.199995714,0.2
0.6452,29.8594808,30,-0.197186535,0.199995714,0.2
0.6453,29.8594463,30,-0.197186535,0.199995714,0.2
0.6454,29.8594118,30,-0.197186535,0.199995714,0.2
0.6455,29.8593773,30,-0.197186535,0.199995714,0.2
0.6456,29.8593428,30,-0.197186535,0.199995714,0.2
0.6457,29.8593083,30,-0.197186535,0.199995714,0.2
0.6458,29.8592738,30,-0.197186535,0.199995714,0.2
0.6459,29.8592393,30,-0.197186535,0.199995714,0.2
0.646,29.8592048,30,-0.197186535,0.199995714,0.2
0.6461,29.8591717,30,-0.197179811,0.199995882,0.2
0.6462,29.8591385,30,-0.197179811,0.199995882,0.2
0.6463,29.8591054,30,-0.197179811,0.199995882,0.2
0.6464,29.8590723,30,-0.197179811,0.199995882,0.2
0.6465,29.8590391,30,-0.197179811,0.199995882,0.2
0.6466,29.859006,30,-0.197179811,0.199995882,0.2
0.6467,29.8589728,30,-0.197179811,0.199995882,0.2
0.6468,29.8589397,30,-0.197179811,0.199995882,0.2
0.6469,29.8589065,30,-0.197179811,0.199995882,0.2
0.647,29.8588734,30,-0.197179811,0.199995882,0.2
0.6471,29.8588416,30,-0.19717335,0.199996044,0.2
0.6472,29.8588097,30,-0.19717335,0.199996044,0.2
0.6473,29.8587779,30,-0.19717335,0.199996044,0.2
0.6474,29.858746,30,-0.19717335,0.199996044,0.2
0.6475,29.8587142,30,-0.19717335,0.199996044,0.2
0.6476,29.8586823,30,-0.19717335,0.199996044,0.2
0.6477,29.8586505,30,-0.19717335,0.199996044,0.2
0.6478,29.8586186,30,-0.19717335,0.199996044,0.2
0.6479,29.8585868,30,-0.19717335,0.199996044,0.2
0.648,29.858555,30,-0.19717335,0.199996044,0.2
0.6481,29.8585244,30,-0.197167143,0.199996199,0.2
0.6482,29.8584938,30,-0.197167143,0.199996199,0.2
0.6483,29.8584632,30,-0.197167143,0.199996199,0.2
0.6484,29.8584326,30,-0.197167143,0.199996199,0.2
0.6485,29.858402,30,-0.197167143,0.199996199,0.2
0.6486,29.8583714,30,-0.197167143,0.199996199,0.2
0.6487,29.8583408,30,-0.197167143,0.199996199,0.2
0.6488,29.8583102,30,-0.197167143,0.199996199,0.2
0.6489,29.8582796,30,-0.197167143,0.199996199,0.2
0.649,29.858249,30,-0.197167143,0.199996199,0.2
0.6491,29.8582196,30,-0.197161179,0.199996348,0.2
0.6492,29.8581902,30,-0.197161179,0.199996348,0.2
0.6493,29.8581608,30,-0.197161179,0.199996348,0.2
0.6494,29.8581314,30,-0.197161179,0.199996348,0.2
0.6495,29.858102,30,-0.197161179,0.199996348,0.2
0.6496,29.8580726,30,-0.197161179,0.199996348,0.2
0.6497,29.8580432,30,-0.197161179,0.199996348,0.2
0.6498,29.8580138,30,-0.197161179,0.199996348,0.2
0.6499,29.8579844,30,-0.197161179,0.199996348,0.2
0.65,29.857955,30,-0.197161179,0.199996348,0.2
0.6501,29.8579268,30,-0.197155448,0.199996491,0.2
0.6502,29.8578985,30,-0.197155448,0.199996491,0.2
0.6503,29.8578703,30,-0.197155448,0.199996491,0.2
0.6504,29.857842,30,-0.197155448,0.199996491,0.2
0.6505,29.8578138,30,-0.197155448,0.199996491,0.2
0.6506,29.8577855,30,-0.197155448,0.199996491,0.2
0.6507,29.8577573,30,-0.197155448,0.199996491,0.2
0.6508,29.857729,30,-0.197155448,0.199996491,0.2
0.6509,29.8577008,30,-0.197155448,0.199996491,0.2
0.651,29.8576726,30,-0.197155448,0.199996491,0.2
0.6511,29.8576454,30,-0.197149942,0.199996628,0.2
0.6512,29.8576183,30,-0.197149942,0.199996628,0.2
0.6513,29.8575911,30,-0.197149942,0.199996628,0.2
0.6514,29.857564,30,-0.197149942,0.199996628,0.2
0.6515,29.8575369,30,-0.197149942,0.199996628,0.2
0.6516,29.8575097,30,-0.197149942,0.199996628,0.2
0.6517,29.8574826,30,-0.197149942,0.199996628,0.2
0.6518,29.8574554,30,-0.197149942,0.199996628,0.2
0.6519,29.8574283,30,-0.197149942,0.199996628,0.2
0.652,29.8574012,30,-0.197149942,0.199996628,0.2
0.6521,29.8573751,30,-0.197144652,0.19999676,0.2
0.6522,29.857349,30,-0.197144652,0.19999676,0.2
0.6523,29.8573229,30,-0.197144652,0.19999676,0.2
0.6524,29.8572969,30,-0.197144652,0.19999676,0.2
0.6525,29.8572708,30,-0.197144652,0.19999676,0.2
0.6526,29.8572447,30,-0.197144652,0.19999676,0.2
0.6527,29.8572186,30,-0.197144652,0.19999676,0.2
0.6528,29.8571926,30,-0.197144652,0.19999676,0.2
0.6529,29.8571665,30,-0.197144652,0.19999676,0.2
0.653,29.8571404,30,-0.197144652,0.19999676,0.2
0.6531,29.8571154,30,-0.197139569,0.199996887,0.2
0.6532,29.8570903,30,-0.197139569,0.199996887,0.2
0.6533,29.8570652,30,-0.197139569,0.199996887,0.2
0.6534,29.8570402,30,-0.197139569,0.199996887,0.2
0.6535,29.8570151,30,-0.197139569,0.199996887,0.2
0.6536,29.8569901,30,-0.197139569,0.199996887,0.2
0.6537,29.856965,30,-0.197139569,0.199996887,0.2
0.6538,29.85694,30,-0.197139569,0.199996887,0.2
0.6539,29.8569149,30,-0.197139569,0.199996887,0.2
0.654,29.8568899,30,-0.197139569,0.199996887,0.2
0.6541,29.8568658,30,-0.197134685,0.199997009,0.2
0.6542,29.8568417,30,-0.197134685,0.199997009,0.2
0.6543,29.8568177,30,-0.197134685,0.199997009,0.2
0.6544,29.8567936,30,-0.197134685,0.199997009,0.2
0.6545,29.8567695,30,-0.197134685,0.199997009,0.2
0.6546,29.8567454,30,-0.197134685,0.199997009,0.2
0.6547,29.8567214,30,-0.197134685,0.199997009,0.2
0.6548,29.8566973,30,-0.197134685,0.199997009,0.2
0.6549,29.8566732,30,-0.197134685,0.199997009,0.2
0.655,29.8566492,30,-0.197134685,0.199997009,0.2
0.6551,29.856626,30,-0.197129992,0.199997126,0.2
0.6552,29.8566029,30,-0.197129992,0.199997126,0.2
0.6553,29.8565798,30,-0.197129992,0.199997126,0.2
0.6554,29.8565566,30,-0.197129992,0.199997126,0.2
0.6555,29.8565335,30,-0.197129992,0.199997126,0.2
0.6556,29.8565104,30,-0.197129992,0.199997126,0.2
0.6557,29.8564872,30,-0.197129992,0.199997126,0.2
0.6558,29.8564641,30,-0.197129992,0.199997126,0.2
0.6559,29.856441,30,-0.197129992,0.199997126,0.2
0.656,29.8564179,30,-0.197129992,0.199997126,0.2
0.6561,29.8563956,30,-0.197125484,0.199997239,0.2
0.6562,29.8563734,30,-0.197125484,0.199997239,0.2
0.6563,29.8563512,30,-0.197125484,0.199997239,0.2
0.6564,29.856329,30,-0.197125484,0.199997239,0.2
0.6565,29.8563067,30,-0.197125484,0.199997239,0.2
0.6566,29.8562845,30,-0.197125484,0.199997239,0.2
0.6567,29.8562623,30,-0.197125484,0.199997239,0.2
0.6568,29.8562401,30,-0.197125484,0.199997239,0.2
0.6569,29.8562179,30,-0.197125484,0.199997239,0.2
0.657,29.8561956,30,-0.197125484,0.199997239,0.2
0.6571,29.8561743,30,-0.197121152,0.199997347,0.2
0.6572,29.8561529,30,-0.197121152,0.199997347,0.2
0.6573,29.8561316,30,-0.197121152,0.199997347,0.2
0.6574,29.8561102,30,-0.197121152,0.199997347,0.2
0.6575,29.8560889,30,-0.197121152,0.199997347,0.2
0.6576,29.8560675,30,-0.197121152,0.199997347,0.2
0.6577,29.8560462,30,-0.197121152,0.199997347,0.2
0.6578,29.8560248,30,-0.197121152,0.199997347,0.2
0.6579,29.8560035,30,-0.197121152,0.199997347,0.2
0.658,29.8559821,30,-0.197121152,0.199997347,0.2
0.6581,29.8559616,30,-0.197116989,0.199997451,0.2
0.6582,29.8559411,30,-0.197116989,0.199997451,0.2
0.6583,29.8559206,30,-0.197116989,0.199997451,0.2
0.6584,29.8559,30,-0.197116989,0.199997451,0.2
0.6585,29.8558795,30,-0.197116989,0.199997451,0.2
0.6586,29.855859,30,-0.197116989,0.199997451,0.2
0.6587,29.8558385,30,-0.197116989,0.199997451,0.2
0.6588,29.855818,30,-0.197116989,0.199997451,0.2
0.6589,29.8557975,30,-0.197116989,0.199997451,0.2
0.659,29.855777,30,-0.197116989,0.199997451,0.2
0.6591,29.8557572,30,-0.19711299,0.199997551,0.2
0.6592,29.8557375,30,-0.19711299,0.199997551,0.2
0.6593,29.8557178,30,-0.19711299,0.199997551,0.2
0.6594,29.8556981,30,-0.19711299,0.199997551,0.2
0.6595,29.8556784,30,-0.19711299,0.199997551,0.2
0.6596,29.8556587,30,-0.19711299,0.199997551,0.2
0.6597,29.855639,30,-0.19711299,0.199997551,0.2
0.6598,29.8556193,30,-0.19711299,0.199997551,0.2
0.6599,29.8555995,30,-0.19711299,0.199997551,0.2
0.66,29.8555798,30,-0.19711299,0.199997551,0.2
0.6601,29.8555609,30,-0.197109148,0.199997647,0.2
0.6602,29.855542,30,-0.197109148,0.199997647,0.2
0.6603,29.855523,30,-0.197109148,0.199997647,0.2
0.6604,29.8555041,30,-0.197109148,0.199997647,0.2
0.6605,29.8554851,30,-0.197109148,0.199997647,0.2
0.6606,29.8554662,30,-0.197109148,0.199997647,0.2
0.6607,29.8554473,30,-0.197109148,0.199997647,0.2
0.6608,29.8554283,30,-0.197109148,0.199997647,0.2
0.6609,29.8554094,30,-0.197109148,0.199997647,0.2
0.661,29.8553904,30,-0.197109148,0.199997647,0.2
0.6611,29.8553722,30,-0.197105456,0.199997739,0.2
0.6612,29.855354,30,-0.197105456,0.199997739,0.2
0.6613,29.8553359,30,-0.197105456,0.199997739,0.2
0.6614,29.8553177,30,-0.197105456,0.199997739,0.2
0.6615,29.8552995,30,-0.197105456,0.199997739,0.2
0.6616,29.8552813,30,-0.197105456,0.199997739,0.2
0.6617,29.8552631,30,-0.197105456,0.199997739,0.2
0.6618,29.8552449,30,-0.197105456,0.199997739,0.2
0.6619,29.8552267,30,-0.197105456,0.199997739,0.2
0.662,29.8552085,30,-0.197105456,0.199997739,0.2
0.6621,29.855191,30,-0.197101909,0.199997828,0.2
0.6622,29.8551735,30,-0.197101909,0.199997828,0.2
0.6623,29.855156,30,-0.197101909,0.199997828,0.2
0.6624,29.8551385,30,-0.197101909,0.199997828,0.2
0.6625,29.855121,30,-0.197101909,0.199997828,0.2
0.6626,29.8551036,30,-0.197101909,0.199997828,0.2
0.6627,29.8550861,30,-0.197101909,0.199997828,0.2
0.6628,29.8550686,30,-0.197101909,0.199997828,0.2
0.6629,29.8550511,30,-0.197101909,0.199997828,0.2
0.663,29.8550336,30,-0.197101909,0.199997828,0.2
0.6631,29.8550168,30,-0.1970985,0.199997913,0.2
0.6632,29.855,30,-0.1970985,0.199997913,0.2
0.6633,29.8549832,30,-0.1970985,0.199997913,0.2
0.6634,29.8549664,30,-0.1970985,0.199997913,0.2
0.6635,29.8549496,30,-0.1970985,0.199997913,0.2
0.6636,29.8549328,30,-0.1970985,0.199997913,0.2
0.6637,29.854916,30,-0.1970985,0.199997913,0.2
0.6638,29.8548992,30,-0.1970985,0.199997913,0.2
0.6639,29.8548824,30,-0.1970985,0.199997913,0.2
0.664,29.8548656,30,-0.1970985,0.199997913,0.2
0.6641,29.8548495,30,-0.197095226,0.199997995,0.2
0.6642,29.8548334,30,-0.197095226,0.199997995,0.2
0.6643,29.8548172,30,-0.197095226,0.199997995,0.2
0.6644,29.8548011,30,-0.197095226,0.199997995,0.2
0.6645,29.8547849,30,-0.197095226,0.199997995,0.2
0.6646,29.8547688,30,-0.197095226,0.199997995,0.2
0.6647,29.8547527,30,-0.197095226,0.199997995,0.2
0.6648,29.8547365,30,-0.197095226,0.199997995,0.2
0.6649,29.8547204,30,-0.197095226,0.199997995,0.2
0.665,29.8547042,30,-0.197095226,0.199997995,0.2
0.6651,29.8546887,30,-0.197092079,0.199998073,0.2
0.6652,29.8546732,30,-0.197092079,0.199998073,0.2
0.6653,29.8546577,30,-0.197092079,0.199998073,0.2
0.6654,29.8546422,30,-0.197092079,0.199998073,0.2
0.6655,29.8546267,30,-0.197092079,0.199998073,0.2
0.6656,29.8546112,30,-0.197092079,0.199998073,0.2
0.6657,29.8545957,30,-0.197092079,0.199998073,0.2
0.6658,29.8545802,30,-0.197092079,0.199998073,0.2
0.6659,29.8545647,30,-0.197092079,0.199998073,0.2
0.666,29.8545491,30,-0.197092079,0.199998073,0.2
0.6661,29.8545342,30,-0.197089056,0.199998149,0.2
0.6662,29.8545193,30,-0.197089056,0.199998149,0.2
0.6663,29.8545044,30,-0.197089056,0.199998149,0.2
0.6664,29.8544895,30,-0.197089056,0.199998149,0.2
0.6665,29.8544746,30,-0.197089056,0.199998149,0.2
0.6666,29.8544597,30,-0.197089056,0.199998149,0.2
0.6667,29.8544448,30,-0.197089056,0.199998149,0.2
0.6668,29.8544299,30,-0.197089056,0.199998149,0.2
0.6669,29.854415,30,-0.197089056,0.199998149,0.2
0.667,29.8544001,30,-0.197089056,0.199998149,0.2
0.6671,29.8543858,30,-0.197086152,0.199998221,0.2
0.6672,29.8543715,30,-0.197086152,0.199998221,0.2
0.6673,29.8543572,30,-0.197086152,0.199998221,0.2
0.6674,29.8543429,30,-0.197086152,0.199998221,0.2
0.6675,29.8543286,30,-0.197086152,0.199998221,0.2
0.6676,29.8543142,30,-0.197086152,0.199998221,0.2
0.6677,29.8542999,30,-0.197086152,0.199998221,0.2
0.6678,29.8542856,30,-0.197086152,0.199998221,0.2
0.6679,29.8542713,30,-0.197086152,0.199998221,0.2
0.668,29.854257,30,-0.197086152,0.199998221,0.2
0.6681,29.8542432,30,-0.197083361,0.199998291,0.2
0.6682,29.8542295,30,-0.197083361,0.199998291,0.2
0.6683,29.8542157,30,-0.197083361,0.199998291,0.2
0.6684,29.8542019,30,-0.197083361,0.199998291,0.2
0.6685,29.8541882,30,-0.197083361,0.199998291,0.2
0.6686,29.8541744,30,-0.197083361,0.199998291,0.2
0.6687,29.8541607,30,-0.197083361,0.199998291,0.2
0.6688,29.8541469,30,-0.197083361,0.199998291,0.2
0.6689,29.8541332,30,-0.197083361,0.199998291,0.2
0.669,29.8541194,30,-0.197083361,0.199998291,0.2
0.6691,29.8541062,30,-0.197080679,0.199998358,0.2
0.6692,29.854093,30,-0.197080679,0.199998358,0.2
0.6693,29.8540798,30,-0.197080679,0.199998358,0.2
0.6694,29.8540665,30,-0.197080679,0.199998358,0.2
0.6695,29.8540533,30,-0.197080679,0.199998358,0.2
0.6696,29.8540401,30,-0.197080679,0.199998358,0.2
0.6697,29.8540269,30,-0.197080679,0.199998358,0.2
0.6698,29.8540137,30,-0.197080679,0.199998358,0.2
0.6699,29.8540005,30,-0.197080679,0.199998358,0.2
0.67,29.8539872,30,-0.197080679,0.199998358,0.2
0.6701,29.8539745,30,-0.197078103,0.199998422,0.2
0.6702,29.8539618,30,-0.197078103,0.199998422,0.2
0.6703,29.8539491,30,-0.197078103,0.199998422,0.2
0.6704,29.8539364,30,-0.197078103,0.199998422,0.2
0.6705,29.8539237,30,-0.197078103,0.199998422,0.2
0.6706,29.853911,30,-0.197078103,0.199998422,0.2
0.6707,29.8538983,30,-0.197078103,0.199998422,0.2
0.6708,29.8538857,30,-0.197078103,0.199998422,0.2
0.6709,29.853873,30,-0.197078103,0.199998422,0.2
0.671,29.8538603,30,-0.197078103,0.199998422,0.2
0.6711,29.8538481,30,-0.197075627,0.199998484,0.2
0.6712,29.8538359,30,-0.197075627,0.199998484,0.2
0.6713,29.8538236,30,-0.197075627,0.199998484,0.2
0.6714,29.8538114,30,-0.197075627,0.199998484,0.2
0.6715,29.8537992,30,-0.197075627,0.199998484,0.2
0.6716,29.853787,30,-0.197075627,0.199998484,0.2
0.6717,29.8537748,30,-0.197075627,0.199998484,0.2
0.6718,29.8537626,30,-0.197075627,0.199998484,0.2
0.6719,29.8537504,30,-0.197075627,0.199998484,0.2
0.672,29.8537382,30,-0.197075627,0.199998484,0.2
0.6721,29.8537265,30,-0.197073249,0.199998543,0.2
0.6722,29.8537148,30,-0.197073249,0.199998543,0.2
0.6723,29.8537031,30,-0.197073249,0.199998543,0.2
0.6724,29.8536913,30,-0.197073249,0.199998543,0.2
0.6725,29.8536796,30,-0.197073249,0.199998543,0.2
0.6726,29.8536679,30,-0.197073249,0.199998543,0.2
0.6727,29.8536562,30,-0.197073249,0.199998543,0.2
0.6728,29.8536445,30,-0.197073249,0.199998543,0.2
0.6729,29.8536327,30,-0.197073249,0.199998543,0.2
0.673,29.853621,30,-0.197073249,0.199998543,0.2
0.6731,29.8536097,30,-0.197070964,0.199998601,0.2
0.6732,29.8535985,30,-0.197070964,0.199998601,0.2
0.6733,29.8535872,30,-0.197070964,0.199998601,0.2
0.6734,29.8535759,30,-0.197070964,0.199998601,0.2
0.6735,29.8535647,30,-0.197070964,0.199998601,0.2
0.6736,29.8535534,30,-0.197070964,0.199998601,0.2
0.6737,29.8535422,30,-0.197070964,0.199998601,0.2
0.6738,29.8535309,30,-0.197070964,0.199998601,0.2
0.6739,29.8535196,30,-0.197070964,0.199998601,0.2
0.674,29.8535084,30,-0.197070964,0.199998601,0.2
0.6741,29.8534975,30,-0.197068768,0.199998655,0.2
0.6742,29.8534867,30,-0.197068768,0.199998655,0.2
0.6743,29.8534759,30,-0.197068768,0.199998655,0.2
0.6744,29.8534651,30,-0.197068768,0.199998655,0.2
0.6745,29.8534543,30,-0.197068768,0.199998655,0.2
0.6746,29.8534434,30,-0.197068768,0.199998655,0.2
0.6747,29.8534326,30,-0.197068768,0.199998655,0.2
0.6748,29.8534218,30,-0.197068768,0.199998655,0.2
0.6749,29.853411,30,-0.197068768,0.199998655,0.2
0.675,29.8534001,30,-0.197068768,0.199998655,0.2
0.6751,29.8533897,30,-0.197066658,0.199998708,0.2
0.6752,29.8533793,30,-0.197066658,0.199998708,0.2
0.6753,29.8533689,30,-0.197066658,0.199998708,0.2
0.6754,29.8533585,30,-0.197066658,0.199998708,0.2
0.6755,29.8533481,30,-0.197066658,0.199998708,0.2
0.6756,29.8533377,30,-0.197066658,0.199998708,0.2
0.6757,29.8533273,30,-0.197066658,0.199998708,0.2
0.6758,29.8533169,30,-0.197066658,0.199998708,0.2
0.6759,29.8533066,30,-0.197066658,0.199998708,0.2
0.676,29.8532962,30,-0.197066658,0.199998708,0.2
0.6761,29.8532862,30,-0.197064631,0.199998759,0.2
0.6762,29.8532762,30,-0.197064631,0.199998759,0.2
0.6763,29.8532662,30,-0.197064631,0.199998759,0.2
0.6764,29.8532562,30,-0.197064631,0.199998759,0.2
0.6765,29.8532462,30,-0.197064631,0.199998759,0.2
0.6766,29.8532362,30,-0.197064631,0.199998759,0.2
0.6767,29.8532262,30,-0.197064631,0.199998759,0.2
0.6768,29.8532162,30,-0.197064631,0.199998759,0.2
0.6769,29.8532062,30,-0.197064631,0.199998759,0.2
0.677,29.8531962,30,-0.197064631,0.199998759,0.2
0.6771,29.8531866,30,-0.197062684,0.199998807,0.2
0.6772,29.853177,30,-0.197062684,0.199998807,0.2
0.6773,29.8531674,30,-0.197062684,0.199998807,0.2
0.6774,29.8531578,30,-0.197062684,0.199998807,0.2
0.6775,29.8531482,30,-0.197062684,0.199998807,0.2
0.6776,29.8531386,30,-0.197062684,0.199998807,0.2
0.6777,29.853129,30,-0.197062684,0.199998807,0.2
0.6778,29.8531194,30,-0.197062684,0.199998807,0.2
0.6779,29.8531098,30,-0.197062684,0.199998807,0.2
0.678,29.8531002,30,-0.197062684,0.199998807,0.2
0.6781,29.853091,30,-0.197060812,0.199998854,0.2
0.6782,29.8530818,30,-0.197060812,0.199998854,0.2
0.6783,29.8530726,30,-0.197060812,0.199998854,0.2
0.6784,29.8530633,30,-0.197060812,0.199998854,0.2
0.6785,29.8530541,30,-0.197060812,0.199998854,0.2
0.6786,29.8530449,30,-0.197060812,0.199998854,0.2
0.6787,29.8530357,30,-0.197060812,0.199998854,0.2
0.6788,29.8530265,30,-0.197060812,0.199998854,0.2
0.6789,29.8530172,30,-0.197060812,0.199998854,0.2
0.679,29.853008,30,-0.197060812,0.199998854,0.2
0.6791,29.8529991,30,-0.197059014,0.199998899,0.2
0.6792,29.8529903,30,-0.197059014,0.199998899,0.2
0.6793,29.8529814,30,-0.197059014,0.199998899,0.2
0.6794,29.8529726,30,-0.197059014,0.199998899,0.2
0.6795,29.8529637,30,-0.197059014,0.199998899,0.2
0.6796,29.8529548,30,-0.197059014,0.199998899,0.2
0.6797,29.852946,30,-0.197059014,0.199998899,0.2
0.6798,29.8529371,30,-0.197059014,0.199998899,0.2
0.6799,29.8529283,30,-0.197059014,0.199998899,0.2
0.68,29.8529194,30,-0.197059014,0.199998899,0.2
0.6801,29.8529109,30,-0.197057287,0.199998942,0.2
0.6802,29.8529024,30,-0.197057287,0.199998942,0.2
0.6803,29.8528938,30,-0.197057287,0.199998942,0.2
0.6804,29.8528853,30,-0.197057287,0.199998942,0.2
0.6805,29.8528768,30,-0.197057287,0.199998942,0.2
0.6806,29.8528683,30,-0.197057287,0.199998942,0.2
0.6807,29.8528598,30,-0.197057287,0.199998942,0.2
0.6808,29.8528513,30,-0.197057287,0.199998942,0.2
0.6809,29.8528428,30,-0.197057287,0.199998942,0.2
0.681,29.8528342,30,-0.197057287,0.199998942,0.2
0.6811,29.8528261,30,-0.197055627,0.199998984,0.2
0.6812,29.8528179,30,-0.197055627,0.199998984,0.2
0.6813,29.8528097,30,-0.197055627,0.199998984,0.2
0.6814,29.8528015,30,-0.197055627,0.199998984,0.2
0.6815,29.8527933,30,-0.197055627,0.199998984,0.2
0.6816,29.8527852,30,-0.197055627,0.199998984,0.2
0.6817,29.852777,30,-0.197055627,0.199998984,0.2
0.6818,29.8527688,30,-0.197055627,0.199998984,0.2
0.6819,29.8527606,30,-0.197055627,0.199998984,0.2
0.682,29.8527524,30,-0.197055627,0.199998984,0.2
0.6821,29.8527446,30,-0.197054032,0.199999023,0.2
0.6822,29.8527367,30,-0.197054032,0.199999023,0.2
0.6823,29.8527288,30,-0.197054032,0.199999023,0.2
0.6824,29.852721,30,-0.197054032,0.199999023,0.2
0.6825,29.8527131,30,-0.197054032,0.199999023,0.2
0.6826,29.8527053,30,-0.197054032,0.199999023,0.2
0.6827,29.8526974,30,-0.197054032,0.199999023,0.2
0.6828,29.8526895,30,-0.197054032,0.199999023,0.2
0.6829,29.8526817,30,-0.197054032,0.199999023,0.2
0.683,29.8526738,30,-0.197054032,0.199999023,0.2
0.6831,29.8526663,30,-0.1970525,0.199999062,0.2
0.6832,29.8526587,30,-0.1970525,0.199999062,0.2
0.6833,29.8526512,30,-0.1970525,0.199999062,0.2
0.6834,29.8526436,30,-0.1970525,0.199999062,0.2
0.6835,29.8526361,30,-0.1970525,0.199999062,0.2
0.6836,29.8526285,30,-0.1970525,0.199999062,0.2
0.6837,29.852621,30,-0.1970525,0.199999062,0.2
0.6838,29.8526134,30,-0.1970525,0.199999062,0.2
0.6839,29.8526058,30,-0.1970525,0.199999062,0.2
0.684,29.8525983,30,-0.1970525,0.199999062,0.2
0.6841,29.852591,30,-0.197051028,0.199999098,0.2
0.6842,29.8525838,30,-0.197051028,0.199999098,0.2
0.6843,29.8525765,30,-0.197051028,0.199999098,0.2
0.6844,29.8525693,30,-0.197051028,0.199999098,0.2
0.6845,29.852562,30,-0.197051028,0.199999098,0.2
0.6846,29.8525548,30,-0.197051028,0.199999098,0.2
0.6847,29.8525475,30,-0.197051028,0.199999098,0.2
0.6848,29.8525402,30,-0.197051028,0.199999098,0.2
0.6849,29.852533,30,-0.197051028,0.199999098,0.2
0.685,29.8525257,30,-0.197051028,0.199999098,0.2
0.6851,29.8525188,30,-0.197049613,0.199999134,0.2
0.6852,29.8525118,30,-0.197049613,0.199999134,0.2
0.6853,29.8525048,30,-0.197049613,0.199999134,0.2
0.6854,29.8524978,30,-0.197049613,0.199999134,0.2
0.6855,29.8524909,30,-0.197049613,0.199999134,0.2
0.6856,29.8524839,30,-0.197049613,0.199999134,0.2
0.6857,29.8524769,30,-0.197049613,0.199999134,0.2
0.6858,29.8524699,30,-0.197049613,0.199999134,0.2
0.6859,29.852463,30,-0.197049613,0.199999134,0.2
0.686,29.852456,30,-0.197049613,0.199999134,0.2
0.6861,29.8524493,30,-0.197048254,0.199999168,0.2
0.6862,29.8524426,30,-0.197048254,0.199999168,0.2
0.6863,29.8524359,30,-0.197048254,0.199999168,0.2
0.6864,29.8524292,30,-0.197048254,0.199999168,0.2
0.6865,29.8524225,30,-0.197048254,0.199999168,0.2
0.6866,29.8524158,30,-0.197048254,0.199999168,0.2
0.6867,29.8524091,30,-0.197048254,0.199999168,0.2
0.6868,29.8524024,30,-0.197048254,0.199999168,0.2
0.6869,29.8523957,30,-0.197048254,0.199999168,0.2
0.687,29.852389,30,-0.197048254,0.199999168,0.2
0.6871,29.8523826,30,-0.197046948,0.1999992,0.2
0.6872,29.8523761,30,-0.197046948,0.1999992,0.2
0.6873,29.8523697,30,-0.197046948,0.1999992,0.2
0.6874,29.8523633,30,-0.197046948,0.1999992,0.2
0.6875,29.8523568,30,-0.197046948,0.1999992,0.2
0.6876,29.8523504,30,-0.197046948,0.1999992,0.2
0.6877,29.852344,30,-0.197046948,0.1999992,0.2
0.6878,29.8523375,30,-0.197046948,0.1999992,0.2
0.6879,29.8523311,30,-0.197046948,0.1999992,0.2
0.688,29.8523246,30,-0.197046948,0.1999992,0.2
0.6881,29.8523185,30,-0.197045693,0.199999232,0.2
0.6882,29.8523123,30,-0.197045693,0.199999232,0.2
0.6883,29.8523061,30,-0.197045693,0.199999232,0.2
0.6884,29.8522999,30,-0.197045693,0.199999232,0.2
0.6885,29.8522937,30,-0.197045693,0.199999232,0.2
0.6886,29.8522875,30,-0.197045693,0.199999232,0.2
0.6887,29.8522814,30,-0.197045693,0.199999232,0.2
0.6888,29.8522752,30,-0.197045693,0.199999232,0.2
0.6889,29.852269,30,-0.197045693,0.199999232,0.2
0.689,29.8522628,30,-0.197045693,0.199999232,0.2
0.6891,29.8522569,30,-0.197044488,0.199999262,0.2
0.6892,29.8522509,30,-0.197044488,0.199999262,0.2
0.6893,29.852245,30,-0.197044488,0.199999262,0.2
0.6894,29.852239,30,-0.197044488,0.199999262,0.2
0.6895,29.8522331,30,-0.197044488,0.199999262,0.2
0.6896,29.8522271,30,-0.197044488,0.199999262,0.2
0.6897,29.8522212,30,-0.197044488,0.199999262,0.2
0.6898,29.8522153,30,-0.197044488,0.199999262,0.2
0.6899,29.8522093,30,-0.197044488,0.199999262,0.2
0.69,29.8522034,30,-0.197044488,0.199999262,0.2
0.6901,29.8521977,30,-0.197043329,0.199999291,0.2
0.6902,29.852192,30,-0.197043329,0.199999291,0.2
0.6903,29.8521862,30,-0.197043329,0.199999291,0.2
0.6904,29.8521805,30,-0.197043329,0.199999291,0.2
0.6905,29.8521748,30,-0.197043329,0.199999291,0.2
0.6906,29.8521691,30,-0.197043329,0.199999291,0.2
0.6907,29.8521634,30,-0.197043329,0.199999291,0.2
0.6908,29.8521577,30,-0.197043329,0.199999291,0.2
0.6909,29.852152,30,-0.197043329,0.199999291,0.2
0.691,29.8521463,30,-0.197043329,0.199999291,0.2
0.6911,29.8521408,30,-0.197042216,0.199999318,0.2
0.6912,29.8521353,30,-0.197042216,0.199999318,0.2
0.6913,29.8521298,30,-0.197042216,0.199999318,0.2
0.6914,29.8521243,30,-0.197042216,0.199999318,0.2
0.6915,29.8521189,30,-0.197042216,0.199999318,0.2
0.6916,29.8521134,30,-0.197042216,0.199999318,0.2
0.6917,29.8521079,30,-0.197042216,0.199999318,0.2
0.6918,29.8521024,30,-0.197042216,0.199999318,0.2
0.6919,29.8520969,30,-0.197042216,0.199999318,0.2
0.692,29.8520914,30,-0.197042216,0.199999318,0.2
0.6921,29.8520862,30,-0.197041147,0.199999345,0.2
0.6922,29.8520809,30,-0.197041147,0.199999345,0.2
0.6923,29.8520756,30,-0.197041147,0.199999345,0.2
0.6924,29.8520703,30,-0.197041147,0.199999345,0.2
0.6925,29.8520651,30,-0.197041147,0.199999345,0.2
0.6926,29.8520598,30,-0.197041147,0.199999345,0.2
0.6927,29.8520545,30,-0.197041147,0.199999345,0.2
0.6928,29.8520493,30,-0.197041147,0.199999345,0.2
0.6929,29.852044,30,-0.197041147,0.199999345,0.2
0.693,29.8520387,30,-0.197041147,0.199999345,0.2
0.6931,29.8520337,30,-0.19704012,0.199999371,0.2
0.6932,29.8520286,30,-0.19704012,0.199999371,0.2
0.6933,29.8520235,30,-0.19704012,0.199999371,0.2
0.6934,29.8520185,30,-0.19704012,0.199999371,0.2
0.6935,29.8520134,30,-0.19704012,0.199999371,0.2
0.6936,29.8520083,30,-0.19704012,0.199999371,0.2
0.6937,29.8520033,30,-0.19704012,0.199999371,0.2
0.6938,29.8519982,30,-0.19704012,0.199999371,0.2
0.6939,29.8519931,30,-0.19704012,0.199999371,0.2
0.694,29.8519881,30,-0.19704012,0.199999371,0.2
0.6941,29.8519832,30,-0.197039132,0.199999395,0.2
0.6942,29.8519783,30,-0.197039132,0.199999395,0.2
0.6943,29.8519735,30,-0.197039132,0.199999395,0.2
0.6944,29.8519686,30,-0.197039132,0.199999395,0.2
0.6945,29.8519637,30,-0.197039132,0.199999395,0.2
0.6946,29.8519589,30,-0.197039132,0.199999395,0.2
0.6947,29.851954,30,-0.197039132,0.199999395,0.2
0.6948,29.8519492,30,-0.197039132,0.199999395,0.2
0.6949,29.8519443,30,-0.197039132,0.199999395,0.2
0.695,29.8519394,30,-0.197039132,0.199999395,0.2
0.6951,29.8519347,30,-0.197038184,0.199999419,0.2
0.6952,29.8519301,30,-0.197038184,0.199999419,0.2
0.6953,29.8519254,30,-0.197038184,0.199999419,0.2
0.6954,29.8519207,30,-0.197038184,0.199999419,0.2
0.6955,29.851916,30,-0.197038184,0.199999419,0.2
0.6956,29.8519114,30,-0.197038184,0.199999419,0.2
0.6957,29.8519067,30,-0.197038184,0.199999419,0.2
0.6958,29.851902,30,-0.197038184,0.199999419,0.2
0.6959,29.8518973,30,-0.197038184,0.199999419,0.2
0.696,29.8518927,30,-0.197038184,0.199999419,0.2
0.6961,29.8518882,30,-0.197037273,0.199999442,0.2
0.6962,29.8518837,30,-0.197037273,0.199999442,0.2
0.6963,29.8518792,30,-0.197037273,0.199999442,0.2
0.6964,29.8518747,30,-0.197037273,0.199999442,0.2
0.6965,29.8518702,30,-0.197037273,0.199999442,0.2
0.6966,29.8518657,30,-0.197037273,0.199999442,0.2
0.6967,29.8518612,30,-0.197037273,0.199999442,0.2
0.6968,29.8518567,30,-0.197037273,0.199999442,0.2
0.6969,29.8518522,30,-0.197037273,0.199999442,0.2
0.697,29.8518478,30,-0.197037273,0.199999442,0.2
0.6971,29.8518434,30,-0.197036397,0.199999464,0.2
0.6972,29.8518391,30,-0.197036397,0.199999464,0.2
0.6973,29.8518348,30,-0.197036397,0.199999464,0.2
0.6974,29.8518305,30,-0.197036397,0.199999464,0.2
0.6975,29.8518262,30,-0.197036397,0.199999464,0.2
0.6976,29.8518219,30,-0.197036397,0.199999464,0.2
0.6977,29.8518175,30,-0.197036397,0.199999464,0.2
0.6978,29.8518132,30,-0.197036397,0.199999464,0.2
0.6979,29.8518089,30,-0.197036397,0.199999464,0.2
0.698,29.8518046,30,-0.197036397,0.199999464,0.2
0.6981,29.8518004,30,-0.197035556,0.199999485,0.2
0.6982,29.8517963,30,-0.197035556,0.199999485,0.2
0.6983,29.8517921,30,-0.197035556,0.199999485,0.2
0.6984,29.851788,30,-0.197035556,0.199999485,0.2
0.6985,29.8517839,30,-0.197035556,0.199999485,0.2
0.6986,29.8517797,30,-0.197035556,0.199999485,0.2
0.6987,29.8517756,30,-0.197035556,0.199999485,0.2
0.6988,29.8517714,30,-0.197035556,0.199999485,0.2
0.6989,29.8517673,30,-0.197035556,0.199999485,0.2
0.699,29.8517631,30,-0.197035556,0.199999485,0.2
0.6991,29.8517591,30,-0.197034747,0.199999505,0.2
0.6992,29.8517552,30,-0.197034747,0.199999505,0.2
0.6993,29.8517512,30,-0.197034747,0.199999505,0.2
0.6994,29.8517472,30,-0.197034747,0.199999505,0.2
0.6995,29.8517432,30,-0.197034747,0.199999505,0.2
0.6996,29.8517392,30,-0.197034747,0.199999505,0.2
0.6997,29.8517352,30,-0.197034747,0.199999505,0.2
0.6998,29.8517312,30,-0.197034747,0.199999505,0.2
0.6999,29.8517273,30,-0.197034747,0.199999505,0.2
0.7,29.8517233,30,-0.197034747,0.199999505,0.2
0.7001,29.8517195,30,-0.197033971,0.199999524,0.2
0.7002,29.8517156,30,-0.197033971,0.199999524,0.2
0.7003,29.8517118,30,-0.197033971,0.199999524,0.2
0.7004,29.851708,30,-0.197033971,0.199999524,0.2
0.7005,29.8517041,30,-0.197033971,0.199999524,0.2
0.7006,29.8517003,30,-0.197033971,0.199999524,0.2
0.7007,29.8516965,30,-0.197033971,0.199999524,0.2
0.7008,29.8516927,30,-0.197033971,0.199999524,0.2
0.7009,29.8516888,30,-0.197033971,0.199999524,0.2
0.701,29.851685,30,-0.197033971,0.199999524,0.2
0.7011,29.8516813,30,-0.197033224,0.199999543,0.2
0.7012,29.8516776,30,-0.197033224,0.199999543,0.2
0.7013,29.851674,30,-0.197033224,0.199999543,0.2
0.7014,29.8516703,30,-0.197033224,0.199999543,0.2
0.7015,29.8516666,30,-0.197033224,0.199999543,0.2
0.7016,29.8516629,30,-0.197033224,0.199999543,0.2
0.7017,29.8516592,30,-0.197033224,0.199999543,0.2
0.7018,29.8516556,30,-0.197033224,0.199999543,0.2
0.7019,29.8516519,30,-0.197033224,0.199999543,0.2
0.702,29.8516482,30,-0.197033224,0.199999543,0.2
0.7021,29.8516447,30,-0.197032507,0.199999561,0.2
0.7022,29.8516411,30,-0.197032507,0.199999561,0.2
0.7023,29.8516376,30,-0.197032507,0.199999561,0.2
0.7024,29.8516341,30,-0.197032507,0.199999561,0.2
0.7025,29.8516305,30,-0.197032507,0.199999561,0.2
0.7026,29.851627,30,-0.197032507,0.199999561,0.2
0.7027,29.8516235,30,-0.197032507,0.199999561,0.2
0.7028,29.8516199,30,-0.197032507,0.199999561,0.2
0.7029,29.8516164,30,-0.197032507,0.199999561,0.2
0.703,29.8516129,30,-0.197032507,0.199999561,0.2
0.7031,29.8516095,30,-0.197031818,0.199999578,0.2
0.7032,29.8516061,30,-0.197031818,0.199999578,0.2
0.7033,29.8516027,30,-0.197031818,0.199999578,0.2
0.7034,29.8515993,30,-0.197031818,0.199999578,0.2
0.7035,29.8515959,30,-0.197031818,0.199999578,0.2
0.7036,29.8515925,30,-0.197031818,0.199999578,0.2
0.7037,29.8515891,30,-0.197031818,0.199999578,0.2
0.7038,29.8515857,30,-0.197031818,0.199999578,0.2
0.7039,29.8515823,30,-0.197031818,0.199999578,0.2
0.704,29.8515789,30,-0.197031818,0.199999578,0.2
0.7041,29.8515757,30,-0.197031157,0.199999595,0.2
0.7042,29.8515724,30,-0.197031157,0.199999595,0.2
0.7043,29.8515691,30,-0.197031157,0.199999595,0.2
0.7044,29.8515659,30,-0.197031157,0.199999595,0.2
0.7045,29.8515626,30,-0.197031157,0.199999595,0.2
0.7046,29.8515593,30,-0.197031157,0.199999595,0.2
0.7047,29.8515561,30,-0.197031157,0.199999595,0.2
0.7048,29.8515528,30,-0.197031157,0.199999595,0.2
0.7049,29.8515496,30,-0.197031157,0.199999595,0.2
0.705,29.8515463,30,-0.197031157,0.199999595,0.2
0.7051,29.8515432,30,-0.197030521,0.199999611,0.2
0.7052,29.85154,30,-0.197030521,0.199999611,0.2
0.7053,29.8515369,30,-0.197030521,0.199999611,0.2
0.7054,29.8515338,30,-0.197030521,0.199999611,0.2
0.7055,29.8515306,30,-0.197030521,0.199999611,0.2
0.7056,29.8515275,30,-0.197030521,0.199999611,0.2
0.7057,29.8515244,30,-0.197030521,0.199999611,0.2
0.7058,29.8515212,30,-0.197030521,0.199999611,0.2
0.7059,29.8515181,30,-0.197030521,0.199999611,0.2
0.706,29.8515149,30,-0.197030521,0.199999611,0.2
0.7061,29.8515119,30,-0.197029909,0.199999626,0.2
0.7062,29.8515089,30,-0.197029909,0.199999626,0.2
0.7063,29.8515059,30,-0.197029909,0.199999626,0.2
0.7064,29.8515029,30,-0.197029909,0.199999626,0.2
0.7065,29.8514999,30,-0.197029909,0.199999626,0.2
0.7066,29.8514969,30,-0.197029909,0.199999626,0.2
0.7067,29.8514939,30,-0.197029909,0.199999626,0.2
0.7068,29.8514909,30,-0.197029909,0.199999626,0.2
0.7069,29.8514878,30,-0.197029909,0.199999626,0.2
0.707,29.8514848,30,-0.197029909,0.199999626,0.2
0.7071,29.8514819,30,-0.197029322,0.19999964,0.2
0.7072,29.851479,30,-0.197029322,0.19999964,0.2
0.7073,29.8514761,30,-0.197029322,0.19999964,0.2
0.7074,29.8514733,30,-0.197029322,0.19999964,0.2
0.7075,29.8514704,30,-0.197029322,0.19999964,0.2
0.7076,29.8514675,30,-0.197029322,0.19999964,0.2
0.7077,29.8514646,30,-0.197029322,0.19999964,0.2
0.7078,29.8514617,30,-0.197029322,0.19999964,0.2
0.7079,29.8514588,30,-0.197029322,0.19999964,0.2
0.708,29.8514559,30,-0.197029322,0.19999964,0.2
0.7081,29.8514531,30,-0.197028758,0.199999655,0.2
0.7082,29.8514503,30,-0.197028758,0.199999655,0.2
0.7083,29.8514475,30,-0.197028758,0.199999655,0.2
0.7084,29.8514448,30,-0.197028758,0.199999655,0.2
0.7085,29.851442,30,-0.197028758,0.199999655,0.2
0.7086,29.8514392,30,-0.197028758,0.199999655,0.2
0.7087,29.8514364,30,-0.197028758,0.199999655,0.2
0.7088,29.8514336,30,-0.197028758,0.199999655,0.2
0.7089,29.8514309,30,-0.197028758,0.199999655,0.2
0.709,29.8514281,30,-0.197028758,0.199999655,0.2
0.7091,29.8514254,30,-0.197028216,0.199999668,0.2
0.7092,29.8514227,30,-0.197028216,0.199999668,0.2
0.7093,29.8514201,30,-0.197028216,0.199999668,0.2
0.7094,29.8514174,30,-0.197028216,0.199999668,0.2
0.7095,29.8514147,30,-0.197028216,0.199999668,0.2
0.7096,29.8514121,30,-0.197028216,0.199999668,0.2
0.7097,29.8514094,30,-0.197028216,0.199999668,0.2
0.7098,29.8514067,30,-0.197028216,0.199999668,0.2
0.7099,29.851404,30,-0.197028216,0.199999668,0.2
0.71,29.8514014,30,-0.197028216,0.199999668,0.2
0.7101,29.8513988,30,-0.197027695,0.199999681,0.2
0.7102,29.8513962,30,-0.197027695,0.199999681,0.2
0.7103,29.8513937,30,-0.197027695,0.199999681,0.2
0.7104,29.8513911,30,-0.197027695,0.199999681,0.2
0.7105,29.8513885,30,-0.197027695,0.199999681,0.2
0.7106,29.851386,30,-0.197027695,0.199999681,0.2
0.7107,29.8513834,30,-0.197027695,0.199999681,0.2
0.7108,29.8513808,30,-0.197027695,0.199999681,0.2
0.7109,29.8513783,30,-0.197027695,0.199999681,0.2
0.711,29.8513757,30,-0.197027695,0.199999681,0.2
0.7111,29.8513732,30,-0.197027195,0.199999694,0.2
0.7112,29.8513708,30,-0.197027195,0.199999694,0.2
0.7113,29.8513683,30,-0.197027195,0.199999694,0.2
0.7114,29.8513658,30,-0.197027195,0.199999694,0.2
0.7115,29.8513634,30,-0.197027195,0.199999694,0.2
0.7116,29.8513609,30,-0.197027195,0.199999694,0.2
0.7117,29.8513584,30,-0.197027195,0.199999694,0.2
0.7118,29.851356,30,-0.197027195,0.199999694,0.2
0.7119,29.8513535,30,-0.197027195,0.199999694,0.2
0.712,29.851351,30,-0.197027195,0.199999694,0.2
0.7121,29.8513487,30,-0.197026714,0.199999706,0.2
0.7122,29.8513463,30,-0.197026714,0.199999706,0.2
0.7123,29.8513439,30,-0.197026714,0.199999706,0.2
0.7124,29.8513416,30,-0.197026714,0.199999706,0.2
0.7125,29.8513392,30,-0.197026714,0.199999706,0.2
0.7126,29.8513368,30,-0.197026714,0.199999706,0.2
0.7127,29.8513344,30,-0.197026714,0.199999706,0.2
0.7128,29.8513321,30,-0.197026714,0.199999706,0.2
0.7129,29.8513297,30,-0.197026714,0.199999706,0.2
0.713,29.8513273,30,-0.197026714,0.199999706,0.2
0.7131,29.8513251,30,-0.197026252,0.199999717,0.2
0.7132,29.8513228,30,-0.197026252,0.199999717,0.2
0.7133,29.8513205,30,-0.197026252,0.199999717,0.2
0.7134,29.8513182,30,-0.197026252,0.199999717,0.2
0.7135,29.851316,30,-0.197026252,0.199999717,0.2
0.7136,29.8513137,30,-0.197026252,0.199999717,0.2
0.7137,29.8513114,30,-0.197026252,0.199999717,0.2
0.7138,29.8513091,30,-0.197026252,0.199999717,0.2
0.7139,29.8513068,30,-0.197026252,0.199999717,0.2
0.714,29.8513046,30,-0.197026252,0.199999717,0.2
0.7141,29.8513024,30,-0.197025809,0.199999728,0.2
0.7142,29.8513002,30,-0.197025809,0.199999728,0.2
0.7143,29.851298,30,-0.197025809,0.199999728,0.2
0.7144,29.8512958,30,-0.197025809,0.199999728,0.2
0.7145,29.8512936,30,-0.197025809,0.199999728,0.2
0.7146,29.8512914,30,-0.197025809,0.199999728,0.2
0.7147,29.8512893,30,-0.197025809,0.199999728,0.2
0.7148,29.8512871,30,-0.197025809,0.199999728,0.2
0.7149,29.8512849,30,-0.197025809,0.199999728,0.2
0.715,29.8512827,30,-0.197025809,0.199999728,0.2
0.7151,29.8512806,30,-0.197025382,0.199999739,0.2
0.7152,29.8512785,30,-0.197025382,0.199999739,0.2
0.7153,29.8512764,30,-0.197025382,0.199999739,0.2
0.7154,29.8512743,30,-0.197025382,0.199999739,0.2
0.7155,29.8512722,30,-0.197025382,0.199999739,0.2
0.7156,29.8512701,30,-0.197025382,0.199999739,0.2
0.7157,29.851268,30,-0.197025382,0.199999739,0.2
0.7158,29.8512659,30,-0.197025382,0.199999739,0.2
0.7159,29.8512638,30,-0.197025382,0.199999739,0.2
0.716,29.8512617,30,-0.197025382,0.199999739,0.2
0.7161,29.8512597,30,-0.197024972,0.199999749,0.2
0.7162,29.8512576,30,-0.197024972,0.199999749,0.2
0.7163,29.8512556,30,-0.197024972,0.199999749,0.2
0.7164,29.8512536,30,-0.197024972,0.199999749,0.2
0.7165,29.8512516,30,-0.197024972,0.199999749,0.2
0.7166,29.8512496,30,-0.197024972,0.199999749,0.2
0.7167,29.8512475,30,-0.197024972,0.199999749,0.2
0.7168,29.8512455,30,-0.197024972,0.199999749,0.2
0.7169,29.8512435,30,-0.197024972,0.199999749,0.2
0.717,29.8512415,30,-0.197024972,0.199999749,0.2
0.7171,29.8512395,30,-0.197024579,0.199999759,0.2
0.7172,29.8512376,30,-0.197024579,0.199999759,0.2
0.7173,29.8512357,30,-0.197024579,0.199999759,0.2
0.7174,29.8512337,30,-0.197024579,0.199999759,0.2
0.7175,29.8512318,30,-0.197024579,0.199999759,0.2
0.7176,29.8512298,30,-0.197024579,0.199999759,0.2
0.7177,29.8512279,30,-0.197024579,0.199999759,0.2
0.7178,29.851226,30,-0.197024579,0.199999759,0.2
0.7179,29.851224,30,-0.197024579,0.199999759,0.2
0.718,29.8512221,30,-0.197024579,0.199999759,0.2
0.7181,29.8512202,30,-0.197024201,0.199999768,0.2
0.7182,29.8512183,30,-0.197024201,0.199999768,0.2
0.7183,29.8512165,30,-0.197024201,0.199999768,0.2
0.7184,29.8512146,30,-0.197024201,0.199999768,0.2
0.7185,29.8512128,30,-0.197024201,0.199999768,0.2
0.7186,29.8512109,30,-0.197024201,0.199999768,0.2
0.7187,29.851209,30,-0.197024201,0.199999768,0.2
0.7188,29.8512072,30,-0.197024201,0.199999768,0.2
0.7189,29.8512053,30,-0.197024201,0.199999768,0.2
0.719,29.8512034,30,-0.197024201,0.199999768,0.2
0.7191,29.8512016,30,-0.197023837,0.199999777,0.2
0.7192,29.8511999,30,-0.197023837,0.199999777,0.2
0.7193,29.8511981,30,-0.197023837,0.199999777,0.2
0.7194,29.8511963,30,-0.197023837,0.199999777,0.2
0.7195,29.8511945,30,-0.197023837,0.199999777,0.2
0.7196,29.8511927,30,-0.197023837,0.199999777,0.2
0.7197,29.8511909,30,-0.197023837,0.199999777,0.2
0.7198,29.8511891,30,-0.197023837,0.199999777,0.2
0.7199,29.8511873,30,-0.197023837,0.199999777,0.2
0.72,29.8511855,30,-0.197023837,0.199999777,0.2
0.7201,29.8511838,30,-0.197023488,0.199999786,0.2
0.7202,29.8511821,30,-0.197023488,0.199999786,0.2
0.7203,29.8511804,30,-0.197023488,0.199999786,0.2
0.7204,29.8511786,30,-0.197023488,0.199999786,0.2
0.7205,29.8511769,30,-0.197023488,0.199999786,0.2
0.7206,29.8511752,30,-0.197023488,0.199999786,0.2
0.7207,29.8511735,30,-0.197023488,0.199999786,0.2
0.7208,29.8511718,30,-0.197023488,0.199999786,0.2
0.7209,29.85117,30,-0.197023488,0.199999786,0.2
0.721,29.8511683,30,-0.197023488,0.199999786,0.2
0.7211,29.8511667,30,-0.197023152,0.199999795,0.2
0.7212,29.851165,30,-0.197023152,0.199999795,0.2
0.7213,29.8511633,30,-0.197023152,0.199999795,0.2
0.7214,29.8511617,30,-0.197023152,0.199999795,0.2
0.7215,29.85116,30,-0.197023152,0.199999795,0.2
0.7216,29.8511584,30,-0.197023152,0.199999795,0.2
0.7217,29.8511567,30,-0.197023152,0.199999795,0.2
0.7218,29.8511551,30,-0.197023152,0.199999795,0.2
0.7219,29.8511534,30,-0.197023152,0.199999795,0.2
0.722,29.8511518,30,-0.197023152,0.199999795,0.2
0.7221,29.8511502,30,-0.19702283,0.199999803,0.2
0.7222,29.8511486,30,-0.19702283,0.199999803,0.2
0.7223,29.851147,30,-0.19702283,0.199999803,0.2
0.7224,29.8511454,30,-0.19702283,0.199999803,0.2
0.7225,29.8511438,30,-0.19702283,0.199999803,0.2
0.7226,29.8511422,30,-0.19702283,0.199999803,0.2
0.7227,29.8511407,30,-0.19702283,0.199999803,0.2
0.7228,29.8511391,30,-0.19702283,0.199999803,0.2
0.7229,29.8511375,30,-0.19702283,0.199999803,0.2
0.723,29.8511359,30,-0.19702283,0.199999803,0.2
0.7231,29.8511344,30,-0.19702252,0.19999981,0.2
0.7232,29.8511328,30,-0.19702252,0.19999981,0.2
0.7233,29.8511313,30,-0.19702252,0.19999981,0.2
0.7234,29.8511298,30,-0.19702252,0.19999981,0.2
0.7235,29.8511283,30,-0.19702252,0.19999981,0.2
0.7236,29.8511267,30,-0.19702252,0.19999981,0.2
0.7237,29.8511252,30,-0.19702252,0.19999981,0.2
0.7238,29.8511237,30,-0.19702252,0.19999981,0.2
0.7239,29.8511221,30,-0.19702252,0.19999981,0.2
0.724,29.8511206,30,-0.19702252,0.19999981,0.2
0.7241,29.8511192,30,-0.197022223,0.199999818,0.2
0.7242,29.8511177,30,-0.197022223,0.199999818,0.2
0.7243,29.8511162,30,-0.197022223,0.199999818,0.2
0.7244,29.8511148,30,-0.197022223,0.199999818,0.2
0.7245,29.8511133,30,-0.197022223,0.199999818,0.2
0.7246,29.8511118,30,-0.197022223,0.199999818,0.2
0.7247,29.8511104,30,-0.197022223,0.199999818,0.2
0.7248,29.8511089,30,-0.197022223,0.199999818,0.2
0.7249,29.8511074,30,-0.197022223,0.199999818,0.2
0.725,29.851106,30,-0.197022223,0.199999818,0.2
0.7251,29.8511045,30,-0.197021937,0.199999825,0.2
0.7252,29.8511031,30,-0.197021937,0.199999825,0.2
0.7253,29.8511017,30,-0.197021937,0.199999825,0.2
0.7254,29.8511003,30,-0.197021937,0.199999825,0.2
0.7255,29.8510989,30,-0.197021937,0.199999825,0.2
0.7256,29.8510975,30,-0.197021937,0.199999825,0.2
0.7257,29.8510961,30,-0.197021937,0.199999825,0.2
0.7258,29.8510947,30,-0.197021937,0.199999825,0.2
0.7259,29.8510933,30,-0.197021937,0.199999825,0.2
0.726,29.8510919,30,-0.197021937,0.199999825,0.2
0.7261,29.8510905,30,-0.197021662,0.199999832,0.2
0.7262,29.8510891,30,-0.197021662,0.199999832,0.2
0.7263,29.8510878,30,-0.197021662,0.199999832,0.2
0.7264,29.8510864,30,-0.197021662,0.199999832,0.2
0.7265,29.8510851,30,-0.197021662,0.199999832,0.2
0.7266,29.8510837,30,-0.197021662,0.199999832,0.2
0.7267,29.8510824,30,-0.197021662,0.199999832,0.2
0.7268,29.851081,30,-0.197021662,0.199999832,0.2
0.7269,29.8510797,30,-0.197021662,0.199999832,0.2
0.727,29.8510783,30,-0.197021662,0.199999832,0.2
0.7271,29.851077,30,-0.197021398,0.199999838,0.2
0.7272,29.8510757,30,-0.197021398,0.199999838,0.2
0.7273,29.8510744,30,-0.197021398,0.199999838,0.2
0.7274,29.8510731,30,-0.197021398,0.199999838,0.2
0.7275,29.8510718,30,-0.197021398,0.199999838,0.2
0.7276,29.8510705,30,-0.197021398,0.199999838,0.2
0.7277,29.8510692,30,-0.197021398,0.199999838,0.2
0.7278,29.8510679,30,-0.197021398,0.199999838,0.2
0.7279,29.8510666,30,-0.197021398,0.199999838,0.2
0.728,29.8510653,30,-0.197021398,0.199999838,0.2
0.7281,29.8510641,30,-0.197021144,0.199999845,0.2
0.7282,29.8510628,30,-0.197021144,0.199999845,0.2
0.7283,29.8510616,30,-0.197021144,0.199999845,0.2
0.7284,29.8510603,30,-0.197021144,0.199999845,0.2
0.7285,29.8510591,30,-0.197021144,0.199999845,0.2
0.7286,29.8510578,30,-0.197021144,0.199999845,0.2
0.7287,29.8510566,30,-0.197021144,0.199999845,0.2
0.7288,29.8510553,30,-0.197021144,0.199999845,0.2
0.7289,29.8510541,30,-0.197021144,0.199999845,0.2
0.729,29.8510528,30,-0.197021144,0.199999845,0.2
0.7291,29.8510516,30,-0.197020901,0.199999851,0.2
0.7292,29.8510504,30,-0.197020901,0.199999851,0.2
0.7293,29.8510492,30,-0.197020901,0.199999851,0.2
0.7294,29.851048,30,-0.197020901,0.199999851,0.2
0.7295,29.8510468,30,-0.197020901,0.199999851,0.2
0.7296,29.8510456,30,-0.197020901,0.199999851,0.2
0.7297,29.8510444,30,-0.197020901,0.199999851,0.2
0.7298,29.8510432,30,-0.197020901,0.199999851,0.2
0.7299,29.851042,30,-0.197020901,0.199999851,0.2
0.73,29.8510408,30,-0.197020901,0.199999851,0.2
0.7301,29.8510396,30,-0.197020667,0.199999857,0.2
0.7302,29.8510385,30,-0.197020667,0.199999857,0.2
0.7303,29.8510373,30,-0.197020667,0.199999857,0.2
0.7304,29.8510362,30,-0.197020667,0.199999857,0.2
0.7305,29.851035,30,-0.197020667,0.199999857,0.2
0.7306,29.8510339,30,-0.197020667,0.199999857,0.2
0.7307,29.8510327,30,-0.197020667,0.199999857,0.2
0.7308,29.8510316,30,-0.197020667,0.199999857,0.2
0.7309,29.8510304,30,-0.197020667,0.199999857,0.2
0.731,29.8510293,30,-0.197020667,0.199999857,0.2
0.7311,29.8510281,30,-0.197020442,0.199999862,0.2
0.7312,29.851027,30,-0.197020442,0.199999862,0.2
0.7313,29.8510259,30,-0.197020442,0.199999862,0.2
0.7314,29.8510248,30,-0.197020442,0.199999862,0.2
0.7315,29.8510237,30,-0.197020442,0.199999862,0.2
0.7316,29.8510226,30,-0.197020442,0.199999862,0.2
0.7317,29.8510215,30,-0.197020442,0.199999862,0.2
0.7318,29.8510204,30,-0.197020442,0.199999862,0.2
0.7319,29.8510193,30,-0.197020442,0.199999862,0.2
0.732,29.8510182,30,-0.197020442,0.199999862,0.2
0.7321,29.8510171,30,-0.197020226,0.199999868,0.2
0.7322,29.851016,30,-0.197020226,0.199999868,0.2
0.7323,29.851015,30,-0.197020226,0.199999868,0.2
0.7324,29.8510139,30,-0.197020226,0.199999868,0.2
0.7325,29.8510128,30,-0.197020226,0.199999868,0.2
0.7326,29.8510118,30,-0.197020226,0.199999868,0.2
0.7327,29.8510107,30,-0.197020226,0.199999868,0.2
0.7328,29.8510096,30,-0.197020226,0.199999868,0.2
0.7329,29.8510086,30,-0.197020226,0.199999868,0.2
0.733,29.8510075,30,-0.197020226,0.199999868,0.2
0.7331,29.8510065,30,-0.197020018,0.199999873,0.2
0.7332,29.8510055,30,-0.197020018,0.199999873,0.2
0.7333,29.8510044,30,-0.197020018,0.199999873,0.2
0.7334,29.8510034,30,-0.197020018,0.199999873,0.2
0.7335,29.8510024,30,-0.197020018,0.199999873,0.2
0.7336,29.8510014,30,-0.197020018,0.199999873,0.2
0.7337,29.8510003,30,-0.197020018,0.199999873,0.2
0.7338,29.8509993,30,-0.197020018,0.199999873,0.2
0.7339,29.8509983,30,-0.197020018,0.199999873,0.2
0.734,29.8509973,30,-0.197020018,0.199999873,0.2
0.7341,29.8509963,30,-0.197019818,0.199999878,0.2
0.7342,29.8509953,30,-0.197019818,0.199999878,0.2
0.7343,29.8509943,30,-0.197019818,0.199999878,0.2
0.7344,29.8509933,30,-0.197019818,0.199999878,0.2
0.7345,29.8509924,30,-0.197019818,0.199999878,0.2
0.7346,29.8509914,30,-0.197019818,0.199999878,0.2
0.7347,29.8509904,30,-0.197019818,0.199999878,0.2
0.7348,29.8509894,30,-0.197019818,0.199999878,0.2
0.7349,29.8509884,30,-0.197019818,0.199999878,0.2
0.735,29.8509874,30,-0.197019818,0.199999878,0.2
0.7351,29.8509865,30,-0.197019627,0.199999883,0.2
0.7352,29.8509856,30,-0.197019627,0.199999883,0.2
0.7353,29.8509846,30,-0.197019627,0.199999883,0.2
0.7354,29.8509837,30,-0.197019627,0.199999883,0.2
0.7355,29.8509827,30,-0.197019627,0.199999883,0.2
0.7356,29.8509818,30,-0.197019627,0.199999883,0.2
0.7357,29.8509808,30,-0.197019627,0.199999883,0.2
0.7358,29.8509799,30,-0.197019627,0.199999883,0.2
0.7359,29.8509789,30,-0.197019627,0.199999883,0.2
0.736,29.850978,30,-0.197019627,0.199999883,0.2
0.7361,29.8509771,30,-0.197019442,0.199999887,0.2
0.7362,29.8509762,30,-0.197019442,0.199999887,0.2
0.7363,29.8509753,30,-0.197019442,0.199999887,0.2
0.7364,29.8509744,30,-0.197019442,0.199999887,0.2
0.7365,29.8509735,30,-0.197019442,0.199999887,0.2
0.7366,29.8509725,30,-0.197019442,0.199999887,0.2
0.7367,29.8509716,30,-0.197019442,0.199999887,0.2
0.7368,29.8509707,30,-0.197019442,0.199999887,0.2
0.7369,29.8509698,30,-0.197019442,0.199999887,0.2
0.737,29.8509689,30,-0.197019442,0.199999887,0.2
0.7371,29.850968,30,-0.197019265,0.199999892,0.2
0.7372,29.8509672,30,-0.197019265,0.199999892,0.2
0.7373,29.8509663,30,-0.197019265,0.199999892,0.2
0.7374,29.8509654,30,-0.197019265,0.199999892,0.2
0.7375,29.8509645,30,-0.197019265,0.199999892,0.2
0.7376,29.8509637,30,-0.197019265,0.199999892,0.2
0.7377,29.8509628,30,-0.197019265,0.199999892,0.2
0.7378,29.8509619,30,-0.197019265,0.199999892,0.2
0.7379,29.8509611,30,-0.197019265,0.199999892,0.2
0.738,29.8509602,30,-0.197019265,0.199999892,0.2
0.7381,29.8509593,30,-0.197019095,0.199999896,0.2
0.7382,29.8509585,30,-0.197019095,0.199999896,0.2
0.7383,29.8509577,30,-0.197019095,0.199999896,0.2
0.7384,29.8509568,30,-0.197019095,0.199999896,0.2
0.7385,29.850956,30,-0.197019095,0.199999896,0.2
0.7386,29.8509552,30,-0.197019095,0.199999896,0.2
0.7387,29.8509543,30,-0.197019095,0.199999896,0.2
0.7388,29.8509535,30,-0.197019095,0.199999896,0.2
0.7389,29.8509526,30,-0.197019095,0.199999896,0.2
0.739,29.8509518,30,-0.197019095,0.199999896,0.2
0.7391,29.850951,30,-0.197018932,0.1999999,0.2
0.7392,29.8509502,30,-0.197018932,0.1999999,0.2
0.7393,29.8509494,30,-0.197018932,0.1999999,0.2
0.7394,29.8509486,30,-0.197018932,0.1999999,0.2
0.7395,29.8509478,30,-0.197018932,0.1999999,0.2
0.7396,29.850947,30,-0.197018932,0.1999999,0.2
0.7397,29.8509462,30,-0.197018932,0.1999999,0.2
0.7398,29.8509454,30,-0.197018932,0.1999999,0.2
0.7399,29.8509446,30,-0.197018932,0.1999999,0.2
0.74,29.8509438,30,-0.197018932,0.1999999,0.2
0.7401,29.850943,30,-0.197018775,0.199999904,0.2
0.7402,29.8509422,30,-0.197018775,0.199999904,0.2
0.7403,29.8509414,30,-0.197018775,0.199999904,0.2
0.7404,29.8509407,30,-0.197018775,0.199999904,0.2
0.7405,29.8509399,30,-0.197018775,0.199999904,0.2
0.7406,29.8509391,30,-0.197018775,0.199999904,0.2
0.7407,29.8509383,30,-0.197018775,0.199999904,0.2
0.7408,29.8509376,30,-0.197018775,0.199999904,0.2
0.7409,29.8509368,30,-0.197018775,0.199999904,0.2
0.741,29.850936,30,-0.197018775,0.199999904,0.2
0.7411,29.8509353,30,-0.197018624,0.199999908,0.2
0.7412,29.8509345,30,-0.197018624,0.199999908,0.2
0.7413,29.8509338,30,-0.197018624,0.199999908,0.2
0.7414,29.850933,30,-0.197018624,0.199999908,0.2
0.7415,29.8509323,30,-0.197018624,0.199999908,0.2
0.7416,29.8509316,30,-0.197018624,0.199999908,0.2
0.7417,29.8509308,30,-0.197018624,0.199999908,0.2
0.7418,29.8509301,30,-0.197018624,0.199999908,0.2
0.7419,29.8509293,30,-0.197018624,0.199999908,0.2
0.742,29.8509286,30,-0.197018624,0.199999908,0.2
0.7421,29.8509279,30,-0.197018479,0.199999911,0.2
0.7422,29.8509272,30,-0.197018479,0.199999911,0.2
0.7423,29.8509264,30,-0.197018479,0.199999911,0.2
0.7424,29.8509257,30,-0.197018479,0.199999911,0.2
0.7425,29.850925,30,-0.197018479,0.199999911,0.2
0.7426,29.8509243,30,-0.197018479,0.199999911,0.2
0.7427,29.8509236,30,-0.197018479,0.199999911,0.2
0.7428,29.8509229,30,-0.197018479,0.199999911,0.2
0.7429,29.8509222,30,-0.197018479,0.199999911,0.2
0.743,29.8509214,30,-0.197018479,0.199999911,0.2
0.7431,29.8509207,30,-0.19701834,0.199999915,0.2
0.7432,29.8509201,30,-0.19701834,0.199999915,0.2
0.7433,29.8509194,30,-0.19701834,0.199999915,0.2
0.7434,29.8509187,30,-0.19701834,0.199999915,0.2
0.7435,29.850918,30,-0.19701834,0.199999915,0.2
0.7436,29.8509173,30,-0.19701834,0.199999915,0.2
0.7437,29.8509166,30,-0.19701834,0.199999915,0.2
0.7438,29.8509159,30,-0.19701834,0.199999915,0.2
0.7439,29.8509153,30,-0.19701834,0.199999915,0.2
0.744,29.8509146,30,-0.19701834,0.199999915,0.2
0.7441,29.8509139,30,-0.197018206,0.199999918,0.2
0.7442,29.8509133,30,-0.197018206,0.199999918,0.2
0.7443,29.8509126,30,-0.197018206,0.199999918,0.2
0.7444,29.8509119,30,-0.197018206,0.199999918,0.2
0.7445,29.8509113,30,-0.197018206,0.199999918,0.2
0.7446,29.8509106,30,-0.197018206,0.199999918,0.2
0.7447,29.85091,30,-0.197018206,0.199999918,0.2
0.7448,29.8509093,30,-0.197018206,0.199999918,0.2
0.7449,29.8509086,30,-0.197018206,0.199999918,0.2
0.745,29.850908,30,-0.197018206,0.199999918,0.2
0.7451,29.8509073,30,-0.197018078,0.199999921,0.2
0.7452,29.8509067,30,-0.197018078,0.199999921,0.2
0.7453,29.8509061,30,-0.197018078,0.199999921,0.2
0.7454,29.8509054,30,-0.197018078,0.199999921,0.2
0.7455,29.8509048,30,-0.197018078,0.199999921,0.2
0.7456,29.8509042,30,-0.197018078,0.199999921,0.2
0.7457,29.8509035,30,-0.197018078,0.199999921,0.2
0.7458,29.8509029,30,-0.197018078,0.199999921,0.2
0.7459,29.8509023,30,-0.197018078,0.199999921,0.2
0.746,29.8509016,30,-0.197018078,0.199999921,0.2
0.7461,29.850901,30,-0.197017954,0.199999924,0.2
0.7462,29.8509004,30,-0.197017954,0.199999924,0.2
0.7463,29.8508998,30,-0.197017954,0.199999924,0.2
0.7464,29.8508992,30,-0.197017954,0.199999924,0.2
0.7465,29.8508986,30,-0.197017954,0.199999924,0.2
0.7466,29.850898,30,-0.197017954,0.199999924,0.2
0.7467,29.8508974,30,-0.197017954,0.199999924,0.2
0.7468,29.8508968,30,-0.197017954,0.199999924,0.2
0.7469,29.8508962,30,-0.197017954,0.199999924,0.2
0.747,29.8508956,30,-0.197017954,0.199999924,0.2
0.7471,29.850895,30,-0.197017835,0.199999927,0.2
0.7472,29.8508944,30,-0.197017835,0.199999927,0.2
0.7473,29.8508938,30,-0.197017835,0.199999927,0.2
0.7474,29.8508932,30,-0.197017835,0.199999927,0.2
0.7475,29.8508926,30,-0.197017835,0.199999927,0.2
0.7476,29.850892,30,-0.197017835,0.199999927,0.2
0.7477,29.8508915,30,-0.197017835,0.199999927,0.2
0.7478,29.8508909,30,-0.197017835,0.199999927,0.2
0.7479,29.8508903,30,-0.197017835,0.199999927,0.2
0.748,29.8508897,30,-0.197017835,0.199999927,0.2
0.7481,29.8508891,30,-0.197017721,0.19999993,0.2
0.7482,29.8508886,30,-0.197017721,0.19999993,0.2
0.7483,29.850888,30,-0.197017721,0.19999993,0.2
0.7484,29.8508875,30,-0.197017721,0.19999993,0.2
0.7485,29.8508869,30,-0.197017721,0.19999993,0.2
0.7486,29.8508863,30,-0.197017721,0.19999993,0.2
0.7487,29.8508858,30,-0.197017721,0.19999993,0.2
0.7488,29.8508852,30,-0.197017721,0.19999993,0.2
0.7489,29.8508846,30,-0.197017721,0.19999993,0.2
0.749,29.8508841,30,-0.197017721,0.19999993,0.2
0.7491,29.8508835,30,-0.197017612,0.199999933,0.2
0.7492,29.850883,30,-0.197017612,0.199999933,0.2
0.7493,29.8508825,30,-0.197017612,0.199999933,0.2
0.7494,29.8508819,30,-0.197017612,0.199999933,0.2
0.7495,29.8508814,30,-0.197017612,0.199999933,0.2
0.7496,29.8508808,30,-0.197017612,0.199999933,0.2
0.7497,29.8508803,30,-0.197017612,0.199999933,0.2
0.7498,29.8508798,30,-0.197017612,0.199999933,0.2
0.7499,29.8508792,30,-0.197017612,0.199999933,0.2
0.75,29.8508787,30,-0.197017612,0.199999933,0.2
0.7501,29.8508782,30,-0.197017507,0.199999936,0.2
0.7502,29.8508776,30,-0.197017507,0.199999936,0.2
0.7503,29.8508771,30,-0.197017507,0.199999936,0.2
0.7504,29.8508766,30,-0.197017507,0.199999936,0.2
0.7505,29.8508761,30,-0.197017507,0.199999936,0.2
0.7506,29.8508756,30,-0.197017507,0.199999936,0.2
0.7507,29.8508751,30,-0.197017507,0.199999936,0.2
0.7508,29.8508745,30,-0.197017507,0.199999936,0.2
0.7509,29.850874,30,-0.197017507,0.199999936,0.2
0.751,29.8508735,30,-0.197017507,0.199999936,0.2
0.7511,29.850873,30,-0.197017405,0.199999938,0.2
0.7512,29.8508725,30,-0.197017405,0.199999938,0.2
0.7513,29.850872,30,-0.197017405,0.199999938,0.2
0.7514,29.8508715,30,-0.197017405,0.199999938,0.2
0.7515,29.850871,30,-0.197017405,0.199999938,0.2
0.7516,29.8508705,30,-0.197017405,0.199999938,0.2
0.7517,29.85087,30,-0.197017405,0.199999938,0.2
0.7518,29.8508695,30,-0.197017405,0.199999938,0.2
0.7519,29.850869,30,-0.197017405,0.199999938,0.2
0.752,29.8508685,30,-0.197017405,0.199999938,0.2
0.7521,29.850868,30,-0.197017308,0.19999994,0.2
0.7522,29.8508676,30,-0.197017308,0.19999994,0.2
0.7523,29.8508671,30,-0.197017308,0.19999994,0.2
0.7524,29.8508666,30,-0.197017308,0.19999994,0.2
0.7525,29.8508661,30,-0.197017308,0.19999994,0.2
0.7526,29.8508656,30,-0.197017308,0.19999994,0.2
0.7527,29.8508652,30,-0.197017308,0.19999994,0.2
0.7528,29.8508647,30,-0.197017308,0.19999994,0.2
0.7529,29.8508642,30,-0.197017308,0.19999994,0.2
0.753,29.8508637,30,-0.197017308,0.19999994,0.2
0.7531,29.8508633,30,-0.197017215,0.199999943,0.2
0.7532,29.8508628,30,-0.197017215,0.199999943,0.2
0.7533,29.8508623,30,-0.197017215,0.199999943,0.2
0.7534,29.8508619,30,-0.197017215,0.199999943,0.2
0.7535,29.8508614,30,-0.197017215,0.199999943,0.2
0.7536,29.850861,30,-0.197017215,0.199999943,0.2
0.7537,29.8508605,30,-0.197017215,0.199999943,0.2
0.7538,29.85086,30,-0.197017215,0.199999943,0.2
0.7539,29.8508596,30,-0.197017215,0.199999943,0.2
0.754,29.8508591,30,-0.197017215,0.199999943,0.2
0.7541,29.8508587,30,-0.197017125,0.199999945,0.2
0.7542,29.8508582,30,-0.197017125,0.199999945,0.2
0.7543,29.8508578,30,-0.197017125,0.199999945,0.2
0.7544,29.8508574,30,-0.197017125,0.199999945,0.2
0.7545,29.8508569,30,-0.197017125,0.199999945,0.2
0.7546,29.8508565,30,-0.197017125,0.199999945,0.2
0.7547,29.850856,30,-0.197017125,0.199999945,0.2
0.7548,29.8508556,30,-0.197017125,0.199999945,0.2
0.7549,29.8508551,30,-0.197017125,0.199999945,0.2
0.755,29.8508547,30,-0.197017125,0.199999945,0.2
0.7551,29.8508543,30,-0.197017039,0.199999947,0.2
0.7552,29.8508538,30,-0.197017039,0.199999947,0.2
0.7553,29.8508534,30,-0.197017039,0.199999947,0.2
0.7554,29.850853,30,-0.197017039,0.199999947,0.2
0.7555,29.8508526,30,-0.197017039,0.199999947,0.2
0.7556,29.8508521,30,-0.197017039,0.199999947,0.2
0.7557,29.8508517,30,-0.197017039,0.199999947,0.2
0.7558,29.8508513,30,-0.197017039,0.199999947,0.2
0.7559,29.8508509,30,-0.197017039,0.199999947,0.2
0.756,29.8508504,30,-0.197017039,0.199999947,0.2
0.7561,29.85085,30,-0.197016956,0.199999949,0.2
0.7562,29.8508496,30,-0.197016956,0.199999949,0.2
0.7563,29.8508492,30,-0.197016956,0.199999949,0.2
0.7564,29.8508488,30,-0.197016956,0.199999949,0.2
0.7565,29.8508484,30,-0.197016956,0.199999949,0.2
0.7566,29.850848,30,-0.197016956,0.199999949,0.2
0.7567,29.8508476,30,-0.197016956,0.199999949,0.2
0.7568,29.8508472,30,-0.197016956,0.199999949,0.2
0.7569,29.8508468,30,-0.197016956,0.199999949,0.2
0.757,29.8508464,30,-0.197016956,0.199999949,0.2
0.7571,29.850846,30,-0.197016877,0.199999951,0.2
0.7572,29.8508456,30,-0.197016877,0.199999951,0.2
0.7573,29.8508452,30,-0.197016877,0.199999951,0.2
0.7574,29.8508448,30,-0.197016877,0.199999951,0.2
0.7575,29.8508444,30,-0.197016877,0.199999951,0.2
0.7576,29.850844,30,-0.197016877,0.199999951,0.2
0.7577,29.8508436,30,-0.197016877,0.199999951,0.2
0.7578,29.8508432,30,-0.197016877,0.199999951,0.2
0.7579,29.8508428,30,-0.197016877,0.199999951,0.2
0.758,29.8508424,30,-0.197016877,0.199999951,0.2
0.7581,29.8508421,30,-0.1970168,0.199999953,0.2
0.7582,29.8508417,30,-0.1970168,0.199999953,0.2
0.7583,29.8508413,30,-0.1970168,0.199999953,0.2
0.7584,29.8508409,30,-0.1970168,0.199999953,0.2
0.7585,29.8508406,30,-0.1970168,0.199999953,0.2
0.7586,29.8508402,30,-0.1970168,0.199999953,0.2
0.7587,29.8508398,30,-0.1970168,0.199999953,0.2
0.7588,29.8508394,30,-0.1970168,0.199999953,0.2
0.7589,29.8508391,30,-0.1970168,0.199999953,0.2
0.759,29.8508387,30,-0.1970168,0.199999953,0.2
0.7591,29.8508383,30,-0.197016727,0.199999955,0.2
0.7592,29.850838,30,-0.197016727,0.199999955,0.2
0.7593,29.8508376,30,-0.197016727,0.199999955,0.2
0.7594,29.8508372,30,-0.197016727,0.199999955,0.2
0.7595,29.8508369,30,-0.197016727,0.199999955,0.2
0.7596,29.8508365,30,-0.197016727,0.199999955,0.2
0.7597,29.8508361,30,-0.197016727,0.199999955,0.2
0.7598,29.8508358,30,-0.197016727,0.199999955,0.2
0.7599,29.8508354,30,-0.197016727,0.199999955,0.2
0.76,29.8508351,30,-0.197016727,0.199999955,0.2
0.7601,29.8508347,30,-0.197016656,0.199999957,0.2
0.7602,29.8508344,30,-0.197016656,0.199999957,0.2
0.7603,29.850834,30,-0.197016656,0.199999957,0.2
0.7604,29.8508337,30,-0.197016656,0.199999957,0.2
0.7605,29.8508333,30,-0.197016656,0.199999957,0.2
0.7606,29.850833,30,-0.197016656,0.199999957,0.2
0.7607,29.8508326,30,-0.197016656,0.199999957,0.2
0.7608,29.8508323,30,-0.197016656,0.199999957,0.2
0.7609,29.8508319,30,-0.197016656,0.199999957,0.2
0.761,29.8508316,30,-0.197016656,0.199999957,0.2
0.7611,29.8508312,30,-0.197016588,0.199999958,0.2
0.7612,29.8508309,30,-0.197016588,0.199999958,0.2
0.7613,29.8508306,30,-0.197016588,0.199999958,0.2
0.7614,29.8508302,30,-0.197016588,0.199999958,0.2
0.7615,29.8508299,30,-0.197016588,0.199999958,0.2
0.7616,29.8508296,30,-0.197016588,0.199999958,0.2
0.7617,29.8508292,30,-0.197016588,0.199999958,0.2
0.7618,29.8508289,30,-0.197016588,0.199999958,0.2
0.7619,29.8508286,30,-0.197016588,0.199999958,0.2
0.762,29.8508282,30,-0.197016588,0.199999958,0.2
0.7621,29.8508279,30,-0.197016523,0.19999996,0.2
0.7622,29.8508276,30,-0.197016523,0.19999996,0.2
0.7623,29.8508273,30,-0.197016523,0.19999996,0.2
0.7624,29.8508269,30,-0.197016523,0.19999996,0.2
0.7625,29.8508266,30,-0.197016523,0.19999996,0.2
0.7626,29.8508263,30,-0.197016523,0.19999996,0.2
0.7627,29.850826,30,-0.197016523,0.19999996,0.2
0.7628,29.8508257,30,-0.197016523,0.19999996,0.2
0.7629,29.8508253,30,-0.197016523,0.19999996,0.2
0.763,29.850825,30,-0.197016523,0.19999996,0.2
0.7631,29.8508247,30,-0.197016461,0.199999962,0.2
0.7632,29.8508244,30,-0.197016461,0.199999962,0.2
0.7633,29.8508241,30,-0.197016461,0.199999962,0.2
0.7634,29.8508238,30,-0.197016461,0.199999962,0.2
0.7635,29.8508235,30,-0.197016461,0.199999962,0.2
0.7636,29.8508232,30,-0.197016461,0.199999962,0.2
0.7637,29.8508229,30,-0.197016461,0.199999962,0.2
0.7638,29.8508226,30,-0.197016461,0.199999962,0.2
0.7639,29.8508222,30,-0.197016461,0.199999962,0.2
0.764,29.8508219,30,-0.197016461,0.199999962,0.2
0.7641,29.8508216,30,-0.1970164,0.199999963,0.2
0.7642,29.8508213,30,-0.1970164,0.199999963,0.2
0.7643,29.850821,30,-0.1970164,0.199999963,0.2
0.7644,29.8508208,30,-0.1970164,0.199999963,0.2
0.7645,29.8508205,30,-0.1970164,0.199999963,0.2
0.7646,29.8508202,30,-0.1970164,0.199999963,0.2
0.7647,29.8508199,30,-0.1970164,0.199999963,0.2
0.7648,29.8508196,30,-0.1970164,0.199999963,0.2
0.7649,29.8508193,30,-0.1970164,0.199999963,0.2
0.765,29.850819,30,-0.1970164,0.199999963,0.2
0.7651,29.8508187,30,-0.197016343,0.199999965,0.2
0.7652,29.8508184,30,-0.197016343,0.199999965,0.2
0.7653,29.8508181,30,-0.197016343,0.199999965,0.2
0.7654,29.8508178,30,-0.197016343,0.199999965,0.2
0.7655,29.8508175,30,-0.197016343,0.199999965,0.2
0.7656,29.8508173,30,-0.197016343,0.199999965,0.2
0.7657,29.850817,30,-0.197016343,0.199999965,0.2
0.7658,29.8508167,30,-0.197016343,0.199999965,0.2
0.7659,29.8508164,30,-0.197016343,0.199999965,0.2
0.766,29.8508161,30,-0.197016343,0.199999965,0.2
0.7661,29.8508158,30,-0.197016287,0.199999966,0.2
0.7662,29.8508156,30,-0.197016287,0.199999966,0.2
0.7663,29.8508153,30,-0.197016287,0.199999966,0.2
0.7664,29.850815,30,-0.197016287,0.199999966,0.2
0.7665,29.8508148,30,-0.197016287,0.199999966,0.2
0.7666,29.8508145,30,-0.197016287,0.199999966,0.2
0.7667,29.8508142,30,-0.197016287,0.199999966,0.2
0.7668,29.8508139,30,-0.197016287,0.199999966,0.2
0.7669,29.8508137,30,-0.197016287,0.199999966,0.2
0.767,29.8508134,30,-0.197016287,0.199999966,0.2
0.7671,29.8508131,30,-0.197016234,0.199999967,0.2
0.7672,29.8508129,30,-0.197016234,0.199999967,0.2
0.7673,29.8508126,30,-0.197016234,0.199999967,0.2
0.7674,29.8508123,30,-0.197016234,0.199999967,0.2
0.7675,29.8508121,30,-0.197016234,0.199999967,0.2
0.7676,29.8508118,30,-0.197016234,0.199999967,0.2
0.7677,29.8508115,30,-0.197016234,0.199999967,0.2
0.7678,29.8508113,30,-0.197016234,0.199999967,0.2
0.7679,29.850811,30,-0.197016234,0.199999967,0.2
0.768,29.8508108,30,-0.197016234,0.199999967,0.2
0.7681,29.8508105,30,-0.197016182,0.199999969,0.2
0.7682,29.8508103,30,-0.197016182,0.199999969,0.2
0.7683,29.85081,30,-0.197016182,0.199999969,0.2
0.7684,29.8508097,30,-0.197016182,0.199999969,0.2
0.7685,29.8508095,30,-0.197016182,0.199999969,0.2
0.7686,29.8508092,30,-0.197016182,0.199999969,0.2
0.7687,29.850809,30,-0.197016182,0.199999969,0.2
0.7688,29.8508087,30,-0.197016182,0.199999969,0.2
0.7689,29.8508085,30,-0.197016182,0.199999969,0.2
0.769,29.8508082,30,-0.197016182,0.199999969,0.2
0.7691,29.850808,30,-0.197016133,0.19999997,0.2
0.7692,29.8508077,30,-0.197016133,0.19999997,0.2
0.7693,29.8508075,30,-0.197016133,0.19999997,0.2
0.7694,29.8508073,30,-0.197016133,0.19999997,0.2
0.7695,29.850807,30,-0.197016133,0.19999997,0.2
0.7696,29.8508068,30,-0.197016133,0.19999997,0.2
0.7697,29.8508065,30,-0.197016133,0.19999997,0.2
0.7698,29.8508063,30,-0.197016133,0.19999997,0.2
0.7699,29.850806,30,-0.197016133,0.19999997,0.2
0.77,29.8508058,30,-0.197016133,0.19999997,0.2
0.7701,29.8508056,30,-0.197016086,0.199999971,0.2
0.7702,29.8508053,30,-0.197016086,0.199999971,0.2
0.7703,29.8508051,30,-0.197016086,0.199999971,0.2
0.7704,29.8508049,30,-0.197016086,0.199999971,0.2
0.7705,29.8508046,30,-0.197016086,0.199999971,0.2
0.7706,29.8508044,30,-0.197016086,0.199999971,0.2
0.7707,29.8508042,30,-0.197016086,0.199999971,0.2
0.7708,29.8508039,30,-0.197016086,0.199999971,0.2
0.7709,29.8508037,30,-0.197016086,0.199999971,0.2
0.771,29.8508035,30,-0.197016086,0.199999971,0.2
0.7711,29.8508032,30,-0.19701604,0.199999972,0.2
0.7712,29.850803,30,-0.19701604,0.199999972,0.2
0.7713,29.8508028,30,-0.19701604,0.199999972,0.2
0.7714,29.8508026,30,-0.19701604,0.199999972,0.2
0.7715,29.8508023,30,-0.19701604,0.199999972,0.2
0.7716,29.8508021,30,-0.19701604,0.199999972,0.2
0.7717,29.8508019,30,-0.19701604,0.199999972,0.2
0.7718,29.8508017,30,-0.19701604,0.199999972,0.2
0.7719,29.8508015,30,-0.19701604,0.199999972,0.2
0.772,29.8508012,30,-0.19701604,0.199999972,0.2
0.7721,29.850801,30,-0.197015997,0.199999973,0.2
0.7722,29.8508008,30,-0.197015997,0.199999973,0.2
0.7723,29.8508006,30,-0.197015997,0.199999973,0.2
0.7724,29.8508004,30,-0.197015997,0.199999973,0.2
0.7725,29.8508002,30,-0.197015997,0.199999973,0.2
0.7726,29.8507999,30,-0.197015997,0.199999973,0.2
0.7727,29.8507997,30,-0.197015997,0.199999973,0.2
0.7728,29.8507995,30,-0.197015997,0.199999973,0.2
0.7729,29.8507993,30,-0.197015997,0.199999973,0.2
0.773,29.8507991,30,-0.197015997,0.199999973,0.2
0.7731,29.8507989,30,-0.197015955,0.199999974,0.2
0.7732,29.8507987,30,-0.197015955,0.199999974,0.2
0.7733,29.8507985,30,-0.197015955,0.199999974,0.2
0.7734,29.8507982,30,-0.197015955,0.199999974,0.2
0.7735,29.850798,30,-0.197015955,0.199999974,0.2
0.7736,29.8507978,30,-0.197015955,0.199999974,0.2
0.7737,29.8507976,30,-0.197015955,0.199999974,0.2
0.7738,29.8507974,30,-0.197015955,0.199999974,0.2
0.7739,29.8507972,30,-0.197015955,0.199999974,0.2
0.774,29.850797,30,-0.197015955,0.199999974,0.2
0.7741,29.8507968,30,-0.197015914,0.199999975,0.2
0.7742,29.8507966,30,-0.197015914,0.199999975,0.2
0.7743,29.8507964,30,-0.197015914,0.199999975,0.2
0.7744,29.8507962,30,-0.197015914,0.199999975,0.2
0.7745,29.850796,30,-0.197015914,0.199999975,0.2
0.7746,29.8507958,30,-0.197015914,0.199999975,0.2
0.7747,29.8507956,30,-0.197015914,0.199999975,0.2
0.7748,29.8507954,30,-0.197015914,0.199999975,0.2
0.7749,29.8507952,30,-0.197015914,0.199999975,0.2
0.775,29.850795,30,-0.197015914,0.199999975,0.2
0.7751,29.8507948,30,-0.197015876,0.199999976,0.2
0.7752,29.8507946,30,-0.197015876,0.199999976,0.2
0.7753,29.8507944,30,-0.197015876,0.199999976,0.2
0.7754,29.8507943,30,-0.197015876,0.199999976,0.2
0.7755,29.8507941,30,-0.197015876,0.199999976,0.2
0.7756,29.8507939,30,-0.197015876,0.199999976,0.2
0.7757,29.8507937,30,-0.197015876,0.199999976,0.2
0.7758,29.8507935,30,-0.197015876,0.199999976,0.2
0.7759,29.8507933,30,-0.197015876,0.199999976,0.2
0.776,29.8507931,30,-0.197015876,0.199999976,0.2
0.7761,29.8507929,30,-0.197015838,0.199999977,0.2
0.7762,29.8507927,30,-0.197015838,0.199999977,0.2
0.7763,29.8507926,30,-0.197015838,0.199999977,0.2
0.7764,29.8507924,30,-0.197015838,0.199999977,0.2
0.7765,29.8507922,30,-0.197015838,0.199999977,0.2
0.7766,29.850792,30,-0.197015838,0.199999977,0.2
0.7767,29.8507918,30,-0.197015838,0.199999977,0.2
0.7768,29.8507916,30,-0.197015838,0.199999977,0.2
0.7769,29.8507915,30,-0.197015838,0.199999977,0.2
0.777,29.8507913,30,-0.197015838,0.199999977,0.2
0.7771,29.8507911,30,-0.197015803,0.199999978,0.2
0.7772,29.8507909,30,-0.197015803,0.199999978,0.2
0.7773,29.8507907,30,-0.197015803,0.199999978,0.2
0.7774,29.8507906,30,-0.197015803,0.199999978,0.2
0.7775,29.8507904,30,-0.197015803,0.199999978,0.2
0.7776,29.8507902,30,-0.197015803,0.199999978,0.2
0.7777,29.85079,30,-0.197015803,0.199999978,0.2
0.7778,29.8507899,30,-0.197015803,0.199999978,0.2
0.7779,29.8507897,30,-0.197015803,0.199999978,0.2
0.778,29.8507895,30,-0.197015803,0.199999978,0.2
0.7781,29.8507893,30,-0.197015768,0.199999979,0.2
0.7782,29.8507892,30,-0.197015768,0.199999979,0.2
0.7783,29.850789,30,-0.197015768,0.199999979,0.2
0.7784,29.8507888,30,-0.197015768,0.199999979,0.2
0.7785,29.8507887,30,-0.197015768,0.199999979,0.2
0.7786,29.8507885,30,-0.197015768,0.199999979,0.2
0.7787,29.8507883,30,-0.197015768,0.199999979,0.2
0.7788,29.8507882,30,-0.197015768,0.199999979,0.2
0.7789,29.850788,30,-0.197015768,0.199999979,0.2
0.779,29.8507878,30,-0.197015768,0.199999979,0.2
0.7791,29.8507877,30,-0.197015735,0.19999998,0.2
0.7792,29.8507875,30,-0.197015735,0.19999998,0.2
0.7793,29.8507873,30,-0.197015735,0.19999998,0.2
0.7794,29.8507872,30,-0.197015735,0.19999998,0.2
0.7795,29.850787,30,-0.197015735,0.19999998,0.2
0.7796,29.8507868,30,-0.197015735,0.19999998,0.2
0.7797,29.8507867,30,-0.197015735,0.19999998,0.2
0.7798,29.8507865,30,-0.197015735,0.19999998,0.2
0.7799,29.8507863,30,-0.197015735,0.19999998,0.2
0.78,29.8507862,30,-0.197015735,0.19999998,0.2
0.7801,29.850786,30,-0.197015703,0.199999981,0.2
0.7802,29.8507859,30,-0.197015703,0.199999981,0.2
0.7803,29.8507857,30,-0.197015703,0.199999981,0.2
0.7804,29.8507856,30,-0.197015703,0.199999981,0.2
0.7805,29.8507854,30,-0.197015703,0.199999981,0.2
0.7806,29.8507852,30,-0.197015703,0.199999981,0.2
0.7807,29.8507851,30,-0.197015703,0.199999981,0.2
0.7808,29.8507849,30,-0.197015703,0.199999981,0.2
0.7809,29.8507848,30,-0.197015703,0.199999981,0.2
0.781,29.8507846,30,-0.197015703,0.199999981,0.2
0.7811,29.8507845,30,-0.197015673,0.199999981,0.2
0.7812,29.8507843,30,-0.197015673,0.199999981,0.2
0.7813,29.8507842,30,-0.197015673,0.199999981,0.2
0.7814,29.850784,30,-0.197015673,0.199999981,0.2
0.7815,29.8507839,30,-0.197015673,0.199999981,0.2
0.7816,29.8507837,30,-0.197015673,0.199999981,0.2
0.7817,29.8507836,30,-0.197015673,0.199999981,0.2
0.7818,29.8507834,30,-0.197015673,0.199999981,0.2
0.7819,29.8507833,30,-0.197015673,0.199999981,0.2
0.782,29.8507831,30,-0.197015673,0.199999981,0.2
0.7821,29.850783,30,-0.197015644,0.199999982,0.2
0.7822,29.8507828,30,-0.197015644,0.199999982,0.2
0.7823,29.8507827,30,-0.197015644,0.199999982,0.2
0.7824,29.8507825,30,-0.197015644,0.199999982,0.2
0.7825,29.8507824,30,-0.197015644,0.199999982,0.2
0.7826,29.8507823,30,-0.197015644,0.199999982,0.2
0.7827,29.8507821,30,-0.197015644,0.199999982,0.2
0.7828,29.850782,30,-0.197015644,0.199999982,0.2
0.7829,29.8507818,30,-0.197015644,0.199999982,0.2
0.783,29.8507817,30,-0.197015644,0.199999982,0.2
0.7831,29.8507815,30,-0.197015616,0.199999983,0.2
0.7832,29.8507814,30,-0.197015616,0.199999983,0.2
0.7833,29.8507813,30,-0.197015616,0.199999983,0.2
0.7834,29.8507811,30,-0.197015616,0.199999983,0.2
0.7835,29.850781,30,-0.197015616,0.199999983,0.2
0.7836,29.8507808,30,-0.197015616,0.199999983,0.2
0.7837,29.8507807,30,-0.197015616,0.199999983,0.2
0.7838,29.8507806,30,-0.197015616,0.199999983,0.2
0.7839,29.8507804,30,-0.197015616,0.199999983,0.2
0.784,29.8507803,30,-0.197015616,0.199999983,0.2
0.7841,29.8507802,30,-0.197015589,0.199999983,0.2
0.7842,29.85078,30,-0.197015589,0.199999983,0.2
0.7843,29.8507799,30,-0.197015589,0.199999983,0.2
0.7844,29.8507798,30,-0.197015589,0.199999983,0.2
0.7845,29.8507796,30,-0.197015589,0.199999983,0.2
0.7846,29.8507795,30,-0.197015589,0.199999983,0.2
0.7847,29.8507794,30,-0.197015589,0.199999983,0.2
0.7848,29.8507792,30,-0.197015589,0.199999983,0.2
0.7849,29.8507791,30,-0.197015589,0.199999983,0.2
0.785,29.850779,30,-0.197015589,0.199999983,0.2
0.7851,29.8507788,30,-0.197015563,0.199999984,0.2
0.7852,29.8507787,30,-0.197015563,0.199999984,0.2
0.7853,29.8507786,30,-0.197015563,0.199999984,0.2
0.7854,29.8507784,30,-0.197015563,0.199999984,0.2
0.7855,29.8507783,30,-0.197015563,0.199999984,0.2
0.7856,29.8507782,30,-0.197015563,0.199999984,0.2
0.7857,29.8507781,30,-0.197015563,0.199999984,0.2
0.7858,29.8507779,30,-0.197015563,0.199999984,0.2
0.7859,29.8507778,30,-0.197015563,0.199999984,0.2
0.786,29.8507777,30,-0.197015563,0.199999984,0.2
0.7861,29.8507776,30,-0.197015538,0.199999985,0.2
0.7862,29.8507774,30,-0.197015538,0.199999985,0.2
0.7863,29.8507773,30,-0.197015538,0.199999985,0.2
0.7864,29.8507772,30,-0.197015538,0.199999985,0.2
0.7865,29.8507771,30,-0.197015538,0.199999985,0.2
0.7866,29.8507769,30,-0.197015538,0.199999985,0.2
0.7867,29.8507768,30,-0.197015538,0.199999985,0.2
0.7868,29.8507767,30,-0.197015538,0.199999985,0.2
0.7869,29.8507766,30,-0.197015538,0.199999985,0.2
0.787,29.8507764,30,-0.197015538,0.199999985,0.2
0.7871,29.8507763,30,-0.197015514,0.199999985,0.2
0.7872,29.8507762,30,-0.197015514,0.199999985,0.2
0.7873,29.8507761,30,-0.197015514,0.199999985,0.2
0.7874,29.850776,30,-0.197015514,0.199999985,0.2
0.7875,29.8507759,30,-0.197015514,0.199999985,0.2
0.7876,29.8507757,30,-0.197015514,0.199999985,0.2
0.7877,29.8507756,30,-0.197015514,0.199999985,0.2
0.7878,29.8507755,30,-0.197015514,0.199999985,0.2
0.7879,29.8507754,30,-0.197015514,0.199999985,0.2
0.788,29.8507753,30,-0.197015514,0.199999985,0.2
0.7881,29.8507751,30,-0.197015491,0.199999986,0.2
0.7882,29.850775,30,-0.197015491,0.199999986,0.2
0.7883,29.8507749,30,-0.197015491,0.199999986,0.2
0.7884,29.8507748,30,-0.197015491,0.199999986,0.2
0.7885,29.8507747,30,-0.197015491,0.199999986,0.2
0.7886,29.8507746,30,-0.197015491,0.199999986,0.2
0.7887,29.8507745,30,-0.197015491,0.199999986,0.2
0.7888,29.8507744,30,-0.197015491,0.199999986,0.2
0.7889,29.8507742,30,-0.197015491,0.199999986,0.2
0.789,29.8507741,30,-0.197015491,0.199999986,0.2
0.7891,29.850774,30,-0.197015468,0.199999986,0.2
0.7892,29.8507739,30,-0.197015468,0.199999986,0.2
0.7893,29.8507738,30,-0.197015468,0.199999986,0.2
0.7894,29.8507737,30,-0.197015468,0.199999986,0.2
0.7895,29.8507736,30,-0.197015468,0.199999986,0.2
0.7896,29.8507735,30,-0.197015468,0.199999986,0.2
0.7897,29.8507734,30,-0.197015468,0.199999986,0.2
0.7898,29.8507733,30,-0.197015468,0.199999986,0.2
0.7899,29.8507731,30,-0.197015468,0.199999986,0.2
0.79,29.850773,30,-0.197015468,0.199999986,0.2
0.7901,29.8507729,30,-0.197015447,0.199999987,0.2
0.7902,29.8507728,30,-0.197015447,0.199999987,0.2
0.7903,29.8507727,30,-0.197015447,0.199999987,0.2
0.7904,29.8507726,30,-0.197015447,0.199999987,0.2
0.7905,29.8507725,30,-0.197015447,0.199999987,0.2
0.7906,29.8507724,30,-0.197015447,0.199999987,0.2
0.7907,29.8507723,30,-0.197015447,0.199999987,0.2
0.7908,29.8507722,30,-0.197015447,0.199999987,0.2
0.7909,29.8507721,30,-0.197015447,0.199999987,0.2
0.791,29.850772,30,-0.197015447,0.199999987,0.2
0.7911,29.8507719,30,-0.197015427,0.199999987,0.2
0.7912,29.8507718,30,-0.197015427,0.199999987,0.2
0.7913,29.8507717,30,-0.197015427,0.199999987,0.2
0.7914,29.8507716,30,-0.197015427,0.199999987,0.2
0.7915,29.8507715,30,-0.197015427,0.199999987,0.2
0.7916,29.8507714,30,-0.197015427,0.199999987,0.2
0.7917,29.8507713,30,-0.197015427,0.199999987,0.2
0.7918,29.8507712,30,-0.197015427,0.199999987,0.2
0.7919,29.8507711,30,-0.197015427,0.199999987,0.2
0.792,29.850771,30,-0.197015427,0.199999987,0.2
0.7921,29.8507709,30,-0.197015407,0.199999988,0.2
0.7922,29.8507708,30,-0.197015407,0.199999988,0.2
0.7923,29.8507707,30,-0.197015407,0.199999988,0.2
0.7924,29.8507706,30,-0.197015407,0.199999988,0.2
0.7925,29.8507705,30,-0.197015407,0.199999988,0.2
0.7926,29.8507704,30,-0.197015407,0.199999988,0.2
0.7927,29.8507703,30,-0.197015407,0.199999988,0.2
0.7928,29.8507702,30,-0.197015407,0.199999988,0.2
0.7929,29.8507701,30,-0.197015407,0.199999988,0.2
0.793,29.85077,30,-0.197015407,0.199999988,0.2
0.7931,29.8507699,30,-0.197015388,0.199999988,0.2
0.7932,29.8507698,30,-0.197015388,0.199999988,0.2
0.7933,29.8507697,30,-0.197015388,0.199999988,0.2
0.7934,29.8507696,30,-0.197015388,0.199999988,0.2
0.7935,29.8507695,30,-0.197015388,0.199999988,0.2
0.7936,29.8507695,30,-0.197015388,0.199999988,0.2
0.7937,29.8507694,30,-0.197015388,0.199999988,0.2
0.7938,29.8507693,30,-0.197015388,0.199999988,0.2
0.7939,29.8507692,30,-0.197015388,0.199999988,0.2
0.794,29.8507691,30,-0.197015388,0.199999988,0.2
0.7941,29.850769,30,-0.19701537,0.199999989,0.2
0.7942,29.8507689,30,-0.19701537,0.199999989,0.2
0.7943,29.8507688,30,-0.19701537,0.199999989,0.2
0.7944,29.8507687,30,-0.19701537,0.199999989,0.2
0.7945,29.8507686,30,-0.19701537,0.199999989,0.2
0.7946,29.8507685,30,-0.19701537,0.199999989,0.2
0.7947,29.8507685,30,-0.19701537,0.199999989,0.2
0.7948,29.8507684,30,-0.19701537,0.199999989,0.2
0.7949,29.8507683,30,-0.19701537,0.199999989,0.2
0.795,29.8507682,30,-0.19701537,0.199999989,0.2
0.7951,29.8507681,30,-0.197015353,0.199999989,0.2
0.7952,29.850768,30,-0.197015353,0.199999989,0.2
0.7953,29.8507679,30,-0.197015353,0.199999989,0.2
0.7954,29.8507678,30,-0.197015353,0.199999989,0.2
0.7955,29.8507678,30,-0.197015353,0.199999989,0.2
0.7956,29.8507677,30,-0.197015353,0.199999989,0.2
0.7957,29.8507676,30,-0.197015353,0.199999989,0.2
0.7958,29.8507675,30,-0.197015353,0.199999989,0.2
0.7959,29.8507674,30,-0.197015353,0.199999989,0.2
0.796,29.8507673,30,-0.197015353,0.199999989,0.2
0.7961,29.8507672,30,-0.197015336,0.19999999,0.2
0.7962,29.8507672,30,-0.197015336,0.19999999,0.2
0.7963,29.8507671,30,-0.197015336,0.19999999,0.2
0.7964,29.850767,30,-0.197015336,0.19999999,0.2
0.7965,29.8507669,30,-0.197015336,0.19999999,0.2
0.7966,29.8507668,30,-0.197015336,0.19999999,0.2
0.7967,29.8507667,30,-0.197015336,0.19999999,0.2
0.7968,29.8507667,30,-0.197015336,0.19999999,0.2
0.7969,29.8507666,30,-0.197015336,0.19999999,0.2
0.797,29.8507665,30,-0.197015336,0.19999999,0.2
0.7971,29.8507664,30,-0.19701532,0.19999999,0.2
0.7972,29.8507663,30,-0.19701532,0.19999999,0.2
0.7973,29.8507663,30,-0.19701532,0.19999999,0.2
0.7974,29.8507662,30,-0.19701532,0.19999999,0.2
0.7975,29.8507661,30,-0.19701532,0.19999999,0.2
0.7976,29.850766,30,-0.19701532,0.19999999,0.2
0.7977,29.8507659,30,-0.19701532,0.19999999,0.2
0.7978,29.8507659,30,-0.19701532,0.19999999,0.2
0.7979,29.8507658,30,-0.19701532,0.19999999,0.2
0.798,29.8507657,30,-0.19701532,0.19999999,0.2
0.7981,29.8507656,30,-0.197015304,0.199999991,0.2
0.7982,29.8507656,30,-0.197015304,0.199999991,0.2
0.7983,29.8507655,30,-0.197015304,0.199999991,0.2
0.7984,29.8507654,30,-0.197015304,0.199999991,0.2
0.7985,29.8507653,30,-0.197015304,0.199999991,0.2
0.7986,29.8507653,30,-0.197015304,0.199999991,0.2
0.7987,29.8507652,30,-0.197015304,0.199999991,0.2
0.7988,29.8507651,30,-0.197015304,0.199999991,0.2
0.7989,29.850765,30,-0.197015304,0.199999991,0.2
0.799,29.8507649,30,-0.197015304,0.199999991,0.2
0.7991,29.8507649,30,-0.197015289,0.199999991,0.2
0.7992,29.8507648,30,-0.197015289,0.199999991,0.2
0.7993,29.8507647,30,-0.197015289,0.199999991,0.2
0.7994,29.8507647,30,-0.197015289,0.199999991,0.2
0.7995,29.8507646,30,-0.197015289,0.199999991,0.2
0.7996,29.8507645,30,-0.197015289,0.199999991,0.2
0.7997,29.8507644,30,-0.197015289,0.199999991,0.2
0.7998,29.8507644,30,-0.197015289,0.199999991,0.2
0.7999,29.8507643,30,-0.197015289,0.199999991,0.2
0.8,29.8507642,30,-0.197015289,0.199999991,0.2
0.8001,29.8507641,30,-0.197015275,0.199999991,0.2
0.8002,29.8507641,30,-0.197015275,0.199999991,0.2
0.8003,29.850764,30,-0.197015275,0.199999991,0.2
0.8004,29.8507639,30,-0.197015275,0.199999991,0.2
0.8005,29.8507639,30,-0.197015275,0.199999991,0.2
0.8006,29.8507638,30,-0.197015275,0.199999991,0.2
0.8007,29.8507637,30,-0.197015275,0.199999991,0.2
0.8008,29.8507637,30,-0.197015275,0.199999991,0.2
0.8009,29.8507636,30,-0.197015275,0.199999991,0.2
0.801,29.8507635,30,-0.197015275,0.199999991,0.2
0.8011,29.8507634,30,-0.197015262,0.199999992,0.2
0.8012,29.8507634,30,-0.197015262,0.199999992,0.2
0.8013,29.8507633,30,-0.197015262,0.199999992,0.2
0.8014,29.8507632,30,-0.197015262,0.199999992,0.2
0.8015,29.8507632,30,-0.197015262,0.199999992,0.2
0.8016,29.8507631,30,-0.197015262,0.199999992,0.2
0.8017,29.850763,30,-0.197015262,0.199999992,0.2
0.8018,29.850763,30,-0.197015262,0.199999992,0.2
0.8019,29.8507629,30,-0.197015262,0.199999992,0.2
0.802,29.8507628,30,-0.197015262,0.199999992,0.2
0.8021,29.8507628,30,-0.197015248,0.199999992,0.2
0.8022,29.8507627,30,-0.197015248,0.199999992,0.2
0.8023,29.8507626,30,-0.197015248,0.199999992,0.2
0.8024,29.8507626,30,-0.197015248,0.199999992,0.2
0.8025,29.8507625,30,-0.197015248,0.199999992,0.2
0.8026,29.8507624,30,-0.197015248,0.199999992,0.2
0.8027,29.8507624,30,-0.197015248,0.199999992,0.2
0.8028,29.8507623,30,-0.197015248,0.199999992,0.2
0.8029,29.8507623,30,-0.197015248,0.199999992,0.2
0.803,29.8507622,30,-0.197015248,0.199999992,0.2
0.8031,29.8507621,30,-0.197015236,0.199999992,0.2
0.8032,29.8507621,30,-0.197015236,0.199999992,0.2
0.8033,29.850762,30,-0.197015236,0.199999992,0.2
0.8034,29.8507619,30,-0.197015236,0.199999992,0.2
0.8035,29.8507619,30,-0.197015236,0.199999992,0.2
0.8036,29.8507618,30,-0.197015236,0.199999992,0.2
0.8037,29.8507618,30,-0.197015236,0.199999992,0.2
0.8038,29.8507617,30,-0.197015236,0.199999992,0.2
0.8039,29.8507616,30,-0.197015236,0.199999992,0.2
0.804,29.8507616,30,-0.197015236,0.199999992,0.2
0.8041,29.8507615,30,-0.197015224,0.199999993,0.2
0.8042,29.8507614,30,-0.197015224,0.199999993,0.2
0.8043,29.8507614,30,-0.197015224,0.199999993,0.2
0.8044,29.8507613,30,-0.197015224,0.199999993,0.2
0.8045,29.8507613,30,-0.197015224,0.199999993,0.2
0.8046,29.8507612,30,-0.197015224,0.199999993,0.2
0.8047,29.8507611,30,-0.197015224,0.199999993,0.2
0.8048,29.8507611,30,-0.197015224,0.199999993,0.2
0.8049,29.850761,30,-0.197015224,0.199999993,0.2
0.805,29.850761,30,-0.197015224,0.199999993,0.2
0.8051,29.8507609,30,-0.197015212,0.199999993,0.2
0.8052,29.8507608,30,-0.197015212,0.199999993,0.2
0.8053,29.8507608,30,-0.197015212,0.199999993,0.2
0.8054,29.8507607,30,-0.197015212,0.199999993,0.2
0.8055,29.8507607,30,-0.197015212,0.199999993,0.2
0.8056,29.8507606,30,-0.197015212,0.199999993,0.2
0.8057,29.8507606,30,-0.197015212,0.199999993,0.2
0.8058,29.8507605,30,-0.197015212,0.199999993,0.2
0.8059,29.8507604,30,-0.197015212,0.199999993,0.2
0.806,29.8507604,30,-0.197015212,0.199999993,0.2
0.8061,29.8507603,30,-0.197015201,0.199999993,0.2
0.8062,29.8507603,30,-0.197015201,0.199999993,0.2
0.8063,29.8507602,30,-0.197015201,0.199999993,0.2
0.8064,29.8507602,30,-0.197015201,0.199999993,0.2
0.8065,29.8507601,30,-0.197015201,0.199999993,0.2
0.8066,29.8507601,30,-0.197015201,0.199999993,0.2
0.8067,29.85076,30,-0.197015201,0.199999993,0.2
0.8068,29.8507599,30,-0.197015201,0.199999993,0.2
0.8069,29.8507599,30,-0.197015201,0.199999993,0.2
0.807,29.8507598,30,-0.197015201,0.199999993,0.2
0.8071,29.8507598,30,-0.19701519,0.199999993,0.2
0.8072,29.8507597,30,-0.19701519,0.199999993,0.2
0.8073,29.8507597,30,-0.19701519,0.199999993,0.2
0.8074,29.8507596,30,-0.19701519,0.199999993,0.2
0.8075,29.8507596,30,-0.19701519,0.199999993,0.2
0.8076,29.8507595,30,-0.19701519,0.199999993,0.2
0.8077,29.8507595,30,-0.19701519,0.199999993,0.2
0.8078,29.8507594,30,-0.19701519,0.199999993,0.2
0.8079,29.8507594,30,-0.19701519,0.199999993,0.2
0.808,29.8507593,30,-0.19701519,0.199999993,0.2
0.8081,29.8507593,30,-0.197015179,0.199999994,0.2
0.8082,29.8507592,30,-0.197015179,0.199999994,0.2
0.8083,29.8507592,30,-0.197015179,0.199999994,0.2
0.8084,29.8507591,30,-0.197015179,0.199999994,0.2
0.8085,29.850759,30,-0.197015179,0.199999994,0.2
0.8086,29.850759,30,-0.197015179,0.199999994,0.2
0.8087,29.8507589,30,-0.197015179,0.199999994,0.2
0.8088,29.8507589,30,-0.197015179,0.199999994,0.2
0.8089,29.8507588,30,-0.197015179,0.199999994,0.2
0.809,29.8507588,30,-0.197015179,0.199999994,0.2
0.8091,29.8507587,30,-0.19701517,0.199999994,0.2
0.8092,29.8507587,30,-0.19701517,0.199999994,0.2
0.8093,29.8507586,30,-0.19701517,0.199999994,0.2
0.8094,29.8507586,30,-0.19701517,0.199999994,0.2
0.8095,29.8507585,30,-0.19701517,0.199999994,0.2
0.8096,29.8507585,30,-0.19701517,0.199999994,0.2
0.8097,29.8507584,30,-0.19701517,0.199999994,0.2
0.8098,29.8507584,30,-0.19701517,0.199999994,0.2
0.8099,29.8507584,30,-0.19701517,0.199999994,0.2
0.81,29.8507583,30,-0.19701517,0.199999994,0.2
0.8101,29.8507583,30,-0.19701516,0.199999994,0.2
0.8102,29.8507582,30,-0.19701516,0.199999994,0.2
0.8103,29.8507582,30,-0.19701516,0.199999994,0.2
0.8104,29.8507581,30,-0.19701516,0.199999994,0.2
0.8105,29.8507581,30,-0.19701516,0.199999994,0.2
0.8106,29.850758,30,-0.19701516,0.199999994,0.2
0.8107,29.850758,30,-0.19701516,0.199999994,0.2
0.8108,29.8507579,30,-0.19701516,0.199999994,0.2
0.8109,29.8507579,30,-0.19701516,0.199999994,0.2
0.811,29.8507578,30,-0.19701516,0.199999994,0.2
0.8111,29.8507578,30,-0.197015151,0.199999994,0.2
0.8112,29.8507577,30,-0.197015151,0.199999994,0.2
0.8113,29.8507577,30,-0.197015151,0.199999994,0.2
0.8114,29.8507576,30,-0.197015151,0.199999994,0.2
0.8115,29.8507576,30,-0.197015151,0.199999994,0.2
0.8116,29.8507576,30,-0.197015151,0.199999994,0.2
0.8117,29.8507575,30,-0.197015151,0.199999994,0.2
0.8118,29.8507575,30,-0.197015151,0.199999994,0.2
0.8119,29.8507574,30,-0.197015151,0.199999994,0.2
0.812,29.8507574,30,-0.197015151,0.199999994,0.2
0.8121,29.8507573,30,-0.197015142,0.199999995,0.2
0.8122,29.8507573,30,-0.197015142,0.199999995,0.2
0.8123,29.8507572,30,-0.197015142,0.199999995,0.2
0.8124,29.8507572,30,-0.197015142,0.199999995,0.2
0.8125,29.8507572,30,-0.197015142,0.199999995,0.2
0.8126,29.8507571,30,-0.197015142,0.199999995,0.2
0.8127,29.8507571,30,-0.197015142,0.199999995,0.2
0.8128,29.850757,30,-0.197015142,0.199999995,0.2
0.8129,29.850757,30,-0.197015142,0.199999995,0.2
0.813,29.8507569,30,-0.197015142,0.199999995,0.2
0.8131,29.8507569,30,-0.197015133,0.199999995,0.2
0.8132,29.8507569,30,-0.197015133,0.199999995,0.2
0.8133,29.8507568,30,-0.197015133,0.199999995,0.2
0.8134,29.8507568,30,-0.197015133,0.199999995,0.2
0.8135,29.8507567,30,-0.197015133,0.199999995,0.2
0.8136,29.8507567,30,-0.197015133,0.199999995,0.2
0.8137,29.8507566,30,-0.197015133,0.199999995,0.2
0.8138,29.8507566,30,-0.197015133,0.199999995,0.2
0.8139,29.8507566,30,-0.197015133,0.199999995,0.2
0.814,29.8507565,30,-0.197015133,0.199999995,0.2
0.8141,29.8507565,30,-0.197015125,0.199999995,0.2
0.8142,29.8507564,30,-0.197015125,0.199999995,0.2
0.8143,29.8507564,30,-0.197015125,0.199999995,0.2
0.8144,29.8507564,30,-0.197015125,0.199999995,0.2
0.8145,29.8507563,30,-0.197015125,0.199999995,0.2
0.8146,29.8507563,30,-0.197015125,0.199999995,0.2
0.8147,29.8507562,30,-0.197015125,0.199999995,0.2
0.8148,29.8507562,30,-0.197015125,0.199999995,0.2
0.8149,29.8507562,30,-0.197015125,0.199999995,0.2
0.815,29.8507561,30,-0.197015125,0.199999995,0.2
0.8151,29.8507561,30,-0.197015117,0.199999995,0.2
0.8152,29.850756,30,-0.197015117,0.199999995,0.2
0.8153,29.850756,30,-0.197015117,0.199999995,0.2
0.8154,29.850756,30,-0.197015117,0.199999995,0.2
0.8155,29.8507559,30,-0.197015117,0.199999995,0.2
0.8156,29.8507559,30,-0.197015117,0.199999995,0.2
0.8157,29.8507559,30,-0.197015117,0.199999995,0.2
0.8158,29.8507558,30,-0.197015117,0.199999995,0.2
0.8159,29.8507558,30,-0.197015117,0.199999995,0.2
0.816,29.8507557,30,-0.197015117,0.199999995,0.2
0.8161,29.8507557,30,-0.19701511,0.199999995,0.2
0.8162,29.8507557,30,-0.19701511,0.199999995,0.2
0.8163,29.8507556,30,-0.19701511,0.199999995,0.2
0.8164,29.8507556,30,-0.19701511,0.199999995,0.2
0.8165,29.8507556,30,-0.19701511,0.199999995,0.2
0.8166,29.8507555,30,-0.19701511,0.199999995,0.2
0.8167,29.8507555,30,-0.19701511,0.199999995,0.2
0.8168,29.8507554,30,-0.19701511,0.199999995,0.2
0.8169,29.8507554,30,-0.19701511,0.199999995,0.2
0.817,29.8507554,30,-0.19701511,0.199999995,0.2
0.8171,29.8507553,30,-0.197015103,0.199999996,0.2
0.8172,29.8507553,30,-0.197015103,0.199999996,0.2
0.8173,29.8507553,30,-0.197015103,0.199999996,0.2
0.8174,29.8507552,30,-0.197015103,0.199999996,0.2
0.8175,29.8507552,30,-0.197015103,0.199999996,0.2
0.8176,29.8507552,30,-0.197015103,0.199999996,0.2
0.8177,29.8507551,30,-0.197015103,0.199999996,0.2
0.8178,29.8507551,30,-0.197015103,0.199999996,0.2
0.8179,29.850755,30,-0.197015103,0.199999996,0.2
0.818,29.850755,30,-0.197015103,0.199999996,0.2
0.8181,29.850755,30,-0.197015096,0.199999996,0.2
0.8182,29.8507549,30,-0.197015096,0.199999996,0.2
0.8183,29.8507549,30,-0.197015096,0.199999996,0.2
0.8184,29.8507549,30,-0.197015096,0.199999996,0.2
0.8185,29.8507548,30,-0.197015096,0.199999996,0.2
0.8186,29.8507548,30,-0.197015096,0.199999996,0.2
0.8187,29.8507548,30,-0.197015096,0.199999996,0.2
0.8188,29.8507547,30,-0.197015096,0.199999996,0.2
0.8189,29.8507547,30,-0.197015096,0.199999996,0.2
0.819,29.8507547,30,-0.197015096,0.199999996,0.2
0.8191,29.8507546,30,-0.197015089,0.199999996,0.2
0.8192,29.8507546,30,-0.197015089,0.199999996,0.2
0.8193,29.8507546,30,-0.197015089,0.199999996,0.2
0.8194,29.8507545,30,-0.197015089,0.199999996,0.2
0.8195,29.8507545,30,-0.197015089,0.199999996,0.2
0.8196,29.8507545,30,-0.197015089,0.199999996,0.2
0.8197,29.8507544,30,-0.197015089,0.199999996,0.2
0.8198,29.8507544,30,-0.197015089,0.199999996,0.2
0.8199,29.8507544,30,-0.197015089,0.199999996,0.2
0.82,29.8507543,30,-0.197015089,0.199999996,0.2
0.8201,29.8507543,30,-0.197015083,0.199999996,0.2
0.8202,29.8507543,30,-0.197015083,0.199999996,0.2
0.8203,29.8507542,30,-0.197015083,0.199999996,0.2
0.8204,29.8507542,30,-0.197015083,0.199999996,0.2
0.8205,29.8507542,30,-0.197015083,0.199999996,0.2
0.8206,29.8507541,30,-0.197015083,0.199999996,0.2
0.8207,29.8507541,30,-0.197015083,0.199999996,0.2
0.8208,29.8507541,30,-0.197015083,0.199999996,0.2
0.8209,29.8507541,30,-0.197015083,0.199999996,0.2
0.821,29.850754,30,-0.197015083,0.199999996,0.2
0.8211,29.850754,30,-0.197015076,0.199999996,0.2
0.8212,29.850754,30,-0.197015076,0.199999996,0.2
0.8213,29.8507539,30,-0.197015076,0.199999996,0.2
0.8214,29.8507539,30,-0.197015076,0.199999996,0.2
0.8215,29.8507539,30,-0.197015076,0.199999996,0.2
0.8216,29.8507538,30,-0.197015076,0.199999996,0.2
0.8217,29.8507538,30,-0.197015076,0.199999996,0.2
0.8218,29.8507538,30,-0.197015076,0.199999996,0.2
0.8219,29.8507537,30,-0.197015076,0.199999996,0.2
0.822,29.8507537,30,-0.197015076,0.199999996,0.2
0.8221,29.8507537,30,-0.197015071,0.199999996,0.2
0.8222,29.8507537,30,-0.197015071,0.199999996,0.2
0.8223,29.8507536,30,-0.197015071,0.199999996,0.2
0.8224,29.8507536,30,-0.197015071,0.199999996,0.2
0.8225,29.8507536,30,-0.197015071,0.199999996,0.2
0.8226,29.8507535,30,-0.197015071,0.199999996,0.2
0.8227,29.8507535,30,-0.197015071,0.199999996,0.2
0.8228,29.8507535,30,-0.197015071,0.199999996,0.2
0.8229,29.8507535,30,-0.197015071,0.199999996,0.2
0.823,29.8507534,30,-0.197015071,0.199999996,0.2
0.8231,29.8507534,30,-0.197015065,0.199999997,0.2
0.8232,29.8507534,30,-0.197015065,0.199999997,0.2
0.8233,29.8507533,30,-0.197015065,0.199999997,0.2
0.8234,29.8507533,30,-0.197015065,0.199999997,0.2
0.8235,29.8507533,30,-0.197015065,0.199999997,0.2
0.8236,29.8507533,30,-0.197015065,0.199999997,0.2
0.8237,29.8507532,30,-0.197015065,0.199999997,0.2
0.8238,29.8507532,30,-0.197015065,0.199999997,0.2
0.8239,29.8507532,30,-0.197015065,0.199999997,0.2
0.824,29.8507531,30,-0.197015065,0.199999997,0.2
0.8241,29.8507531,30,-0.197015059,0.199999997,0.2
0.8242,29.8507531,30,-0.197015059,0.199999997,0.2
0.8243,29.8507531,30,-0.197015059,0.199999997,0.2
0.8244,29.850753,30,-0.197015059,0.199999997,0.2
0.8245,29.850753,30,-0.197015059,0.199999997,0.2
0.8246,29.850753,30,-0.197015059,0.199999997,0.2
0.8247,29.850753,30,-0.197015059,0.199999997,0.2
0.8248,29.8507529,30,-0.197015059,0.199999997,0.2
0.8249,29.8507529,30,-0.197015059,0.199999997,0.2
0.825,29.8507529,30,-0.197015059,0.199999997,0.2
0.8251,29.8507528,30,-0.197015054,0.199999997,0.2
0.8252,29.8507528,30,-0.197015054,0.199999997,0.2
0.8253,29.8507528,30,-0.197015054,0.199999997,0.2
0.8254,29.8507528,30,-0.197015054,0.199999997,0.2
0.8255,29.8507527,30,-0.197015054,0.199999997,0.2
0.8256,29.8507527,30,-0.197015054,0.199999997,0.2
0.8257,29.8507527,30,-0.197015054,0.199999997,0.2
0.8258,29.8507527,30,-0.197015054,0.199999997,0.2
0.8259,29.8507526,30,-0.197015054,0.199999997,0.2
0.826,29.8507526,30,-0.197015054,0.199999997,0.2
0.8261,29.8507526,30,-0.197015049,0.199999997,0.2
0.8262,29.8507526,30,-0.197015049,0.199999997,0.2
0.8263,29.8507525,30,-0.197015049,0.199999997,0.2
0.8264,29.8507525,30,-0.197015049,0.199999997,0.2
0.8265,29.8507525,30,-0.197015049,0.199999997,0.2
0.8266,29.8507525,30,-0.197015049,0.199999997,0.2
0.8267,29.8507524,30,-0.197015049,0.199999997,0.2
0.8268,29.8507524,30,-0.197015049,0.199999997,0.2
0.8269,29.8507524,30,-0.197015049,0.199999997,0.2
0.827,29.8507524,30,-0.197015049,0.199999997,0.2
0.8271,29.8507523,30,-0.197015044,0.199999997,0.2
0.8272,29.8507523,30,-0.197015044,0.199999997,0.2
0.8273,29.8507523,30,-0.197015044,0.199999997,0.2
0.8274,29.8507523,30,-0.197015044,0.199999997,0.2
0.8275,29.8507522,30,-0.197015044,0.199999997,0.2
0.8276,29.8507522,30,-0.197015044,0.199999997,0.2
0.8277,29.8507522,30,-0.197015044,0.199999997,0.2
0.8278,29.8507522,30,-0.197015044,0.199999997,0.2
0.8279,29.8507522,30,-0.197015044,0.199999997,0.2
0.828,29.8507521,30,-0.197015044,0.199999997,0.2
0.8281,29.8507521,30,-0.19701504,0.199999997,0.2
0.8282,29.8507521,30,-0.19701504,0.199999997,0.2
0.8283,29.8507521,30,-0.19701504,0.199999997,0.2
0.8284,29.850752,30,-0.19701504,0.199999997,0.2
0.8285,29.850752,30,-0.19701504,0.199999997,0.2
0.8286,29.850752,30,-0.19701504,0.199999997,0.2
0.8287,29.850752,30,-0.19701504,0.199999997,0.2
0.8288,29.8507519,30,-0.19701504,0.199999997,0.2
0.8289,29.8507519,30,-0.19701504,0.199999997,0.2
0.829,29.8507519,30,-0.19701504,0.199999997,0.2
0.8291,29.8507519,30,-0.197015035,0.199999997,0.2
0.8292,29.8507519,30,-0.197015035,0.199999997,0.2
0.8293,29.8507518,30,-0.197015035,0.199999997,0.2
0.8294,29.8507518,30,-0.197015035,0.199999997,0.2
0.8295,29.8507518,30,-0.197015035,0.199999997,0.2
0.8296,29.8507518,30,-0.197015035,0.199999997,0.2
0.8297,29.8507517,30,-0.197015035,0.199999997,0.2
0.8298,29.8507517,30,-0.197015035,0.199999997,0.2
0.8299,29.8507517,30,-0.197015035,0.199999997,0.2
0.83,29.8507517,30,-0.197015035,0.199999997,0.2
0.8301,29.8507517,30,-0.197015031,0.199999997,0.2
0.8302,29.8507516,30,-0.197015031,0.199999997,0.2
0.8303,29.8507516,30,-0.197015031,0.199999997,0.2
0.8304,29.8507516,30,-0.197015031,0.199999997,0.2
0.8305,29.8507516,30,-0.197015031,0.199999997,0.2
0.8306,29.8507516,30,-0.197015031,0.199999997,0.2
0.8307,29.8507515,30,-0.197015031,0.199999997,0.2
0.8308,29.8507515,30,-0.197015031,0.199999997,0.2
0.8309,29.8507515,30,-0.197015031,0.199999997,0.2
0.831,29.8507515,30,-0.197015031,0.199999997,0.2
0.8311,29.8507514,30,-0.197015027,0.199999997,0.2
0.8312,29.8507514,30,-0.197015027,0.199999997,0.2
0.8313,29.8507514,30,-0.197015027,0.199999997,0.2
0.8314,29.8507514,30,-0.197015027,0.199999997,0.2
0.8315,29.8507514,30,-0.197015027,0.199999997,0.2
0.8316,29.8507513,30,-0.197015027,0.199999997,0.2
0.8317,29.8507513,30,-0.197015027,0.199999997,0.2
0.8318,29.8507513,30,-0.197015027,0.199999997,0.2
0.8319,29.8507513,30,-0.197015027,0.199999997,0.2
0.832,29.8507513,30,-0.197015027,0.199999997,0.2
0.8321,29.8507512,30,-0.197015023,0.199999998,0.2
0.8322,29.8507512,30,-0.197015023,0.199999998,0.2
0.8323,29.8507512,30,-0.197015023,0.199999998,0.2
0.8324,29.8507512,30,-0.197015023,0.199999998,0.2
0.8325,29.8507512,30,-0.197015023,0.199999998,0.2
0.8326,29.8507511,30,-0.197015023,0.199999998,0.2
0.8327,29.8507511,30,-0.197015023,0.199999998,0.2
0.8328,29.8507511,30,-0.197015023,0.199999998,0.2
0.8329,29.8507511,30,-0.197015023,0.199999998,0.2
0.833,29.8507511,30,-0.197015023,0.199999998,0.2
0.8331,29.850751,30,-0.197015019,0.199999998,0.2
0.8332,29.850751,30,-0.197015019,0.199999998,0.2
0.8333,29.850751,30,-0.197015019,0.199999998,0.2
0.8334,29.850751,30,-0.197015019,0.199999998,0.2
0.8335,29.850751,30,-0.197015019,0.199999998,0.2
0.8336,29.850751,30,-0.197015019,0.199999998,0.2
0.8337,29.8507509,30,-0.197015019,0.199999998,0.2
0.8338,29.8507509,30,-0.197015019,0.199999998,0.2
0.8339,29.8507509,30,-0.197015019,0.199999998,0.2
0.834,29.8507509,30,-0.197015019,0.199999998,0.2
0.8341,29.8507509,30,-0.197015015,0.199999998,0.2
0.8342,29.8507508,30,-0.197015015,0.199999998,0.2
0.8343,29.8507508,30,-0.197015015,0.199999998,0.2
0.8344,29.8507508,30,-0.197015015,0.199999998,0.2
0.8345,29.8507508,30,-0.197015015,0.199999998,0.2
0.8346,29.8507508,30,-0.197015015,0.199999998,0.2
0.8347,29.8507508,30,-0.197015015,0.199999998,0.2
0.8348,29.8507507,30,-0.197015015,0.199999998,0.2
0.8349,29.8507507,30,-0.197015015,0.199999998,0.2
0.835,29.8507507,30,-0.197015015,0.199999998,0.2
0.8351,29.8507507,30,-0.197015012,0.199999998,0.2
0.8352,29.8507507,30,-0.197015012,0.199999998,0.2
0.8353,29.8507506,30,-0.197015012,0.199999998,0.2
0.8354,29.8507506,30,-0.197015012,0.199999998,0.2
0.8355,29.8507506,30,-0.197015012,0.199999998,0.2
0.8356,29.8507506,30,-0.197015012,0.199999998,0.2
0.8357,29.8507506,30,-0.197015012,0.199999998,0.2
0.8358,29.8507506,30,-0.197015012,0.199999998,0.2
0.8359,29.8507505,30,-0.197015012,0.199999998,0.2
0.836,29.8507505,30,-0.197015012,0.199999998,0.2
0.8361,29.8507505,30,-0.197015008,0.199999998,0.2
0.8362,29.8507505,30,-0.197015008,0.199999998,0.2
0.8363,29.8507505,30,-0.197015008,0.199999998,0.2
0.8364,29.8507505,30,-0.197015008,0.199999998,0.2
0.8365,29.8507504,30,-0.197015008,0.199999998,0.2
0.8366,29.8507504,30,-0.197015008,0.199999998,0.2
0.8367,29.8507504,30,-0.197015008,0.199999998,0.2
0.8368,29.8507504,30,-0.197015008,0.199999998,0.2
0.8369,29.8507504,30,-0.197015008,0.199999998,0.2
0.837,29.8507504,30,-0.197015008,0.199999998,0.2
0.8371,29.8507503,30,-0.197015005,0.199999998,0.2
0.8372,29.8507503,30,-0.197015005,0.199999998,0.2
0.8373,29.8507503,30,-0.197015005,0.199999998,0.2
0.8374,29.8507503,30,-0.197015005,0.199999998,0.2
0.8375,29.8507503,30,-0.197015005,0.199999998,0.2
0.8376,29.8507503,30,-0.197015005,0.199999998,0.2
0.8377,29.8507502,30,-0.197015005,0.199999998,0.2
0.8378,29.8507502,30,-0.197015005,0.199999998,0.2
0.8379,29.8507502,30,-0.197015005,0.199999998,0.2
0.838,29.8507502,30,-0.197015005,0.199999998,0.2
0.8381,29.8507502,30,-0.197015002,0.199999998,0.2
0.8382,29.8507502,30,-0.197015002,0.199999998,0.2
0.8383,29.8507502,30,-0.197015002,0.199999998,0.2
0.8384,29.8507501,30,-0.197015002,0.199999998,0.2
0.8385,29.8507501,30,-0.197015002,0.199999998,0.2
0.8386,29.8507501,30,-0.197015002,0.199999998,0.2
0.8387,29.8507501,30,-0.197015002,0.199999998,0.2
0.8388,29.8507501,30,-0.197015002,0.199999998,0.2
0.8389,29.8507501,30,-0.197015002,0.199999998,0.2
0.839,29.85075,30,-0.197015002,0.199999998,0.2
0.8391,29.85075,30,-0.197014999,0.199999998,0.2
0.8392,29.85075,30,-0.197014999,0.199999998,0.2
0.8393,29.85075,30,-0.197014999,0.199999998,0.2
0.8394,29.85075,30,-0.197014999,0.199999998,0.2
0.8395,29.85075,30,-0.197014999,0.199999998,0.2
0.8396,29.85075,30,-0.197014999,0.199999998,0.2
0.8397,29.8507499,30,-0.197014999,0.199999998,0.2
0.8398,29.8507499,30,-0.197014999,0.199999998,0.2
0.8399,29.8507499,30,-0.197014999,0.199999998,0.2
0.84,29.8507499,30,-0.197014999,0.199999998,0.2
0.8401,29.8507499,30,-0.197014996,0.199999998,0.2
0.8402,29.8507499,30,-0.197014996,0.199999998,0.2
0.8403,29.8507499,30,-0.197014996,0.199999998,0.2
0.8404,29.8507498,30,-0.197014996,0.199999998,0.2
0.8405,29.8507498,30,-0.197014996,0.199999998,0.2
0.8406,29.8507498,30,-0.197014996,0.199999998,0.2
0.8407,29.8507498,30,-0.197014996,0.199999998,0.2
0.8408,29.8507498,30,-0.197014996,0.199999998,0.2
0.8409,29.8507498,30,-0.197014996,0.199999998,0.2
0.841,29.8507498,30,-0.197014996,0.199999998,0.2
0.8411,29.8507497,30,-0.197014993,0.199999998,0.2
0.8412,29.8507497,30,-0.197014993,0.199999998,0.2
0.8413,29.8507497,30,-0.197014993,0.199999998,0.2
0.8414,29.8507497,30,-0.197014993,0.199999998,0.2
0.8415,29.8507497,30,-0.197014993,0.199999998,0.2
0.8416,29.8507497,30,-0.197014993,0.199999998,0.2
0.8417,29.8507497,30,-0.197014993,0.199999998,0.2
0.8418,29.8507496,30,-0.197014993,0.199999998,0.2
0.8419,29.8507496,30,-0.197014993,0.199999998,0.2
0.842,29.8507496,30,-0.197014993,0.199999998,0.2
0.8421,29.8507496,30,-0.197014991,0.199999998,0.2
0.8422,29.8507496,30,-0.197014991,0.199999998,0.2
0.8423,29.8507496,30,-0.197014991,0.199999998,0.2
0.8424,29.8507496,30,-0.197014991,0.199999998,0.2
0.8425,29.8507496,30,-0.197014991,0.199999998,0.2
0.8426,29.8507495,30,-0.197014991,0.199999998,0.2
0.8427,29.8507495,30,-0.197014991,0.199999998,0.2
0.8428,29.8507495,30,-0.197014991,0.199999998,0.2
0.8429,29.8507495,30,-0.197014991,0.199999998,0.2
0.843,29.8507495,30,-0.197014991,0.199999998,0.2
0.8431,29.8507495,30,-0.197014988,0.199999998,0.2
0.8432,29.8507495,30,-0.197014988,0.199999998,0.2
0.8433,29.8507494,30,-0.197014988,0.199999998,0.2
0.8434,29.8507494,30,-0.197014988,0.199999998,0.2
0.8435,29.8507494,30,-0.197014988,0.199999998,0.2
0.8436,29.8507494,30,-0.197014988,0.199999998,0.2
0.8437,29.8507494,30,-0.197014988,0.199999998,0.2
0.8438,29.8507494,30,-0.197014988,0.199999998,0.2
0.8439,29.8507494,30,-0.197014988,0.199999998,0.2
0.844,29.8507494,30,-0.197014988,0.199999998,0.2
0.8441,29.8507493,30,-0.197014986,0.199999998,0.2
0.8442,29.8507493,30,-0.197014986,0.199999998,0.2
0.8443,29.8507493,30,-0.197014986,0.199999998,0.2
0.8444,29.8507493,30,-0.197014986,0.199999998,0.2
0.8445,29.8507493,30,-0.197014986,0.199999998,0.2
0.8446,29.8507493,30,-0.197014986,0.199999998,0.2
0.8447,29.8507493,30,-0.197014986,0.199999998,0.2
0.8448,29.8507493,30,-0.197014986,0.199999998,0.2
0.8449,29.8507493,30,-0.197014986,0.199999998,0.2
0.845,29.8507492,30,-0.197014986,0.199999998,0.2
0.8451,29.8507492,30,-0.197014983,0.199999999,0.2
0.8452,29.8507492,30,-0.197014983,0.199999999,0.2
0.8453,29.8507492,30,-0.197014983,0.199999999,0.2
0.8454,29.8507492,30,-0.197014983,0.199999999,0.2
0.8455,29.8507492,30,-0.197014983,0.199999999,0.2
0.8456,29.8507492,30,-0.197014983,0.199999999,0.2
0.8457,29.8507492,30,-0.197014983,0.199999999,0.2
0.8458,29.8507491,30,-0.197014983,0.199999999,0.2
0.8459,29.8507491,30,-0.197014983,0.199999999,0.2
0.846,29.8507491,30,-0.197014983,0.199999999,0.2
0.8461,29.8507491,30,-0.197014981,0.199999999,0.2
0.8462,29.8507491,30,-0.197014981,0.199999999,0.2
0.8463,29.8507491,30,-0.197014981,0.199999999,0.2
0.8464,29.8507491,30,-0.197014981,0.199999999,0.2
0.8465,29.8507491,30,-0.197014981,0.199999999,0.2
0.8466,29.8507491,30,-0.197014981,0.199999999,0.2
0.8467,29.850749,30,-0.197014981,0.199999999,0.2
0.8468,29.850749,30,-0.197014981,0.199999999,0.2
0.8469,29.850749,30,-0.197014981,0.199999999,0.2
0.847,29.850749,30,-0.197014981,0.199999999,0.2
0.8471,29.850749,30,-0.197014979,0.199999999,0.2
0.8472,29.850749,30,-0.197014979,0.199999999,0.2
0.8473,29.850749,30,-0.197014979,0.199999999,0.2
0.8474,29.850749,30,-0.197014979,0.199999999,0.2
0.8475,29.850749,30,-0.197014979,0.199999999,0.2
0.8476,29.8507489,30,-0.197014979,0.199999999,0.2
0.8477,29.8507489,30,-0.197014979,0.199999999,0.2
0.8478,29.8507489,30,-0.197014979,0.199999999,0.2
0.8479,29.8507489,30,-0.197014979,0.199999999,0.2
0.848,29.8507489,30,-0.197014979,0.199999999,0.2
0.8481,29.8507489,30,-0.197014977,0.199999999,0.2
0.8482,29.8507489,30,-0.197014977,0.199999999,0.2
0.8483,29.8507489,30,-0.197014977,0.199999999,0.2
0.8484,29.8507489,30,-0.197014977,0.199999999,0.2
0.8485,29.8507489,30,-0.197014977,0.199999999,0.2
0.8486,29.8507488,30,-0.197014977,0.199999999,0.2
0.8487,29.8507488,30,-0.197014977,0.199999999,0.2
0.8488,29.8507488,30,-0.197014977,0.199999999,0.2
0.8489,29.8507488,30,-0.197014977,0.199999999,0.2
0.849,29.8507488,30,-0.197014977,0.199999999,0.2
0.8491,29.8507488,30,-0.197014975,0.199999999,0.2
0.8492,29.8507488,30,-0.197014975,0.199999999,0.2
0.8493,29.8507488,30,-0.197014975,0.199999999,0.2
0.8494,29.8507488,30,-0.197014975,0.199999999,0.2
0.8495,29.8507488,30,-0.197014975,0.199999999,0.2
0.8496,29.8507487,30,-0.197014975,0.199999999,0.2
0.8497,29.8507487,30,-0.197014975,0.199999999,0.2
0.8498,29.8507487,30,-0.197014975,0.199999999,0.2
0.8499,29.8507487,30,-0.197014975,0.199999999,0.2
0.85,29.8507487,30,-0.197014975,0.199999999,0.2
0.8501,29.8507487,30,-0.197014973,0.199999999,0.2
0.8502,29.8507487,30,-0.197014973,0.199999999,0.2
0.8503,29.8507487,30,-0.197014973,0.199999999,0.2
0.8504,29.8507487,30,-0.197014973,0.199999999,0.2
0.8505,29.8507487,30,-0.197014973,0.199999999,0.2
0.8506,29.8507486,30,-0.197014973,0.199999999,0.2
0.8507,29.8507486,30,-0.197014973,0.199999999,0.2
0.8508,29.8507486,30,-0.197014973,0.199999999,0.2
0.8509,29.8507486,30,-0.197014973,0.199999999,0.2
0.851,29.8507486,30,-0.197014973,0.199999999,0.2
0.8511,29.8507486,30,-0.197014971,0.199999999,0.2
0.8512,29.8507486,30,-0.197014971,0.199999999,0.2
0.8513,29.8507486,30,-0.197014971,0.199999999,0.2
0.8514,29.8507486,30,-0.197014971,0.199999999,0.2
0.8515,29.8507486,30,-0.197014971,0.199999999,0.2
0.8516,29.8507486,30,-0.197014971,0.199999999,0.2
0.8517,29.8507485,30,-0.197014971,0.199999999,0.2
0.8518,29.8507485,30,-0.197014971,0.199999999,0.2
0.8519,29.8507485,30,-0.197014971,0.199999999,0.2
0.852,29.8507485,30,-0.197014971,0.199999999,0.2
0.8521,29.8507485,30,-0.197014969,0.199999999,0.2
0.8522,29.8507485,30,-0.197014969,0.199999999,0.2
0.8523,29.8507485,30,-0.197014969,0.199999999,0.2
0.8524,29.8507485,30,-0.197014969,0.199999999,0.2
0.8525,29.8507485,30,-0.197014969,0.199999999,0.2
0.8526,29.8507485,30,-0.197014969,0.199999999,0.2
0.8527,29.8507485,30,-0.197014969,0.199999999,0.2
0.8528,29.8507484,30,-0.197014969,0.199999999,0.2
0.8529,29.8507484,30,-0.197014969,0.199999999,0.2
0.853,29.8507484,30,-0.197014969,0.199999999,0.2
0.8531,29.8507484,30,-0.197014967,0.199999999,0.2
0.8532,29.8507484,30,-0.197014967,0.199999999,0.2
0.8533,29.8507484,30,-0.197014967,0.199999999,0.2
0.8534,29.8507484,30,-0.197014967,0.199999999,0.2
0.8535,29.8507484,30,-0.197014967,0.199999999,0.2
0.8536,29.8507484,30,-0.197014967,0.199999999,0.2
0.8537,29.8507484,30,-0.197014967,0.199999999,0.2
0.8538,29.8507484,30,-0.197014967,0.199999999,0.2
0.8539,29.8507484,30,-0.197014967,0.199999999,0.2
0.854,29.8507483,30,-0.197014967,0.199999999,0.2
0.8541,29.8507483,30,-0.197014966,0.199999999,0.2
0.8542,29.8507483,30,-0.197014966,0.199999999,0.2
0.8543,29.8507483,30,-0.197014966,0.199999999,0.2
0.8544,29.8507483,30,-0.197014966,0.199999999,0.2
0.8545,29.8507483,30,-0.197014966,0.199999999,0.2
0.8546,29.8507483,30,-0.197014966,0.199999999,0.2
0.8547,29.8507483,30,-0.197014966,0.199999999,0.2
0.8548,29.8507483,30,-0.197014966,0.199999999,0.2
0.8549,29.8507483,30,-0.197014966,0.199999999,0.2
0.855,29.8507483,30,-0.197014966,0.199999999,0.2
0.8551,29.8507483,30,-0.197014964,0.199999999,0.2
0.8552,29.8507482,30,-0.197014964,0.199999999,0.2
0.8553,29.8507482,30,-0.197014964,0.199999999,0.2
0.8554,29.8507482,30,-0.197014964,0.199999999,0.2
0.8555,29.8507482,30,-0.197014964,0.199999999,0.2
0.8556,29.8507482,30,-0.197014964,0.199999999,0.2
0.8557,29.8507482,30,-0.197014964,0.199999999,0.2
0.8558,29.8507482,30,-0.197014964,0.199999999,0.2
0.8559,29.8507482,30,-0.197014964,0.199999999,0.2
0.856,29.8507482,30,-0.197014964,0.199999999,0.2
0.8561,29.8507482,30,-0.197014963,0.199999999,0.2
0.8562,29.8507482,30,-0.197014963,0.199999999,0.2
0.8563,29.8507482,30,-0.197014963,0.199999999,0.2
0.8564,29.8507482,30,-0.197014963,0.199999999,0.2
0.8565,29.8507481,30,-0.197014963,0.199999999,0.2
0.8566,29.8507481,30,-0.197014963,0.199999999,0.2
0.8567,29.8507481,30,-0.197014963,0.199999999,0.2
0.8568,29.8507481,30,-0.197014963,0.199999999,0.2
0.8569,29.8507481,30,-0.197014963,0.199999999,0.2
0.857,29.8507481,30,-0.197014963,0.199999999,0.2
0.8571,29.8507481,30,-0.197014961,0.199999999,0.2
0.8572,29.8507481,30,-0.197014961,0.199999999,0.2
0.8573,29.8507481,30,-0.197014961,0.199999999,0.2
0.8574,29.8507481,30,-0.197014961,0.199999999,0.2
0.8575,29.8507481,30,-0.197014961,0.199999999,0.2
0.8576,29.8507481,30,-0.197014961,0.199999999,0.2
0.8577,29.8507481,30,-0.197014961,0.199999999,0.2
0.8578,29.850748,30,-0.197014961,0.199999999,0.2
0.8579,29.850748,30,-0.197014961,0.199999999,0.2
0.858,29.850748,30,-0.197014961,0.199999999,0.2
0.8581,29.850748,30,-0.19701496,0.199999999,0.2
0.8582,29.850748,30,-0.19701496,0.199999999,0.2
0.8583,29.850748,30,-0.19701496,0.199999999,0.2
0.8584,29.850748,30,-0.19701496,0.199999999,0.2
0.8585,29.850748,30,-0.19701496,0.199999999,0.2
0.8586,29.850748,30,-0.19701496,0.199999999,0.2
0.8587,29.850748,30,-0.19701496,0.199999999,0.2
0.8588,29.850748,30,-0.19701496,0.199999999,0.2
0.8589,29.850748,30,-0.19701496,0.199999999,0.2
0.859,29.850748,30,-0.19701496,0.199999999,0.2
0.8591,29.850748,30,-0.197014958,0.199999999,0.2
0.8592,29.850748,30,-0.197014958,0.199999999,0.2
0.8593,29.8507479,30,-0.197014958,0.199999999,0.2
0.8594,29.8507479,30,-0.197014958,0.199999999,0.2
0.8595,29.8507479,30,-0.197014958,0.199999999,0.2
0.8596,29.8507479,30,-0.197014958,0.199999999,0.2
0.8597,29.8507479,30,-0.197014958,0.199999999,0.2
0.8598,29.8507479,30,-0.197014958,0.199999999,0.2
0.8599,29.8507479,30,-0.197014958,0.199999999,0.2
0.86,29.8507479,30,-0.197014958,0.199999999,0.2
0.8601,29.8507479,30,-0.197014957,0.199999999,0.2
0.8602,29.8507479,30,-0.197014957,0.199999999,0.2
0.8603,29.8507479,30,-0.197014957,0.199999999,0.2
0.8604,29.8507479,30,-0.197014957,0.199999999,0.2
0.8605,29.8507479,30,-0.197014957,0.199999999,0.2
0.8606,29.8507479,30,-0.197014957,0.199999999,0.2
0.8607,29.8507479,30,-0.197014957,0.199999999,0.2
0.8608,29.8507478,30,-0.197014957,0.199999999,0.2
0.8609,29.8507478,30,-0.197014957,0.199999999,0.2
0.861,29.8507478,30,-0.197014957,0.199999999,0.2
0.8611,29.8507478,30,-0.197014956,0.199999999,0.2
0.8612,29.8507478,30,-0.197014956,0.199999999,0.2
0.8613,29.8507478,30,-0.197014956,0.199999999,0.2
0.8614,29.8507478,30,-0.197014956,0.199999999,0.2
0.8615,29.8507478,30,-0.197014956,0.199999999,0.2
0.8616,29.8507478,30,-0.197014956,0.199999999,0.2
0.8617,29.8507478,30,-0.197014956,0.199999999,0.2
0.8618,29.8507478,30,-0.197014956,0.199999999,0.2
0.8619,29.8507478,30,-0.197014956,0.199999999,0.2
0.862,29.8507478,30,-0.197014956,0.199999999,0.2
0.8621,29.8507478,30,-0.197014955,0.199999999,0.2
0.8622,29.8507478,30,-0.197014955,0.199999999,0.2
0.8623,29.8507478,30,-0.197014955,0.199999999,0.2
0.8624,29.8507478,30,-0.197014955,0.199999999,0.2
0.8625,29.8507477,30,-0.197014955,0.199999999,0.2
0.8626,29.8507477,30,-0.197014955,0.199999999,0.2
0.8627,29.8507477,30,-0.197014955,0.199999999,0.2
0.8628,29.8507477,30,-0.197014955,0.199999999,0.2
0.8629,29.8507477,30,-0.197014955,0.199999999,0.2
0.863,29.8507477,30,-0.197014955,0.199999999,0.2
0.8631,29.8507477,30,-0.197014954,0.199999999,0.2
0.8632,29.8507477,30,-0.197014954,0.199999999,0.2
0.8633,29.8507477,30,-0.197014954,0.199999999,0.2
0.8634,29.8507477,30,-0.197014954,0.199999999,0.2
0.8635,29.8507477,30,-0.197014954,0.199999999,0.2
0.8636,29.8507477,30,-0.197014954,0.199999999,0.2
0.8637,29.8507477,30,-0.197014954,0.199999999,0.2
0.8638,29.8507477,30,-0.197014954,0.199999999,0.2
0.8639,29.8507477,30,-0.197014954,0.199999999,0.2
0.864,29.8507477,30,-0.197014954,0.199999999,0.2
0.8641,29.8507477,30,-0.197014952,0.199999999,0.2
0.8642,29.8507476,30,-0.197014952,0.199999999,0.2
0.8643,29.8507476,30,-0.197014952,0.199999999,0.2
0.8644,29.8507476,30,-0.197014952,0.199999999,0.2
0.8645,29.8507476,30,-0.197014952,0.199999999,0.2
0.8646,29.8507476,30,-0.197014952,0.199999999,0.2
0.8647,29.8507476,30,-0.197014952,0.199999999,0.2
0.8648,29.8507476,30,-0.197014952,0.199999999,0.2
0.8649,29.8507476,30,-0.197014952,0.199999999,0.2
0.865,29.8507476,30,-0.197014952,0.199999999,0.2
0.8651,29.8507476,30,-0.197014951,0.199999999,0.2
0.8652,29.8507476,30,-0.197014951,0.199999999,0.2
0.8653,29.8507476,30,-0.197014951,0.199999999,0.2
0.8654,29.8507476,30,-0.197014951,0.199999999,0.2
0.8655,29.8507476,30,-0.197014951,0.199999999,0.2
0.8656,29.8507476,30,-0.197014951,0.199999999,0.2
0.8657,29.8507476,30,-0.197014951,0.199999999,0.2
0.8658,29.8507476,30,-0.197014951,0.199999999,0.2
0.8659,29.8507476,30,-0.197014951,0.199999999,0.2
0.866,29.8507476,30,-0.197014951,0.199999999,0.2
0.8661,29.8507475,30,-0.19701495,0.199999999,0.2
0.8662,29.8507475,30,-0.19701495,0.199999999,0.2
0.8663,29.8507475,30,-0.19701495,0.199999999,0.2
0.8664,29.8507475,30,-0.19701495,0.199999999,0.2
0.8665,29.8507475,30,-0.19701495,0.199999999,0.2
0.8666,29.8507475,30,-0.19701495,0.199999999,0.2
0.8667,29.8507475,30,-0.19701495,0.199999999,0.2
0.8668,29.8507475,30,-0.19701495,0.199999999,0.2
0.8669,29.8507475,30,-0.19701495,0.199999999,0.2
0.867,29.8507475,30,-0.19701495,0.199999999,0.2
0.8671,29.8507475,30,-0.197014949,0.199999999,0.2
0.8672,29.8507475,30,-0.197014949,0.199999999,0.2
0.8673,29.8507475,30,-0.197014949,0.199999999,0.2
0.8674,29.8507475,30,-0.197014949,0.199999999,0.2
0.8675,29.8507475,30,-0.197014949,0.199999999,0.2
0.8676,29.8507475,30,-0.197014949,0.199999999,0.2
0.8677,29.8507475,30,-0.197014949,0.199999999,0.2
0.8678,29.8507475,30,-0.197014949,0.199999999,0.2
0.8679,29.8507475,30,-0.197014949,0.199999999,0.2
0.868,29.8507475,30,-0.197014949,0.199999999,0.2
0.8681,29.8507474,30,-0.197014948,0.199999999,0.2
0.8682,29.8507474,30,-0.197014948,0.199999999,0.2
0.8683,29.8507474,30,-0.197014948,0.199999999,0.2
0.8684,29.8507474,30,-0.197014948,0.199999999,0.2
0.8685,29.8507474,30,-0.197014948,0.199999999,0.2
0.8686,29.8507474,30,-0.197014948,0.199999999,0.2
0.8687,29.8507474,30,-0.197014948,0.199999999,0.2
0.8688,29.8507474,30,-0.197014948,0.199999999,0.2
0.8689,29.8507474,30,-0.197014948,0.199999999,0.2
0.869,29.8507474,30,-0.197014948,0.199999999,0.2
0.8691,29.8507474,30,-0.197014948,0.199999999,0.2
0.8692,29.8507474,30,-0.197014948,0.199999999,0.2
0.8693,29.8507474,30,-0.197014948,0.199999999,0.2
0.8694,29.8507474,30,-0.197014948,0.199999999,0.2
0.8695,29.8507474,30,-0.197014948,0.199999999,0.2
0.8696,29.8507474,30,-0.197014948,0.199999999,0.2
0.8697,29.8507474,30,-0.197014948,0.199999999,0.2
0.8698,29.8507474,30,-0.197014948,0.199999999,0.2
0.8699,29.8507474,30,-0.197014948,0.199999999,0.2
0.87,29.8507474,30,-0.197014948,0.199999999,0.2
0.8701,29.8507474,30,-0.197014947,0.199999999,0.2
0.8702,29.8507474,30,-0.197014947,0.199999999,0.2
0.8703,29.8507473,30,-0.197014947,0.199999999,0.2
0.8704,29.8507473,30,-0.197014947,0.199999999,0.2
0.8705,29.8507473,30,-0.197014947,0.199999999,0.2
0.8706,29.8507473,30,-0.197014947,0.199999999,0.2
0.8707,29.8507473,30,-0.197014947,0.199999999,0.2
0.8708,29.8507473,30,-0.197014947,0.199999999,0.2
0.8709,29.8507473,30,-0.197014947,0.199999999,0.2
0.871,29.8507473,30,-0.197014947,0.199999999,0.2
0.8711,29.8507473,30,-0.197014946,0.199999999,0.2
0.8712,29.8507473,30,-0.197014946,0.199999999,0.2
0.8713,29.8507473,30,-0.197014946,0.199999999,0.2
0.8714,29.8507473,30,-0.197014946,0.199999999,0.2
0.8715,29.8507473,30,-0.197014946,0.199999999,0.2
0.8716,29.8507473,30,-0.197014946,0.199999999,0.2
0.8717,29.8507473,30,-0.197014946,0.199999999,0.2
0.8718,29.8507473,30,-0.197014946,0.199999999,0.2
0.8719,29.8507473,30,-0.197014946,0.199999999,0.2
0.872,29.8507473,30,-0.197014946,0.199999999,0.2
0.8721,29.8507473,30,-0.197014945,0.2,0.2
0.8722,29.8507473,30,-0.197014945,0.2,0.2
0.8723,29.8507473,30,-0.197014945,0.2,0.2
0.8724,29.8507473,30,-0.197014945,0.2,0.2
0.8725,29.8507473,30,-0.197014945,0.2,0.2
0.8726,29.8507473,30,-0.197014945,0.2,0.2
0.8727,29.8507473,30,-0.197014945,0.2,0.2
0.8728,29.8507472,30,-0.197014945,0.2,0.2
0.8729,29.8507472,30,-0.197014945,0.2,0.2
0.873,29.8507472,30,-0.197014945,0.2,0.2
0.8731,29.8507472,30,-0.197014944,0.2,0.2
0.8732,29.8507472,30,-0.197014944,0.2,0.2
0.8733,29.8507472,30,-0.197014944,0.2,0.2
0.8734,29.8507472,30,-0.197014944,0.2,0.2
0.8735,29.8507472,30,-0.197014944,0.2,0.2
0.8736,29.8507472,30,-0.197014944,0.2,0.2
0.8737,29.8507472,30,-0.197014944,0.2,0.2
0.8738,29.8507472,30,-0.197014944,0.2,0.2
0.8739,29.8507472,30,-0.197014944,0.2,0.2
0.874,29.8507472,30,-0.197014944,0.2,0.2
0.8741,29.8507472,30,-0.197014944,0.2,0.2
0.8742,29.8507472,30,-0.197014944,0.2,0.2
0.8743,29.8507472,30,-0.197014944,0.2,0.2
0.8744,29.8507472,30,-0.197014944,0.2,0.2
0.8745,29.8507472,30,-0.197014944,0.2,0.2
0.8746,29.8507472,30,-0.197014944,0.2,0.2
0.8747,29.8507472,30,-0.197014944,0.2,0.2
0.8748,29.8507472,30,-0.197014944,0.2,0.2
0.8749,29.8507472,30,-0.197014944,0.2,0.2
0.875,29.8507472,30,-0.197014944,0.2,0.2
0.8751,29.8507472,30,-0.197014943,0.2,0.2
0.8752,29.8507472,30,-0.197014943,0.2,0.2
0.8753,29.8507472,30,-0.197014943,0.2,0.2
0.8754,29.8507472,30,-0.197014943,0.2,0.2
0.8755,29.8507471,30,-0.197014943,0.2,0.2
0.8756,29.8507471,30,-0.197014943,0.2,0.2
0.8757,29.8507471,30,-0.197014943,0.2,0.2
0.8758,29.8507471,30,-0.197014943,0.2,0.2
0.8759,29.8507471,30,-0.197014943,0.2,0.2
0.876,29.8507471,30,-0.197014943,0.2,0.2
0.8761,29.8507471,30,-0.197014942,0.2,0.2
0.8762,29.8507471,30,-0.197014942,0.2,0.2
0.8763,29.8507471,30,-0.197014942,0.2,0.2
0.8764,29.8507471,30,-0.197014942,0.2,0.2
0.8765,29.8507471,30,-0.197014942,0.2,0.2
0.8766,29.8507471,30,-0.197014942,0.2,0.2
0.8767,29.8507471,30,-0.197014942,0.2,0.2
0.8768,29.8507471,30,-0.197014942,0.2,0.2
0.8769,29.8507471,30,-0.197014942,0.2,0.2
0.877,29.8507471,30,-0.197014942,0.2,0.2
0.8771,29.8507471,30,-0.197014941,0.2,0.2
0.8772,29.8507471,30,-0.197014941,0.2,0.2
0.8773,29.8507471,30,-0.197014941,0.2,0.2
0.8774,29.8507471,30,-0.197014941,0.2,0.2
0.8775,29.8507471,30,-0.197014941,0.2,0.2
0.8776,29.8507471,30,-0.197014941,0.2,0.2
0.8777,29.8507471,30,-0.197014941,0.2,0.2
0.8778,29.8507471,30,-0.197014941,0.2,0.2
0.8779,29.8507471,30,-0.197014941,0.2,0.2
0.878,29.8507471,30,-0.197014941,0.2,0.2
0.8781,29.8507471,30,-0.197014941,0.2,0.2
0.8782,29.8507471,30,-0.197014941,0.2,0.2
0.8783,29.8507471,30,-0.197014941,0.2,0.2
0.8784,29.8507471,30,-0.197014941,0.2,0.2
0.8785,29.850747,30,-0.197014941,0.2,0.2
0.8786,29.850747,30,-0.197014941,0.2,0.2
0.8787,29.850747,30,-0.197014941,0.2,0.2
0.8788,29.850747,30,-0.197014941,0.2,0.2
0.8789,29.850747,30,-0.197014941,0.2,0.2
0.879,29.850747,30,-0.197014941,0.2,0.2
0.8791,29.850747,30,-0.19701494,0.2,0.2
0.8792,29.850747,30,-0.19701494,0.2,0.2
0.8793,29.850747,30,-0.19701494,0.2,0.2
0.8794,29.850747,30,-0.19701494,0.2,0.2
0.8795,29.850747,30,-0.19701494,0.2,0.2
0.8796,29.850747,30,-0.19701494,0.2,0.2
0.8797,29.850747,30,-0.19701494,0.2,0.2
0.8798,29.850747,30,-0.19701494,0.2,0.2
0.8799,29.850747,30,-0.19701494,0.2,0.2
0.88,29.850747,30,-0.19701494,0.2,0.2
0.8801,29.850747,30,-0.19701494,0.2,0.2
0.8802,29.850747,30,-0.19701494,0.2,0.2
0.8803,29.850747,30,-0.19701494,0.2,0.2
0.8804,29.850747,30,-0.19701494,0.2,0.2
0.8805,29.850747,30,-0.19701494,0.2,0.2
0.8806,29.850747,30,-0.19701494,0.2,0.2
0.8807,29.850747,30,-0.19701494,0.2,0.2
0.8808,29.850747,30,-0.19701494,0.2,0.2
0.8809,29.850747,30,-0.19701494,0.2,0.2
0.881,29.850747,30,-0.19701494,0.2,0.2
0.8811,29.850747,30,-0.197014939,0.2,0.2
0.8812,29.850747,30,-0.197014939,0.2,0.2
0.8813,29.850747,30,-0.197014939,0.2,0.2
0.8814,29.850747,30,-0.197014939,0.2,0.2
0.8815,29.850747,30,-0.197014939,0.2,0.2
0.8816,29.850747,30,-0.197014939,0.2,0.2
0.8817,29.850747,30,-0.197014939,0.2,0.2
0.8818,29.850747,30,-0.197014939,0.2,0.2
0.8819,29.8507469,30,-0.197014939,0.2,0.2
0.882,29.8507469,30,-0.197014939,0.2,0.2
0.8821,29.8507469,30,-0.197014939,0.2,0.2
0.8822,29.8507469,30,-0.197014939,0.2,0.2
0.8823,29.8507469,30,-0.197014939,0.2,0.2
0.8824,29.8507469,30,-0.197014939,0.2,0.2
0.8825,29.8507469,30,-0.197014939,0.2,0.2
0.8826,29.8507469,30,-0.197014939,0.2,0.2
0.8827,29.8507469,30,-0.197014939,0.2,0.2
0.8828,29.8507469,30,-0.197014939,0.2,0.2
0.8829,29.8507469,30,-0.197014939,0.2,0.2
0.883,29.8507469,30,-0.197014939,0.2,0.2
0.8831,29.8507469,30,-0.197014938,0.2,0.2
0.8832,29.8507469,30,-0.197014938,0.2,0.2
0.8833,29.8507469,30,-0.197014938,0.2,0.2
0.8834,29.8507469,30,-0.197014938,0.2,0.2
0.8835,29.8507469,30,-0.197014938,0.2,0.2
0.8836,29.8507469,30,-0.197014938,0.2,0.2
0.8837,29.8507469,30,-0.197014938,0.2,0.2
0.8838,29.8507469,30,-0.197014938,0.2,0.2
0.8839,29.8507469,30,-0.197014938,0.2,0.2
0.884,29.8507469,30,-0.197014938,0.2,0.2
0.8841,29.8507469,30,-0.197014938,0.2,0.2
0.8842,29.8507469,30,-0.197014938,0.2,0.2
0.8843,29.8507469,30,-0.197014938,0.2,0.2
0.8844,29.8507469,30,-0.197014938,0.2,0.2
0.8845,29.8507469,30,-0.197014938,0.2,0.2
0.8846,29.8507469,30,-0.197014938,0.2,0.2
0.8847,29.8507469,30,-0.197014938,0.2,0.2
0.8848,29.8507469,30,-0.197014938,0.2,0.2
0.8849,29.8507469,30,-0.197014938,0.2,0.2
0.885,29.8507469,30,-0.197014938,0.2,0.2
0.8851,29.8507469,30,-0.197014937,0.2,0.2
0.8852,29.8507469,30,-0.197014937,0.2,0.2
0.8853,29.8507469,30,-0.197014937,0.2,0.2
0.8854,29.8507469,30,-0.197014937,0.2,0.2
0.8855,29.8507469,30,-0.197014937,0.2,0.2
0.8856,29.8507469,30,-0.197014937,0.2,0.2
0.8857,29.8507469,30,-0.197014937,0.2,0.2
0.8858,29.8507469,30,-0.197014937,0.2,0.2
0.8859,29.8507468,30,-0.197014937,0.2,0.2
0.886,29.8507468,30,-0.197014937,0.2,0.2
0.8861,29.8507468,30,-0.197014937,0.2,0.2
0.8862,29.8507468,30,-0.197014937,0.2,0.2
0.8863,29.8507468,30,-0.197014937,0.2,0.2
0.8864,29.8507468,30,-0.197014937,0.2,0.2
0.8865,29.8507468,30,-0.197014937,0.2,0.2
0.8866,29.8507468,30,-0.197014937,0.2,0.2
0.8867,29.8507468,30,-0.197014937,0.2,0.2
0.8868,29.8507468,30,-0.197014937,0.2,0.2
0.8869,29.8507468,30,-0.197014937,0.2,0.2
0.887,29.8507468,30,-0.197014937,0.2,0.2
0.8871,29.8507468,30,-0.197014936,0.2,0.2
0.8872,29.8507468,30,-0.197014936,0.2,0.2
0.8873,29.8507468,30,-0.197014936,0.2,0.2
0.8874,29.8507468,30,-0.197014936,0.2,0.2
0.8875,29.8507468,30,-0.197014936,0.2,0.2
0.8876,29.8507468,30,-0.197014936,0.2,0.2
0.8877,29.8507468,30,-0.197014936,0.2,0.2
0.8878,29.8507468,30,-0.197014936,0.2,0.2
0.8879,29.8507468,30,-0.197014936,0.2,0.2
0.888,29.8507468,30,-0.197014936,0.2,0.2
0.8881,29.8507468,30,-0.197014936,0.2,0.2
0.8882,29.8507468,30,-0.197014936,0.2,0.2
0.8883,29.8507468,30,-0.197014936,0.2,0.2
0.8884,29.8507468,30,-0.197014936,0.2,0.2
0.8885,29.8507468,30,-0.197014936,0.2,0.2
0.8886,29.8507468,30,-0.197014936,0.2,0.2
0.8887,29.8507468,30,-0.197014936,0.2,0.2
0.8888,29.8507468,30,-0.197014936,0.2,0.2
0.8889,29.8507468,30,-0.197014936,0.2,0.2
0.889,29.8507468,30,-0.197014936,0.2,0.2
0.8891,29.8507468,30,-0.197014935,0.2,0.2
0.8892,29.8507468,30,-0.197014935,0.2,0.2
0.8893,29.8507468,30,-0.197014935,0.2,0.2
0.8894,29.8507468,30,-0.197014935,0.2,0.2
0.8895,29.8507468,30,-0.197014935,0.2,0.2
0.8896,29.8507468,30,-0.197014935,0.2,0.2
0.8897,29.8507468,30,-0.197014935,0.2,0.2
0.8898,29.8507468,30,-0.197014935,0.2,0.2
0.8899,29.8507468,30,-0.197014935,0.2,0.2
0.89,29.8507468,30,-0.197014935,0.2,0.2
0.8901,29.8507468,30,-0.197014935,0.2,0.2
0.8902,29.8507468,30,-0.197014935,0.2,0.2
0.8903,29.8507468,30,-0.197014935,0.2,0.2
0.8904,29.8507468,30,-0.197014935,0.2,0.2
0.8905,29.8507468,30,-0.197014935,0.2,0.2
0.8906,29.8507467,30,-0.197014935,0.2,0.2
0.8907,29.8507467,30,-0.197014935,0.2,0.2
0.8908,29.8507467,30,-0.197014935,0.2,0.2
0.8909,29.8507467,30,-0.197014935,0.2,0.2
0.891,29.8507467,30,-0.197014935,0.2,0.2
0.8911,29.8507467,30,-0.197014935,0.2,0.2
0.8912,29.8507467,30,-0.197014935,0.2,0.2
0.8913,29.8507467,30,-0.197014935,0.2,0.2
0.8914,29.8507467,30,-0.197014935,0.2,0.2
0.8915,29.8507467,30,-0.197014935,0.2,0.2
0.8916,29.8507467,30,-0.197014935,0.2,0.2
0.8917,29.8507467,30,-0.197014935,0.2,0.2
0.8918,29.8507467,30,-0.197014935,0.2,0.2
0.8919,29.8507467,30,-0.197014935,0.2,0.2
0.892,29.8507467,30,-0.197014935,0.2,0.2
0.8921,29.8507467,30,-0.197014934,0.2,0.2
0.8922,29.8507467,30,-0.197014934,0.2,0.2
0.8923,29.8507467,30,-0.197014934,0.2,0.2
0.8924,29.8507467,30,-0.197014934,0.2,0.2
0.8925,29.8507467,30,-0.197014934,0.2,0.2
0.8926,29.8507467,30,-0.197014934,0.2,0.2
0.8927,29.8507467,30,-0.197014934,0.2,0.2
0.8928,29.8507467,30,-0.197014934,0.2,0.2
0.8929,29.8507467,30,-0.197014934,0.2,0.2
0.893,29.8507467,30,-0.197014934,0.2,0.2
0.8931,29.8507467,30,-0.197014934,0.2,0.2
0.8932,29.8507467,30,-0.197014934,0.2,0.2
0.8933,29.8507467,30,-0.197014934,0.2,0.2
0.8934,29.8507467,30,-0.197014934,0.2,0.2
0.8935,29.8507467,30,-0.197014934,0.2,0.2
0.8936,29.8507467,30,-0.197014934,0.2,0.2
0.8937,29.8507467,30,-0.197014934,0.2,0.2
0.8938,29.8507467,30,-0.197014934,0.2,0.2
0.8939,29.8507467,30,-0.197014934,0.2,0.2
0.894,29.8507467,30,-0.197014934,0.2,0.2
0.8941,29.8507467,30,-0.197014934,0.2,0.2
0.8942,29.8507467,30,-0.197014934,0.2,0.2
0.8943,29.8507467,30,-0.197014934,0.2,0.2
0.8944,29.8507467,30,-0.197014934,0.2,0.2
0.8945,29.8507467,30,-0.197014934,0.2,0.2
0.8946,29.8507467,30,-0.197014934,0.2,0.2
0.8947,29.8507467,30,-0.197014934,0.2,0.2
0.8948,29.8507467,30,-0.197014934,0.2,0.2
0.8949,29.8507467,30,-0.197014934,0.2,0.2
0.895,29.8507467,30,-0.197014934,0.2,0.2
0.8951,29.8507467,30,-0.197014933,0.2,0.2
0.8952,29.8507467,30,-0.197014933,0.2,0.2
0.8953,29.8507467,30,-0.197014933,0.2,0.2
0.8954,29.8507467,30,-0.197014933,0.2,0.2
0.8955,29.8507467,30,-0.197014933,0.2,0.2
0.8956,29.8507467,30,-0.197014933,0.2,0.2
0.8957,29.8507467,30,-0.197014933,0.2,0.2
0.8958,29.8507467,30,-0.197014933,0.2,0.2
0.8959,29.8507467,30,-0.197014933,0.2,0.2
0.896,29.8507467,30,-0.197014933,0.2,0.2
0.8961,29.8507467,30,-0.197014933,0.2,0.2
0.8962,29.8507467,30,-0.197014933,0.2,0.2
0.8963,29.8507467,30,-0.197014933,0.2,0.2
0.8964,29.8507466,30,-0.197014933,0.2,0.2
0.8965,29.8507466,30,-0.197014933,0.2,0.2
0.8966,29.8507466,30,-0.197014933,0.2,0.2
0.8967,29.8507466,30,-0.197014933,0.2,0.2
0.8968,29.8507466,30,-0.197014933,0.2,0.2
0.8969,29.8507466,30,-0.197014933,0.2,0.2
0.897,29.8507466,30,-0.197014933,0.2,0.2
0.8971,29.8507466,30,-0.197014933,0.2,0.2
0.8972,29.8507466,30,-0.197014933,0.2,0.2
0.8973,29.8507466,30,-0.197014933,0.2,0.2
0.8974,29.8507466,30,-0.197014933,0.2,0.2
0.8975,29.8507466,30,-0.197014933,0.2,0.2
0.8976,29.8507466,30,-0.197014933,0.2,0.2
0.8977,29.8507466,30,-0.197014933,0.2,0.2
0.8978,29.8507466,30,-0.197014933,0.2,0.2
0.8979,29.8507466,30,-0.197014933,0.2,0.2
0.898,29.8507466,30,-0.197014933,0.2,0.2
0.8981,29.8507466,30,-0.197014932,0.2,0.2
0.8982,29.8507466,30,-0.197014932,0.2,0.2
0.8983,29.8507466,30,-0.197014932,0.2,0.2
0.8984,29.8507466,30,-0.197014932,0.2,0.2
0.8985,29.8507466,30,-0.197014932,0.2,0.2
0.8986,29.8507466,30,-0.197014932,0.2,0.2
0.8987,29.8507466,30,-0.197014932,0.2,0.2
0.8988,29.8507466,30,-0.197014932,0.2,0.2
0.8989,29.8507466,30,-0.197014932,0.2,0.2
0.899,29.8507466,30,-0.197014932,0.2,0.2
0.8991,29.8507466,30,-0.197014932,0.2,0.2
0.8992,29.8507466,30,-0.197014932,0.2,0.2
0.8993,29.8507466,30,-0.197014932,0.2,0.2
0.8994,29.8507466,30,-0.197014932,0.2,0.2
0.8995,29.8507466,30,-0.197014932,0.2,0.2
0.8996,29.8507466,30,-0.197014932,0.2,0.2
0.8997,29.8507466,30,-0.197014932,0.2,0.2
0.8998,29.8507466,30,-0.197014932,0.2,0.2
0.8999,29.8507466,30,-0.197014932,0.2,0.2
0.9,29.8507466,30,-0.197014932,0.2,0.2
0.9001,29.8507466,30,-0.197014932,0.2,0.2
0.9002,29.8507466,30,-0.197014932,0.2,0.2
0.9003,29.8507466,30,-0.197014932,0.2,0.2
0.9004,29.8507466,30,-0.197014932,0.2,0.2
0.9005,29.8507466,30,-0.197014932,0.2,0.2
0.9006,29.8507466,30,-0.197014932,0.2,0.2
0.9007,29.8507466,30,-0.197014932,0.2,0.2
0.9008,29.8507466,30,-0.197014932,0.2,0.2
0.9009,29.8507466,30,-0.197014932,0.2,0.2
0.901,29.8507466,30,-0.197014932,0.2,0.2
0.9011,29.8507466,30,-0.197014932,0.2,0.2
0.9012,29.8507466,30,-0.197014932,0.2,0.2
0.9013,29.8507466,30,-0.197014932,0.2,0.2
0.9014,29.8507466,30,-0.197014932,0.2,0.2
0.9015,29.8507466,30,-0.197014932,0.2,0.2
0.9016,29.8507466,30,-0.197014932,0.2,0.2
0.9017,29.8507466,30,-0.197014932,0.2,0.2
0.9018,29.8507466,30,-0.197014932,0.2,0.2
0.9019,29.8507466,30,-0.197014932,0.2,0.2
0.902,29.8507466,30,-0.197014932,0.2,0.2
0.9021,29.8507466,30,-0.197014931,0.2,0.2
0.9022,29.8507466,30,-0.197014931,0.2,0.2
0.9023,29.8507466,30,-0.197014931,0.2,0.2
0.9024,29.8507466,30,-0.197014931,0.2,0.2
0.9025,29.8507466,30,-0.197014931,0.2,0.2
0.9026,29.8507466,30,-0.197014931,0.2,0.2
0.9027,29.8507466,30,-0.197014931,0.2,0.2
0.9028,29.8507466,30,-0.197014931,0.2,0.2
0.9029,29.8507466,30,-0.197014931,0.2,0.2
0.903,29.8507466,30,-0.197014931,0.2,0.2
0.9031,29.8507466,30,-0.197014931,0.2,0.2
0.9032,29.8507466,30,-0.197014931,0.2,0.2
0.9033,29.8507466,30,-0.197014931,0.2,0.2
0.9034,29.8507466,30,-0.197014931,0.2,0.2
0.9035,29.8507466,30,-0.197014931,0.2,0.2
0.9036,29.8507466,30,-0.197014931,0.2,0.2
0.9037,29.8507466,30,-0.197014931,0.2,0.2
0.9038,29.8507466,30,-0.197014931,0.2,0.2
0.9039,29.8507466,30,-0.197014931,0.2,0.2
0.904,29.8507465,30,-0.197014931,0.2,0.2
0.9041,29.8507465,30,-0.197014931,0.2,0.2
0.9042,29.8507465,30,-0.197014931,0.2,0.2
0.9043,29.8507465,30,-0.197014931,0.2,0.2
0.9044,29.8507465,30,-0.197014931,0.2,0.2
0.9045,29.8507465,30,-0.197014931,0.2,0.2
0.9046,29.8507465,30,-0.197014931,0.2,0.2
0.9047,29.8507465,30,-0.197014931,0.2,0.2
0.9048,29.8507465,30,-0.197014931,0.2,0.2
0.9049,29.8507465,30,-0.197014931,0.2,0.2
0.905,29.8507465,30,-0.197014931,0.2,0.2
0.9051,29.8507465,30,-0.197014931,0.2,0.2
0.9052,29.8507465,30,-0.197014931,0.2,0.2
0.9053,29.8507465,30,-0.197014931,0.2,0.2
0.9054,29.8507465,30,-0.197014931,0.2,0.2
0.9055,29.8507465,30,-0.197014931,0.2,0.2
0.9056,29.8507465,30,-0.197014931,0.2,0.2
0.9057,29.8507465,30,-0.197014931,0.2,0.2
0.9058,29.8507465,30,-0.197014931,0.2,0.2
0.9059,29.8507465,30,-0.197014931,0.2,0.2
0.906,29.8507465,30,-0.197014931,0.2,0.2
0.9061,29.8507465,30,-0.19701493,0.2,0.2
0.9062,29.8507465,30,-0.19701493,0.2,0.2
0.9063,29.8507465,30,-0.19701493,0.2,0.2
0.9064,29.8507465,30,-0.19701493,0.2,0.2
0.9065,29.8507465,30,-0.19701493,0.2,0.2
0.9066,29.8507465,30,-0.19701493,0.2,0.2
0.9067,29.8507465,30,-0.19701493,0.2,0.2
0.9068,29.8507465,30,-0.19701493,0.2,0.2
0.9069,29.8507465,30,-0.19701493,0.2,0.2
0.907,29.8507465,30,-0.19701493,0.2,0.2
0.9071,29.8507465,30,-0.19701493,0.2,0.2
0.9072,29.8507465,30,-0.19701493,0.2,0.2
0.9073,29.8507465,30,-0.19701493,0.2,0.2
0.9074,29.8507465,30,-0.19701493,0.2,0.2
0.9075,29.8507465,30,-0.19701493,0.2,0.2
0.9076,29.8507465,30,-0.19701493,0.2,0.2
0.9077,29.8507465,30,-0.19701493,0.2,0.2
0.9078,29.8507465,30,-0.19701493,0.2,0.2
0.9079,29.8507465,30,-0.19701493,0.2,0.2
0.908,29.8507465,30,-0.19701493,0.2,0.2
0.9081,29.8507465,30,-0.19701493,0.2,0.2
0.9082,29.8507465,30,-0.19701493,0.2,0.2
0.9083,29.8507465,30,-0.19701493,0.2,0.2
0.9084,29.8507465,30,-0.19701493,0.2,0.2
0.9085,29.8507465,30,-0.19701493,0.2,0.2
0.9086,29.8507465,30,-0.19701493,0.2,0.2
0.9087,29.8507465,30,-0.19701493,0.2,0.2
0.9088,29.8507465,30,-0.19701493,0.2,0.2
0.9089,29.8507465,30,-0.19701493,0.2,0.2
0.909,29.8507465,30,-0.19701493,0.2,0.2
0.9091,29.8507465,30,-0.19701493,0.2,0.2
0.9092,29.8507465,30,-0.19701493,0.2,0.2
0.9093,29.8507465,30,-0.19701493,0.2,0.2
0.9094,29.8507465,30,-0.19701493,0.2,0.2
0.9095,29.8507465,30,-0.19701493,0.2,0.2
0.9096,29.8507465,30,-0.19701493,0.2,0.2
0.9097,29.8507465,30,-0.19701493,0.2,0.2
0.9098,29.8507465,30,-0.19701493,0.2,0.2
0.9099,29.8507465,30,-0.19701493,0.2,0.2
0.91,29.8507465,30,-0.19701493,0.2,0.2
0.9101,29.8507465,30,-0.19701493,0.2,0.2
0.9102,29.8507465,30,-0.19701493,0.2,0.2
0.9103,29.8507465,30,-0.19701493,0.2,0.2
0.9104,29.8507465,30,-0.19701493,0.2,0.2
0.9105,29.8507465,30,-0.19701493,0.2,0.2
0.9106,29.8507465,30,-0.19701493,0.2,0.2
0.9107,29.8507465,30,-0.19701493,0.2,0.2
0.9108,29.8507465,30,-0.19701493,0.2,0.2
0.9109,29.8507465,30,-0.19701493,0.2,0.2
0.911,29.8507465,30,-0.19701493,0.2,0.2
0.9111,29.8507465,30,-0.19701493,0.2,0.2
0.9112,29.8507465,30,-0.19701493,0.2,0.2
0.9113,29.8507465,30,-0.19701493,0.2,0.2
0.9114,29.8507465,30,-0.19701493,0.2,0.2
0.9115,29.8507465,30,-0.19701493,0.2,0.2
0.9116,29.8507465,30,-0.19701493,0.2,0.2
0.9117,29.8507465,30,-0.19701493,0.2,0.2
0.9118,29.8507465,30,-0.19701493,0.2,0.2
0.9119,29.8507465,30,-0.19701493,0.2,0.2
0.912,29.8507465,30,-0.19701493,0.2,0.2
0.9121,29.8507465,30,-0.197014929,0.2,0.2
0.9122,29.8507465,30,-0.197014929,0.2,0.2
0.9123,29.8507465,30,-0.197014929,0.2,0.2
0.9124,29.8507465,30,-0.197014929,0.2,0.2
0.9125,29.8507465,30,-0.197014929,0.2,0.2
0.9126,29.8507465,30,-0.197014929,0.2,0.2
0.9127,29.8507465,30,-0.197014929,0.2,0.2
0.9128,29.8507465,30,-0.197014929,0.2,0.2
0.9129,29.8507465,30,-0.197014929,0.2,0.2
0.913,29.8507465,30,-0.197014929,0.2,0.2
0.9131,29.8507465,30,-0.197014929,0.2,0.2
0.9132,29.8507465,30,-0.197014929,0.2,0.2
0.9133,29.8507465,30,-0.197014929,0.2,0.2
0.9134,29.8507465,30,-0.197014929,0.2,0.2
0.9135,29.8507465,30,-0.197014929,0.2,0.2
0.9136,29.8507465,30,-0.197014929,0.2,0.2
0.9137,29.8507465,30,-0.197014929,0.2,0.2
0.9138,29.8507465,30,-0.197014929,0.2,0.2
0.9139,29.8507465,30,-0.197014929,0.2,0.2
0.914,29.8507465,30,-0.197014929,0.2,0.2
0.9141,29.8507465,30,-0.197014929,0.2,0.2
0.9142,29.8507465,30,-0.197014929,0.2,0.2
0.9143,29.8507465,30,-0.197014929,0.2,0.2
0.9144,29.8507465,30,-0.197014929,0.2,0.2
0.9145,29.8507465,30,-0.197014929,0.2,0.2
0.9146,29.8507465,30,-0.197014929,0.2,0.2
0.9147,29.8507465,30,-0.197014929,0.2,0.2
0.9148,29.8507465,30,-0.197014929,0.2,0.2
0.9149,29.8507465,30,-0.197014929,0.2,0.2
0.915,29.8507464,30,-0.197014929,0.2,0.2
0.9151,29.8507464,30,-0.197014929,0.2,0.2
0.9152,29.8507464,30,-0.197014929,0.2,0.2
0.9153,29.8507464,30,-0.197014929,0.2,0.2
0.9154,29.8507464,30,-0.197014929,0.2,0.2
0.9155,29.8507464,30,-0.197014929,0.2,0.2
0.9156,29.8507464,30,-0.197014929,0.2,0.2
0.9157,29.8507464,30,-0.197014929,0.2,0.2
0.9158,29.8507464,30,-0.197014929,0.2,0.2
0.9159,29.8507464,30,-0.197014929,0.2,0.2
0.916,29.8507464,30,-0.197014929,0.2,0.2
0.9161,29.8507464,30,-0.197014929,0.2,0.2
0.9162,29.8507464,30,-0.197014929,0.2,0.2
0.9163,29.8507464,30,-0.197014929,0.2,0.2
0.9164,29.8507464,30,-0.197014929,0.2,0.2
0.9165,29.8507464,30,-0.197014929,0.2,0.2
0.9166,29.8507464,30,-0.197014929,0.2,0.2
0.9167,29.8507464,30,-0.197014929,0.2,0.2
0.9168,29.8507464,30,-0.197014929,0.2,0.2
0.9169,29.8507464,30,-0.197014929,0.2,0.2
0.917,29.8507464,30,-0.197014929,0.2,0.2
0.9171,29.8507464,30,-0.197014929,0.2,0.2
0.9172,29.8507464,30,-0.197014929,0.2,0.2
0.9173,29.8507464,30,-0.197014929,0.2,0.2
0.9174,29.8507464,30,-0.197014929,0.2,0.2
0.9175,29.8507464,30,-0.197014929,0.2,0.2
0.9176,29.8507464,30,-0.197014929,0.2,0.2
0.9177,29.8507464,30,-0.197014929,0.2,0.2
0.9178,29.8507464,30,-0.197014929,0.2,0.2
0.9179,29.8507464,30,-0.197014929,0.2,0.2
0.918,29.8507464,30,-0.197014929,0.2,0.2
0.9181,29.8507464,30,-0.197014929,0.2,0.2
0.9182,29.8507464,30,-0.197014929,0.2,0.2
0.9183,29.8507464,30,-0.197014929,0.2,0.2
0.9184,29.8507464,30,-0.197014929,0.2,0.2
0.9185,29.8507464,30,-0.197014929,0.2,0.2
0.9186,29.8507464,30,-0.197014929,0.2,0.2
0.9187,29.8507464,30,-0.197014929,0.2,0.2
0.9188,29.8507464,30,-0.197014929,0.2,0.2
0.9189,29.8507464,30,-0.197014929,0.2,0.2
0.919,29.8507464,30,-0.197014929,0.2,0.2
0.9191,29.8507464,30,-0.197014928,0.2,0.2
0.9192,29.8507464,30,-0.197014928,0.2,0.2
0.9193,29.8507464,30,-0.197014928,0.2,0.2
0.9194,29.8507464,30,-0.197014928,0.2,0.2
0.9195,29.8507464,30,-0.197014928,0.2,0.2
0.9196,29.8507464,30,-0.197014928,0.2,0.2
0.9197,29.8507464,30,-0.197014928,0.2,0.2
0.9198,29.8507464,30,-0.197014928,0.2,0.2
0.9199,29.8507464,30,-0.197014928,0.2,0.2
0.92,29.8507464,30,-0.197014928,0.2,0.2
0.9201,29.8507464,30,-0.197014928,0.2,0.2
0.9202,29.8507464,30,-0.197014928,0.2,0.2
0.9203,29.8507464,30,-0.197014928,0.2,0.2
0.9204,29.8507464,30,-0.197014928,0.2,0.2
0.9205,29.8507464,30,-0.197014928,0.2,0.2
0.9206,29.8507464,30,-0.197014928,0.2,0.2
0.9207,29.8507464,30,-0.197014928,0.2,0.2
0.9208,29.8507464,30,-0.197014928,0.2,0.2
0.9209,29.8507464,30,-0.197014928,0.2,0.2
0.921,29.8507464,30,-0.197014928,0.2,0.2
0.9211,29.8507464,30,-0.197014928,0.2,0.2
0.9212,29.8507464,30,-0.197014928,0.2,0.2
0.9213,29.8507464,30,-0.197014928,0.2,0.2
0.9214,29.8507464,30,-0.197014928,0.2,0.2
0.9215,29.8507464,30,-0.197014928,0.2,0.2
0.9216,29.8507464,30,-0.197014928,0.2,0.2
0.9217,29.8507464,30,-0.197014928,0.2,0.2
0.9218,29.8507464,30,-0.197014928,0.2,0.2
0.9219,29.8507464,30,-0.197014928,0.2,0.2
0.922,29.8507464,30,-0.197014928,0.2,0.2
0.9221,29.8507464,30,-0.197014928,0.2,0.2
0.9222,29.8507464,30,-0.197014928,0.2,0.2
0.9223,29.8507464,30,-0.197014928,0.2,0.2
0.9224,29.8507464,30,-0.197014928,0.2,0.2
0.9225,29.8507464,30,-0.197014928,0.2,0.2
0.9226,29.8507464,30,-0.197014928,0.2,0.2
0.9227,29.8507464,30,-0.197014928,0.2,0.2
0.9228,29.8507464,30,-0.197014928,0.2,0.2
0.9229,29.8507464,30,-0.197014928,0.2,0.2
0.923,29.8507464,30,-0.197014928,0.2,0.2
0.9231,29.8507464,30,-0.197014928,0.2,0.2
0.9232,29.8507464,30,-0.197014928,0.2,0.2
0.9233,29.8507464,30,-0.197014928,0.2,0.2
0.9234,29.8507464,30,-0.197014928,0.2,0.2
0.9235,29.8507464,30,-0.197014928,0.2,0.2
0.9236,29.8507464,30,-0.197014928,0.2,0.2
0.9237,29.8507464,30,-0.197014928,0.2,0.2
0.9238,29.8507464,30,-0.197014928,0.2,0.2
0.9239,29.8507464,30,-0.197014928,0.2,0.2
0.924,29.8507464,30,-0.197014928,0.2,0.2
0.9241,29.8507464,30,-0.197014928,0.2,0.2
0.9242,29.8507464,30,-0.197014928,0.2,0.2
0.9243,29.8507464,30,-0.197014928,0.2,0.2
0.9244,29.8507464,30,-0.197014928,0.2,0.2
0.9245,29.8507464,30,-0.197014928,0.2,0.2
0.9246,29.8507464,30,-0.197014928,0.2,0.2
0.9247,29.8507464,30,-0.197014928,0.2,0.2
0.9248,29.8507464,30,-0.197014928,0.2,0.2
0.9249,29.8507464,30,-0.197014928,0.2,0.2
0.925,29.8507464,30,-0.197014928,0.2,0.2
0.9251,29.8507464,30,-0.197014928,0.2,0.2
0.9252,29.8507464,30,-0.197014928,0.2,0.2
0.9253,29.8507464,30,-0.197014928,0.2,0.2
0.9254,29.8507464,30,-0.197014928,0.2,0.2
0.9255,29.8507464,30,-0.197014928,0.2,0.2
0.9256,29.8507464,30,-0.197014928,0.2,0.2
0.9257,29.8507464,30,-0.197014928,0.2,0.2
0.9258,29.8507464,30,-0.197014928,0.2,0.2
0.9259,29.8507464,30,-0.197014928,0.2,0.2
0.926,29.8507464,30,-0.197014928,0.2,0.2
0.9261,29.8507464,30,-0.197014928,0.2,0.2
0.9262,29.8507464,30,-0.197014928,0.2,0.2
0.9263,29.8507464,30,-0.197014928,0.2,0.2
0.9264,29.8507464,30,-0.197014928,0.2,0.2
0.9265,29.8507464,30,-0.197014928,0.2,0.2
0.9266,29.8507464,30,-0.197014928,0.2,0.2
0.9267,29.8507464,30,-0.197014928,0.2,0.2
0.9268,29.8507464,30,-0.197014928,0.2,0.2
0.9269,29.8507464,30,-0.197014928,0.2,0.2
0.927,29.8507464,30,-0.197014928,0.2,0.2
0.9271,29.8507464,30,-0.197014928,0.2,0.2
0.9272,29.8507464,30,-0.197014928,0.2,0.2
0.9273,29.8507464,30,-0.197014928,0.2,0.2
0.9274,29.8507464,30,-0.197014928,0.2,0.2
0.9275,29.8507464,30,-0.197014928,0.2,0.2
0.9276,29.8507464,30,-0.197014928,0.2,0.2
0.9277,29.8507464,30,-0.197014928,0.2,0.2
0.9278,29.8507464,30,-0.197014928,0.2,0.2
0.9279,29.8507464,30,-0.197014928,0.2,0.2
0.928,29.8507464,30,-0.197014928,0.2,0.2
0.9281,29.8507464,30,-0.197014927,0.2,0.2
0.9282,29.8507464,30,-0.197014927,0.2,0.2
0.9283,29.8507464,30,-0.197014927,0.2,0.2
0.9284,29.8507464,30,-0.197014927,0.2,0.2
0.9285,29.8507464,30,-0.197014927,0.2,0.2
0.9286,29.8507464,30,-0.197014927,0.2,0.2
0.9287,29.8507464,30,-0.197014927,0.2,0.2
0.9288,29.8507464,30,-0.197014927,0.2,0.2
0.9289,29.8507464,30,-0.197014927,0.2,0.2
0.929,29.8507464,30,-0.197014927,0.2,0.2
0.9291,29.8507464,30,-0.197014927,0.2,0.2
0.9292,29.8507464,30,-0.197014927,0.2,0.2
0.9293,29.8507464,30,-0.197014927,0.2,0.2
0.9294,29.8507464,30,-0.197014927,0.2,0.2
0.9295,29.8507464,30,-0.197014927,0.2,0.2
0.9296,29.8507464,30,-0.197014927,0.2,0.2
0.9297,29.8507464,30,-0.197014927,0.2,0.2
0.9298,29.8507464,30,-0.197014927,0.2,0.2
0.9299,29.8507464,30,-0.197014927,0.2,0.2
0.93,29.8507464,30,-0.197014927,0.2,0.2
0.9301,29.8507464,30,-0.197014927,0.2,0.2
0.9302,29.8507464,30,-0.197014927,0.2,0.2
0.9303,29.8507464,30,-0.197014927,0.2,0.2
0.9304,29.8507464,30,-0.197014927,0.2,0.2
0.9305,29.8507464,30,-0.197014927,0.2,0.2
0.9306,29.8507464,30,-0.197014927,0.2,0.2
0.9307,29.8507464,30,-0.197014927,0.2,0.2
0.9308,29.8507464,30,-0.197014927,0.2,0.2
0.9309,29.8507464,30,-0.197014927,0.2,0.2
0.931,29.8507464,30,-0.197014927,0.2,0.2
0.9311,29.8507464,30,-0.197014927,0.2,0.2
0.9312,29.8507464,30,-0.197014927,0.2,0.2
0.9313,29.8507464,30,-0.197014927,0.2,0.2
0.9314,29.8507464,30,-0.197014927,0.2,0.2
0.9315,29.8507464,30,-0.197014927,0.2,0.2
0.9316,29.8507464,30,-0.197014927,0.2,0.2
0.9317,29.8507464,30,-0.197014927,0.2,0.2
0.9318,29.8507464,30,-0.197014927,0.2,0.2
0.9319,29.8507464,30,-0.197014927,0.2,0.2
0.932,29.8507464,30,-0.197014927,0.2,0.2
0.9321,29.8507464,30,-0.197014927,0.2,0.2
0.9322,29.8507464,30,-0.197014927,0.2,0.2
0.9323,29.8507464,30,-0.197014927,0.2,0.2
0.9324,29.8507464,30,-0.197014927,0.2,0.2
0.9325,29.8507464,30,-0.197014927,0.2,0.2
0.9326,29.8507464,30,-0.197014927,0.2,0.2
0.9327,29.8507464,30,-0.197014927,0.2,0.2
0.9328,29.8507464,30,-0.197014927,0.2,0.2
0.9329,29.8507464,30,-0.197014927,0.2,0.2
0.933,29.8507464,30,-0.197014927,0.2,0.2
0.9331,29.8507464,30,-0.197014927,0.2,0.2
0.9332,29.8507464,30,-0.197014927,0.2,0.2
0.9333,29.8507464,30,-0.197014927,0.2,0.2
0.9334,29.8507464,30,-0.197014927,0.2,0.2
0.9335,29.8507464,30,-0.197014927,0.2,0.2
0.9336,29.8507464,30,-0.197014927,0.2,0.2
0.9337,29.8507464,30,-0.197014927,0.2,0.2
0.9338,29.8507464,30,-0.197014927,0.2,0.2
0.9339,29.8507464,30,-0.197014927,0.2,0.2
0.934,29.8507464,30,-0.197014927,0.2,0.2
0.9341,29.8507464,30,-0.197014927,0.2,0.2
0.9342,29.8507464,30,-0.197014927,0.2,0.2
0.9343,29.8507464,30,-0.197014927,0.2,0.2
0.9344,29.8507464,30,-0.197014927,0.2,0.2
0.9345,29.8507464,30,-0.197014927,0.2,0.2
0.9346,29.8507464,30,-0.197014927,0.2,0.2
0.9347,29.8507464,30,-0.197014927,0.2,0.2
0.9348,29.8507464,30,-0.197014927,0.2,0.2
0.9349,29.8507464,30,-0.197014927,0.2,0.2
0.935,29.8507464,30,-0.197014927,0.2,0.2
0.9351,29.8507463,30,-0.197014927,0.2,0.2
0.9352,29.8507463,30,-0.197014927,0.2,0.2
0.9353,29.8507463,30,-0.197014927,0.2,0.2
0.9354,29.8507463,30,-0.197014927,0.2,0.2
0.9355,29.8507463,30,-0.197014927,0.2,0.2
0.9356,29.8507463,30,-0.197014927,0.2,0.2
0.9357,29.8507463,30,-0.197014927,0.2,0.2
0.9358,29.8507463,30,-0.197014927,0.2,0.2
0.9359,29.8507463,30,-0.197014927,0.2,0.2
0.936,29.8507463,30,-0.197014927,0.2,0.2
0.9361,29.8507463,30,-0.197014927,0.2,0.2
0.9362,29.8507463,30,-0.197014927,0.2,0.2
0.9363,29.8507463,30,-0.197014927,0.2,0.2
0.9364,29.8507463,30,-0.197014927,0.2,0.2
0.9365,29.8507463,30,-0.197014927,0.2,0.2
0.9366,29.8507463,30,-0.197014927,0.2,0.2
0.9367,29.8507463,30,-0.197014927,0.2,0.2
0.9368,29.8507463,30,-0.197014927,0.2,0.2
0.9369,29.8507463,30,-0.197014927,0.2,0.2
0.937,29.8507463,30,-0.197014927,0.2,0.2
0.9371,29.8507463,30,-0.197014927,0.2,0.2
0.9372,29.8507463,30,-0.197014927,0.2,0.2
0.9373,29.8507463,30,-0.197014927,0.2,0.2
0.9374,29.8507463,30,-0.197014927,0.2,0.2
0.9375,29.8507463,30,-0.197014927,0.2,0.2
0.9376,29.8507463,30,-0.197014927,0.2,0.2
0.9377,29.8507463,30,-0.197014927,0.2,0.2
0.9378,29.8507463,30,-0.197014927,0.2,0.2
0.9379,29.8507463,30,-0.197014927,0.2,0.2
0.938,29.8507463,30,-0.197014927,0.2,0.2
0.9381,29.8507463,30,-0.197014927,0.2,0.2
0.9382,29.8507463,30,-0.197014927,0.2,0.2
0.9383,29.8507463,30,-0.197014927,0.2,0.2
0.9384,29.8507463,30,-0.197014927,0.2,0.2
0.9385,29.8507463,30,-0.197014927,0.2,0.2
0.9386,29.8507463,30,-0.197014927,0.2,0.2
0.9387,29.8507463,30,-0.197014927,0.2,0.2
0.9388,29.8507463,30,-0.197014927,0.2,0.2
0.9389,29.8507463,30,-0.197014927,0.2,0.2
0.939,29.8507463,30,-0.197014927,0.2,0.2
0.9391,29.8507463,30,-0.197014927,0.2,0.2
0.9392,29.8507463,30,-0.197014927,0.2,0.2
0.9393,29.8507463,30,-0.197014927,0.2,0.2
0.9394,29.8507463,30,-0.197014927,0.2,0.2
0.9395,29.8507463,30,-0.197014927,0.2,0.2
0.9396,29.8507463,30,-0.197014927,0.2,0.2
0.9397,29.8507463,30,-0.197014927,0.2,0.2
0.9398,29.8507463,30,-0.197014927,0.2,0.2
0.9399,29.8507463,30,-0.197014927,0.2,0.2
0.94,29.8507463,30,-0.197014927,0.2,0.2
0.9401,29.8507463,30,-0.197014927,0.2,0.2
0.9402,29.8507463,30,-0.197014927,0.2,0.2
0.9403,29.8507463,30,-0.197014927,0.2,0.2
0.9404,29.8507463,30,-0.197014927,0.2,0.2
0.9405,29.8507463,30,-0.197014927,0.2,0.2
0.9406,29.8507463,30,-0.197014927,0.2,0.2
0.9407,29.8507463,30,-0.197014927,0.2,0.2
0.9408,29.8507463,30,-0.197014927,0.2,0.2
0.9409,29.8507463,30,-0.197014927,0.2,0.2
0.941,29.8507463,30,-0.197014927,0.2,0.2
0.9411,29.8507463,30,-0.197014927,0.2,0.2
0.9412,29.8507463,30,-0.197014927,0.2,0.2
0.9413,29.8507463,30,-0.197014927,0.2,0.2
0.9414,29.8507463,30,-0.197014927,0.2,0.2
0.9415,29.8507463,30,-0.197014927,0.2,0.2
0.9416,29.8507463,30,-0.197014927,0.2,0.2
0.9417,29.8507463,30,-0.197014927,0.2,0.2
0.9418,29.8507463,30,-0.197014927,0.2,0.2
0.9419,29.8507463,30,-0.197014927,0.2,0.2
0.942,29.8507463,30,-0.197014927,0.2,0.2
0.9421,29.8507463,30,-0.197014927,0.2,0.2
0.9422,29.8507463,30,-0.197014927,0.2,0.2
0.9423,29.8507463,30,-0.197014927,0.2,0.2
0.9424,29.8507463,30,-0.197014927,0.2,0.2
0.9425,29.8507463,30,-0.197014927,0.2,0.2
0.9426,29.8507463,30,-0.197014927,0.2,0.2
0.9427,29.8507463,30,-0.197014927,0.2,0.2
0.9428,29.8507463,30,-0.197014927,0.2,0.2
0.9429,29.8507463,30,-0.197014927,0.2,0.2
0.943,29.8507463,30,-0.197014927,0.2,0.2
0.9431,29.8507463,30,-0.197014927,0.2,0.2
0.9432,29.8507463,30,-0.197014927,0.2,0.2
0.9433,29.8507463,30,-0.197014927,0.2,0.2
0.9434,29.8507463,30,-0.197014927,0.2,0.2
0.9435,29.8507463,30,-0.197014927,0.2,0.2
0.9436,29.8507463,30,-0.197014927,0.2,0.2
0.9437,29.8507463,30,-0.197014927,0.2,0.2
0.9438,29.8507463,30,-0.197014927,0.2,0.2
0.9439,29.8507463,30,-0.197014927,0.2,0.2
0.944,29.8507463,30,-0.197014927,0.2,0.2
0.9441,29.8507463,30,-0.197014926,0.2,0.2
0.9442,29.8507463,30,-0.197014926,0.2,0.2
0.9443,29.8507463,30,-0.197014926,0.2,0.2
0.9444,29.8507463,30,-0.197014926,0.2,0.2
0.9445,29.8507463,30,-0.197014926,0.2,0.2
0.9446,29.8507463,30,-0.197014926,0.2,0.2
0.9447,29.8507463,30,-0.197014926,0.2,0.2
0.9448,29.8507463,30,-0.197014926,0.2,0.2
0.9449,29.8507463,30,-0.197014926,0.2,0.2
0.945,29.8507463,30,-0.197014926,0.2,0.2
0.9451,29.8507463,30,-0.197014926,0.2,0.2
0.9452,29.8507463,30,-0.197014926,0.2,0.2
0.9453,29.8507463,30,-0.197014926,0.2,0.2
0.9454,29.8507463,30,-0.197014926,0.2,0.2
0.9455,29.8507463,30,-0.197014926,0.2,0.2
0.9456,29.8507463,30,-0.197014926,0.2,0.2
0.9457,29.8507463,30,-0.197014926,0.2,0.2
0.9458,29.8507463,30,-0.197014926,0.2,0.2
0.9459,29.8507463,30,-0.197014926,0.2,0.2
0.946,29.8507463,30,-0.197014926,0.2,0.2
0.9461,29.8507463,30,-0.197014926,0.2,0.2
0.9462,29.8507463,30,-0.197014926,0.2,0.2
0.9463,29.8507463,30,-0.197014926,0.2,0.2
0.9464,29.8507463,30,-0.197014926,0.2,0.2
0.9465,29.8507463,30,-0.197014926,0.2,0.2
0.9466,29.8507463,30,-0.197014926,0.2,0.2
0.9467,29.8507463,30,-0.197014926,0.2,0.2
0.9468,29.8507463,30,-0.197014926,0.2,0.2
0.9469,29.8507463,30,-0.197014926,0.2,0.2
0.947,29.8507463,30,-0.197014926,0.2,0.2
0.9471,29.8507463,30,-0.197014926,0.2,0.2
0.9472,29.8507463,30,-0.197014926,0.2,0.2
0.9473,29.8507463,30,-0.197014926,0.2,0.2
0.9474,29.8507463,30,-0.197014926,0.2,0.2
0.9475,29.8507463,30,-0.197014926,0.2,0.2
0.9476,29.8507463,30,-0.197014926,0.2,0.2
0.9477,29.8507463,30,-0.197014926,0.2,0.2
0.9478,29.8507463,30,-0.197014926,0.2,0.2
0.9479,29.8507463,30,-0.197014926,0.2,0.2
0.948,29.8507463,30,-0.197014926,0.2,0.2
0.9481,29.8507463,30,-0.197014926,0.2,0.2
0.9482,29.8507463,30,-0.197014926,0.2,0.2
0.9483,29.8507463,30,-0.197014926,0.2,0.2
0.9484,29.8507463,30,-0.197014926,0.2,0.2
0.9485,29.8507463,30,-0.197014926,0.2,0.2
0.9486,29.8507463,30,-0.197014926,0.2,0.2
0.9487,29.8507463,30,-0.197014926,0.2,0.2
0.9488,29.8507463,30,-0.197014926,0.2,0.2
0.9489,29.8507463,30,-0.197014926,0.2,0.2
0.949,29.8507463,30,-0.197014926,0.2,0.2
0.9491,29.8507463,30,-0.197014926,0.2,0.2
0.9492,29.8507463,30,-0.197014926,0.2,0.2
0.9493,29.8507463,30,-0.197014926,0.2,0.2
0.9494,29.8507463,30,-0.197014926,0.2,0.2
0.9495,29.8507463,30,-0.197014926,0.2,0.2
0.9496,29.8507463,30,-0.197014926,0.2,0.2
0.9497,29.8507463,30,-0.197014926,0.2,0.2
0.9498,29.8507463,30,-0.197014926,0.2,0.2
0.9499,29.8507463,30,-0.197014926,0.2,0.2
0.95,29.8507463,30,-0.197014926,0.2,0.2
0.9501,29.8507463,30,-0.197014926,0.2,0.2
0.9502,29.8507463,30,-0.197014926,0.2,0.2
0.9503,29.8507463,30,-0.197014926,0.2,0.2
0.9504,29.8507463,30,-0.197014926,0.2,0.2
0.9505,29.8507463,30,-0.197014926,0.2,0.2
0.9506,29.8507463,30,-0.197014926,0.2,0.2
0.9507,29.8507463,30,-0.197014926,0.2,0.2
0.9508,29.8507463,30,-0.197014926,0.2,0.2
0.9509,29.8507463,30,-0.197014926,0.2,0.2
0.951,29.8507463,30,-0.197014926,0.2,0.2
0.9511,29.8507463,30,-0.197014926,0.2,0.2
0.9512,29.8507463,30,-0.197014926,0.2,0.2
0.9513,29.8507463,30,-0.197014926,0.2,0.2
0.9514,29.8507463,30,-0.197014926,0.2,0.2
0.9515,29.8507463,30,-0.197014926,0.2,0.2
0.9516,29.8507463,30,-0.197014926,0.2,0.2
0.9517,29.8507463,30,-0.197014926,0.2,0.2
0.9518,29.8507463,30,-0.197014926,0.2,0.2
0.9519,29.8507463,30,-0.197014926,0.2,0.2
0.952,29.8507463,30,-0.197014926,0.2,0.2
0.9521,29.8507463,30,-0.197014926,0.2,0.2
0.9522,29.8507463,30,-0.197014926,0.2,0.2
0.9523,29.8507463,30,-0.197014926,0.2,0.2
0.9524,29.8507463,30,-0.197014926,0.2,0.2
0.9525,29.8507463,30,-0.197014926,0.2,0.2
0.9526,29.8507463,30,-0.197014926,0.2,0.2
0.9527,29.8507463,30,-0.197014926,0.2,0.2
0.9528,29.8507463,30,-0.197014926,0.2,0.2
0.9529,29.8507463,30,-0.197014926,0.2,0.2
0.953,29.8507463,30,-0.197014926,0.2,0.2
0.9531,29.8507463,30,-0.197014926,0.2,0.2
0.9532,29.8507463,30,-0.197014926,0.2,0.2
0.9533,29.8507463,30,-0.197014926,0.2,0.2
0.9534,29.8507463,30,-0.197014926,0.2,0.2
0.9535,29.8507463,30,-0.197014926,0.2,0.2
0.9536,29.8507463,30,-0.197014926,0.2,0.2
0.9537,29.8507463,30,-0.197014926,0.2,0.2
0.9538,29.8507463,30,-0.197014926,0.2,0.2
0.9539,29.8507463,30,-0.197014926,0.2,0.2
0.954,29.8507463,30,-0.197014926,0.2,0.2
0.9541,29.8507463,30,-0.197014926,0.2,0.2
0.9542,29.8507463,30,-0.197014926,0.2,0.2
0.9543,29.8507463,30,-0.197014926,0.2,0.2
0.9544,29.8507463,30,-0.197014926,0.2,0.2
0.9545,29.8507463,30,-0.197014926,0.2,0.2
0.9546,29.8507463,30,-0.197014926,0.2,0.2
0.9547,29.8507463,30,-0.197014926,0.2,0.2
0.9548,29.8507463,30,-0.197014926,0.2,0.2
0.9549,29.8507463,30,-0.197014926,0.2,0.2
0.955,29.8507463,30,-0.197014926,0.2,0.2
0.9551,29.8507463,30,-0.197014926,0.2,0.2
0.9552,29.8507463,30,-0.197014926,0.2,0.2
0.9553,29.8507463,30,-0.197014926,0.2,0.2
0.9554,29.8507463,30,-0.197014926,0.2,0.2
0.9555,29.8507463,30,-0.197014926,0.2,0.2
0.9556,29.8507463,30,-0.197014926,0.2,0.2
0.9557,29.8507463,30,-0.197014926,0.2,0.2
0.9558,29.8507463,30,-0.197014926,0.2,0.2
0.9559,29.8507463,30,-0.197014926,0.2,0.2
0.956,29.8507463,30,-0.197014926,0.2,0.2
0.9561,29.8507463,30,-0.197014926,0.2,0.2
0.9562,29.8507463,30,-0.197014926,0.2,0.2
0.9563,29.8507463,30,-0.197014926,0.2,0.2
0.9564,29.8507463,30,-0.197014926,0.2,0.2
0.9565,29.8507463,30,-0.197014926,0.2,0.2
0.9566,29.8507463,30,-0.197014926,0.2,0.2
0.9567,29.8507463,30,-0.197014926,0.2,0.2
0.9568,29.8507463,30,-0.197014926,0.2,0.2
0.9569,29.8507463,30,-0.197014926,0.2,0.2
0.957,29.8507463,30,-0.197014926,0.2,0.2
0.9571,29.8507463,30,-0.197014926,0.2,0.2
0.9572,29.8507463,30,-0.197014926,0.2,0.2
0.9573,29.8507463,30,-0.197014926,0.2,0.2
0.9574,29.8507463,30,-0.197014926,0.2,0.2
0.9575,29.8507463,30,-0.197014926,0.2,0.2
0.9576,29.8507463,30,-0.197014926,0.2,0.2
0.9577,29.8507463,30,-0.197014926,0.2,0.2
0.9578,29.8507463,30,-0.197014926,0.2,0.2
0.9579,29.8507463,30,-0.197014926,0.2,0.2
0.958,29.8507463,30,-0.197014926,0.2,0.2
0.9581,29.8507463,30,-0.197014926,0.2,0.2
0.9582,29.8507463,30,-0.197014926,0.2,0.2
0.9583,29.8507463,30,-0.197014926,0.2,0.2
0.9584,29.8507463,30,-0.197014926,0.2,0.2
0.9585,29.8507463,30,-0.197014926,0.2,0.2
0.9586,29.8507463,30,-0.197014926,0.2,0.2
0.9587,29.8507463,30,-0.197014926,0.2,0.2
0.9588,29.8507463,30,-0.197014926,0.2,0.2
0.9589,29.8507463,30,-0.197014926,0.2,0.2
0.959,29.8507463,30,-0.197014926,0.2,0.2
0.9591,29.8507463,30,-0.197014926,0.2,0.2
0.9592,29.8507463,30,-0.197014926,0.2,0.2
0.9593,29.8507463,30,-0.197014926,0.2,0.2
0.9594,29.8507463,30,-0.197014926,0.2,0.2
0.9595,29.8507463,30,-0.197014926,0.2,0.2
0.9596,29.8507463,30,-0.197014926,0.2,0.2
0.9597,29.8507463,30,-0.197014926,0.2,0.2
0.9598,29.8507463,30,-0.197014926,0.2,0.2
0.9599,29.8507463,30,-0.197014926,0.2,0.2
0.96,29.8507463,30,-0.197014926,0.2,0.2
0.9601,29.8507463,30,-0.197014926,0.2,0.2
0.9602,29.8507463,30,-0.197014926,0.2,0.2
0.9603,29.8507463,30,-0.197014926,0.2,0.2
0.9604,29.8507463,30,-0.197014926,0.2,0.2
0.9605,29.8507463,30,-0.197014926,0.2,0.2
0.9606,29.8507463,30,-0.197014926,0.2,0.2
0.9607,29.8507463,30,-0.197014926,0.2,0.2
0.9608,29.8507463,30,-0.197014926,0.2,0.2
0.9609,29.8507463,30,-0.197014926,0.2,0.2
0.961,29.8507463,30,-0.197014926,0.2,0.2
0.9611,29.8507463,30,-0.197014926,0.2,0.2
0.9612,29.8507463,30,-0.197014926,0.2,0.2
0.9613,29.8507463,30,-0.197014926,0.2,0.2
0.9614,29.8507463,30,-0.197014926,0.2,0.2
0.9615,29.8507463,30,-0.197014926,0.2,0.2
0.9616,29.8507463,30,-0.197014926,0.2,0.2
0.9617,29.8507463,30,-0.197014926,0.2,0.2
0.9618,29.8507463,30,-0.197014926,0.2,0.2
0.9619,29.8507463,30,-0.197014926,0.2,0.2
0.962,29.8507463,30,-0.197014926,0.2,0.2
0.9621,29.8507463,30,-0.197014926,0.2,0.2
0.9622,29.8507463,30,-0.197014926,0.2,0.2
0.9623,29.8507463,30,-0.197014926,0.2,0.2
0.9624,29.8507463,30,-0.197014926,0.2,0.2
0.9625,29.8507463,30,-0.197014926,0.2,0.2
0.9626,29.8507463,30,-0.197014926,0.2,0.2
0.9627,29.8507463,30,-0.197014926,0.2,0.2
0.9628,29.8507463,30,-0.197014926,0.2,0.2
0.9629,29.8507463,30,-0.197014926,0.2,0.2
0.963,29.8507463,30,-0.197014926,0.2,0.2
0.9631,29.8507463,30,-0.197014926,0.2,0.2
0.9632,29.8507463,30,-0.197014926,0.2,0.2
0.9633,29.8507463,30,-0.197014926,0.2,0.2
0.9634,29.8507463,30,-0.197014926,0.2,0.2
0.9635,29.8507463,30,-0.197014926,0.2,0.2
0.9636,29.8507463,30,-0.197014926,0.2,0.2
0.9637,29.8507463,30,-0.197014926,0.2,0.2
0.9638,29.8507463,30,-0.197014926,0.2,0.2
0.9639,29.8507463,30,-0.197014926,0.2,0.2
0.964,29.8507463,30,-0.197014926,0.2,0.2
0.9641,29.8507463,30,-0.197014926,0.2,0.2
0.9642,29.8507463,30,-0.197014926,0.2,0.2
0.9643,29.8507463,30,-0.197014926,0.2,0.2
0.9644,29.8507463,30,-0.197014926,0.2,0.2
0.9645,29.8507463,30,-0.197014926,0.2,0.2
0.9646,29.8507463,30,-0.197014926,0.2,0.2
0.9647,29.8507463,30,-0.197014926,0.2,0.2
0.9648,29.8507463,30,-0.197014926,0.2,0.2
0.9649,29.8507463,30,-0.197014926,0.2,0.2
0.965,29.8507463,30,-0.197014926,0.2,0.2
0.9651,29.8507463,30,-0.197014926,0.2,0.2
0.9652,29.8507463,30,-0.197014926,0.2,0.2
0.9653,29.8507463,30,-0.197014926,0.2,0.2
0.9654,29.8507463,30,-0.197014926,0.2,0.2
0.9655,29.8507463,30,-0.197014926,0.2,0.2
0.9656,29.8507463,30,-0.197014926,0.2,0.2
0.9657,29.8507463,30,-0.197014926,0.2,0.2
0.9658,29.8507463,30,-0.197014926,0.2,0.2
0.9659,29.8507463,30,-0.197014926,0.2,0.2
0.966,29.8507463,30,-0.197014926,0.2,0.2
0.9661,29.8507463,30,-0.197014926,0.2,0.2
0.9662,29.8507463,30,-0.197014926,0.2,0.2
0.9663,29.8507463,30,-0.197014926,0.2,0.2
0.9664,29.8507463,30,-0.197014926,0.2,0.2
0.9665,29.8507463,30,-0.197014926,0.2,0.2
0.9666,29.8507463,30,-0.197014926,0.2,0.2
0.9667,29.8507463,30,-0.197014926,0.2,0.2
0.9668,29.8507463,30,-0.197014926,0.2,0.2
0.9669,29.8507463,30,-0.197014926,0.2,0.2
0.967,29.8507463,30,-0.197014926,0.2,0.2
0.9671,29.8507463,30,-0.197014926,0.2,0.2
0.9672,29.8507463,30,-0.197014926,0.2,0.2
0.9673,29.8507463,30,-0.197014926,0.2,0.2
0.9674,29.8507463,30,-0.197014926,0.2,0.2
0.9675,29.8507463,30,-0.197014926,0.2,0.2
0.9676,29.8507463,30,-0.197014926,0.2,0.2
0.9677,29.8507463,30,-0.197014926,0.2,0.2
0.9678,29.8507463,30,-0.197014926,0.2,0.2
0.9679,29.8507463,30,-0.197014926,0.2,0.2
0.968,29.8507463,30,-0.197014926,0.2,0.2
0.9681,29.8507463,30,-0.197014926,0.2,0.2
0.9682,29.8507463,30,-0.197014926,0.2,0.2
0.9683,29.8507463,30,-0.197014926,0.2,0.2
0.9684,29.8507463,30,-0.197014926,0.2,0.2
0.9685,29.8507463,30,-0.197014926,0.2,0.2
0.9686,29.8507463,30,-0.197014926,0.2,0.2
0.9687,29.8507463,30,-0.197014926,0.2,0.2
0.9688,29.8507463,30,-0.197014926,0.2,0.2
0.9689,29.8507463,30,-0.197014926,0.2,0.2
0.969,29.8507463,30,-0.197014926,0.2,0.2
0.9691,29.8507463,30,-0.197014926,0.2,0.2
0.9692,29.8507463,30,-0.197014926,0.2,0.2
0.9693,29.8507463,30,-0.197014926,0.2,0.2
0.9694,29.8507463,30,-0.197014926,0.2,0.2
0.9695,29.8507463,30,-0.197014926,0.2,0.2
0.9696,29.8507463,30,-0.197014926,0.2,0.2
0.9697,29.8507463,30,-0.197014926,0.2,0.2
0.9698,29.8507463,30,-0.197014926,0.2,0.2
0.9699,29.8507463,30,-0.197014926,0.2,0.2
0.97,29.8507463,30,-0.197014926,0.2,0.2
0.9701,29.8507463,30,-0.197014926,0.2,0.2
0.9702,29.8507463,30,-0.197014926,0.2,0.2
0.9703,29.8507463,30,-0.197014926,0.2,0.2
0.9704,29.8507463,30,-0.197014926,0.2,0.2
0.9705,29.8507463,30,-0.197014926,0.2,0.2
0.9706,29.8507463,30,-0.197014926,0.2,0.2
0.9707,29.8507463,30,-0.197014926,0.2,0.2
0.9708,29.8507463,30,-0.197014926,0.2,0.2
0.9709,29.8507463,30,-0.197014926,0.2,0.2
0.971,29.8507463,30,-0.197014926,0.2,0.2
0.9711,29.8507463,30,-0.197014926,0.2,0.2
0.9712,29.8507463,30,-0.197014926,0.2,0.2
0.9713,29.8507463,30,-0.197014926,0.2,0.2
0.9714,29.8507463,30,-0.197014926,0.2,0.2
0.9715,29.8507463,30,-0.197014926,0.2,0.2
0.9716,29.8507463,30,-0.197014926,0.2,0.2
0.9717,29.8507463,30,-0.197014926,0.2,0.2
0.9718,29.8507463,30,-0.197014926,0.2,0.2
0.9719,29.8507463,30,-0.197014926,0.2,0.2
0.972,29.8507463,30,-0.197014926,0.2,0.2
0.9721,29.8507463,30,-0.197014926,0.2,0.2
0.9722,29.8507463,30,-0.197014926,0.2,0.2
0.9723,29.8507463,30,-0.197014926,0.2,0.2
0.9724,29.8507463,30,-0.197014926,0.2,0.2
0.9725,29.8507463,30,-0.197014926,0.2,0.2
0.9726,29.8507463,30,-0.197014926,0.2,0.2
0.9727,29.8507463,30,-0.197014926,0.2,0.2
0.9728,29.8507463,30,-0.197014926,0.2,0.2
0.9729,29.8507463,30,-0.197014926,0.2,0.2
0.973,29.8507463,30,-0.197014926,0.2,0.2
0.9731,29.8507463,30,-0.197014926,0.2,0.2
0.9732,29.8507463,30,-0.197014926,0.2,0.2
0.9733,29.8507463,30,-0.197014926,0.2,0.2
0.9734,29.8507463,30,-0.197014926,0.2,0.2
0.9735,29.8507463,30,-0.197014926,0.2,0.2
0.9736,29.8507463,30,-0.197014926,0.2,0.2
0.9737,29.8507463,30,-0.197014926,0.2,0.2
0.9738,29.8507463,30,-0.197014926,0.2,0.2
0.9739,29.8507463,30,-0.197014926,0.2,0.2
0.974,29.8507463,30,-0.197014926,0.2,0.2
0.9741,29.8507463,30,-0.197014926,0.2,0.2
0.9742,29.8507463,30,-0.197014926,0.2,0.2
0.9743,29.8507463,30,-0.197014926,0.2,0.2
0.9744,29.8507463,30,-0.197014926,0.2,0.2
0.9745,29.8507463,30,-0.197014926,0.2,0.2
0.9746,29.8507463,30,-0.197014926,0.2,0.2
0.9747,29.8507463,30,-0.197014926,0.2,0.2
0.9748,29.8507463,30,-0.197014926,0.2,0.2
0.9749,29.8507463,30,-0.197014926,0.2,0.2
0.975,29.8507463,30,-0.197014926,0.2,0.2
0.9751,29.8507463,30,-0.197014926,0.2,0.2
0.9752,29.8507463,30,-0.197014926,0.2,0.2
0.9753,29.8507463,30,-0.197014926,0.2,0.2
0.9754,29.8507463,30,-0.197014926,0.2,0.2
0.9755,29.8507463,30,-0.197014926,0.2,0.2
0.9756,29.8507463,30,-0.197014926,0.2,0.2
0.9757,29.8507463,30,-0.197014926,0.2,0.2
0.9758,29.8507463,30,-0.197014926,0.2,0.2
0.9759,29.8507463,30,-0.197014926,0.2,0.2
0.976,29.8507463,30,-0.197014926,0.2,0.2
0.9761,29.8507463,30,-0.197014926,0.2,0.2
0.9762,29.8507463,30,-0.197014926,0.2,0.2
0.9763,29.8507463,30,-0.197014926,0.2,0.2
0.9764,29.8507463,30,-0.197014926,0.2,0.2
0.9765,29.8507463,30,-0.197014926,0.2,0.2
0.9766,29.8507463,30,-0.197014926,0.2,0.2
0.9767,29.8507463,30,-0.197014926,0.2,0.2
0.9768,29.8507463,30,-0.197014926,0.2,0.2
0.9769,29.8507463,30,-0.197014926,0.2,0.2
0.977,29.8507463,30,-0.197014926,0.2,0.2
0.9771,29.8507463,30,-0.197014926,0.2,0.2
0.9772,29.8507463,30,-0.197014926,0.2,0.2
0.9773,29.8507463,30,-0.197014926,0.2,0.2
0.9774,29.8507463,30,-0.197014926,0.2,0.2
0.9775,29.8507463,30,-0.197014926,0.2,0.2
0.9776,29.8507463,30,-0.197014926,0.2,0.2
0.9777,29.8507463,30,-0.197014926,0.2,0.2
0.9778,29.8507463,30,-0.197014926,0.2,0.2
0.9779,29.8507463,30,-0.197014926,0.2,0.2
0.978,29.8507463,30,-0.197014926,0.2,0.2
0.9781,29.8507463,30,-0.197014926,0.2,0.2
0.9782,29.8507463,30,-0.197014926,0.2,0.2
0.9783,29.8507463,30,-0.197014926,0.2,0.2
0.9784,29.8507463,30,-0.197014926,0.2,0.2
0.9785,29.8507463,30,-0.197014926,0.2,0.2
0.9786,29.8507463,30,-0.197014926,0.2,0.2
0.9787,29.8507463,30,-0.197014926,0.2,0.2
0.9788,29.8507463,30,-0.197014926,0.2,0.2
0.9789,29.8507463,30,-0.197014926,0.2,0.2
0.979,29.8507463,30,-0.197014926,0.2,0.2
0.9791,29.8507463,30,-0.197014926,0.2,0.2
0.9792,29.8507463,30,-0.197014926,0.2,0.2
0.9793,29.8507463,30,-0.197014926,0.2,0.2
0.9794,29.8507463,30,-0.197014926,0.2,0.2
0.9795,29.8507463,30,-0.197014926,0.2,0.2
0.9796,29.8507463,30,-0.197014926,0.2,0.2
0.9797,29.8507463,30,-0.197014926,0.2,0.2
0.9798,29.8507463,30,-0.197014926,0.2,0.2
0.9799,29.8507463,30,-0.197014926,0.2,0.2
0.98,29.8507463,30,-0.197014926,0.2,0.2
0.9801,29.8507463,30,-0.197014926,0.2,0.2
0.9802,29.8507463,30,-0.197014926,0.2,0.2
0.9803,29.8507463,30,-0.197014926,0.2,0.2
0.9804,29.8507463,30,-0.197014926,0.2,0.2
0.9805,29.8507463,30,-0.197014926,0.2,0.2
0.9806,29.8507463,30,-0.197014926,0.2,0.2
0.9807,29.8507463,30,-0.197014926,0.2,0.2
0.9808,29.8507463,30,-0.197014926,0.2,0.2
0.9809,29.8507463,30,-0.197014926,0.2,0.2
0.981,29.8507463,30,-0.197014926,0.2,0.2
0.9811,29.8507463,30,-0.197014926,0.2,0.2
0.9812,29.8507463,30,-0.197014926,0.2,0.2
0.9813,29.8507463,30,-0.197014926,0.2,0.2
0.9814,29.8507463,30,-0.197014926,0.2,0.2
0.9815,29.8507463,30,-0.197014926,0.2,0.2
0.9816,29.8507463,30,-0.197014926,0.2,0.2
0.9817,29.8507463,30,-0.197014926,0.2,0.2
0.9818,29.8507463,30,-0.197014926,0.2,0.2
0.9819,29.8507463,30,-0.197014926,0.2,0.2
0.982,29.8507463,30,-0.197014926,0.2,0.2
0.9821,29.8507463,30,-0.197014926,0.2,0.2
0.9822,29.8507463,30,-0.197014926,0.2,0.2
0.9823,29.8507463,30,-0.197014926,0.2,0.2
0.9824,29.8507463,30,-0.197014926,0.2,0.2
0.9825,29.8507463,30,-0.197014926,0.2,0.2
0.9826,29.8507463,30,-0.197014926,0.2,0.2
0.9827,29.8507463,30,-0.197014926,0.2,0.2
0.9828,29.8507463,30,-0.197014926,0.2,0.2
0.9829,29.8507463,30,-0.197014926,0.2,0.2
0.983,29.8507463,30,-0.197014926,0.2,0.2
0.9831,29.8507463,30,-0.197014926,0.2,0.2
0.9832,29.8507463,30,-0.197014926,0.2,0.2
0.9833,29.8507463,30,-0.197014926,0.2,0.2
0.9834,29.8507463,30,-0.197014926,0.2,0.2
0.9835,29.8507463,30,-0.197014926,0.2,0.2
0.9836,29.8507463,30,-0.197014926,0.2,0.2
0.9837,29.8507463,30,-0.197014926,0.2,0.2
0.9838,29.8507463,30,-0.197014926,0.2,0.2
0.9839,29.8507463,30,-0.197014926,0.2,0.2
0.984,29.8507463,30,-0.197014926,0.2,0.2
0.9841,29.8507463,30,-0.197014926,0.2,0.2
0.9842,29.8507463,30,-0.197014926,0.2,0.2
0.9843,29.8507463,30,-0.197014926,0.2,0.2
0.9844,29.8507463,30,-0.197014926,0.2,0.2
0.9845,29.8507463,30,-0.197014926,0.2,0.2
0.9846,29.8507463,30,-0.197014926,0.2,0.2
0.9847,29.8507463,30,-0.197014926,0.2,0.2
0.9848,29.8507463,30,-0.197014926,0.2,0.2
0.9849,29.8507463,30,-0.197014926,0.2,0.2
0.985,29.8507463,30,-0.197014926,0.2,0.2
0.9851,29.8507463,30,-0.197014926,0.2,0.2
0.9852,29.8507463,30,-0.197014926,0.2,0.2
0.9853,29.8507463,30,-0.197014926,0.2,0.2
0.9854,29.8507463,30,-0.197014926,0.2,0.2
0.9855,29.8507463,30,-0.197014926,0.2,0.2
0.9856,29.8507463,30,-0.197014926,0.2,0.2
0.9857,29.8507463,30,-0.197014926,0.2,0.2
0.9858,29.8507463,30,-0.197014926,0.2,0.2
0.9859,29.8507463,30,-0.197014926,0.2,0.2
0.986,29.8507463,30,-0.197014926,0.2,0.2
0.9861,29.8507463,30,-0.197014926,0.2,0.2
0.9862,29.8507463,30,-0.197014926,0.2,0.2
0.9863,29.8507463,30,-0.197014926,0.2,0.2
0.9864,29.8507463,30,-0.197014926,0.2,0.2
0.9865,29.8507463,30,-0.197014926,0.2,0.2
0.9866,29.8507463,30,-0.197014926,0.2,0.2
0.9867,29.8507463,30,-0.197014926,0.2,0.2
0.9868,29.8507463,30,-0.197014926,0.2,0.2
0.9869,29.8507463,30,-0.197014926,0.2,0.2
0.987,29.8507463,30,-0.197014926,0.2,0.2
0.9871,29.8507463,30,-0.197014926,0.2,0.2
0.9872,29.8507463,30,-0.197014926,0.2,0.2
0.9873,29.8507463,30,-0.197014926,0.2,0.2
0.9874,29.8507463,30,-0.197014926,0.2,0.2
0.9875,29.8507463,30,-0.197014926,0.2,0.2
0.9876,29.8507463,30,-0.197014926,0.2,0.2
0.9877,29.8507463,30,-0.197014926,0.2,0.2
0.9878,29.8507463,30,-0.197014926,0.2,0.2
0.9879,29.8507463,30,-0.197014926,0.2,0.2
0.988,29.8507463,30,-0.197014926,0.2,0.2
0.9881,29.8507463,30,-0.197014926,0.2,0.2
0.9882,29.8507463,30,-0.197014926,0.2,0.2
0.9883,29.8507463,30,-0.197014926,0.2,0.2
0.9884,29.8507463,30,-0.197014926,0.2,0.2
0.9885,29.8507463,30,-0.197014926,0.2,0.2
0.9886,29.8507463,30,-0.197014926,0.2,0.2
0.9887,29.8507463,30,-0.197014926,0.2,0.2
0.9888,29.8507463,30,-0.197014926,0.2,0.2
0.9889,29.8507463,30,-0.197014926,0.2,0.2
0.989,29.8507463,30,-0.197014926,0.2,0.2
0.9891,29.8507463,30,-0.197014926,0.2,0.2
0.9892,29.8507463,30,-0.197014926,0.2,0.2
0.9893,29.8507463,30,-0.197014926,0.2,0.2
0.9894,29.8507463,30,-0.197014926,0.2,0.2
0.9895,29.8507463,30,-0.197014926,0.2,0.2
0.9896,29.8507463,30,-0.197014926,0.2,0.2
0.9897,29.8507463,30,-0.197014926,0.2,0.2
0.9898,29.8507463,30,-0.197014926,0.2,0.2
0.9899,29.8507463,30,-0.197014926,0.2,0.2
0.99,29.8507463,30,-0.197014926,0.2,0.2
0.9901,29.8507463,30,-0.197014926,0.2,0.2
0.9902,29.8507463,30,-0.197014926,0.2,0.2
0.9903,29.8507463,30,-0.197014926,0.2,0.2
0.9904,29.8507463,30,-0.197014926,0.2,0.2
0.9905,29.8507463,30,-0.197014926,0.2,0.2
0.9906,29.8507463,30,-0.197014926,0.2,0.2
0.9907,29.8507463,30,-0.197014926,0.2,0.2
0.9908,29.8507463,30,-0.197014926,0.2,0.2
0.9909,29.8507463,30,-0.197014926,0.2,0.2
0.991,29.8507463,30,-0.197014926,0.2,0.2
0.9911,29.8507463,30,-0.197014926,0.2,0.2
0.9912,29.8507463,30,-0.197014926,0.2,0.2
0.9913,29.8507463,30,-0.197014926,0.2,0.2
0.9914,29.8507463,30,-0.197014926,0.2,0.2
0.9915,29.8507463,30,-0.197014926,0.2,0.2
0.9916,29.8507463,30,-0.197014926,0.2,0.2
0.9917,29.8507463,30,-0.197014926,0.2,0.2
0.9918,29.8507463,30,-0.197014926,0.2,0.2
0.9919,29.8507463,30,-0.197014926,0.2,0.2
0.992,29.8507463,30,-0.197014926,0.2,0.2
0.9921,29.8507463,30,-0.197014926,0.2,0.2
0.9922,29.8507463,30,-0.197014926,0.2,0.2
0.9923,29.8507463,30,-0.197014926,0.2,0.2
0.9924,29.8507463,30,-0.197014926,0.2,0.2
0.9925,29.8507463,30,-0.197014926,0.2,0.2
0.9926,29.8507463,30,-0.197014926,0.2,0.2
0.9927,29.8507463,30,-0.197014926,0.2,0.2
0.9928,29.8507463,30,-0.197014926,0.2,0.2
0.9929,29.8507463,30,-0.197014926,0.2,0.2
0.993,29.8507463,30,-0.197014926,0.2,0.2
0.9931,29.8507463,30,-0.197014926,0.2,0.2
0.9932,29.8507463,30,-0.197014926,0.2,0.2
0.9933,29.8507463,30,-0.197014926,0.2,0.2
0.9934,29.8507463,30,-0.197014926,0.2,0.2
0.9935,29.8507463,30,-0.197014926,0.2,0.2
0.9936,29.8507463,30,-0.197014926,0.2,0.2
0.9937,29.8507463,30,-0.197014926,0.2,0.2
0.9938,29.8507463,30,-0.197014926,0.2,0.2
0.9939,29.8507463,30,-0.197014926,0.2,0.2
0.994,29.8507463,30,-0.197014926,0.2,0.2
0.9941,29.8507463,30,-0.197014926,0.2,0.2
0.9942,29.8507463,30,-0.197014926,0.2,0.2
0.9943,29.8507463,30,-0.197014926,0.2,0.2
0.9944,29.8507463,30,-0.197014926,0.2,0.2
0.9945,29.8507463,30,-0.197014926,0.2,0.2
0.9946,29.8507463,30,-0.197014926,0.2,0.2
0.9947,29.8507463,30,-0.197014926,0.2,0.2
0.9948,29.8507463,30,-0.197014926,0.2,0.2
0.9949,29.8507463,30,-0.197014926,0.2,0.2
0.995,29.8507463,30,-0.197014926,0.2,0.2
0.9951,29.8507463,30,-0.197014926,0.2,0.2
0.9952,29.8507463,30,-0.197014926,0.2,0.2
0.9953,29.8507463,30,-0.197014926,0.2,0.2
0.9954,29.8507463,30,-0.197014926,0.2,0.2
0.9955,29.8507463,30,-0.197014926,0.2,0.2
0.9956,29.8507463,30,-0.197014926,0.2,0.2
0.9957,29.8507463,30,-0.197014926,0.2,0.2
0.9958,29.8507463,30,-0.197014926,0.2,0.2
0.9959,29.8507463,30,-0.197014926,0.2,0.2
0.996,29.8507463,30,-0.197014926,0.2,0.2
0.9961,29.8507463,30,-0.197014926,0.2,0.2
0.9962,29.8507463,30,-0.197014926,0.2,0.2
0.9963,29.8507463,30,-0.197014926,0.2,0.2
0.9964,29.8507463,30,-0.197014926,0.2,0.2
0.9965,29.8507463,30,-0.197014926,0.2,0.2
0.9966,29.8507463,30,-0.197014926,0.2,0.2
0.9967,29.8507463,30,-0.197014926,0.2,0.2
0.9968,29.8507463,30,-0.197014926,0.2,0.2
0.9969,29.8507463,30,-0.197014926,0.2,0.2
0.997,29.8507463,30,-0.197014926,0.2,0.2
0.9971,29.8507463,30,-0.197014926,0.2,0.2
0.9972,29.8507463,30,-0.197014926,0.2,0.2
0.9973,29.8507463,30,-0.197014926,0.2,0.2
0.9974,29.8507463,30,-0.197014926,0.2,0.2
0.9975,29.8507463,30,-0.197014926,0.2,0.2
0.9976,29.8507463,30,-0.197014926,0.2,0.2
0.9977,29.8507463,30,-0.197014926,0.2,0.2
0.9978,29.8507463,30,-0.197014926,0.2,0.2
0.9979,29.8507463,30,-0.197014926,0.2,0.2
0.998,29.8507463,30,-0.197014926,0.2,0.2
0.9981,29.8507463,30,-0.197014926,0.2,0.2
0.9982,29.8507463,30,-0.197014926,0.2,0.2
0.9983,29.8507463,30,-0.197014926,0.2,0.2
0.9984,29.8507463,30,-0.197014926,0.2,0.2
0.9985,29.8507463,30,-0.197014926,0.2,0.2
0.9986,29.8507463,30,-0.197014926,0.2,0.2
0.9987,29.8507463,30,-0.197014926,0.2,0.2
0.9988,29.8507463,30,-0.197014926,0.2,0.2
0.9989,29.8507463,30,-0.197014926,0.2,0.2
0.999,29.8507463,30,-0.197014926,0.2,0.2
0.9991,29.8507463,30,-0.197014925,0.2,0.2
0.9992,29.8507463,30,-0.197014925,0.2,0.2
0.9993,29.8507463,30,-0.197014925,0.2,0.2
0.9994,29.8507463,30,-0.197014925,0.2,0.2
0.9995,29.8507463,30,-0.197014925,0.2,0.2
0.9996,29.8507463,30,-0.197014925,0.2,0.2
0.9997,29.8507463,30,-0.197014925,0.2,0.2
0.9998,29.8507463,30,-0.197014925,0.2,0.2
0.9999,29.8507463,30,-0.197014925,0.2,0.2
1,29.8507463,30,-0.197014925,0.2,0.2
