t,omega_true,omega_ref,tau_cmd,d_hat,d_true
0,0,50,0,0,0
0.0001,0.199998,50,1,-0.0909090909,0
0.0002,0.399992,50,1,-0.0909090909,0
0.0003,0.599982,50,1,-0.0909090909,0
0.0004,0.799968001,50,1,-0.0909090909,0
0.0005,0.999950002,50,1,-0.0909090909,0
0.0006,1.199928,50,1,-0.0909090909,0
0.0007,1.399902,50,1,-0.0909090909,0
0.0008,1.59987201,50,1,-0.0909090909,0
0.0009,1.79983801,50,1,-0.0909090909,0
0.001,1.99980001,50,1,-0.0909090909,0
0.0011,2.20994053,50,1.05091309,-0.169908629,0
0.0012,2.42007685,50,1.05091309,-0.169908629,0
0.0013,2.63020897,50,1.05091309,-0.169908629,0
0.0014,2.84033688,50,1.05091309,-0.169908629,0
0.0015,3.05046059,50,1.05091309,-0.169908629,0
0.0016,3.2605801,50,1.05091309,-0.169908629,0
0.0017,3.4706954,50,1.05091309,-0.169908629,0
0.0018,3.68080651,50,1.05091309,-0.169908629,0
0.0019,3.89091341,50,1.05091309,-0.169908629,0
0.002,4.10101611,50,1.05091309,-0.169908629,0
0.0021,4.31850957,50,1.08788831,-0.237887358,0
0.0022,4.53599869,50,1.08788831,-0.237887358,0
0.0023,4.75348346,50,1.08788831,-0.237887358,0
0.0024,4.97096387,50,1.08788831,-0.237887358,0
0.0025,5.18843994,50,1.08788831,-0.237887358,0
0.0026,5.40591166,50,1.08788831,-0.237887358,0
0.0027,5.62337903,50,1.08788831,-0.237887358,0
0.0028,5.84084205,50,1.08788831,-0.237887358,0
0.0029,6.05830072,50,1.08788831,-0.237887358,0
0.003,6.27575504,50,1.08788831,-0.237887358,0
0.0031,6.49810175,50,1.11237226,-0.295712695,0
0.0032,6.72044401,50,1.11237226,-0.295712695,0
0.0033,6.94278183,50,1.11237226,-0.295712695,0
0.0034,7.16511521,50,1.11237226,-0.295712695,0
0.0035,7.38744413,50,1.11237226,-0.295712695,0
0.0036,7.60976861,50,1.11237226,-0.295712695,0
0.0037,7.83208864,50,1.11237226,-0.295712695,0
0.0038,8.05440423,50,1.11237226,-0.295712695,0
0.0039,8.27671537,50,1.11237226,-0.295712695,0
0.004,8.49902206,50,1.11237226,-0.295712695,0
0.0041,8.72399629,50,1.12573225,-0.344218888,0
0.0042,8.94896601,50,1.12573225,-0.344218888,0
0.0043,9.17393123,50,1.12573225,-0.344218888,0
0.0044,9.39889195,50,1.12573225,-0.344218888,0
0.0045,9.62384817,50,1.12573225,-0.344218888,0
0.0046,9.8487999,50,1.12573225,-0.344218888,0
0.0047,10.0737471,50,1.12573225,-0.344218888,0
0.0048,10.2986898,50,1.12573225,-0.344218888,0
0.0049,10.5236281,50,1.12573225,-0.344218888,0
0.005,10.7485618,50,1.12573225,-0.344218888,0
0.0051,10.9741941,50,1.12924765,-0.384205025,0
0.0052,11.1998219,50,1.12924765,-0.384205025,0
0.0053,11.4254452,50,1.12924765,-0.384205025,0
0.0054,11.6510639,50,1.12924765,-0.384205025,0
0.0055,11.8766782,50,1.12924765,-0.384205025,0
0.0056,12.1022879,50,1.12924765,-0.384205025,0
0.0057,12.3278932,50,1.12924765,-0.384205025,0
0.0058,12.5534939,50,1.12924765,-0.384205025,0
0.0059,12.7790901,50,1.12924765,-0.384205025,0
0.006,13.0046818,50,1.12924765,-0.384205025,0
0.0061,13.2292417,50,1.12411139,-0.416433541,0
0.0062,13.4537972,50,1.12411139,-0.416433541,0
0.0063,13.6783481,50,1.12411139,-0.416433541,0
0.0064,13.9028946,50,1.12411139,-0.416433541,0
0.0065,14.1274366,50,1.12411139,-0.416433541,0
0.0066,14.351974,50,1.12411139,-0.416433541,0
0.0067,14.576507,50,1.12411139,-0.416433541,0
0.0068,14.8010355,50,1.12411139,-0.416433541,0
0.0069,15.0255596,50,1.12411139,-0.416433541,0
0.007,15.2500791,50,1.12411139,-0.416433541,0
0.0071,15.4720582,50,1.11143196,-0.44162919,0
0.0072,15.694033,50,1.11143196,-0.44162919,0
0.0073,15.9160033,50,1.11143196,-0.44162919,0
0.0074,16.1379691,50,1.11143196,-0.44162919,0
0.0075,16.3599305,50,1.11143196,-0.44162919,0
0.0076,16.5818875,50,1.11143196,-0.44162919,0
0.0077,16.80384,50,1.11143196,-0.44162919,0
0.0078,17.0257881,50,1.11143196,-0.44162919,0
0.0079,17.2477318,50,1.11143196,-0.44162919,0
0.008,17.469671,50,1.11143196,-0.44162919,0
0.0081,17.6877666,50,1.09223577,-0.460478409,0
0.0082,17.9058578,50,1.09223577,-0.460478409,0
0.0083,18.1239447,50,1.09223577,-0.460478409,0
0.0084,18.3420272,50,1.09223577,-0.460478409,0
0.0085,18.5601053,50,1.09223577,-0.460478409,0
0.0086,18.7781791,50,1.09223577,-0.460478409,0
0.0087,18.9962485,50,1.09223577,-0.460478409,0
0.0088,19.2143135,50,1.09223577,-0.460478409,0
0.0089,19.4323742,50,1.09223577,-0.460478409,0
0.009,19.6504305,50,1.09223577,-0.460478409,0
0.0091,19.8635294,50,1.0674698,-0.473629044,0
0.0092,20.0766239,50,1.0674698,-0.473629044,0
0.0093,20.2897142,50,1.0674698,-0.473629044,0
0.0094,20.5028002,50,1.0674698,-0.473629044,0
0.0095,20.715882,50,1.0674698,-0.473629044,0
0.0096,20.9289595,50,1.0674698,-0.473629044,0
0.0097,21.1420328,50,1.0674698,-0.473629044,0
0.0098,21.3551018,50,1.0674698,-0.473629044,0
0.0099,21.5681665,50,1.0674698,-0.473629044,0
0.01,21.781227,50,1.0674698,-0.473629044,0
0.0101,21.9883902,50,1.0380045,-0.481690392,0
0.0102,22.1955492,50,1.0380045,-0.481690392,0
0.0103,22.4027041,50,1.0380045,-0.481690392,0
0.0104,22.6098549,50,1.0380045,-0.481690392,0
0.0105,22.8170015,50,1.0380045,-0.481690392,0
0.0106,23.024144,50,1.0380045,-0.481690392,0
0.0107,23.2312824,50,1.0380045,-0.481690392,0
0.0108,23.4384166,50,1.0380045,-0.481690392,0
0.0109,23.6455466,50,1.0380045,-0.481690392,0
0.011,23.8526726,50,1.0380045,-0.481690392,0
0.0111,24.0531209,50,1.00463694,-0.485233526,0
0.0112,24.2535652,50,1.00463694,-0.485233526,0
0.0113,24.4540055,50,1.00463694,-0.485233526,0
0.0114,24.6544418,50,1.00463694,-0.485233526,0
0.0115,24.8548741,50,1.00463694,-0.485233526,0
0.0116,25.0553024,50,1.00463694,-0.485233526,0
0.0117,25.2557267,50,1.00463694,-0.485233526,0
0.0118,25.456147,50,1.00463694,-0.485233526,0
0.0119,25.6565632,50,1.00463694,-0.485233526,0
0.012,25.8569755,50,1.00463694,-0.485233526,0
0.0121,26.0500752,50,0.968094016,-0.484791842,0
0.0122,26.2431711,50,0.968094016,-0.484791842,0
0.0123,26.4362631,50,0.968094016,-0.484791842,0
0.0124,26.6293512,50,0.968094016,-0.484791842,0
0.0125,26.8224355,50,0.968094016,-0.484791842,0
0.0126,27.0155159,50,0.968094016,-0.484791842,0
0.0127,27.2085925,50,0.968094016,-0.484791842,0
0.0128,27.4016652,50,0.968094016,-0.484791842,0
0.0129,27.594734,50,0.968094016,-0.484791842,0
0.013,27.787799,50,0.968094016,-0.484791842,0
0.0131,27.9730486,50,0.929035862,-0.480861837,0
0.0132,28.1582944,50,0.929035862,-0.480861837,0
0.0133,28.3435366,50,0.929035862,-0.480861837,0
0.0134,28.5287751,50,0.929035862,-0.480861837,0
0.0135,28.7140098,50,0.929035862,-0.480861837,0
0.0136,28.8992408,50,0.929035862,-0.480861837,0
0.0137,29.0844682,50,0.929035862,-0.480861837,0
0.0138,29.2696918,50,0.929035862,-0.480861837,0
0.0139,29.4549117,50,0.929035862,-0.480861837,0
0.014,29.640128,50,0.929035862,-0.480861837,0
0.0141,29.8171452,50,0.888059278,-0.473904038,0
0.0142,29.994159,50,0.888059278,-0.473904038,0
0.0143,30.1711692,50,0.888059278,-0.473904038,0
0.0144,30.3481758,50,0.888059278,-0.473904038,0
0.0145,30.525179,50,0.888059278,-0.473904038,0
0.0146,30.7021785,50,0.888059278,-0.473904038,0
0.0147,30.8791746,50,0.888059278,-0.473904038,0
0.0148,31.0561671,50,0.888059278,-0.473904038,0
0.0149,31.2331561,50,0.888059278,-0.473904038,0
0.015,31.4101415,50,0.888059278,-0.473904038,0
0.0151,31.5786518,50,0.845701209,-0.464344095,0
0.0152,31.7471588,50,0.845701209,-0.464344095,0
0.0153,31.9156624,50,0.845701209,-0.464344095,0
0.0154,32.0841627,50,0.845701209,-0.464344095,0
0.0155,32.2526595,50,0.845701209,-0.464344095,0
0.0156,32.421153,50,0.845701209,-0.464344095,0
0.0157,32.5896432,50,0.845701209,-0.464344095,0
0.0158,32.7581299,50,0.845701209,-0.464344095,0
0.0159,32.9266133,50,0.845701209,-0.464344095,0
0.016,33.0950934,50,0.845701209,-0.464344095,0
0.0161,33.2549183,50,0.802442227,-0.452573984,0
0.0162,33.4147401,50,0.802442227,-0.452573984,0
0.0163,33.5745586,50,0.802442227,-0.452573984,0
0.0164,33.734374,50,0.802442227,-0.452573984,0
0.0165,33.8941861,50,0.802442227,-0.452573984,0
0.0166,34.0539951,50,0.802442227,-0.452573984,0
0.0167,34.2138009,50,0.802442227,-0.452573984,0
0.0168,34.3736034,50,0.802442227,-0.452573984,0
0.0169,34.5334028,50,0.802442227,-0.452573984,0
0.017,34.693199,50,0.802442227,-0.452573984,0
0.0171,34.8442456,50,0.758710004,-0.438953313,0
0.0172,34.9952892,50,0.758710004,-0.438953313,0
0.0173,35.1463298,50,0.758710004,-0.438953313,0
0.0174,35.2973674,50,0.758710004,-0.438953313,0
0.0175,35.4484019,50,0.758710004,-0.438953313,0
0.0176,35.5994334,50,0.758710004,-0.438953313,0
0.0177,35.7504619,50,0.758710004,-0.438953313,0
0.0178,35.9014874,50,0.758710004,-0.438953313,0
0.0179,36.0525099,50,0.758710004,-0.438953313,0
0.018,36.2035293,50,0.758710004,-0.438953313,0
0.0181,36.3457804,50,0.714882727,-0.423810701,0
0.0182,36.4880286,50,0.714882727,-0.423810701,0
0.0183,36.6302739,50,0.714882727,-0.423810701,0
0.0184,36.7725165,50,0.714882727,-0.423810701,0
0.0185,36.9147561,50,0.714882727,-0.423810701,0
0.0186,37.056993,50,0.714882727,-0.423810701,0
0.0187,37.1992269,50,0.714882727,-0.423810701,0
0.0188,37.3414581,50,0.714882727,-0.423810701,0
0.0189,37.4836864,50,0.714882727,-0.423810701,0
0.019,37.6259118,50,0.714882727,-0.423810701,0
0.0191,37.7594165,50,0.671292465,-0.40744521,0
0.0192,37.8929184,50,0.671292465,-0.40744521,0
0.0193,38.0264177,50,0.671292465,-0.40744521,0
0.0194,38.1599144,50,0.671292465,-0.40744521,0
0.0195,38.2934083,50,0.671292465,-0.40744521,0
0.0196,38.4268996,50,0.671292465,-0.40744521,0
0.0197,38.5603882,50,0.671292465,-0.40744521,0
0.0198,38.6938742,50,0.671292465,-0.40744521,0
0.0199,38.8273575,50,0.671292465,-0.40744521,0
0.02,38.9608381,50,0.671292465,-0.40744521,0
0.0201,39.0857033,50,0.628228448,-0.390127818,0
0.0202,39.210566,50,0.628228448,-0.390127818,0
0.0203,39.3354262,50,0.628228448,-0.390127818,0
0.0204,39.460284,50,0.628228448,-0.390127818,0
0.0205,39.5851392,50,0.628228448,-0.390127818,0
0.0206,39.709992,50,0.628228448,-0.390127818,0
0.0207,39.8348422,50,0.628228448,-0.390127818,0
0.0208,39.9596899,50,0.628228448,-0.390127818,0
0.0209,40.0845352,50,0.628228448,-0.390127818,0
0.021,40.2093779,50,0.628228448,-0.390127818,0
0.0211,40.3257606,50,0.585940259,-0.372102919,0
0.0212,40.442141,50,0.585940259,-0.372102919,0
0.0213,40.5585191,50,0.585940259,-0.372102919,0
0.0214,40.6748948,50,0.585940259,-0.372102919,0
0.0215,40.7912682,50,0.585940259,-0.372102919,0
0.0216,40.9076392,50,0.585940259,-0.372102919,0
0.0217,41.024008,50,0.585940259,-0.372102919,0
0.0218,41.1403744,50,0.585940259,-0.372102919,0
0.0219,41.2567385,50,0.585940259,-0.372102919,0
0.022,41.3731002,50,0.585940259,-0.372102919,0
0.0221,41.4811998,50,0.544640915,-0.353589824,0
0.0222,41.5892973,50,0.544640915,-0.353589824,0
0.0223,41.6973926,50,0.544640915,-0.353589824,0
0.0224,41.8054858,50,0.544640915,-0.353589824,0
0.0225,41.9135768,50,0.544640915,-0.353589824,0
0.0226,42.0216656,50,0.544640915,-0.353589824,0
0.0227,42.1297523,50,0.544640915,-0.353589824,0
0.0228,42.2378368,50,0.544640915,-0.353589824,0
0.0229,42.3459191,50,0.544640915,-0.353589824,0
0.023,42.4539993,50,0.544640915,-0.353589824,0
0.0231,42.5540512,50,0.504509838,-0.334784264,0
0.0232,42.6541011,50,0.504509838,-0.334784264,0
0.0233,42.754149,50,0.504509838,-0.334784264,0
0.0234,42.8541949,50,0.504509838,-0.334784264,0
0.0235,42.9542387,50,0.504509838,-0.334784264,0
0.0236,43.0542806,50,0.504509838,-0.334784264,0
0.0237,43.1543205,50,0.504509838,-0.334784264,0
0.0238,43.2543584,50,0.504509838,-0.334784264,0
0.0239,43.3543943,50,0.504509838,-0.334784264,0
0.024,43.4544282,50,0.504509838,-0.334784264,0
0.0241,43.5466973,50,0.465695701,-0.315859878,0
0.0242,43.6389646,50,0.465695701,-0.315859878,0
0.0243,43.73123,50,0.465695701,-0.315859878,0
0.0244,43.8234936,50,0.465695701,-0.315859878,0
0.0245,43.9157553,50,0.465695701,-0.315859878,0
0.0246,44.0080152,50,0.465695701,-0.315859878,0
0.0247,44.1002733,50,0.465695701,-0.315859878,0
0.0248,44.1925295,50,0.465695701,-0.315859878,0
0.0249,44.2847839,50,0.465695701,-0.315859878,0
0.025,44.3770364,50,0.465695701,-0.315859878,0
0.0251,44.4618118,50,0.42831915,-0.29696968,0
0.0252,44.5465856,50,0.42831915,-0.29696968,0
0.0253,44.6313576,50,0.42831915,-0.29696968,0
0.0254,44.716128,50,0.42831915,-0.29696968,0
0.0255,44.8008967,50,0.42831915,-0.29696968,0
0.0256,44.8856636,50,0.42831915,-0.29696968,0
0.0257,44.9704289,50,0.42831915,-0.29696968,0
0.0258,45.0551925,50,0.42831915,-0.29696968,0
0.0259,45.1399543,50,0.42831915,-0.29696968,0
0.026,45.2247145,50,0.42831915,-0.29696968,0
0.0261,45.3023043,50,0.392475389,-0.278247493,0
0.0262,45.3798926,50,0.392475389,-0.278247493,0
0.0263,45.4574793,50,0.392475389,-0.278247493,0
0.0264,45.5350644,50,0.392475389,-0.278247493,0
0.0265,45.612648,50,0.392475389,-0.278247493,0
0.0266,45.6902301,50,0.392475389,-0.278247493,0
0.0267,45.7678106,50,0.392475389,-0.278247493,0
0.0268,45.8453895,50,0.392475389,-0.278247493,0
0.0269,45.9229669,50,0.392475389,-0.278247493,0
0.027,46.0005428,50,0.392475389,-0.278247493,0
0.0271,46.0712694,50,0.358236637,-0.259809347,0
0.0272,46.1419946,50,0.358236637,-0.259809347,0
0.0273,46.2127184,50,0.358236637,-0.259809347,0
0.0274,46.2834407,50,0.358236637,-0.259809347,0
0.0275,46.3541617,50,0.358236637,-0.259809347,0
0.0276,46.4248812,50,0.358236637,-0.259809347,0
0.0277,46.4955993,50,0.358236637,-0.259809347,0
0.0278,46.566316,50,0.358236637,-0.259809347,0
0.0279,46.6370313,50,0.358236637,-0.259809347,0
0.028,46.7077452,50,0.358236637,-0.259809347,0
0.0281,46.7719413,50,0.325654442,-0.241754832,0
0.0282,46.8361361,50,0.325654442,-0.241754832,0
0.0283,46.9003296,50,0.325654442,-0.241754832,0
0.0284,46.9645219,50,0.325654442,-0.241754832,0
0.0285,47.0287128,50,0.325654442,-0.241754832,0
0.0286,47.0929025,50,0.325654442,-0.241754832,0
0.0287,47.1570909,50,0.325654442,-0.241754832,0
0.0288,47.221278,50,0.325654442,-0.241754832,0
0.0289,47.2854638,50,0.325654442,-0.241754832,0
0.029,47.3496484,50,0.325654442,-0.241754832,0
0.0291,47.4076532,50,0.294761864,-0.224168407,0
0.0292,47.4656568,50,0.294761864,-0.224168407,0
0.0293,47.5236593,50,0.294761864,-0.224168407,0
0.0294,47.5816606,50,0.294761864,-0.224168407,0
0.0295,47.6396608,50,0.294761864,-0.224168407,0
0.0296,47.6976598,50,0.294761864,-0.224168407,0
0.0297,47.7556576,50,0.294761864,-0.224168407,0
0.0298,47.8136543,50,0.294761864,-0.224168407,0
0.0299,47.8716498,50,0.294761864,-0.224168407,0
0.03,47.9296442,50,0.294761864,-0.224168407,0
0.0301,47.9818002,50,0.265575524,-0.207120657,0
0.0302,48.0339551,50,0.265575524,-0.207120657,0
0.0303,48.086109,50,0.265575524,-0.207120657,0
0.0304,48.1382619,50,0.265575524,-0.207120657,0
0.0305,48.1904137,50,0.265575524,-0.207120657,0
0.0306,48.2425645,50,0.265575524,-0.207120657,0
0.0307,48.2947142,50,0.265575524,-0.207120657,0
0.0308,48.3468629,50,0.265575524,-0.207120657,0
0.0309,48.3990105,50,0.265575524,-0.207120657,0
0.031,48.4511571,50,0.265575524,-0.207120657,0
0.0311,48.4978071,50,0.238097514,-0.19066949,0
0.0312,48.5444562,50,0.238097514,-0.19066949,0
0.0313,48.5911044,50,0.238097514,-0.19066949,0
0.0314,48.6377516,50,0.238097514,-0.19066949,0
0.0315,48.6843979,50,0.238097514,-0.19066949,0
0.0316,48.7310432,50,0.238097514,-0.19066949,0
0.0317,48.7776876,50,0.238097514,-0.19066949,0
0.0318,48.8243311,50,0.238097514,-0.19066949,0
0.0319,48.8709737,50,0.238097514,-0.19066949,0
0.032,48.9176153,50,0.238097514,-0.19066949,0
0.0321,48.9590999,50,0.212317184,-0.174861287,0
0.0322,49.0005838,50,0.212317184,-0.174861287,0
0.0323,49.0420668,50,0.212317184,-0.174861287,0
0.0324,49.083549,50,0.212317184,-0.174861287,0
0.0325,49.1250303,50,0.212317184,-0.174861287,0
0.0326,49.1665109,50,0.212317184,-0.174861287,0
0.0327,49.2079905,50,0.212317184,-0.174861287,0
0.0328,49.2494694,50,0.212317184,-0.174861287,0
0.0329,49.2909474,50,0.212317184,-0.174861287,0
0.033,49.3324246,50,0.212317184,-0.174861287,0
0.0331,49.3690802,50,0.188212794,-0.159731989,0
0.0332,49.405735,50,0.188212794,-0.159731989,0
0.0333,49.4423891,50,0.188212794,-0.159731989,0
0.0334,49.4790424,50,0.188212794,-0.159731989,0
0.0335,49.515695,50,0.188212794,-0.159731989,0
0.0336,49.5523469,50,0.188212794,-0.159731989,0
0.0337,49.5889981,50,0.188212794,-0.159731989,0
0.0338,49.6256485,50,0.188212794,-0.159731989,0
0.0339,49.6622981,50,0.188212794,-0.159731989,0
0.034,49.6989471,50,0.188212794,-0.159731989,0
0.0341,49.7311034,50,0.165753047,-0.145308125,0
0.0342,49.7632591,50,0.165753047,-0.145308125,0
0.0343,49.7954141,50,0.165753047,-0.145308125,0
0.0344,49.8275685,50,0.165753047,-0.145308125,0
0.0345,49.8597222,50,0.165753047,-0.145308125,0
0.0346,49.8918753,50,0.165753047,-0.145308125,0
0.0347,49.9240277,50,0.165753047,-0.145308125,0
0.0348,49.9561796,50,0.165753047,-0.145308125,0
0.0349,49.9883307,50,0.165753047,-0.145308125,0
0.035,50.0204812,50,0.165753047,-0.145308125,0
0.0351,50.0484603,50,0.1448985,-0.131607787,0
0.0352,50.0764387,50,0.1448985,-0.131607787,0
0.0353,50.1044166,50,0.1448985,-0.131607787,0
0.0354,50.1323939,50,0.1448985,-0.131607787,0
0.0355,50.1603707,50,0.1448985,-0.131607787,0
0.0356,50.1883469,50,0.1448985,-0.131607787,0
0.0357,50.2163226,50,0.1448985,-0.131607787,0
0.0358,50.2442977,50,0.1448985,-0.131607787,0
0.0359,50.2722722,50,0.1448985,-0.131607787,0
0.036,50.3002462,50,0.1448985,-0.131607787,0
0.0361,50.3243605,50,0.125602863,-0.118641537,0
0.0362,50.3484743,50,0.125602863,-0.118641537,0
0.0363,50.3725877,50,0.125602863,-0.118641537,0
0.0364,50.3967006,50,0.125602863,-0.118641537,0
0.0365,50.420813,50,0.125602863,-0.118641537,0
0.0366,50.4449249,50,0.125602863,-0.118641537,0
0.0367,50.4690363,50,0.125602863,-0.118641537,0
0.0368,50.4931473,50,0.125602863,-0.118641537,0
0.0369,50.5172577,50,0.125602863,-0.118641537,0
0.037,50.5413677,50,0.125602863,-0.118641537,0
0.0371,50.5619195,50,0.107814183,-0.106413267,0
0.0372,50.5824709,50,0.107814183,-0.106413267,0
0.0373,50.6030219,50,0.107814183,-0.106413267,0
0.0374,50.6235725,50,0.107814183,-0.106413267,0
0.0375,50.6441226,50,0.107814183,-0.106413267,0
0.0376,50.6646724,50,0.107814183,-0.106413267,0
0.0377,50.6852217,50,0.107814183,-0.106413267,0
0.0378,50.7057707,50,0.107814183,-0.106413267,0
0.0379,50.7263192,50,0.107814183,-0.106413267,0
0.038,50.7468673,50,0.107814183,-0.106413267,0
0.0381,50.7641473,50,0.0914759215,-0.0949209921,0
0.0382,50.7814271,50,0.0914759215,-0.0949209921,0
0.0383,50.7987065,50,0.0914759215,-0.0949209921,0
0.0384,50.8159855,50,0.0914759215,-0.0949209921,0
0.0385,50.8332642,50,0.0914759215,-0.0949209921,0
0.0386,50.8505425,50,0.0914759215,-0.0949209921,0
0.0387,50.8678205,50,0.0914759215,-0.0949209921,0
0.0388,50.8850982,50,0.0914759215,-0.0949209921,0
0.0389,50.9023755,50,0.0914759215,-0.0949209921,0
0.039,50.9196525,50,0.0914759215,-0.0949209921,0
0.0391,50.9339395,50,0.0765279428,-0.0841575951,0
0.0392,50.9482263,50,0.0765279428,-0.0841575951,0
0.0393,50.9625128,50,0.0765279428,-0.0841575951,0
0.0394,50.976799,50,0.0765279428,-0.0841575951,0
0.0395,50.9910849,50,0.0765279428,-0.0841575951,0
0.0396,51.0053705,50,0.0765279428,-0.0841575951,0
0.0397,51.0196558,50,0.0765279428,-0.0841575951,0
0.0398,51.0339409,50,0.0765279428,-0.0841575951,0
0.0399,51.0482257,50,0.0765279428,-0.0841575951,0
0.04,51.0625101,50,0.0765279428,-0.0841575951,0
0.0401,51.0740702,50,0.0629073924,-0.0741115127,0
0.0402,51.0856301,50,0.0629073924,-0.0741115127,0
0.0403,51.0971898,50,0.0629073924,-0.0741115127,0
0.0404,51.1087492,50,0.0629073924,-0.0741115127,0
0.0405,51.1203084,50,0.0629073924,-0.0741115127,0
0.0406,51.1318673,50,0.0629073924,-0.0741115127,0
0.0407,51.1434261,50,0.0629073924,-0.0741115127,0
0.0408,51.1549846,50,0.0629073924,-0.0741115127,0
0.0409,51.1665428,50,0.0629073924,-0.0741115127,0
0.041,51.1781009,50,0.0629073924,-0.0741115127,0
0.0411,51.1871871,50,0.0505494957,-0.0647673709,0
0.0412,51.1962732,50,0.0505494957,-0.0647673709,0
0.0413,51.205359,50,0.0505494957,-0.0647673709,0
0.0414,51.2144447,50,0.0505494957,-0.0647673709,0
0.0415,51.2235303,50,0.0505494957,-0.0647673709,0
0.0416,51.2326156,50,0.0505494957,-0.0647673709,0
0.0417,51.2417008,50,0.0505494957,-0.0647673709,0
0.0418,51.2507857,50,0.0505494957,-0.0647673709,0
0.0419,51.2598705,50,0.0505494957,-0.0647673709,0
0.042,51.2689551,50,0.0505494957,-0.0647673709,0
0.0421,51.2758073,50,0.0393882681,-0.0561065685,0
0.0422,51.2826594,50,0.0393882681,-0.0561065685,0
0.0423,51.2895113,50,0.0393882681,-0.0561065685,0
0.0424,51.2963631,50,0.0393882681,-0.0561065685,0
0.0425,51.3032148,50,0.0393882681,-0.0561065685,0
0.0426,51.3100663,50,0.0393882681,-0.0561065685,0
0.0427,51.3169177,50,0.0393882681,-0.0561065685,0
0.0428,51.323769,50,0.0393882681,-0.0561065685,0
0.0429,51.3306201,50,0.0393882681,-0.0561065685,0
0.043,51.337471,50,0.0393882681,-0.0561065685,0
0.0431,51.3423157,50,0.0293571478,-0.048107813,0
0.0432,51.3471602,50,0.0293571478,-0.048107813,0
0.0433,51.3520046,50,0.0293571478,-0.048107813,0
0.0434,51.356849,50,0.0293571478,-0.048107813,0
0.0435,51.3616932,50,0.0293571478,-0.048107813,0
0.0436,51.3665374,50,0.0293571478,-0.048107813,0
0.0437,51.3713814,50,0.0293571478,-0.048107813,0
0.0438,51.3762254,50,0.0293571478,-0.048107813,0
0.0439,51.3810692,50,0.0293571478,-0.048107813,0
0.044,51.385913,50,0.0293571478,-0.048107813,0
0.0441,51.3889632,50,0.0203895532,-0.0407476092,0
0.0442,51.3920133,50,0.0203895532,-0.0407476092,0
0.0443,51.3950633,50,0.0203895532,-0.0407476092,0
0.0444,51.3981133,50,0.0203895532,-0.0407476092,0
0.0445,51.4011632,50,0.0203895532,-0.0407476092,0
0.0446,51.404213,50,0.0203895532,-0.0407476092,0
0.0447,51.4072628,50,0.0203895532,-0.0407476092,0
0.0448,51.4103126,50,0.0203895532,-0.0407476092,0
0.0449,51.4133623,50,0.0203895532,-0.0407476092,0
0.045,51.4164119,50,0.0203895532,-0.0407476092,0
0.0451,51.4178674,50,0.0124193719,-0.0340007035,0
0.0452,51.4193229,50,0.0124193719,-0.0340007035,0
0.0453,51.4207784,50,0.0124193719,-0.0340007035,0
0.0454,51.4222338,50,0.0124193719,-0.0340007035,0
0.0455,51.4236892,50,0.0124193719,-0.0340007035,0
0.0456,51.4251446,50,0.0124193719,-0.0340007035,0
0.0457,51.4266,50,0.0124193719,-0.0340007035,0
0.0458,51.4280553,50,0.0124193719,-0.0340007035,0
0.0459,51.4295106,50,0.0124193719,-0.0340007035,0
0.046,51.4309659,50,0.0124193719,-0.0340007035,0
0.0461,51.4310135,50,0.0053813861,-0.0278404863,0
0.0462,51.4310612,50,0.0053813861,-0.0278404863,0
0.0463,51.4311088,50,0.0053813861,-0.0278404863,0
0.0464,51.4311565,50,0.0053813861,-0.0278404863,0
0.0465,51.4312041,50,0.0053813861,-0.0278404863,0
0.0466,51.4312518,50,0.0053813861,-0.0278404863,0
0.0467,51.4312995,50,0.0053813861,-0.0278404863,0
0.0468,51.4313471,50,0.0053813861,-0.0278404863,0
0.0469,51.4313948,50,0.0053813861,-0.0278404863,0
0.047,51.4314424,50,0.0053813861,-0.0278404863,0
0.0471,51.4302561,50,-0.000788361781,-0.022239354,0
0.0472,51.4290698,50,-0.000788361781,-0.022239354,0
0.0473,51.4278836,50,-0.000788361781,-0.022239354,0
0.0474,51.4266974,50,-0.000788361781,-0.022239354,0
0.0475,51.4255112,50,-0.000788361781,-0.022239354,0
0.0476,51.424325,50,-0.000788361781,-0.022239354,0
0.0477,51.4231389,50,-0.000788361781,-0.022239354,0
0.0478,51.4219528,50,-0.000788361781,-0.022239354,0
0.0479,51.4207667,50,-0.000788361781,-0.022239354,0
0.048,51.4195806,50,-0.000788361781,-0.022239354,0
0.0481,51.4173218,50,-0.00615225751,-0.0171690343,0
0.0482,51.415063,50,-0.00615225751,-0.0171690343,0
0.0483,51.4128043,50,-0.00615225751,-0.0171690343,0
0.0484,51.4105456,50,-0.00615225751,-0.0171690343,0
0.0485,51.4082869,50,-0.00615225751,-0.0171690343,0
0.0486,51.4060283,50,-0.00615225751,-0.0171690343,0
0.0487,51.4037698,50,-0.00615225751,-0.0171690343,0
0.0488,51.4015113,50,-0.00615225751,-0.0171690343,0
0.0489,51.3992528,50,-0.00615225751,-0.0171690343,0
0.049,51.3969944,50,-0.00615225751,-0.0171690343,0
0.0491,51.3938123,50,-0.0107708538,-0.0126008751,0
0.0492,51.3906303,50,-0.0107708538,-0.0126008751,0
0.0493,51.3874484,50,-0.0107708538,-0.0126008751,0
0.0494,51.3842665,50,-0.0107708538,-0.0126008751,0
0.0495,51.3810846,50,-0.0107708538,-0.0126008751,0
0.0496,51.3779029,50,-0.0107708538,-0.0126008751,0
0.0497,51.3747212,50,-0.0107708538,-0.0126008751,0
0.0498,51.3715396,50,-0.0107708538,-0.0126008751,0
0.0499,51.368358,50,-0.0107708538,-0.0126008751,0
0.05,51.3651765,50,-0.0107708538,-0.0126008751,0
0.0501,51.3612087,50,-0.0147026545,-0.00850610118,0
0.0502,51.357241,50,-0.0147026545,-0.00850610118,0
0.0503,51.3532733,50,-0.0147026545,-0.00850610118,0
0.0504,51.3493058,50,-0.0147026545,-0.00850610118,0
0.0505,51.3453383,50,-0.0147026545,-0.00850610118,0
0.0506,51.3413709,50,-0.0147026545,-0.00850610118,0
0.0507,51.3374036,50,-0.0147026545,-0.00850610118,0
0.0508,51.3334363,50,-0.0147026545,-0.00850610118,0
0.0509,51.3294692,50,-0.0147026545,-0.00850610118,0
0.051,51.3255021,50,-0.0147026545,-0.00850610118,0
0.0511,51.3208749,50,-0.0180039409,-0.00485603961,0
0.0512,51.3162477,50,-0.0180039409,-0.00485603961,0
0.0513,51.3116206,50,-0.0180039409,-0.00485603961,0
0.0514,51.3069936,50,-0.0180039409,-0.00485603961,0
0.0515,51.3023668,50,-0.0180039409,-0.00485603961,0
0.0516,51.29774,50,-0.0180039409,-0.00485603961,0
0.0517,51.2931133,50,-0.0180039409,-0.00485603961,0
0.0518,51.2884867,50,-0.0180039409,-0.00485603961,0
0.0519,51.2838602,50,-0.0180039409,-0.00485603961,0
0.052,51.2792337,50,-0.0180039409,-0.00485603961,0
0.0521,51.2740625,50,-0.0207286353,-0.00162231676,0
0.0522,51.2688913,50,-0.0207286353,-0.00162231676,0
0.0523,51.2637203,50,-0.0207286353,-0.00162231676,0
0.0524,51.2585493,50,-0.0207286353,-0.00162231676,0
0.0525,51.2533785,50,-0.0207286353,-0.00162231676,0
0.0526,51.2482077,50,-0.0207286353,-0.00162231676,0
0.0527,51.2430371,50,-0.0207286353,-0.00162231676,0
0.0528,51.2378666,50,-0.0207286353,-0.00162231676,0
0.0529,51.2326961,50,-0.0207286353,-0.00162231676,0
0.053,51.2275258,50,-0.0207286353,-0.00162231676,0
0.0531,51.2219157,50,-0.0229281993,0.0012229715,0
0.0532,51.2163056,50,-0.0229281993,0.0012229715,0
0.0533,51.2106957,50,-0.0229281993,0.0012229715,0
0.0534,51.2050859,50,-0.0229281993,0.0012229715,0
0.0535,51.1994763,50,-0.0229281993,0.0012229715,0
0.0536,51.1938667,50,-0.0229281993,0.0012229715,0
0.0537,51.1882572,50,-0.0229281993,0.0012229715,0
0.0538,51.1826479,50,-0.0229281993,0.0012229715,0
0.0539,51.1770386,50,-0.0229281993,0.0012229715,0
0.054,51.1714295,50,-0.0229281993,0.0012229715,0
0.0541,51.1654758,50,-0.0246515616,0.00370711391,0
0.0542,51.1595223,50,-0.0246515616,0.00370711391,0
0.0543,51.1535688,50,-0.0246515616,0.00370711391,0
0.0544,51.1476155,50,-0.0246515616,0.00370711391,0
0.0545,51.1416623,50,-0.0246515616,0.00370711391,0
0.0546,51.1357092,50,-0.0246515616,0.00370711391,0
0.0547,51.1297562,50,-0.0246515616,0.00370711391,0
0.0548,51.1238034,50,-0.0246515616,0.00370711391,0
0.0549,51.1178507,50,-0.0246515616,0.00370711391,0
0.055,51.1118981,50,-0.0246515616,0.00370711391,0
0.0551,51.1056869,50,-0.0259450749,0.0058566606,0
0.0552,51.0994758,50,-0.0259450749,0.0058566606,0
0.0553,51.0932649,50,-0.0259450749,0.0058566606,0
0.0554,51.087054,50,-0.0259450749,0.0058566606,0
0.0555,51.0808433,50,-0.0259450749,0.0058566606,0
0.0556,51.0746328,50,-0.0259450749,0.0058566606,0
0.0557,51.0684223,50,-0.0259450749,0.0058566606,0
0.0558,51.062212,50,-0.0259450749,0.0058566606,0
0.0559,51.0560018,50,-0.0259450749,0.0058566606,0
0.056,51.0497917,50,-0.0259450749,0.0058566606,0
0.0561,51.0434003,50,-0.0268524953,0.00769732048,0
0.0562,51.037009,50,-0.0268524953,0.00769732048,0
0.0563,51.0306178,50,-0.0268524953,0.00769732048,0
0.0564,51.0242268,50,-0.0268524953,0.00769732048,0
0.0565,51.0178359,50,-0.0268524953,0.00769732048,0
0.0566,51.0114451,50,-0.0268524953,0.00769732048,0
0.0567,51.0050544,50,-0.0268524953,0.00769732048,0
0.0568,50.9986639,50,-0.0268524953,0.00769732048,0
0.0569,50.9922735,50,-0.0268524953,0.00769732048,0
0.057,50.9858832,50,-0.0268524953,0.00769732048,0
0.0571,50.9793805,50,-0.027414984,0.00925387747,0
0.0572,50.972878,50,-0.027414984,0.00925387747,0
0.0573,50.9663756,50,-0.027414984,0.00925387747,0
0.0574,50.9598734,50,-0.027414984,0.00925387747,0
0.0575,50.9533712,50,-0.027414984,0.00925387747,0
0.0576,50.9468692,50,-0.027414984,0.00925387747,0
0.0577,50.9403674,50,-0.027414984,0.00925387747,0
0.0578,50.9338656,50,-0.027414984,0.00925387747,0
0.0579,50.927364,50,-0.027414984,0.00925387747,0
0.058,50.9208625,50,-0.027414984,0.00925387747,0
0.0581,50.91431,50,-0.0276711281,0.0105501239,0
0.0582,50.9077575,50,-0.0276711281,0.0105501239,0
0.0583,50.9012052,50,-0.0276711281,0.0105501239,0
0.0584,50.894653,50,-0.0276711281,0.0105501239,0
0.0585,50.888101,50,-0.0276711281,0.0105501239,0
0.0586,50.881549,50,-0.0276711281,0.0105501239,0
0.0587,50.8749972,50,-0.0276711281,0.0105501239,0
0.0588,50.8684456,50,-0.0276711281,0.0105501239,0
0.0589,50.8618941,50,-0.0276711281,0.0105501239,0
0.059,50.8553427,50,-0.0276711281,0.0105501239,0
0.0591,50.8487942,50,-0.027656977,0.0116088093,0
0.0592,50.8422459,50,-0.027656977,0.0116088093,0
0.0593,50.8356977,50,-0.027656977,0.0116088093,0
0.0594,50.8291497,50,-0.027656977,0.0116088093,0
0.0595,50.8226018,50,-0.027656977,0.0116088093,0
0.0596,50.816054,50,-0.027656977,0.0116088093,0
0.0597,50.8095063,50,-0.027656977,0.0116088093,0
0.0598,50.8029588,50,-0.027656977,0.0116088093,0
0.0599,50.7964114,50,-0.027656977,0.0116088093,0
0.06,50.7898642,50,-0.027656977,0.0116088093,0
0.0601,50.7833672,50,-0.0274060929,0.0124516034,0
0.0602,50.7768704,50,-0.0274060929,0.0124516034,0
0.0603,50.7703737,50,-0.0274060929,0.0124516034,0
0.0604,50.7638772,50,-0.0274060929,0.0124516034,0
0.0605,50.7573807,50,-0.0274060929,0.0124516034,0
0.0606,50.7508844,50,-0.0274060929,0.0124516034,0
0.0607,50.7443883,50,-0.0274060929,0.0124516034,0
0.0608,50.7378922,50,-0.0274060929,0.0124516034,0
0.0609,50.7313963,50,-0.0274060929,0.0124516034,0
0.061,50.7249005,50,-0.0274060929,0.0124516034,0
0.0611,50.7184962,50,-0.0269496138,0.0130990711,0
0.0612,50.7120919,50,-0.0269496138,0.0130990711,0
0.0613,50.7056878,50,-0.0269496138,0.0130990711,0
0.0614,50.6992839,50,-0.0269496138,0.0130990711,0
0.0615,50.69288,50,-0.0269496138,0.0130990711,0
0.0616,50.6864763,50,-0.0269496138,0.0130990711,0
0.0617,50.6800727,50,-0.0269496138,0.0130990711,0
0.0618,50.6736693,50,-0.0269496138,0.0130990711,0
0.0619,50.6672659,50,-0.0269496138,0.0130990711,0
0.062,50.6608627,50,-0.0269496138,0.0130990711,0
0.0621,50.6545863,50,-0.0263163254,0.0135706594,0
0.0622,50.64831,50,-0.0263163254,0.0135706594,0
0.0623,50.6420338,50,-0.0263163254,0.0135706594,0
0.0624,50.6357578,50,-0.0263163254,0.0135706594,0
0.0625,50.6294819,50,-0.0263163254,0.0135706594,0
0.0626,50.6232061,50,-0.0263163254,0.0135706594,0
0.0627,50.6169304,50,-0.0263163254,0.0135706594,0
0.0628,50.6106549,50,-0.0263163254,0.0135706594,0
0.0629,50.6043795,50,-0.0263163254,0.0135706594,0
0.063,50.5981042,50,-0.0263163254,0.0135706594,0
0.0631,50.5919857,50,-0.0255327428,0.0138846933,0
0.0632,50.5858674,50,-0.0255327428,0.0138846933,0
0.0633,50.5797492,50,-0.0255327428,0.0138846933,0
0.0634,50.5736311,50,-0.0255327428,0.0138846933,0
0.0635,50.5675131,50,-0.0255327428,0.0138846933,0
0.0636,50.5613953,50,-0.0255327428,0.0138846933,0
0.0637,50.5552776,50,-0.0255327428,0.0138846933,0
0.0638,50.54916,50,-0.0255327428,0.0138846933,0
0.0639,50.5430425,50,-0.0255327428,0.0138846933,0
0.064,50.5369252,50,-0.0255327428,0.0138846933,0
0.0641,50.5309899,50,-0.0246231969,0.0140583807,0
0.0642,50.5250547,50,-0.0246231969,0.0140583807,0
0.0643,50.5191196,50,-0.0246231969,0.0140583807,0
0.0644,50.5131846,50,-0.0246231969,0.0140583807,0
0.0645,50.5072498,50,-0.0246231969,0.0140583807,0
0.0646,50.501315,50,-0.0246231969,0.0140583807,0
0.0647,50.4953804,50,-0.0246231969,0.0140583807,0
0.0648,50.489446,50,-0.0246231969,0.0140583807,0
0.0649,50.4835116,50,-0.0246231969,0.0140583807,0
0.065,50.4775773,50,-0.0246231969,0.0140583807,0
0.0651,50.4718459,50,-0.0236099275,0.0141078254,0
0.0652,50.4661145,50,-0.0236099275,0.0141078254,0
0.0653,50.4603832,50,-0.0236099275,0.0141078254,0
0.0654,50.4546521,50,-0.0236099275,0.0141078254,0
0.0655,50.4489211,50,-0.0236099275,0.0141078254,0
0.0656,50.4431902,50,-0.0236099275,0.0141078254,0
0.0657,50.4374594,50,-0.0236099275,0.0141078254,0
0.0658,50.4317287,50,-0.0236099275,0.0141078254,0
0.0659,50.4259981,50,-0.0236099275,0.0141078254,0
0.066,50.4202677,50,-0.0236099275,0.0141078254,0
0.0661,50.4147567,50,-0.0225131793,0.0140480455,0
0.0662,50.4092458,50,-0.0225131793,0.0140480455,0
0.0663,50.4037351,50,-0.0225131793,0.0140480455,0
0.0664,50.3982244,50,-0.0225131793,0.0140480455,0
0.0665,50.3927139,50,-0.0225131793,0.0140480455,0
0.0666,50.3872034,50,-0.0225131793,0.0140480455,0
0.0667,50.3816931,50,-0.0225131793,0.0140480455,0
0.0668,50.3761829,50,-0.0225131793,0.0140480455,0
0.0669,50.3706728,50,-0.0225131793,0.0140480455,0
0.067,50.3651628,50,-0.0225131793,0.0140480455,0
0.0671,50.3598853,50,-0.0213513014,0.0138929984,0
0.0672,50.3546079,50,-0.0213513014,0.0138929984,0
0.0673,50.3493306,50,-0.0213513014,0.0138929984,0
0.0674,50.3440534,50,-0.0213513014,0.0138929984,0
0.0675,50.3387763,50,-0.0213513014,0.0138929984,0
0.0676,50.3334993,50,-0.0213513014,0.0138929984,0
0.0677,50.3282224,50,-0.0213513014,0.0138929984,0
0.0678,50.3229457,50,-0.0213513014,0.0138929984,0
0.0679,50.317669,50,-0.0213513014,0.0138929984,0
0.068,50.3123924,50,-0.0213513014,0.0138929984,0
0.0681,50.3073581,50,-0.0201408471,0.01365561,0
0.0682,50.3023238,50,-0.0201408471,0.01365561,0
0.0683,50.2972896,50,-0.0201408471,0.01365561,0
0.0684,50.2922556,50,-0.0201408471,0.01365561,0
0.0685,50.2872216,50,-0.0201408471,0.01365561,0
0.0686,50.2821877,50,-0.0201408471,0.01365561,0
0.0687,50.277154,50,-0.0201408471,0.01365561,0
0.0688,50.2721203,50,-0.0201408471,0.01365561,0
0.0689,50.2670868,50,-0.0201408471,0.01365561,0
0.069,50.2620533,50,-0.0201408471,0.01365561,0
0.0691,50.2572688,50,-0.018896676,0.0133478081,0
0.0692,50.2524843,50,-0.018896676,0.0133478081,0
0.0693,50.2477,50,-0.018896676,0.0133478081,0
0.0694,50.2429158,50,-0.018896676,0.0133478081,0
0.0695,50.2381316,50,-0.018896676,0.0133478081,0
0.0696,50.2333476,50,-0.018896676,0.0133478081,0
0.0697,50.2285636,50,-0.018896676,0.0133478081,0
0.0698,50.2237798,50,-0.018896676,0.0133478081,0
0.0699,50.218996,50,-0.018896676,0.0133478081,0
0.07,50.2142123,50,-0.018896676,0.0133478081,0
0.0701,50.2096817,50,-0.0176320545,0.0129805582,0
0.0702,50.2051511,50,-0.0176320545,0.0129805582,0
0.0703,50.2006206,50,-0.0176320545,0.0129805582,0
0.0704,50.1960903,50,-0.0176320545,0.0129805582,0
0.0705,50.19156,50,-0.0176320545,0.0129805582,0
0.0706,50.1870298,50,-0.0176320545,0.0129805582,0
0.0707,50.1824997,50,-0.0176320545,0.0129805582,0
0.0708,50.1779697,50,-0.0176320545,0.0129805582,0
0.0709,50.1734397,50,-0.0176320545,0.0129805582,0
0.071,50.1689099,50,-0.0176320545,0.0129805582,0
0.0711,50.1646348,50,-0.0163587562,0.0125639033,0
0.0712,50.1603598,50,-0.0163587562,0.0125639033,0
0.0713,50.1560849,50,-0.0163587562,0.0125639033,0
0.0714,50.1518101,50,-0.0163587562,0.0125639033,0
0.0715,50.1475353,50,-0.0163587562,0.0125639033,0
0.0716,50.1432607,50,-0.0163587562,0.0125639033,0
0.0717,50.1389861,50,-0.0163587562,0.0125639033,0
0.0718,50.1347116,50,-0.0163587562,0.0125639033,0
0.0719,50.1304372,50,-0.0163587562,0.0125639033,0
0.072,50.1261629,50,-0.0163587562,0.0125639033,0
0.0721,50.122143,50,-0.0150871609,0.012107004,0
0.0722,50.1181231,50,-0.0150871609,0.012107004,0
0.0723,50.1141034,50,-0.0150871609,0.012107004,0
0.0724,50.1100837,50,-0.0150871609,0.012107004,0
0.0725,50.1060641,50,-0.0150871609,0.012107004,0
0.0726,50.1020446,50,-0.0150871609,0.012107004,0
0.0727,50.0980252,50,-0.0150871609,0.012107004,0
0.0728,50.0940058,50,-0.0150871609,0.012107004,0
0.0729,50.0899865,50,-0.0150871609,0.012107004,0
0.073,50.0859673,50,-0.0150871609,0.012107004,0
0.0731,50.0822004,50,-0.0138263509,0.0116181813,0
0.0732,50.0784335,50,-0.0138263509,0.0116181813,0
0.0733,50.0746667,50,-0.0138263509,0.0116181813,0
0.0734,50.0709,50,-0.0138263509,0.0116181813,0
0.0735,50.0671333,50,-0.0138263509,0.0116181813,0
0.0736,50.0633668,50,-0.0138263509,0.0116181813,0
0.0737,50.0596003,50,-0.0138263509,0.0116181813,0
0.0738,50.0558338,50,-0.0138263509,0.0116181813,0
0.0739,50.0520675,50,-0.0138263509,0.0116181813,0
0.074,50.0483012,50,-0.0138263509,0.0116181813,0
0.0741,50.0447834,50,-0.0125842056,0.0111049591,0
0.0742,50.0412657,50,-0.0125842056,0.0111049591,0
0.0743,50.0377481,50,-0.0125842056,0.0111049591,0
0.0744,50.0342306,50,-0.0125842056,0.0111049591,0
0.0745,50.0307131,50,-0.0125842056,0.0111049591,0
0.0746,50.0271956,50,-0.0125842056,0.0111049591,0
0.0747,50.0236783,50,-0.0125842056,0.0111049591,0
0.0748,50.020161,50,-0.0125842056,0.0111049591,0
0.0749,50.0166438,50,-0.0125842056,0.0111049591,0
0.075,50.0131267,50,-0.0125842056,0.0111049591,0
0.0751,50.0098529,50,-0.0113674924,0.0105741087,0
0.0752,50.0065793,50,-0.0113674924,0.0105741087,0
0.0753,50.0033057,50,-0.0113674924,0.0105741087,0
0.0754,50.0000321,50,-0.0113674924,0.0105741087,0
0.0755,49.9967587,50,-0.0113674924,0.0105741087,0
0.0756,49.9934853,50,-0.0113674924,0.0105741087,0
0.0757,49.9902119,50,-0.0113674924,0.0105741087,0
0.0758,49.9869387,50,-0.0113674924,0.0105741087,0
0.0759,49.9836655,50,-0.0113674924,0.0105741087,0
0.076,49.9803923,50,-0.0113674924,0.0105741087,0
0.0761,49.9773564,50,-0.0101819552,0.0100316918,0
0.0762,49.9743204,50,-0.0101819552,0.0100316918,0
0.0763,49.9712846,50,-0.0101819552,0.0100316918,0
0.0764,49.9682488,50,-0.0101819552,0.0100316918,0
0.0765,49.9652131,50,-0.0101819552,0.0100316918,0
0.0766,49.9621774,50,-0.0101819552,0.0100316918,0
0.0767,49.9591418,50,-0.0101819552,0.0100316918,0
0.0768,49.9561063,50,-0.0101819552,0.0100316918,0
0.0769,49.9530708,50,-0.0101819552,0.0100316918,0
0.077,49.9500354,50,-0.0101819552,0.0100316918,0
0.0771,49.9472299,50,-0.00903239925,0.00948310426,0
0.0772,49.9444245,50,-0.00903239925,0.00948310426,0
0.0773,49.9416192,50,-0.00903239925,0.00948310426,0
0.0774,49.9388139,50,-0.00903239925,0.00948310426,0
0.0775,49.9360087,50,-0.00903239925,0.00948310426,0
0.0776,49.9332035,50,-0.00903239925,0.00948310426,0
0.0777,49.9303984,50,-0.00903239925,0.00948310426,0
0.0778,49.9275933,50,-0.00903239925,0.00948310426,0
0.0779,49.9247883,50,-0.00903239925,0.00948310426,0
0.078,49.9219834,50,-0.00903239925,0.00948310426,0
0.0781,49.9194004,50,-0.00792277171,0.00893311919,0
0.0782,49.9168175,50,-0.00792277171,0.00893311919,0
0.0783,49.9142346,50,-0.00792277171,0.00893311919,0
0.0784,49.9116518,50,-0.00792277171,0.00893311919,0
0.0785,49.909069,50,-0.00792277171,0.00893311919,0
0.0786,49.9064863,50,-0.00792277171,0.00893311919,0
0.0787,49.9039037,50,-0.00792277171,0.00893311919,0
0.0788,49.9013211,50,-0.00792277171,0.00893311919,0
0.0789,49.8987385,50,-0.00792277171,0.00893311919,0
0.079,49.896156,50,-0.00792277171,0.00893311919,0
0.0791,49.8937869,50,-0.00685623949,0.00838592902,0
0.0792,49.8914178,50,-0.00685623949,0.00838592902,0
0.0793,49.8890487,50,-0.00685623949,0.00838592902,0
0.0794,49.8866797,50,-0.00685623949,0.00838592902,0
0.0795,49.8843108,50,-0.00685623949,0.00838592902,0
0.0796,49.8819418,50,-0.00685623949,0.00838592902,0
0.0797,49.879573,50,-0.00685623949,0.00838592902,0
0.0798,49.8772042,50,-0.00685623949,0.00838592902,0
0.0799,49.8748354,50,-0.00685623949,0.00838592902,0
0.08,49.8724667,50,-0.00685623949,0.00838592902,0
0.0801,49.8703022,50,-0.0058352625,0.0078451868,0
0.0802,49.8681378,50,-0.0058352625,0.0078451868,0
0.0803,49.8659734,50,-0.0058352625,0.0078451868,0
0.0804,49.863809,50,-0.0058352625,0.0078451868,0
0.0805,49.8616447,50,-0.0058352625,0.0078451868,0
0.0806,49.8594804,50,-0.0058352625,0.0078451868,0
0.0807,49.8573162,50,-0.0058352625,0.0078451868,0
0.0808,49.855152,50,-0.0058352625,0.0078451868,0
0.0809,49.8529879,50,-0.0058352625,0.0078451868,0
0.081,49.8508238,50,-0.0058352625,0.0078451868,0
0.0811,49.8488545,50,-0.0048616632,0.00731404627,0
0.0812,49.8468852,50,-0.0048616632,0.00731404627,0
0.0813,49.8449159,50,-0.0048616632,0.00731404627,0
0.0814,49.8429467,50,-0.0048616632,0.00731404627,0
0.0815,49.8409776,50,-0.0048616632,0.00731404627,0
0.0816,49.8390084,50,-0.0048616632,0.00731404627,0
0.0817,49.8370393,50,-0.0048616632,0.00731404627,0
0.0818,49.8350703,50,-0.0048616632,0.00731404627,0
0.0819,49.8331013,50,-0.0048616632,0.00731404627,0
0.082,49.8311323,50,-0.0048616632,0.00731404627,0
0.0821,49.8293484,50,-0.00393669223,0.00679520059,0
0.0822,49.8275644,50,-0.00393669223,0.00679520059,0
0.0823,49.8257806,50,-0.00393669223,0.00679520059,0
0.0824,49.8239967,50,-0.00393669223,0.00679520059,0
0.0825,49.8222129,50,-0.00393669223,0.00679520059,0
0.0826,49.8204292,50,-0.00393669223,0.00679520059,0
0.0827,49.8186454,50,-0.00393669223,0.00679520059,0
0.0828,49.8168618,50,-0.00393669223,0.00679520059,0
0.0829,49.8150781,50,-0.00393669223,0.00679520059,0
0.083,49.8132945,50,-0.00393669223,0.00679520059,0
0.0831,49.811686,50,-0.00306109001,0.0062909197,0
0.0832,49.8100776,50,-0.00306109001,0.0062909197,0
0.0833,49.8084692,50,-0.00306109001,0.0062909197,0
0.0834,49.8068608,50,-0.00306109001,0.0062909197,0
0.0835,49.8052525,50,-0.00306109001,0.0062909197,0
0.0836,49.8036441,50,-0.00306109001,0.0062909197,0
0.0837,49.8020359,50,-0.00306109001,0.0062909197,0
0.0838,49.8004276,50,-0.00306109001,0.0062909197,0
0.0839,49.7988194,50,-0.00306109001,0.0062909197,0
0.084,49.7972112,50,-0.00306109001,0.0062909197,0
0.0841,49.7957683,50,-0.00223514451,0.0058030861,0
0.0842,49.7943254,50,-0.00223514451,0.0058030861,0
0.0843,49.7928825,50,-0.00223514451,0.0058030861,0
0.0844,49.7914396,50,-0.00223514451,0.0058030861,0
0.0845,49.7899967,50,-0.00223514451,0.0058030861,0
0.0846,49.7885539,50,-0.00223514451,0.0058030861,0
0.0847,49.7871111,50,-0.00223514451,0.0058030861,0
0.0848,49.7856684,50,-0.00223514451,0.0058030861,0
0.0849,49.7842257,50,-0.00223514451,0.0058030861,0
0.085,49.782783,50,-0.00223514451,0.0058030861,0
0.0851,49.7814956,50,-0.00145874514,0.00533322907,0
0.0852,49.7802082,50,-0.00145874514,0.00533322907,0
0.0853,49.7789209,50,-0.00145874514,0.00533322907,0
0.0854,49.7776335,50,-0.00145874514,0.00533322907,0
0.0855,49.7763463,50,-0.00145874514,0.00533322907,0
0.0856,49.775059,50,-0.00145874514,0.00533322907,0
0.0857,49.7737718,50,-0.00145874514,0.00533322907,0
0.0858,49.7724845,50,-0.00145874514,0.00533322907,0
0.0859,49.7711974,50,-0.00145874514,0.00533322907,0
0.086,49.7699102,50,-0.00145874514,0.00533322907,0
0.0861,49.7687685,50,-0.000731432923,0.0048825572,0
0.0862,49.7676269,50,-0.000731432923,0.0048825572,0
0.0863,49.7664852,50,-0.000731432923,0.0048825572,0
0.0864,49.7653436,50,-0.000731432923,0.0048825572,0
0.0865,49.7642021,50,-0.000731432923,0.0048825572,0
0.0866,49.7630605,50,-0.000731432923,0.0048825572,0
0.0867,49.761919,50,-0.000731432923,0.0048825572,0
0.0868,49.7607774,50,-0.000731432923,0.0048825572,0
0.0869,49.759636,50,-0.000731432923,0.0048825572,0
0.087,49.7584945,50,-0.000731432923,0.0048825572,0
0.0871,49.7574888,50,-5.24469296e-05,0.00445198927,0
0.0872,49.7564832,50,-5.24469296e-05,0.00445198927,0
0.0873,49.7554776,50,-5.24469296e-05,0.00445198927,0
0.0874,49.754472,50,-5.24469296e-05,0.00445198927,0
0.0875,49.7534664,50,-5.24469296e-05,0.00445198927,0
0.0876,49.7524609,50,-5.24469296e-05,0.00445198927,0
0.0877,49.7514554,50,-5.24469296e-05,0.00445198927,0
0.0878,49.7504499,50,-5.24469296e-05,0.00445198927,0
0.0879,49.7494444,50,-5.24469296e-05,0.00445198927,0
0.088,49.7484389,50,-5.24469296e-05,0.00445198927,0
0.0881,49.7475598,50,0.000579232743,0.0040421834,0
0.0882,49.7466807,50,0.000579232743,0.0040421834,0
0.0883,49.7458016,50,0.000579232743,0.0040421834,0
0.0884,49.7449226,50,0.000579232743,0.0040421834,0
0.0885,49.7440435,50,0.000579232743,0.0040421834,0
0.0886,49.7431645,50,0.000579232743,0.0040421834,0
0.0887,49.7422855,50,0.000579232743,0.0040421834,0
0.0888,49.7414065,50,0.000579232743,0.0040421834,0
0.0889,49.7405275,50,0.000579232743,0.0040421834,0
0.089,49.7396486,50,0.000579232743,0.0040421834,0
0.0891,49.7388867,50,0.00116484548,0.0036535645,0
0.0892,49.7381249,50,0.00116484548,0.0036535645,0
0.0893,49.7373632,50,0.00116484548,0.0036535645,0
0.0894,49.7366014,50,0.00116484548,0.0036535645,0
0.0895,49.7358396,50,0.00116484548,0.0036535645,0
0.0896,49.7350779,50,0.00116484548,0.0036535645,0
0.0897,49.7343162,50,0.00116484548,0.0036535645,0
0.0898,49.7335545,50,0.00116484548,0.0036535645,0
0.0899,49.7327928,50,0.00116484548,0.0036535645,0
0.09,49.7320311,50,0.00116484548,0.0036535645,0
0.0901,49.7313776,50,0.00170581392,0.00328635005,0
0.0902,49.7307241,50,0.00170581392,0.00328635005,0
0.0903,49.7300707,50,0.00170581392,0.00328635005,0
0.0904,49.7294173,50,0.00170581392,0.00328635005,0
0.0905,49.7287639,50,0.00170581392,0.00328635005,0
0.0906,49.7281104,50,0.00170581392,0.00328635005,0
0.0907,49.7274571,50,0.00170581392,0.00328635005,0
0.0908,49.7268037,50,0.00170581392,0.00328635005,0
0.0909,49.7261503,50,0.00170581392,0.00328635005,0
0.091,49.725497,50,0.00170581392,0.00328635005,0
0.0911,49.7249432,50,0.00220371087,0.00294057418,0
0.0912,49.7243894,50,0.00220371087,0.00294057418,0
0.0913,49.7238357,50,0.00220371087,0.00294057418,0
0.0914,49.723282,50,0.00220371087,0.00294057418,0
0.0915,49.7227283,50,0.00220371087,0.00294057418,0
0.0916,49.7221745,50,0.00220371087,0.00294057418,0
0.0917,49.7216209,50,0.00220371087,0.00294057418,0
0.0918,49.7210672,50,0.00220371087,0.00294057418,0
0.0919,49.7205135,50,0.00220371087,0.00294057418,0
0.092,49.7199598,50,0.00220371087,0.00294057418,0
0.0921,49.7194975,50,0.00266022922,0.00261611012,0
0.0922,49.7190351,50,0.00266022922,0.00261611012,0
0.0923,49.7185728,50,0.00266022922,0.00261611012,0
0.0924,49.7181105,50,0.00266022922,0.00261611012,0
0.0925,49.7176482,50,0.00266022922,0.00261611012,0
0.0926,49.7171859,50,0.00266022922,0.00261611012,0
0.0927,49.7167236,50,0.00266022922,0.00261611012,0
0.0928,49.7162613,50,0.00266022922,0.00261611012,0
0.0929,49.715799,50,0.00266022922,0.00261611012,0
0.093,49.7153368,50,0.00266022922,0.00261611012,0
0.0931,49.7149579,50,0.00307715471,0.00231269102,0
0.0932,49.714579,50,0.00307715471,0.00231269102,0
0.0933,49.7142002,50,0.00307715471,0.00231269102,0
0.0934,49.7138213,50,0.00307715471,0.00231269102,0
0.0935,49.7134425,50,0.00307715471,0.00231269102,0
0.0936,49.7130636,50,0.00307715471,0.00231269102,0
0.0937,49.7126848,50,0.00307715471,0.00231269102,0
0.0938,49.712306,50,0.00307715471,0.00231269102,0
0.0939,49.7119272,50,0.00307715471,0.00231269102,0
0.094,49.7115484,50,0.00307715471,0.00231269102,0
0.0941,49.7112454,50,0.00345634139,0.00202992928,0
0.0942,49.7109425,50,0.00345634139,0.00202992928,0
0.0943,49.7106395,50,0.00345634139,0.00202992928,0
0.0944,49.7103366,50,0.00345634139,0.00202992928,0
0.0945,49.7100336,50,0.00345634139,0.00202992928,0
0.0946,49.7097307,50,0.00345634139,0.00202992928,0
0.0947,49.7094278,50,0.00345634139,0.00202992928,0
0.0948,49.7091249,50,0.00345634139,0.00202992928,0
0.0949,49.708822,50,0.00345634139,0.00202992928,0
0.095,49.7085191,50,0.00345634139,0.00202992928,0
0.0951,49.7082848,50,0.00379968961,0.00176733429,0
0.0952,49.7080506,50,0.00379968961,0.00176733429,0
0.0953,49.7078164,50,0.00379968961,0.00176733429,0
0.0954,49.7075822,50,0.00379968961,0.00176733429,0
0.0955,49.707348,50,0.00379968961,0.00176733429,0
0.0956,49.7071137,50,0.00379968961,0.00176733429,0
0.0957,49.7068795,50,0.00379968961,0.00176733429,0
0.0958,49.7066453,50,0.00379968961,0.00176733429,0
0.0959,49.7064112,50,0.00379968961,0.00176733429,0
0.096,49.706177,50,0.00379968961,0.00176733429,0
0.0961,49.7060047,50,0.0041091264,0.00152432882,0
0.0962,49.7058324,50,0.0041091264,0.00152432882,0
0.0963,49.7056601,50,0.0041091264,0.00152432882,0
0.0964,49.7054878,50,0.0041091264,0.00152432882,0
0.0965,49.7053155,50,0.0041091264,0.00152432882,0
0.0966,49.7051432,50,0.0041091264,0.00152432882,0
0.0967,49.704971,50,0.0041091264,0.00152432882,0
0.0968,49.7047987,50,0.0041091264,0.00152432882,0
0.0969,49.7046264,50,0.0041091264,0.00152432882,0
0.097,49.7044542,50,0.0041091264,0.00152432882,0
0.0971,49.7043374,50,0.00438658807,0.0013002639,0
0.0972,49.7042206,50,0.00438658807,0.0013002639,0
0.0973,49.7041039,50,0.00438658807,0.0013002639,0
0.0974,49.7039871,50,0.00438658807,0.0013002639,0
0.0975,49.7038703,50,0.00438658807,0.0013002639,0
0.0976,49.7037536,50,0.00438658807,0.0013002639,0
0.0977,49.7036368,50,0.00438658807,0.0013002639,0
0.0978,49.7035201,50,0.00438658807,0.0013002639,0
0.0979,49.7034033,50,0.00438658807,0.0013002639,0
0.098,49.7032866,50,0.00438658807,0.0013002639,0
0.0981,49.7032193,50,0.00463400496,0.00109443247,0
0.0982,49.703152,50,0.00463400496,0.00109443247,0
0.0983,49.7030848,50,0.00463400496,0.00109443247,0
0.0984,49.7030175,50,0.00463400496,0.00109443247,0
0.0985,49.7029503,50,0.00463400496,0.00109443247,0
0.0986,49.702883,50,0.00463400496,0.00109443247,0
0.0987,49.7028157,50,0.00463400496,0.00109443247,0
0.0988,49.7027485,50,0.00463400496,0.00109443247,0
0.0989,49.7026812,50,0.00463400496,0.00109443247,0
0.099,49.702614,50,0.00463400496,0.00109443247,0
0.0991,49.7025906,50,0.00485328799,0.000906081752,0
0.0992,49.7025672,50,0.00485328799,0.000906081752,0
0.0993,49.7025438,50,0.00485328799,0.000906081752,0
0.0994,49.7025204,50,0.00485328799,0.000906081752,0
0.0995,49.702497,50,0.00485328799,0.000906081752,0
0.0996,49.7024736,50,0.00485328799,0.000906081752,0
0.0997,49.7024502,50,0.00485328799,0.000906081752,0
0.0998,49.7024268,50,0.00485328799,0.000906081752,0
0.0999,49.7024034,50,0.00485328799,0.000906081752,0
0.1,49.7023801,50,0.00485328799,0.000906081752,0
0.1001,49.7023953,50,0.00504631718,0.000734424391,0
0.1002,49.7024105,50,0.00504631718,0.000734424391,0
0.1003,49.7024257,50,0.00504631718,0.000734424391,0
0.1004,49.7024409,50,0.00504631718,0.000734424391,0
0.1005,49.7024561,50,0.00504631718,0.000734424391,0
0.1006,49.7024713,50,0.00504631718,0.000734424391,0
0.1007,49.7024866,50,0.00504631718,0.000734424391,0
0.1008,49.7025018,50,0.00504631718,0.000734424391,0
0.1009,49.702517,50,0.00504631718,0.000734424391,0
0.101,49.7025322,50,0.00504631718,0.000734424391,0
0.1011,49.7025811,50,0.00521493167,0.000578648496,0
0.1012,49.7026301,50,0.00521493167,0.000578648496,0
0.1013,49.702679,50,0.00521493167,0.000578648496,0
0.1014,49.7027279,50,0.00521493167,0.000578648496,0
0.1015,49.7027769,50,0.00521493167,0.000578648496,0
0.1016,49.7028258,50,0.00521493167,0.000578648496,0
0.1017,49.7028747,50,0.00521493167,0.000578648496,0
0.1018,49.7029237,50,0.00521493167,0.000578648496,0
0.1019,49.7029726,50,0.00521493167,0.000578648496,0
0.102,49.7030215,50,0.00521493167,0.000578648496,0
0.1021,49.7030996,50,0.00536092141,0.000437926612,0
0.1022,49.7031777,50,0.00536092141,0.000437926612,0
0.1023,49.7032559,50,0.00536092141,0.000437926612,0
0.1024,49.703334,50,0.00536092141,0.000437926612,0
0.1025,49.7034121,50,0.00536092141,0.000437926612,0
0.1026,49.7034902,50,0.00536092141,0.000437926612,0
0.1027,49.7035683,50,0.00536092141,0.000437926612,0
0.1028,49.7036464,50,0.00536092141,0.000437926612,0
0.1029,49.7037246,50,0.00536092141,0.000437926612,0
0.103,49.7038027,50,0.00536092141,0.000437926612,0
0.1031,49.7039058,50,0.00548602009,0.000311423694,0
0.1032,49.7040089,50,0.00548602009,0.000311423694,0
0.1033,49.704112,50,0.00548602009,0.000311423694,0
0.1034,49.7042152,50,0.00548602009,0.000311423694,0
0.1035,49.7043183,50,0.00548602009,0.000311423694,0
0.1036,49.7044214,50,0.00548602009,0.000311423694,0
0.1037,49.7045245,50,0.00548602009,0.000311423694,0
0.1038,49.7046276,50,0.00548602009,0.000311423694,0
0.1039,49.7047307,50,0.00548602009,0.000311423694,0
0.104,49.7048338,50,0.00548602009,0.000311423694,0
0.1041,49.7049581,50,0.00559189947,0.000198304145,0
0.1042,49.7050824,50,0.00559189947,0.000198304145,0
0.1043,49.7052067,50,0.00559189947,0.000198304145,0
0.1044,49.705331,50,0.00559189947,0.000198304145,0
0.1045,49.7054552,50,0.00559189947,0.000198304145,0
0.1046,49.7055795,50,0.00559189947,0.000198304145,0
0.1047,49.7057038,50,0.00559189947,0.000198304145,0
0.1048,49.705828,50,0.00559189947,0.000198304145,0
0.1049,49.7059523,50,0.00559189947,0.000198304145,0
0.105,49.7060765,50,0.00559189947,0.000198304145,0
0.1051,49.7062185,50,0.00568016486,9.77379962e-05,0
0.1052,49.7063604,50,0.00568016486,9.77379962e-05,0
0.1053,49.7065023,50,0.00568016486,9.77379962e-05,0
0.1054,49.7066442,50,0.00568016486,9.77379962e-05,0
0.1055,49.7067861,50,0.00568016486,9.77379962e-05,0
0.1056,49.706928,50,0.00568016486,9.77379962e-05,0
0.1057,49.7070699,50,0.00568016486,9.77379962e-05,0
0.1058,49.7072118,50,0.00568016486,9.77379962e-05,0
0.1059,49.7073536,50,0.00568016486,9.77379962e-05,0
0.106,49.7074955,50,0.00568016486,9.77379962e-05,0
0.1061,49.7076518,50,0.00575235156,8.90627304e-06,0
0.1062,49.7078082,50,0.00575235156,8.90627304e-06,0
0.1063,49.7079645,50,0.00575235156,8.90627304e-06,0
0.1064,49.7081208,50,0.00575235156,8.90627304e-06,0
0.1065,49.7082771,50,0.00575235156,8.90627304e-06,0
0.1066,49.7084334,50,0.00575235156,8.90627304e-06,0
0.1067,49.7085897,50,0.00575235156,8.90627304e-06,0
0.1068,49.708746,50,0.00575235156,8.90627304e-06,0
0.1069,49.7089023,50,0.00575235156,8.90627304e-06,0
0.107,49.7090586,50,0.00575235156,8.90627304e-06,0
0.1071,49.7092264,50,0.00580992233,-6.89943793e-05,0
0.1072,49.7093942,50,0.00580992233,-6.89943793e-05,0
0.1073,49.709562,50,0.00580992233,-6.89943793e-05,0
0.1074,49.7097298,50,0.00580992233,-6.89943793e-05,0
0.1075,49.7098975,50,0.00580992233,-6.89943793e-05,0
0.1076,49.7100653,50,0.00580992233,-6.89943793e-05,0
0.1077,49.7102331,50,0.00580992233,-6.89943793e-05,0
0.1078,49.7104009,50,0.00580992233,-6.89943793e-05,0
0.1079,49.7105687,50,0.00580992233,-6.89943793e-05,0
0.108,49.7107364,50,0.00580992233,-6.89943793e-05,0
0.1081,49.7109131,50,0.00585426568,-0.000136747759,0
0.1082,49.7110897,50,0.00585426568,-0.000136747759,0
0.1083,49.7112663,50,0.00585426568,-0.000136747759,0
0.1084,49.711443,50,0.00585426568,-0.000136747759,0
0.1085,49.7116196,50,0.00585426568,-0.000136747759,0
0.1086,49.7117962,50,0.00585426568,-0.000136747759,0
0.1087,49.7119728,50,0.00585426568,-0.000136747759,0
0.1088,49.7121494,50,0.00585426568,-0.000136747759,0
0.1089,49.712326,50,0.00585426568,-0.000136747759,0
0.109,49.7125026,50,0.00585426568,-0.000136747759,0
0.1091,49.7126857,50,0.00588669491,-0.000195114799,0
0.1092,49.7128688,50,0.00588669491,-0.000195114799,0
0.1093,49.7130519,50,0.00588669491,-0.000195114799,0
0.1094,49.713235,50,0.00588669491,-0.000195114799,0
0.1095,49.713418,50,0.00588669491,-0.000195114799,0
0.1096,49.7136011,50,0.00588669491,-0.000195114799,0
0.1097,49.7137842,50,0.00588669491,-0.000195114799,0
0.1098,49.7139672,50,0.00588669491,-0.000195114799,0
0.1099,49.7141503,50,0.00588669491,-0.000195114799,0
0.11,49.7143333,50,0.00588669491,-0.000195114799,0
0.1101,49.7145207,50,0.00590844783,-0.000244830839,0
0.1102,49.7147081,50,0.00590844783,-0.000244830839,0
0.1103,49.7148955,50,0.00590844783,-0.000244830839,0
0.1104,49.7150829,50,0.00590844783,-0.000244830839,0
0.1105,49.7152703,50,0.00590844783,-0.000244830839,0
0.1106,49.7154577,50,0.00590844783,-0.000244830839,0
0.1107,49.7156451,50,0.00590844783,-0.000244830839,0
0.1108,49.7158325,50,0.00590844783,-0.000244830839,0
0.1109,49.7160198,50,0.00590844783,-0.000244830839,0
0.111,49.7162072,50,0.00590844783,-0.000244830839,0
0.1111,49.716397,50,0.00592068704,-0.000286603414,0
0.1112,49.7165868,50,0.00592068704,-0.000286603414,0
0.1113,49.7167766,50,0.00592068704,-0.000286603414,0
0.1114,49.7169664,50,0.00592068704,-0.000286603414,0
0.1115,49.7171562,50,0.00592068704,-0.000286603414,0
0.1116,49.717346,50,0.00592068704,-0.000286603414,0
0.1117,49.7175358,50,0.00592068704,-0.000286603414,0
0.1118,49.7177256,50,0.00592068704,-0.000286603414,0
0.1119,49.7179154,50,0.00592068704,-0.000286603414,0
0.112,49.7181051,50,0.00592068704,-0.000286603414,0
0.1121,49.7182957,50,0.00592450075,-0.000321110534,0
0.1122,49.7184862,50,0.00592450075,-0.000321110534,0
0.1123,49.7186767,50,0.00592450075,-0.000321110534,0
0.1124,49.7188673,50,0.00592450075,-0.000321110534,0
0.1125,49.7190578,50,0.00592450075,-0.000321110534,0
0.1126,49.7192483,50,0.00592450075,-0.000321110534,0
0.1127,49.7194388,50,0.00592450075,-0.000321110534,0
0.1128,49.7196293,50,0.00592450075,-0.000321110534,0
0.1129,49.7198198,50,0.00592450075,-0.000321110534,0
0.113,49.7200103,50,0.00592450075,-0.000321110534,0
0.1131,49.7202001,50,0.00592090407,-0.000348999373,0
0.1132,49.7203899,50,0.00592090407,-0.000348999373,0
0.1133,49.7205796,50,0.00592090407,-0.000348999373,0
0.1134,49.7207694,50,0.00592090407,-0.000348999373,0
0.1135,49.7209592,50,0.00592090407,-0.000348999373,0
0.1136,49.7211489,50,0.00592090407,-0.000348999373,0
0.1137,49.7213387,50,0.00592090407,-0.000348999373,0
0.1138,49.7215284,50,0.00592090407,-0.000348999373,0
0.1139,49.7217182,50,0.00592090407,-0.000348999373,0
0.114,49.7219079,50,0.00592090407,-0.000348999373,0
0.1141,49.7220957,50,0.00591084059,-0.000370885367,0
0.1142,49.7222834,50,0.00591084059,-0.000370885367,0
0.1143,49.7224711,50,0.00591084059,-0.000370885367,0
0.1144,49.7226588,50,0.00591084059,-0.000370885367,0
0.1145,49.7228465,50,0.00591084059,-0.000370885367,0
0.1146,49.7230343,50,0.00591084059,-0.000370885367,0
0.1147,49.723222,50,0.00591084059,-0.000370885367,0
0.1148,49.7234097,50,0.00591084059,-0.000370885367,0
0.1149,49.7235974,50,0.00591084059,-0.000370885367,0
0.115,49.7237851,50,0.00591084059,-0.000370885367,0
0.1151,49.7239696,50,0.00589518434,-0.000387351637,0
0.1152,49.7241542,50,0.00589518434,-0.000387351637,0
0.1153,49.7243387,50,0.00589518434,-0.000387351637,0
0.1154,49.7245233,50,0.00589518434,-0.000387351637,0
0.1155,49.7247078,50,0.00589518434,-0.000387351637,0
0.1156,49.7248924,50,0.00589518434,-0.000387351637,0
0.1157,49.7250769,50,0.00589518434,-0.000387351637,0
0.1158,49.7252614,50,0.00589518434,-0.000387351637,0
0.1159,49.725446,50,0.00589518434,-0.000387351637,0
0.116,49.7256305,50,0.00589518434,-0.000387351637,0
0.1161,49.7258109,50,0.00587474207,-0.00039894873,0
0.1162,49.7259913,50,0.00587474207,-0.00039894873,0
0.1163,49.7261718,50,0.00587474207,-0.00039894873,0
0.1164,49.7263522,50,0.00587474207,-0.00039894873,0
0.1165,49.7265326,50,0.00587474207,-0.00039894873,0
0.1166,49.726713,50,0.00587474207,-0.00039894873,0
0.1167,49.7268934,50,0.00587474207,-0.00039894873,0
0.1168,49.7270738,50,0.00587474207,-0.00039894873,0
0.1169,49.7272543,50,0.00587474207,-0.00039894873,0
0.117,49.7274347,50,0.00587474207,-0.00039894873,0
0.1171,49.7276102,50,0.00585025561,-0.00040619463,0
0.1172,49.7277857,50,0.00585025561,-0.00040619463,0
0.1173,49.7279611,50,0.00585025561,-0.00040619463,0
0.1174,49.7281366,50,0.00585025561,-0.00040619463,0
0.1175,49.7283121,50,0.00585025561,-0.00040619463,0
0.1176,49.7284876,50,0.00585025561,-0.00040619463,0
0.1177,49.7286631,50,0.00585025561,-0.00040619463,0
0.1178,49.7288386,50,0.00585025561,-0.00040619463,0
0.1179,49.729014,50,0.00585025561,-0.00040619463,0
0.118,49.7291895,50,0.00585025561,-0.00040619463,0
0.1181,49.7293594,50,0.00582240454,-0.000409575,0
0.1182,49.7295293,50,0.00582240454,-0.000409575,0
0.1183,49.7296992,50,0.00582240454,-0.000409575,0
0.1184,49.7298691,50,0.00582240454,-0.000409575,0
0.1185,49.7300389,50,0.00582240454,-0.000409575,0
0.1186,49.7302088,50,0.00582240454,-0.000409575,0
0.1187,49.7303787,50,0.00582240454,-0.000409575,0
0.1188,49.7305486,50,0.00582240454,-0.000409575,0
0.1189,49.7307184,50,0.00582240454,-0.000409575,0
0.119,49.7308883,50,0.00582240454,-0.000409575,0
0.1191,49.731052,50,0.00579180888,-0.000409543635,0
0.1192,49.7312158,50,0.00579180888,-0.000409543635,0
0.1193,49.7313795,50,0.00579180888,-0.000409543635,0
0.1194,49.7315433,50,0.00579180888,-0.000409543635,0
0.1195,49.731707,50,0.00579180888,-0.000409543635,0
0.1196,49.7318707,50,0.00579180888,-0.000409543635,0
0.1197,49.7320344,50,0.00579180888,-0.000409543635,0
0.1198,49.7321982,50,0.00579180888,-0.000409543635,0
0.1199,49.7323619,50,0.00579180888,-0.000409543635,0
0.12,49.7325256,50,0.00579180888,-0.000409543635,0
0.1201,49.7326827,50,0.00575903199,-0.000406523092,0
0.1202,49.7328399,50,0.00575903199,-0.000406523092,0
0.1203,49.732997,50,0.00575903199,-0.000406523092,0
0.1204,49.7331542,50,0.00575903199,-0.000406523092,0
0.1205,49.7333113,50,0.00575903199,-0.000406523092,0
0.1206,49.7334685,50,0.00575903199,-0.000406523092,0
0.1207,49.7336256,50,0.00575903199,-0.000406523092,0
0.1208,49.7337827,50,0.00575903199,-0.000406523092,0
0.1209,49.7339399,50,0.00575903199,-0.000406523092,0
0.121,49.734097,50,0.00575903199,-0.000406523092,0
0.1211,49.7342472,50,0.00572458341,-0.000400905465,0
0.1212,49.7343974,50,0.00572458341,-0.000400905465,0
0.1213,49.7345477,50,0.00572458341,-0.000400905465,0
0.1214,49.7346979,50,0.00572458341,-0.000400905465,0
0.1215,49.7348481,50,0.00572458341,-0.000400905465,0
0.1216,49.7349983,50,0.00572458341,-0.000400905465,0
0.1217,49.7351486,50,0.00572458341,-0.000400905465,0
0.1218,49.7352988,50,0.00572458341,-0.000400905465,0
0.1219,49.735449,50,0.00572458341,-0.000400905465,0
0.122,49.7355992,50,0.00572458341,-0.000400905465,0
0.1221,49.7357423,50,0.00568892184,-0.000393053293,0
0.1222,49.7358853,50,0.00568892184,-0.000393053293,0
0.1223,49.7360284,50,0.00568892184,-0.000393053293,0
0.1224,49.7361714,50,0.00568892184,-0.000393053293,0
0.1225,49.7363145,50,0.00568892184,-0.000393053293,0
0.1226,49.7364576,50,0.00568892184,-0.000393053293,0
0.1227,49.7366006,50,0.00568892184,-0.000393053293,0
0.1228,49.7367437,50,0.00568892184,-0.000393053293,0
0.1229,49.7368867,50,0.00568892184,-0.000393053293,0
0.123,49.7370298,50,0.00568892184,-0.000393053293,0
0.1231,49.7371655,50,0.00565245805,-0.000383300567,0
0.1232,49.7373013,50,0.00565245805,-0.000383300567,0
0.1233,49.737437,50,0.00565245805,-0.000383300567,0
0.1234,49.7375727,50,0.00565245805,-0.000383300567,0
0.1235,49.7377085,50,0.00565245805,-0.000383300567,0
0.1236,49.7378442,50,0.00565245805,-0.000383300567,0
0.1237,49.73798,50,0.00565245805,-0.000383300567,0
0.1238,49.7381157,50,0.00565245805,-0.000383300567,0
0.1239,49.7382514,50,0.00565245805,-0.000383300567,0
0.124,49.7383871,50,0.00565245805,-0.000383300567,0
0.1241,49.7385155,50,0.00561555784,-0.000371953828,0
0.1242,49.7386438,50,0.00561555784,-0.000371953828,0
0.1243,49.7387722,50,0.00561555784,-0.000371953828,0
0.1244,49.7389005,50,0.00561555784,-0.000371953828,0
0.1245,49.7390288,50,0.00561555784,-0.000371953828,0
0.1246,49.7391572,50,0.00561555784,-0.000371953828,0
0.1247,49.7392855,50,0.00561555784,-0.000371953828,0
0.1248,49.7394138,50,0.00561555784,-0.000371953828,0
0.1249,49.7395421,50,0.00561555784,-0.000371953828,0
0.125,49.7396704,50,0.00561555784,-0.000371953828,0
0.1251,49.7397914,50,0.0055785449,-0.000359293316,0
0.1252,49.7399123,50,0.0055785449,-0.000359293316,0
0.1253,49.7400332,50,0.0055785449,-0.000359293316,0
0.1254,49.7401541,50,0.0055785449,-0.000359293316,0
0.1255,49.740275,50,0.0055785449,-0.000359293316,0
0.1256,49.7403959,50,0.0055785449,-0.000359293316,0
0.1257,49.7405168,50,0.0055785449,-0.000359293316,0
0.1258,49.7406377,50,0.0055785449,-0.000359293316,0
0.1259,49.7407586,50,0.0055785449,-0.000359293316,0
0.126,49.7408795,50,0.0055785449,-0.000359293316,0
0.1261,49.740993,50,0.00554170369,-0.000345574185,0
0.1262,49.7411065,50,0.00554170369,-0.000345574185,0
0.1263,49.74122,50,0.00554170369,-0.000345574185,0
0.1264,49.7413336,50,0.00554170369,-0.000345574185,0
0.1265,49.7414471,50,0.00554170369,-0.000345574185,0
0.1266,49.7415606,50,0.00554170369,-0.000345574185,0
0.1267,49.7416741,50,0.00554170369,-0.000345574185,0
0.1268,49.7417876,50,0.00554170369,-0.000345574185,0
0.1269,49.7419011,50,0.00554170369,-0.000345574185,0
0.127,49.7420146,50,0.00554170369,-0.000345574185,0
0.1271,49.7421208,50,0.0055052822,-0.000331027742,0
0.1272,49.742227,50,0.0055052822,-0.000331027742,0
0.1273,49.7423332,50,0.0055052822,-0.000331027742,0
0.1274,49.7424394,50,0.0055052822,-0.000331027742,0
0.1275,49.7425457,50,0.0055052822,-0.000331027742,0
0.1276,49.7426519,50,0.0055052822,-0.000331027742,0
0.1277,49.7427581,50,0.0055052822,-0.000331027742,0
0.1278,49.7428643,50,0.0055052822,-0.000331027742,0
0.1279,49.7429705,50,0.0055052822,-0.000331027742,0
0.128,49.7430767,50,0.0055052822,-0.000331027742,0
0.1281,49.7431757,50,0.00546949465,-0.000315862707,0
0.1282,49.7432747,50,0.00546949465,-0.000315862707,0
0.1283,49.7433738,50,0.00546949465,-0.000315862707,0
0.1284,49.7434728,50,0.00546949465,-0.000315862707,0
0.1285,49.7435718,50,0.00546949465,-0.000315862707,0
0.1286,49.7436708,50,0.00546949465,-0.000315862707,0
0.1287,49.7437699,50,0.00546949465,-0.000315862707,0
0.1288,49.7438689,50,0.00546949465,-0.000315862707,0
0.1289,49.7439679,50,0.00546949465,-0.000315862707,0
0.129,49.7440669,50,0.00546949465,-0.000315862707,0
0.1291,49.744159,50,0.00543452412,-0.000300266482,0
0.1292,49.744251,50,0.00543452412,-0.000300266482,0
0.1293,49.744343,50,0.00543452412,-0.000300266482,0
0.1294,49.744435,50,0.00543452412,-0.000300266482,0
0.1295,49.744527,50,0.00543452412,-0.000300266482,0
0.1296,49.744619,50,0.00543452412,-0.000300266482,0
0.1297,49.744711,50,0.00543452412,-0.000300266482,0
0.1298,49.7448031,50,0.00543452412,-0.000300266482,0
0.1299,49.7448951,50,0.00543452412,-0.000300266482,0
0.13,49.7449871,50,0.00543452412,-0.000300266482,0
0.1301,49.7450723,50,0.00540052504,-0.000284406425,0
0.1302,49.7451575,50,0.00540052504,-0.000284406425,0
0.1303,49.7452427,50,0.00540052504,-0.000284406425,0
0.1304,49.7453279,50,0.00540052504,-0.000284406425,0
0.1305,49.7454131,50,0.00540052504,-0.000284406425,0
0.1306,49.7454983,50,0.00540052504,-0.000284406425,0
0.1307,49.7455835,50,0.00540052504,-0.000284406425,0
0.1308,49.7456687,50,0.00540052504,-0.000284406425,0
0.1309,49.7457539,50,0.00540052504,-0.000284406425,0
0.131,49.745839,50,0.00540052504,-0.000284406425,0
0.1311,49.7459176,50,0.00536762563,-0.000268431105,0
0.1312,49.7459963,50,0.00536762563,-0.000268431105,0
0.1313,49.7460749,50,0.00536762563,-0.000268431105,0
0.1314,49.7461535,50,0.00536762563,-0.000268431105,0
0.1315,49.7462321,50,0.00536762563,-0.000268431105,0
0.1316,49.7463107,50,0.00536762563,-0.000268431105,0
0.1317,49.7463893,50,0.00536762563,-0.000268431105,0
0.1318,49.7464679,50,0.00536762563,-0.000268431105,0
0.1319,49.7465465,50,0.00536762563,-0.000268431105,0
0.132,49.746625,50,0.00536762563,-0.000268431105,0
0.1321,49.7466973,50,0.00533593021,-0.000252471542,0
0.1322,49.7467695,50,0.00533593021,-0.000252471542,0
0.1323,49.7468418,50,0.00533593021,-0.000252471542,0
0.1324,49.746914,50,0.00533593021,-0.000252471542,0
0.1325,49.7469863,50,0.00533593021,-0.000252471542,0
0.1326,49.7470585,50,0.00533593021,-0.000252471542,0
0.1327,49.7471308,50,0.00533593021,-0.000252471542,0
0.1328,49.747203,50,0.00533593021,-0.000252471542,0
0.1329,49.7472753,50,0.00533593021,-0.000252471542,0
0.133,49.7473475,50,0.00533593021,-0.000252471542,0
0.1331,49.7474137,50,0.00530552139,-0.000236642421,0
0.1332,49.7474798,50,0.00530552139,-0.000236642421,0
0.1333,49.747546,50,0.00530552139,-0.000236642421,0
0.1334,49.7476121,50,0.00530552139,-0.000236642421,0
0.1335,49.7476783,50,0.00530552139,-0.000236642421,0
0.1336,49.7477444,50,0.00530552139,-0.000236642421,0
0.1337,49.7478106,50,0.00530552139,-0.000236642421,0
0.1338,49.7478767,50,0.00530552139,-0.000236642421,0
0.1339,49.7479429,50,0.00530552139,-0.000236642421,0
0.134,49.748009,50,0.00530552139,-0.000236642421,0
0.1341,49.7480693,50,0.00527646213,-0.000221043281,0
0.1342,49.7481297,50,0.00527646213,-0.000221043281,0
0.1343,49.74819,50,0.00527646213,-0.000221043281,0
0.1344,49.7482503,50,0.00527646213,-0.000221043281,0
0.1345,49.7483107,50,0.00527646213,-0.000221043281,0
0.1346,49.748371,50,0.00527646213,-0.000221043281,0
0.1347,49.7484313,50,0.00527646213,-0.000221043281,0
0.1348,49.7484916,50,0.00527646213,-0.000221043281,0
0.1349,49.748552,50,0.00527646213,-0.000221043281,0
0.135,49.7486123,50,0.00527646213,-0.000221043281,0
0.1351,49.7486671,50,0.00524879774,-0.000205759655,0
0.1352,49.7487218,50,0.00524879774,-0.000205759655,0
0.1353,49.7487766,50,0.00524879774,-0.000205759655,0
0.1354,49.7488314,50,0.00524879774,-0.000205759655,0
0.1355,49.7488862,50,0.00524879774,-0.000205759655,0
0.1356,49.748941,50,0.00524879774,-0.000205759655,0
0.1357,49.7489958,50,0.00524879774,-0.000205759655,0
0.1358,49.7490505,50,0.00524879774,-0.000205759655,0
0.1359,49.7491053,50,0.00524879774,-0.000205759655,0
0.136,49.7491601,50,0.00524879774,-0.000205759655,0
0.1361,49.7492096,50,0.00522255775,-0.000190864185,0
0.1362,49.7492591,50,0.00522255775,-0.000190864185,0
0.1363,49.7493087,50,0.00522255775,-0.000190864185,0
0.1364,49.7493582,50,0.00522255775,-0.000190864185,0
0.1365,49.7494077,50,0.00522255775,-0.000190864185,0
0.1366,49.7494572,50,0.00522255775,-0.000190864185,0
0.1367,49.7495068,50,0.00522255775,-0.000190864185,0
0.1368,49.7495563,50,0.00522255775,-0.000190864185,0
0.1369,49.7496058,50,0.00522255775,-0.000190864185,0
0.137,49.7496553,50,0.00522255775,-0.000190864185,0
0.1371,49.7496999,50,0.0051977576,-0.000176417681,0
0.1372,49.7497444,50,0.0051977576,-0.000176417681,0
0.1373,49.749789,50,0.0051977576,-0.000176417681,0
0.1374,49.7498336,50,0.0051977576,-0.000176417681,0
0.1375,49.7498781,50,0.0051977576,-0.000176417681,0
0.1376,49.7499227,50,0.0051977576,-0.000176417681,0
0.1377,49.7499672,50,0.0051977576,-0.000176417681,0
0.1378,49.7500118,50,0.0051977576,-0.000176417681,0
0.1379,49.7500563,50,0.0051977576,-0.000176417681,0
0.138,49.7501009,50,0.0051977576,-0.000176417681,0
0.1381,49.7501407,50,0.00517440031,-0.000162470148,0
0.1382,49.7501806,50,0.00517440031,-0.000162470148,0
0.1383,49.7502205,50,0.00517440031,-0.000162470148,0
0.1384,49.7502604,50,0.00517440031,-0.000162470148,0
0.1385,49.7503002,50,0.00517440031,-0.000162470148,0
0.1386,49.7503401,50,0.00517440031,-0.000162470148,0
0.1387,49.75038,50,0.00517440031,-0.000162470148,0
0.1388,49.7504199,50,0.00517440031,-0.000162470148,0
0.1389,49.7504597,50,0.00517440031,-0.000162470148,0
0.139,49.7504996,50,0.00517440031,-0.000162470148,0
0.1391,49.7505351,50,0.00515247796,-0.000149061752,0
0.1392,49.7505706,50,0.00515247796,-0.000149061752,0
0.1393,49.7506061,50,0.00515247796,-0.000149061752,0
0.1394,49.7506415,50,0.00515247796,-0.000149061752,0
0.1395,49.750677,50,0.00515247796,-0.000149061752,0
0.1396,49.7507125,50,0.00515247796,-0.000149061752,0
0.1397,49.750748,50,0.00515247796,-0.000149061752,0
0.1398,49.7507835,50,0.00515247796,-0.000149061752,0
0.1399,49.750819,50,0.00515247796,-0.000149061752,0
0.14,49.7508544,50,0.00515247796,-0.000149061752,0
0.1401,49.7508858,50,0.00513197316,-0.000136223748,0
0.1402,49.7509172,50,0.00513197316,-0.000136223748,0
0.1403,49.7509486,50,0.00513197316,-0.000136223748,0
0.1404,49.7509799,50,0.00513197316,-0.000136223748,0
0.1405,49.7510113,50,0.00513197316,-0.000136223748,0
0.1406,49.7510427,50,0.00513197316,-0.000136223748,0
0.1407,49.7510741,50,0.00513197316,-0.000136223748,0
0.1408,49.7511054,50,0.00513197316,-0.000136223748,0
0.1409,49.7511368,50,0.00513197316,-0.000136223748,0
0.141,49.7511682,50,0.00513197316,-0.000136223748,0
0.1411,49.7511957,50,0.00511286027,-0.000123979352,0
0.1412,49.7512233,50,0.00511286027,-0.000123979352,0
0.1413,49.7512508,50,0.00511286027,-0.000123979352,0
0.1414,49.7512784,50,0.00511286027,-0.000123979352,0
0.1415,49.7513059,50,0.00511286027,-0.000123979352,0
0.1416,49.7513335,50,0.00511286027,-0.000123979352,0
0.1417,49.751361,50,0.00511286027,-0.000123979352,0
0.1418,49.7513885,50,0.00511286027,-0.000123979352,0
0.1419,49.7514161,50,0.00511286027,-0.000123979352,0
0.142,49.7514436,50,0.00511286027,-0.000123979352,0
0.1421,49.7514676,50,0.00509510669,-0.000112344569,0
0.1422,49.7514916,50,0.00509510669,-0.000112344569,0
0.1423,49.7515156,50,0.00509510669,-0.000112344569,0
0.1424,49.7515396,50,0.00509510669,-0.000112344569,0
0.1425,49.7515636,50,0.00509510669,-0.000112344569,0
0.1426,49.7515876,50,0.00509510669,-0.000112344569,0
0.1427,49.7516116,50,0.00509510669,-0.000112344569,0
0.1428,49.7516356,50,0.00509510669,-0.000112344569,0
0.1429,49.7516595,50,0.00509510669,-0.000112344569,0
0.143,49.7516835,50,0.00509510669,-0.000112344569,0
0.1431,49.7517042,50,0.00507867389,-0.000101328969,0
0.1432,49.7517249,50,0.00507867389,-0.000101328969,0
0.1433,49.7517456,50,0.00507867389,-0.000101328969,0
0.1434,49.7517663,50,0.00507867389,-0.000101328969,0
0.1435,49.751787,50,0.00507867389,-0.000101328969,0
0.1436,49.7518077,50,0.00507867389,-0.000101328969,0
0.1437,49.7518284,50,0.00507867389,-0.000101328969,0
0.1438,49.7518491,50,0.00507867389,-0.000101328969,0
0.1439,49.7518698,50,0.00507867389,-0.000101328969,0
0.144,49.7518905,50,0.00507867389,-0.000101328969,0
0.1441,49.7519082,50,0.00506351848,-9.09364093e-05,0
0.1442,49.7519259,50,0.00506351848,-9.09364093e-05,0
0.1443,49.7519435,50,0.00506351848,-9.09364093e-05,0
0.1444,49.7519612,50,0.00506351848,-9.09364093e-05,0
0.1445,49.7519788,50,0.00506351848,-9.09364093e-05,0
0.1446,49.7519965,50,0.00506351848,-9.09364093e-05,0
0.1447,49.7520142,50,0.00506351848,-9.09364093e-05,0
0.1448,49.7520318,50,0.00506351848,-9.09364093e-05,0
0.1449,49.7520495,50,0.00506351848,-9.09364093e-05,0
0.145,49.7520672,50,0.00506351848,-9.09364093e-05,0
0.1451,49.752082,50,0.0050495931,-8.11657182e-05,0
0.1452,49.7520969,50,0.0050495931,-8.11657182e-05,0
0.1453,49.7521118,50,0.0050495931,-8.11657182e-05,0
0.1454,49.7521267,50,0.0050495931,-8.11657182e-05,0
0.1455,49.7521415,50,0.0050495931,-8.11657182e-05,0
0.1456,49.7521564,50,0.0050495931,-8.11657182e-05,0
0.1457,49.7521713,50,0.0050495931,-8.11657182e-05,0
0.1458,49.7521862,50,0.0050495931,-8.11657182e-05,0
0.1459,49.752201,50,0.0050495931,-8.11657182e-05,0
0.146,49.7522159,50,0.0050495931,-8.11657182e-05,0
0.1461,49.7522282,50,0.00503684725,-7.20113237e-05,0
0.1462,49.7522406,50,0.00503684725,-7.20113237e-05,0
0.1463,49.7522529,50,0.00503684725,-7.20113237e-05,0
0.1464,49.7522652,50,0.00503684725,-7.20113237e-05,0
0.1465,49.7522775,50,0.00503684725,-7.20113237e-05,0
0.1466,49.7522899,50,0.00503684725,-7.20113237e-05,0
0.1467,49.7523022,50,0.00503684725,-7.20113237e-05,0
0.1468,49.7523145,50,0.00503684725,-7.20113237e-05,0
0.1469,49.7523268,50,0.00503684725,-7.20113237e-05,0
0.147,49.7523392,50,0.00503684725,-7.20113237e-05,0
0.1471,49.7523492,50,0.00502522808,-6.34638397e-05,0
0.1472,49.7523592,50,0.00502522808,-6.34638397e-05,0
0.1473,49.7523692,50,0.00502522808,-6.34638397e-05,0
0.1474,49.7523792,50,0.00502522808,-6.34638397e-05,0
0.1475,49.7523892,50,0.00502522808,-6.34638397e-05,0
0.1476,49.7523992,50,0.00502522808,-6.34638397e-05,0
0.1477,49.7524091,50,0.00502522808,-6.34638397e-05,0
0.1478,49.7524191,50,0.00502522808,-6.34638397e-05,0
0.1479,49.7524291,50,0.00502522808,-6.34638397e-05,0
0.148,49.7524391,50,0.00502522808,-6.34638397e-05,0
0.1481,49.752447,50,0.00501468103,-5.55106062e-05,0
0.1482,49.7524549,50,0.00501468103,-5.55106062e-05,0
0.1483,49.7524628,50,0.00501468103,-5.55106062e-05,0
0.1484,49.7524707,50,0.00501468103,-5.55106062e-05,0
0.1485,49.7524786,50,0.00501468103,-5.55106062e-05,0
0.1486,49.7524865,50,0.00501468103,-5.55106062e-05,0
0.1487,49.7524943,50,0.00501468103,-5.55106062e-05,0
0.1488,49.7525022,50,0.00501468103,-5.55106062e-05,0
0.1489,49.7525101,50,0.00501468103,-5.55106062e-05,0
0.149,49.752518,50,0.00501468103,-5.55106062e-05,0
0.1491,49.752524,50,0.00500515047,-4.81361877e-05,0
0.1492,49.75253,50,0.00500515047,-4.81361877e-05,0
0.1493,49.7525359,50,0.00500515047,-4.81361877e-05,0
0.1494,49.7525419,50,0.00500515047,-4.81361877e-05,0
0.1495,49.7525479,50,0.00500515047,-4.81361877e-05,0
0.1496,49.7525539,50,0.00500515047,-4.81361877e-05,0
0.1497,49.7525599,50,0.00500515047,-4.81361877e-05,0
0.1498,49.7525658,50,0.00500515047,-4.81361877e-05,0
0.1499,49.7525718,50,0.00500515047,-4.81361877e-05,0
0.15,49.7525778,50,0.00500515047,-4.81361877e-05,0
0.1501,49.7525821,50,0.00499658022,-4.13228291e-05,0
0.1502,49.7525863,50,0.00499658022,-4.13228291e-05,0
0.1503,49.7525906,50,0.00499658022,-4.13228291e-05,0
0.1504,49.7525949,50,0.00499658022,-4.13228291e-05,0
0.1505,49.7525991,50,0.00499658022,-4.13228291e-05,0
0.1506,49.7526034,50,0.00499658022,-4.13228291e-05,0
0.1507,49.7526076,50,0.00499658022,-4.13228291e-05,0
0.1508,49.7526119,50,0.00499658022,-4.13228291e-05,0
0.1509,49.7526162,50,0.00499658022,-4.13228291e-05,0
0.151,49.7526204,50,0.00499658022,-4.13228291e-05,0
0.1511,49.7526232,50,0.00498891405,-3.50508727e-05,0
0.1512,49.7526259,50,0.00498891405,-3.50508727e-05,0
0.1513,49.7526286,50,0.00498891405,-3.50508727e-05,0
0.1514,49.7526314,50,0.00498891405,-3.50508727e-05,0
0.1515,49.7526341,50,0.00498891405,-3.50508727e-05,0
0.1516,49.7526368,50,0.00498891405,-3.50508727e-05,0
0.1517,49.7526396,50,0.00498891405,-3.50508727e-05,0
0.1518,49.7526423,50,0.00498891405,-3.50508727e-05,0
0.1519,49.752645,50,0.00498891405,-3.50508727e-05,0
0.152,49.7526477,50,0.00498891405,-3.50508727e-05,0
0.1521,49.7526491,50,0.00498209607,-2.92991376e-05,0
0.1522,49.7526505,50,0.00498209607,-2.92991376e-05,0
0.1523,49.7526518,50,0.00498209607,-2.92991376e-05,0
0.1524,49.7526532,50,0.00498209607,-2.92991376e-05,0
0.1525,49.7526546,50,0.00498209607,-2.92991376e-05,0
0.1526,49.7526559,50,0.00498209607,-2.92991376e-05,0
0.1527,49.7526573,50,0.00498209607,-2.92991376e-05,0
0.1528,49.7526587,50,0.00498209607,-2.92991376e-05,0
0.1529,49.75266,50,0.00498209607,-2.92991376e-05,0
0.153,49.7526614,50,0.00498209607,-2.92991376e-05,0
0.1531,49.7526616,50,0.00497607111,-2.40452627e-05,0
0.1532,49.7526617,50,0.00497607111,-2.40452627e-05,0
0.1533,49.7526619,50,0.00497607111,-2.40452627e-05,0
0.1534,49.752662,50,0.00497607111,-2.40452627e-05,0
0.1535,49.7526622,50,0.00497607111,-2.40452627e-05,0
0.1536,49.7526624,50,0.00497607111,-2.40452627e-05,0
0.1537,49.7526625,50,0.00497607111,-2.40452627e-05,0
0.1538,49.7526627,50,0.00497607111,-2.40452627e-05,0
0.1539,49.7526629,50,0.00497607111,-2.40452627e-05,0
0.154,49.752663,50,0.00497607111,-2.40452627e-05,0
0.1541,49.7526621,50,0.00497078504,-1.92660165e-05,0
0.1542,49.7526612,50,0.00497078504,-1.92660165e-05,0
0.1543,49.7526603,50,0.00497078504,-1.92660165e-05,0
0.1544,49.7526594,50,0.00497078504,-1.92660165e-05,0
0.1545,49.7526585,50,0.00497078504,-1.92660165e-05,0
0.1546,49.7526576,50,0.00497078504,-1.92660165e-05,0
0.1547,49.7526567,50,0.00497078504,-1.92660165e-05,0
0.1548,49.7526558,50,0.00497078504,-1.92660165e-05,0
0.1549,49.7526549,50,0.00497078504,-1.92660165e-05,0
0.155,49.752654,50,0.00497078504,-1.92660165e-05,0
0.1551,49.7526522,50,0.00496618502,-1.49375745e-05,0
0.1552,49.7526504,50,0.00496618502,-1.49375745e-05,0
0.1553,49.7526486,50,0.00496618502,-1.49375745e-05,0
0.1554,49.7526468,50,0.00496618502,-1.49375745e-05,0
0.1555,49.752645,50,0.00496618502,-1.49375745e-05,0
0.1556,49.7526432,50,0.00496618502,-1.49375745e-05,0
0.1557,49.7526413,50,0.00496618502,-1.49375745e-05,0
0.1558,49.7526395,50,0.00496618502,-1.49375745e-05,0
0.1559,49.7526377,50,0.00496618502,-1.49375745e-05,0
0.156,49.7526359,50,0.00496618502,-1.49375745e-05,0
0.1561,49.7526333,50,0.00496221976,-1.10357668e-05,0
0.1562,49.7526307,50,0.00496221976,-1.10357668e-05,0
0.1563,49.7526281,50,0.00496221976,-1.10357668e-05,0
0.1564,49.7526255,50,0.00496221976,-1.10357668e-05,0
0.1565,49.7526228,50,0.00496221976,-1.10357668e-05,0
0.1566,49.7526202,50,0.00496221976,-1.10357668e-05,0
0.1567,49.7526176,50,0.00496221976,-1.10357668e-05,0
0.1568,49.752615,50,0.00496221976,-1.10357668e-05,0
0.1569,49.7526124,50,0.00496221976,-1.10357668e-05,0
0.157,49.7526098,50,0.00496221976,-1.10357668e-05,0
0.1571,49.7526065,50,0.00495883965,-7.53629734e-06,0
0.1572,49.7526032,50,0.00495883965,-7.53629734e-06,0
0.1573,49.7526,50,0.00495883965,-7.53629734e-06,0
0.1574,49.7525967,50,0.00495883965,-7.53629734e-06,0
0.1575,49.7525934,50,0.00495883965,-7.53629734e-06,0
0.1576,49.7525901,50,0.00495883965,-7.53629734e-06,0
0.1577,49.7525868,50,0.00495883965,-7.53629734e-06,0
0.1578,49.7525835,50,0.00495883965,-7.53629734e-06,0
0.1579,49.7525802,50,0.00495883965,-7.53629734e-06,0
0.158,49.752577,50,0.00495883965,-7.53629734e-06,0
0.1581,49.7525731,50,0.00495599697,-4.41493725e-06,0
0.1582,49.7525693,50,0.00495599697,-4.41493725e-06,0
0.1583,49.7525654,50,0.00495599697,-4.41493725e-06,0
0.1584,49.7525616,50,0.00495599697,-4.41493725e-06,0
0.1585,49.7525577,50,0.00495599697,-4.41493725e-06,0
0.1586,49.7525539,50,0.00495599697,-4.41493725e-06,0
0.1587,49.75255,50,0.00495599697,-4.41493725e-06,0
0.1588,49.7525462,50,0.00495599697,-4.41493725e-06,0
0.1589,49.7525423,50,0.00495599697,-4.41493725e-06,0
0.159,49.7525384,50,0.00495599697,-4.41493725e-06,0
0.1591,49.7525341,50,0.00495364596,-1.64769351e-06,0
0.1592,49.7525298,50,0.00495364596,-1.64769351e-06,0
0.1593,49.7525255,50,0.00495364596,-1.64769351e-06,0
0.1594,49.7525212,50,0.00495364596,-1.64769351e-06,0
0.1595,49.7525168,50,0.00495364596,-1.64769351e-06,0
0.1596,49.7525125,50,0.00495364596,-1.64769351e-06,0
0.1597,49.7525082,50,0.00495364596,-1.64769351e-06,0
0.1598,49.7525039,50,0.00495364596,-1.64769351e-06,0
0.1599,49.7524996,50,0.00495364596,-1.64769351e-06,0
0.16,49.7524952,50,0.00495364596,-1.64769351e-06,0
0.1601,49.7524905,50,0.00495174295,7.89044869e-07,0
0.1602,49.7524858,50,0.00495174295,7.89044869e-07,0
0.1603,49.7524811,50,0.00495174295,7.89044869e-07,0
0.1604,49.7524764,50,0.00495174295,7.89044869e-07,0
0.1605,49.7524717,50,0.00495174295,7.89044869e-07,0
0.1606,49.752467,50,0.00495174295,7.89044869e-07,0
0.1607,49.7524623,50,0.00495174295,7.89044869e-07,0
0.1608,49.7524576,50,0.00495174295,7.89044869e-07,0
0.1609,49.7524529,50,0.00495174295,7.89044869e-07,0
0.161,49.7524482,50,0.00495174295,7.89044869e-07,0
0.1611,49.7524432,50,0.00495024638,2.91838158e-06,0
0.1612,49.7524382,50,0.00495024638,2.91838158e-06,0
0.1613,49.7524332,50,0.00495024638,2.91838158e-06,0
0.1614,49.7524282,50,0.00495024638,2.91838158e-06,0
0.1615,49.7524232,50,0.00495024638,2.91838158e-06,0
0.1616,49.7524182,50,0.00495024638,2.91838158e-06,0
0.1617,49.7524132,50,0.00495024638,2.91838158e-06,0
0.1618,49.7524082,50,0.00495024638,2.91838158e-06,0
0.1619,49.7524032,50,0.00495024638,2.91838158e-06,0
0.162,49.7523982,50,0.00495024638,2.91838158e-06,0
0.1621,49.752393,50,0.00494911688,4.76280698e-06,0
0.1622,49.7523878,50,0.00494911688,4.76280698e-06,0
0.1623,49.7523826,50,0.00494911688,4.76280698e-06,0
0.1624,49.7523773,50,0.00494911688,4.76280698e-06,0
0.1625,49.7523721,50,0.00494911688,4.76280698e-06,0
0.1626,49.7523669,50,0.00494911688,4.76280698e-06,0
0.1627,49.7523617,50,0.00494911688,4.76280698e-06,0
0.1628,49.7523564,50,0.00494911688,4.76280698e-06,0
0.1629,49.7523512,50,0.00494911688,4.76280698e-06,0
0.163,49.752346,50,0.00494911688,4.76280698e-06,0
0.1631,49.7523406,50,0.00494831727,6.34410962e-06,0
0.1632,49.7523352,50,0.00494831727,6.34410962e-06,0
0.1633,49.7523298,50,0.00494831727,6.34410962e-06,0
0.1634,49.7523245,50,0.00494831727,6.34410962e-06,0
0.1635,49.7523191,50,0.00494831727,6.34410962e-06,0
0.1636,49.7523137,50,0.00494831727,6.34410962e-06,0
0.1637,49.7523083,50,0.00494831727,6.34410962e-06,0
0.1638,49.7523029,50,0.00494831727,6.34410962e-06,0
0.1639,49.7522975,50,0.00494831727,6.34410962e-06,0
0.164,49.7522922,50,0.00494831727,6.34410962e-06,0
0.1641,49.7522867,50,0.00494781255,7.68330393e-06,0
0.1642,49.7522812,50,0.00494781255,7.68330393e-06,0
0.1643,49.7522757,50,0.00494781255,7.68330393e-06,0
0.1644,49.7522702,50,0.00494781255,7.68330393e-06,0
0.1645,49.7522648,50,0.00494781255,7.68330393e-06,0
0.1646,49.7522593,50,0.00494781255,7.68330393e-06,0
0.1647,49.7522538,50,0.00494781255,7.68330393e-06,0
0.1648,49.7522483,50,0.00494781255,7.68330393e-06,0
0.1649,49.7522428,50,0.00494781255,7.68330393e-06,0
0.165,49.7522373,50,0.00494781255,7.68330393e-06,0
0.1651,49.7522318,50,0.00494756991,8.80057241e-06,0
0.1652,49.7522263,50,0.00494756991,8.80057241e-06,0
0.1653,49.7522207,50,0.00494756991,8.80057241e-06,0
0.1654,49.7522152,50,0.00494756991,8.80057241e-06,0
0.1655,49.7522097,50,0.00494756991,8.80057241e-06,0
0.1656,49.7522042,50,0.00494756991,8.80057241e-06,0
0.1657,49.7521986,50,0.00494756991,8.80057241e-06,0
0.1658,49.7521931,50,0.00494756991,8.80057241e-06,0
0.1659,49.7521876,50,0.00494756991,8.80057241e-06,0
0.166,49.752182,50,0.00494756991,8.80057241e-06,0
0.1661,49.7521765,50,0.00494755869,9.71522115e-06,0
0.1662,49.752171,50,0.00494755869,9.71522115e-06,0
0.1663,49.7521654,50,0.00494755869,9.71522115e-06,0
0.1664,49.7521599,50,0.00494755869,9.71522115e-06,0
0.1665,49.7521544,50,0.00494755869,9.71522115e-06,0
0.1666,49.7521488,50,0.00494755869,9.71522115e-06,0
0.1667,49.7521433,50,0.00494755869,9.71522115e-06,0
0.1668,49.7521378,50,0.00494755869,9.71522115e-06,0
0.1669,49.7521323,50,0.00494755869,9.71522115e-06,0
0.167,49.7521267,50,0.00494755869,9.71522115e-06,0
0.1671,49.7521212,50,0.00494775031,1.04456472e-05,0
0.1672,49.7521157,50,0.00494775031,1.04456472e-05,0
0.1673,49.7521102,50,0.00494775031,1.04456472e-05,0
0.1674,49.7521048,50,0.00494775031,1.04456472e-05,0
0.1675,49.7520993,50,0.00494775031,1.04456472e-05,0
0.1676,49.7520938,50,0.00494775031,1.04456472e-05,0
0.1677,49.7520883,50,0.00494775031,1.04456472e-05,0
0.1678,49.7520828,50,0.00494775031,1.04456472e-05,0
0.1679,49.7520773,50,0.00494775031,1.04456472e-05,0
0.168,49.7520718,50,0.00494775031,1.04456472e-05,0
0.1681,49.7520664,50,0.00494811827,1.10093167e-05,0
0.1682,49.752061,50,0.00494811827,1.10093167e-05,0
0.1683,49.7520556,50,0.00494811827,1.10093167e-05,0
0.1684,49.7520501,50,0.00494811827,1.10093167e-05,0
0.1685,49.7520447,50,0.00494811827,1.10093167e-05,0
0.1686,49.7520393,50,0.00494811827,1.10093167e-05,0
0.1687,49.7520339,50,0.00494811827,1.10093167e-05,0
0.1688,49.7520285,50,0.00494811827,1.10093167e-05,0
0.1689,49.752023,50,0.00494811827,1.10093167e-05,0
0.169,49.7520176,50,0.00494811827,1.10093167e-05,0
0.1691,49.7520123,50,0.00494863805,1.14227523e-05,0
0.1692,49.752007,50,0.00494863805,1.14227523e-05,0
0.1693,49.7520017,50,0.00494863805,1.14227523e-05,0
0.1694,49.7519964,50,0.00494863805,1.14227523e-05,0
0.1695,49.7519911,50,0.00494863805,1.14227523e-05,0
0.1696,49.7519858,50,0.00494863805,1.14227523e-05,0
0.1697,49.7519804,50,0.00494863805,1.14227523e-05,0
0.1698,49.7519751,50,0.00494863805,1.14227523e-05,0
0.1699,49.7519698,50,0.00494863805,1.14227523e-05,0
0.17,49.7519645,50,0.00494863805,1.14227523e-05,0
0.1701,49.7519593,50,0.00494928705,1.17015295e-05,0
0.1702,49.7519541,50,0.00494928705,1.17015295e-05,0
0.1703,49.751949,50,0.00494928705,1.17015295e-05,0
0.1704,49.7519438,50,0.00494928705,1.17015295e-05,0
0.1705,49.7519386,50,0.00494928705,1.17015295e-05,0
0.1706,49.7519334,50,0.00494928705,1.17015295e-05,0
0.1707,49.7519282,50,0.00494928705,1.17015295e-05,0
0.1708,49.7519231,50,0.00494928705,1.17015295e-05,0
0.1709,49.7519179,50,0.00494928705,1.17015295e-05,0
0.171,49.7519127,50,0.00494928705,1.17015295e-05,0
0.1711,49.7519077,50,0.00495004455,1.18602798e-05,0
0.1712,49.7519026,50,0.00495004455,1.18602798e-05,0
0.1713,49.7518976,50,0.00495004455,1.18602798e-05,0
0.1714,49.7518926,50,0.00495004455,1.18602798e-05,0
0.1715,49.7518876,50,0.00495004455,1.18602798e-05,0
0.1716,49.7518825,50,0.00495004455,1.18602798e-05,0
0.1717,49.7518775,50,0.00495004455,1.18602798e-05,0
0.1718,49.7518725,50,0.00495004455,1.18602798e-05,0
0.1719,49.7518674,50,0.00495004455,1.18602798e-05,0
0.172,49.7518624,50,0.00495004455,1.18602798e-05,0
0.1721,49.7518575,50,0.00495089157,1.19127006e-05,0
0.1722,49.7518527,50,0.00495089157,1.19127006e-05,0
0.1723,49.7518478,50,0.00495089157,1.19127006e-05,0
0.1724,49.751843,50,0.00495089157,1.19127006e-05,0
0.1725,49.7518381,50,0.00495089157,1.19127006e-05,0
0.1726,49.7518333,50,0.00495089157,1.19127006e-05,0
0.1727,49.7518284,50,0.00495089157,1.19127006e-05,0
0.1728,49.7518235,50,0.00495089157,1.19127006e-05,0
0.1729,49.7518187,50,0.00495089157,1.19127006e-05,0
0.173,49.7518138,50,0.00495089157,1.19127006e-05,0
0.1731,49.7518091,50,0.00495181084,1.18715711e-05,0
0.1732,49.7518045,50,0.00495181084,1.18715711e-05,0
0.1733,49.7517998,50,0.00495181084,1.18715711e-05,0
0.1734,49.7517951,50,0.00495181084,1.18715711e-05,0
0.1735,49.7517905,50,0.00495181084,1.18715711e-05,0
0.1736,49.7517858,50,0.00495181084,1.18715711e-05,0
0.1737,49.7517811,50,0.00495181084,1.18715711e-05,0
0.1738,49.7517764,50,0.00495181084,1.18715711e-05,0
0.1739,49.7517718,50,0.00495181084,1.18715711e-05,0
0.174,49.7517671,50,0.00495181084,1.18715711e-05,0
0.1741,49.7517626,50,0.00495278669,1.1748772e-05,0
0.1742,49.7517581,50,0.00495278669,1.1748772e-05,0
0.1743,49.7517537,50,0.00495278669,1.1748772e-05,0
0.1744,49.7517492,50,0.00495278669,1.1748772e-05,0
0.1745,49.7517447,50,0.00495278669,1.1748772e-05,0
0.1746,49.7517402,50,0.00495278669,1.1748772e-05,0
0.1747,49.7517357,50,0.00495278669,1.1748772e-05,0
0.1748,49.7517313,50,0.00495278669,1.1748772e-05,0
0.1749,49.7517268,50,0.00495278669,1.1748772e-05,0
0.175,49.7517223,50,0.00495278669,1.1748772e-05,0
0.1751,49.751718,50,0.004953805,1.15553104e-05,0
0.1752,49.7517138,50,0.004953805,1.15553104e-05,0
0.1753,49.7517095,50,0.004953805,1.15553104e-05,0
0.1754,49.7517052,50,0.004953805,1.15553104e-05,0
0.1755,49.7517009,50,0.004953805,1.15553104e-05,0
0.1756,49.7516967,50,0.004953805,1.15553104e-05,0
0.1757,49.7516924,50,0.004953805,1.15553104e-05,0
0.1758,49.7516881,50,0.004953805,1.15553104e-05,0
0.1759,49.7516839,50,0.004953805,1.15553104e-05,0
0.176,49.7516796,50,0.004953805,1.15553104e-05,0
0.1761,49.7516755,50,0.00495485307,1.13013473e-05,0
0.1762,49.7516715,50,0.00495485307,1.13013473e-05,0
0.1763,49.7516674,50,0.00495485307,1.13013473e-05,0
0.1764,49.7516633,50,0.00495485307,1.13013473e-05,0
0.1765,49.7516593,50,0.00495485307,1.13013473e-05,0
0.1766,49.7516552,50,0.00495485307,1.13013473e-05,0
0.1767,49.7516511,50,0.00495485307,1.13013473e-05,0
0.1768,49.7516471,50,0.00495485307,1.13013473e-05,0
0.1769,49.751643,50,0.00495485307,1.13013473e-05,0
0.177,49.751639,50,0.00495485307,1.13013473e-05,0
0.1771,49.7516351,50,0.00495591955,1.09962278e-05,0
0.1772,49.7516313,50,0.00495591955,1.09962278e-05,0
0.1773,49.7516274,50,0.00495591955,1.09962278e-05,0
0.1774,49.7516236,50,0.00495591955,1.09962278e-05,0
0.1775,49.7516197,50,0.00495591955,1.09962278e-05,0
0.1776,49.7516159,50,0.00495591955,1.09962278e-05,0
0.1777,49.751612,50,0.00495591955,1.09962278e-05,0
0.1778,49.7516082,50,0.00495591955,1.09962278e-05,0
0.1779,49.7516043,50,0.00495591955,1.09962278e-05,0
0.178,49.7516005,50,0.00495591955,1.09962278e-05,0
0.1781,49.7515968,50,0.00495699436,1.06485145e-05,0
0.1782,49.7515932,50,0.00495699436,1.06485145e-05,0
0.1783,49.7515896,50,0.00495699436,1.06485145e-05,0
0.1784,49.7515859,50,0.00495699436,1.06485145e-05,0
0.1785,49.7515823,50,0.00495699436,1.06485145e-05,0
0.1786,49.7515787,50,0.00495699436,1.06485145e-05,0
0.1787,49.751575,50,0.00495699436,1.06485145e-05,0
0.1788,49.7515714,50,0.00495699436,1.06485145e-05,0
0.1789,49.7515678,50,0.00495699436,1.06485145e-05,0
0.179,49.7515641,50,0.00495699436,1.06485145e-05,0
0.1791,49.7515607,50,0.00495806863,1.02660209e-05,0
0.1792,49.7515573,50,0.00495806863,1.02660209e-05,0
0.1793,49.7515539,50,0.00495806863,1.02660209e-05,0
0.1794,49.7515505,50,0.00495806863,1.02660209e-05,0
0.1795,49.7515471,50,0.00495806863,1.02660209e-05,0
0.1796,49.7515436,50,0.00495806863,1.02660209e-05,0
0.1797,49.7515402,50,0.00495806863,1.02660209e-05,0
0.1798,49.7515368,50,0.00495806863,1.02660209e-05,0
0.1799,49.7515334,50,0.00495806863,1.02660209e-05,0
0.18,49.75153,50,0.00495806863,1.02660209e-05,0
0.1801,49.7515268,50,0.00495913457,9.85584791e-06,0
0.1802,49.7515236,50,0.00495913457,9.85584791e-06,0
0.1803,49.7515204,50,0.00495913457,9.85584791e-06,0
0.1804,49.7515172,50,0.00495913457,9.85584791e-06,0
0.1805,49.751514,50,0.00495913457,9.85584791e-06,0
0.1806,49.7515107,50,0.00495913457,9.85584791e-06,0
0.1807,49.7515075,50,0.00495913457,9.85584791e-06,0
0.1808,49.7515043,50,0.00495913457,9.85584791e-06,0
0.1809,49.7515011,50,0.00495913457,9.85584791e-06,0
0.181,49.7514979,50,0.00495913457,9.85584791e-06,0
0.1811,49.7514949,50,0.00496018541,9.42441939e-06,0
0.1812,49.751492,50,0.00496018541,9.42441939e-06,0
0.1813,49.751489,50,0.00496018541,9.42441939e-06,0
0.1814,49.751486,50,0.00496018541,9.42441939e-06,0
0.1815,49.751483,50,0.00496018541,9.42441939e-06,0
0.1816,49.75148,50,0.00496018541,9.42441939e-06,0
0.1817,49.751477,50,0.00496018541,9.42441939e-06,0
0.1818,49.751474,50,0.00496018541,9.42441939e-06,0
0.1819,49.751471,50,0.00496018541,9.42441939e-06,0
0.182,49.751468,50,0.00496018541,9.42441939e-06,0
0.1821,49.7514652,50,0.00496121536,8.97751952e-06,0
0.1822,49.7514624,50,0.00496121536,8.97751952e-06,0
0.1823,49.7514597,50,0.00496121536,8.97751952e-06,0
0.1824,49.7514569,50,0.00496121536,8.97751952e-06,0
0.1825,49.7514541,50,0.00496121536,8.97751952e-06,0
0.1826,49.7514513,50,0.00496121536,8.97751952e-06,0
0.1827,49.7514485,50,0.00496121536,8.97751952e-06,0
0.1828,49.7514457,50,0.00496121536,8.97751952e-06,0
0.1829,49.7514429,50,0.00496121536,8.97751952e-06,0
0.183,49.7514402,50,0.00496121536,8.97751952e-06,0
0.1831,49.7514376,50,0.00496221946,8.52032952e-06,0
0.1832,49.751435,50,0.00496221946,8.52032952e-06,0
0.1833,49.7514324,50,0.00496221946,8.52032952e-06,0
0.1834,49.7514298,50,0.00496221946,8.52032952e-06,0
0.1835,49.7514272,50,0.00496221946,8.52032952e-06,0
0.1836,49.7514246,50,0.00496221946,8.52032952e-06,0
0.1837,49.7514221,50,0.00496221946,8.52032952e-06,0
0.1838,49.7514195,50,0.00496221946,8.52032952e-06,0
0.1839,49.7514169,50,0.00496221946,8.52032952e-06,0
0.184,49.7514143,50,0.00496221946,8.52032952e-06,0
0.1841,49.7514119,50,0.00496319358,8.05746444e-06,0
0.1842,49.7514095,50,0.00496319358,8.05746444e-06,0
0.1843,49.7514071,50,0.00496319358,8.05746444e-06,0
0.1844,49.7514047,50,0.00496319358,8.05746444e-06,0
0.1845,49.7514024,50,0.00496319358,8.05746444e-06,0
0.1846,49.7514,50,0.00496319358,8.05746444e-06,0
0.1847,49.7513976,50,0.00496319358,8.05746444e-06,0
0.1848,49.7513952,50,0.00496319358,8.05746444e-06,0
0.1849,49.7513928,50,0.00496319358,8.05746444e-06,0
0.185,49.7513904,50,0.00496319358,8.05746444e-06,0
0.1851,49.7513882,50,0.00496413431,7.59300953e-06,0
0.1852,49.751386,50,0.00496413431,7.59300953e-06,0
0.1853,49.7513838,50,0.00496413431,7.59300953e-06,0
0.1854,49.7513816,50,0.00496413431,7.59300953e-06,0
0.1855,49.7513794,50,0.00496413431,7.59300953e-06,0
0.1856,49.7513772,50,0.00496413431,7.59300953e-06,0
0.1857,49.751375,50,0.00496413431,7.59300953e-06,0
0.1858,49.7513728,50,0.00496413431,7.59300953e-06,0
0.1859,49.7513706,50,0.00496413431,7.59300953e-06,0
0.186,49.7513684,50,0.00496413431,7.59300953e-06,0
0.1861,49.7513664,50,0.00496503891,7.13055595e-06,0
0.1862,49.7513644,50,0.00496503891,7.13055595e-06,0
0.1863,49.7513623,50,0.00496503891,7.13055595e-06,0
0.1864,49.7513603,50,0.00496503891,7.13055595e-06,0
0.1865,49.7513583,50,0.00496503891,7.13055595e-06,0
0.1866,49.7513563,50,0.00496503891,7.13055595e-06,0
0.1867,49.7513543,50,0.00496503891,7.13055595e-06,0
0.1868,49.7513522,50,0.00496503891,7.13055595e-06,0
0.1869,49.7513502,50,0.00496503891,7.13055595e-06,0
0.187,49.7513482,50,0.00496503891,7.13055595e-06,0
0.1871,49.7513464,50,0.00496590524,6.67323571e-06,0
0.1872,49.7513445,50,0.00496590524,6.67323571e-06,0
0.1873,49.7513427,50,0.00496590524,6.67323571e-06,0
0.1874,49.7513408,50,0.00496590524,6.67323571e-06,0
0.1875,49.751339,50,0.00496590524,6.67323571e-06,0
0.1876,49.7513371,50,0.00496590524,6.67323571e-06,0
0.1877,49.7513353,50,0.00496590524,6.67323571e-06,0
0.1878,49.7513334,50,0.00496590524,6.67323571e-06,0
0.1879,49.7513316,50,0.00496590524,6.67323571e-06,0
0.188,49.7513298,50,0.00496590524,6.67323571e-06,0
0.1881,49.7513281,50,0.00496673171,6.2237556e-06,0
0.1882,49.7513264,50,0.00496673171,6.2237556e-06,0
0.1883,49.7513247,50,0.00496673171,6.2237556e-06,0
0.1884,49.751323,50,0.00496673171,6.2237556e-06,0
0.1885,49.7513214,50,0.00496673171,6.2237556e-06,0
0.1886,49.7513197,50,0.00496673171,6.2237556e-06,0
0.1887,49.751318,50,0.00496673171,6.2237556e-06,0
0.1888,49.7513163,50,0.00496673171,6.2237556e-06,0
0.1889,49.7513146,50,0.00496673171,6.2237556e-06,0
0.189,49.751313,50,0.00496673171,6.2237556e-06,0
0.1891,49.7513114,50,0.00496751721,5.78443005e-06,0
0.1892,49.7513099,50,0.00496751721,5.78443005e-06,0
0.1893,49.7513084,50,0.00496751721,5.78443005e-06,0
0.1894,49.7513069,50,0.00496751721,5.78443005e-06,0
0.1895,49.7513053,50,0.00496751721,5.78443005e-06,0
0.1896,49.7513038,50,0.00496751721,5.78443005e-06,0
0.1897,49.7513023,50,0.00496751721,5.78443005e-06,0
0.1898,49.7513008,50,0.00496751721,5.78443005e-06,0
0.1899,49.7512992,50,0.00496751721,5.78443005e-06,0
0.19,49.7512977,50,0.00496751721,5.78443005e-06,0
0.1901,49.7512964,50,0.00496826106,5.35721277e-06,0
0.1902,49.751295,50,0.00496826106,5.35721277e-06,0
0.1903,49.7512936,50,0.00496826106,5.35721277e-06,0
0.1904,49.7512922,50,0.00496826106,5.35721277e-06,0
0.1905,49.7512909,50,0.00496826106,5.35721277e-06,0
0.1906,49.7512895,50,0.00496826106,5.35721277e-06,0
0.1907,49.7512881,50,0.00496826106,5.35721277e-06,0
0.1908,49.7512867,50,0.00496826106,5.35721277e-06,0
0.1909,49.7512854,50,0.00496826106,5.35721277e-06,0
0.191,49.751284,50,0.00496826106,5.35721277e-06,0
0.1911,49.7512828,50,0.004968963,4.94372715e-06,0
0.1912,49.7512815,50,0.004968963,4.94372715e-06,0
0.1913,49.7512803,50,0.004968963,4.94372715e-06,0
0.1914,49.7512791,50,0.004968963,4.94372715e-06,0
0.1915,49.7512778,50,0.004968963,4.94372715e-06,0
0.1916,49.7512766,50,0.004968963,4.94372715e-06,0
0.1917,49.7512754,50,0.004968963,4.94372715e-06,0
0.1918,49.7512741,50,0.004968963,4.94372715e-06,0
0.1919,49.7512729,50,0.004968963,4.94372715e-06,0
0.192,49.7512717,50,0.004968963,4.94372715e-06,0
0.1921,49.7512706,50,0.00496962308,4.54529527e-06,0
0.1922,49.7512695,50,0.00496962308,4.54529527e-06,0
0.1923,49.7512684,50,0.00496962308,4.54529527e-06,0
0.1924,49.7512673,50,0.00496962308,4.54529527e-06,0
0.1925,49.7512662,50,0.00496962308,4.54529527e-06,0
0.1926,49.7512651,50,0.00496962308,4.54529527e-06,0
0.1927,49.751264,50,0.00496962308,4.54529527e-06,0
0.1928,49.7512629,50,0.00496962308,4.54529527e-06,0
0.1929,49.7512618,50,0.00496962308,4.54529527e-06,0
0.193,49.7512607,50,0.00496962308,4.54529527e-06,0
0.1931,49.7512597,50,0.00497024165,4.16296554e-06,0
0.1932,49.7512587,50,0.00497024165,4.16296554e-06,0
0.1933,49.7512577,50,0.00497024165,4.16296554e-06,0
0.1934,49.7512567,50,0.00497024165,4.16296554e-06,0
0.1935,49.7512558,50,0.00497024165,4.16296554e-06,0
0.1936,49.7512548,50,0.00497024165,4.16296554e-06,0
0.1937,49.7512538,50,0.00497024165,4.16296554e-06,0
0.1938,49.7512528,50,0.00497024165,4.16296554e-06,0
0.1939,49.7512519,50,0.00497024165,4.16296554e-06,0
0.194,49.7512509,50,0.00497024165,4.16296554e-06,0
0.1941,49.75125,50,0.00497081934,3.79753889e-06,0
0.1942,49.7512492,50,0.00497081934,3.79753889e-06,0
0.1943,49.7512483,50,0.00497081934,3.79753889e-06,0
0.1944,49.7512474,50,0.00497081934,3.79753889e-06,0
0.1945,49.7512466,50,0.00497081934,3.79753889e-06,0
0.1946,49.7512457,50,0.00497081934,3.79753889e-06,0
0.1947,49.7512449,50,0.00497081934,3.79753889e-06,0
0.1948,49.751244,50,0.00497081934,3.79753889e-06,0
0.1949,49.7512431,50,0.00497081934,3.79753889e-06,0
0.195,49.7512423,50,0.00497081934,3.79753889e-06,0
0.1951,49.7512415,50,0.00497135698,3.4495936e-06,0
0.1952,49.7512408,50,0.00497135698,3.4495936e-06,0
0.1953,49.75124,50,0.00497135698,3.4495936e-06,0
0.1954,49.7512393,50,0.00497135698,3.4495936e-06,0
0.1955,49.7512385,50,0.00497135698,3.4495936e-06,0
0.1956,49.7512378,50,0.00497135698,3.4495936e-06,0
0.1957,49.751237,50,0.00497135698,3.4495936e-06,0
0.1958,49.7512362,50,0.00497135698,3.4495936e-06,0
0.1959,49.7512355,50,0.00497135698,3.4495936e-06,0
0.196,49.7512347,50,0.00497135698,3.4495936e-06,0
0.1961,49.7512341,50,0.0049718556,3.11950861e-06,0
0.1962,49.7512334,50,0.0049718556,3.11950861e-06,0
0.1963,49.7512328,50,0.0049718556,3.11950861e-06,0
0.1964,49.7512321,50,0.0049718556,3.11950861e-06,0
0.1965,49.7512315,50,0.0049718556,3.11950861e-06,0
0.1966,49.7512308,50,0.0049718556,3.11950861e-06,0
0.1967,49.7512302,50,0.0049718556,3.11950861e-06,0
0.1968,49.7512295,50,0.0049718556,3.11950861e-06,0
0.1969,49.7512289,50,0.0049718556,3.11950861e-06,0
0.197,49.7512282,50,0.0049718556,3.11950861e-06,0
0.1971,49.7512276,50,0.00497231639,2.80748539e-06,0
0.1972,49.7512271,50,0.00497231639,2.80748539e-06,0
0.1973,49.7512265,50,0.00497231639,2.80748539e-06,0
0.1974,49.751226,50,0.00497231639,2.80748539e-06,0
0.1975,49.7512254,50,0.00497231639,2.80748539e-06,0
0.1976,49.7512248,50,0.00497231639,2.80748539e-06,0
0.1977,49.7512243,50,0.00497231639,2.80748539e-06,0
0.1978,49.7512237,50,0.00497231639,2.80748539e-06,0
0.1979,49.7512232,50,0.00497231639,2.80748539e-06,0
0.198,49.7512226,50,0.00497231639,2.80748539e-06,0
0.1981,49.7512221,50,0.00497274065,2.51356851e-06,0
0.1982,49.7512216,50,0.00497274065,2.51356851e-06,0
0.1983,49.7512212,50,0.00497274065,2.51356851e-06,0
0.1984,49.7512207,50,0.00497274065,2.51356851e-06,0
0.1985,49.7512202,50,0.00497274065,2.51356851e-06,0
0.1986,49.7512197,50,0.00497274065,2.51356851e-06,0
0.1987,49.7512193,50,0.00497274065,2.51356851e-06,0
0.1988,49.7512188,50,0.00497274065,2.51356851e-06,0
0.1989,49.7512183,50,0.00497274065,2.51356851e-06,0
0.199,49.7512178,50,0.00497274065,2.51356851e-06,0
0.1991,49.7512174,50,0.00497312983,2.23766467e-06,0
0.1992,49.751217,50,0.00497312983,2.23766467e-06,0
0.1993,49.7512166,50,0.00497312983,2.23766467e-06,0
0.1994,49.7512162,50,0.00497312983,2.23766467e-06,0
0.1995,49.7512158,50,0.00497312983,2.23766467e-06,0
0.1996,49.7512154,50,0.00497312983,2.23766467e-06,0
0.1997,49.751215,50,0.00497312983,2.23766467e-06,0
0.1998,49.7512146,50,0.00497312983,2.23766467e-06,0
0.1999,49.7512142,50,0.00497312983,2.23766467e-06,0
0.2,49.7512138,50,0.00497312983,2.23766467e-06,0
0.2001,49.7512135,50,0.0049734854,1.97956049e-06,0
0.2002,49.7512132,50,0.0049734854,1.97956049e-06,0
0.2003,49.7512129,50,0.0049734854,1.97956049e-06,0
0.2004,49.7512125,50,0.0049734854,1.97956049e-06,0
0.2005,49.7512122,50,0.0049734854,1.97956049e-06,0
0.2006,49.7512119,50,0.0049734854,1.97956049e-06,0
0.2007,49.7512116,50,0.0049734854,1.97956049e-06,0
0.2008,49.7512112,50,0.0049734854,1.97956049e-06,0
0.2009,49.7512109,50,0.0049734854,1.97956049e-06,0
0.201,49.7512106,50,0.0049734854,1.97956049e-06,0
0.2011,49.7512103,50,0.00497380894,1.7389389e-06,0
0.2012,49.7512101,50,0.00497380894,1.7389389e-06,0
0.2013,49.7512098,50,0.00497380894,1.7389389e-06,0
0.2014,49.7512095,50,0.00497380894,1.7389389e-06,0
0.2015,49.7512093,50,0.00497380894,1.7389389e-06,0
0.2016,49.751209,50,0.00497380894,1.7389389e-06,0
0.2017,49.7512087,50,0.00497380894,1.7389389e-06,0
0.2018,49.7512085,50,0.00497380894,1.7389389e-06,0
0.2019,49.7512082,50,0.00497380894,1.7389389e-06,0
0.202,49.751208,50,0.00497380894,1.7389389e-06,0
0.2021,49.7512077,50,0.00497410204,1.51539434e-06,0
0.2022,49.7512075,50,0.00497410204,1.51539434e-06,0
0.2023,49.7512073,50,0.00497410204,1.51539434e-06,0
0.2024,49.7512071,50,0.00497410204,1.51539434e-06,0
0.2025,49.7512069,50,0.00497410204,1.51539434e-06,0
0.2026,49.7512067,50,0.00497410204,1.51539434e-06,0
0.2027,49.7512065,50,0.00497410204,1.51539434e-06,0
0.2028,49.7512063,50,0.00497410204,1.51539434e-06,0
0.2029,49.7512061,50,0.00497410204,1.51539434e-06,0
0.203,49.7512059,50,0.00497410204,1.51539434e-06,0
0.2031,49.7512058,50,0.00497436633,1.30844663e-06,0
0.2032,49.7512056,50,0.00497436633,1.30844663e-06,0
0.2033,49.7512055,50,0.00497436633,1.30844663e-06,0
0.2034,49.7512053,50,0.00497436633,1.30844663e-06,0
0.2035,49.7512052,50,0.00497436633,1.30844663e-06,0
0.2036,49.751205,50,0.00497436633,1.30844663e-06,0
0.2037,49.7512049,50,0.00497436633,1.30844663e-06,0
0.2038,49.7512047,50,0.00497436633,1.30844663e-06,0
0.2039,49.7512046,50,0.00497436633,1.30844663e-06,0
0.204,49.7512044,50,0.00497436633,1.30844663e-06,0
0.2041,49.7512043,50,0.00497460344,1.11755373e-06,0
0.2042,49.7512042,50,0.00497460344,1.11755373e-06,0
0.2043,49.7512041,50,0.00497460344,1.11755373e-06,0
0.2044,49.751204,50,0.00497460344,1.11755373e-06,0
0.2045,49.7512039,50,0.00497460344,1.11755373e-06,0
0.2046,49.7512038,50,0.00497460344,1.11755373e-06,0
0.2047,49.7512037,50,0.00497460344,1.11755373e-06,0
0.2048,49.7512036,50,0.00497460344,1.11755373e-06,0
0.2049,49.7512035,50,0.00497460344,1.11755373e-06,0
0.205,49.7512034,50,0.00497460344,1.11755373e-06,0
0.2051,49.7512033,50,0.00497481502,9.42123381e-07,0
0.2052,49.7512032,50,0.00497481502,9.42123381e-07,0
0.2053,49.7512032,50,0.00497481502,9.42123381e-07,0
0.2054,49.7512031,50,0.00497481502,9.42123381e-07,0
0.2055,49.7512031,50,0.00497481502,9.42123381e-07,0
0.2056,49.751203,50,0.00497481502,9.42123381e-07,0
0.2057,49.7512029,50,0.00497481502,9.42123381e-07,0
0.2058,49.7512029,50,0.00497481502,9.42123381e-07,0
0.2059,49.7512028,50,0.00497481502,9.42123381e-07,0
0.206,49.7512028,50,0.00497481502,9.42123381e-07,0
0.2061,49.7512027,50,0.00497500266,7.81523619e-07,0
0.2062,49.7512027,50,0.00497500266,7.81523619e-07,0
0.2063,49.7512027,50,0.00497500266,7.81523619e-07,0
0.2064,49.7512027,50,0.00497500266,7.81523619e-07,0
0.2065,49.7512026,50,0.00497500266,7.81523619e-07,0
0.2066,49.7512026,50,0.00497500266,7.81523619e-07,0
0.2067,49.7512026,50,0.00497500266,7.81523619e-07,0
0.2068,49.7512026,50,0.00497500266,7.81523619e-07,0
0.2069,49.7512025,50,0.00497500266,7.81523619e-07,0
0.207,49.7512025,50,0.00497500266,7.81523619e-07,0
0.2071,49.7512025,50,0.00497516796,6.35092327e-07,0
0.2072,49.7512025,50,0.00497516796,6.35092327e-07,0
0.2073,49.7512026,50,0.00497516796,6.35092327e-07,0
0.2074,49.7512026,50,0.00497516796,6.35092327e-07,0
0.2075,49.7512026,50,0.00497516796,6.35092327e-07,0
0.2076,49.7512026,50,0.00497516796,6.35092327e-07,0
0.2077,49.7512026,50,0.00497516796,6.35092327e-07,0
0.2078,49.7512026,50,0.00497516796,6.35092327e-07,0
0.2079,49.7512026,50,0.00497516796,6.35092327e-07,0
0.208,49.7512026,50,0.00497516796,6.35092327e-07,0
0.2081,49.7512027,50,0.00497531248,5.02145805e-07,0
0.2082,49.7512027,50,0.00497531248,5.02145805e-07,0
0.2083,49.7512027,50,0.00497531248,5.02145805e-07,0
0.2084,49.7512028,50,0.00497531248,5.02145805e-07,0
0.2085,49.7512028,50,0.00497531248,5.02145805e-07,0
0.2086,49.7512029,50,0.00497531248,5.02145805e-07,0
0.2087,49.7512029,50,0.00497531248,5.02145805e-07,0
0.2088,49.7512029,50,0.00497531248,5.02145805e-07,0
0.2089,49.751203,50,0.00497531248,5.02145805e-07,0
0.209,49.751203,50,0.00497531248,5.02145805e-07,0
0.2091,49.7512031,50,0.00497543774,3.81986432e-07,0
0.2092,49.7512031,50,0.00497543774,3.81986432e-07,0
0.2093,49.7512032,50,0.00497543774,3.81986432e-07,0
0.2094,49.7512033,50,0.00497543774,3.81986432e-07,0
0.2095,49.7512033,50,0.00497543774,3.81986432e-07,0
0.2096,49.7512034,50,0.00497543774,3.81986432e-07,0
0.2097,49.7512034,50,0.00497543774,3.81986432e-07,0
0.2098,49.7512035,50,0.00497543774,3.81986432e-07,0
0.2099,49.7512036,50,0.00497543774,3.81986432e-07,0
0.21,49.7512036,50,0.00497543774,3.81986432e-07,0
0.2101,49.7512037,50,0.00497554521,2.7390949e-07,0
0.2102,49.7512038,50,0.00497554521,2.7390949e-07,0
0.2103,49.7512039,50,0.00497554521,2.7390949e-07,0
0.2104,49.751204,50,0.00497554521,2.7390949e-07,0
0.2105,49.7512041,50,0.00497554521,2.7390949e-07,0
0.2106,49.7512042,50,0.00497554521,2.7390949e-07,0
0.2107,49.7512042,50,0.00497554521,2.7390949e-07,0
0.2108,49.7512043,50,0.00497554521,2.7390949e-07,0
0.2109,49.7512044,50,0.00497554521,2.7390949e-07,0
0.211,49.7512045,50,0.00497554521,2.7390949e-07,0
0.2111,49.7512046,50,0.00497563629,1.77209197e-07,0
0.2112,49.7512047,50,0.00497563629,1.77209197e-07,0
0.2113,49.7512048,50,0.00497563629,1.77209197e-07,0
0.2114,49.7512049,50,0.00497563629,1.77209197e-07,0
0.2115,49.751205,50,0.00497563629,1.77209197e-07,0
0.2116,49.7512051,50,0.00497563629,1.77209197e-07,0
0.2117,49.7512052,50,0.00497563629,1.77209197e-07,0
0.2118,49.7512053,50,0.00497563629,1.77209197e-07,0
0.2119,49.7512054,50,0.00497563629,1.77209197e-07,0
0.212,49.7512055,50,0.00497563629,1.77209197e-07,0
0.2121,49.7512056,50,0.00497571236,9.11839904e-08,0
0.2122,49.7512058,50,0.00497571236,9.11839904e-08,0
0.2123,49.7512059,50,0.00497571236,9.11839904e-08,0
0.2124,49.751206,50,0.00497571236,9.11839904e-08,0
0.2125,49.7512061,50,0.00497571236,9.11839904e-08,0
0.2126,49.7512062,50,0.00497571236,9.11839904e-08,0
0.2127,49.7512064,50,0.00497571236,9.11839904e-08,0
0.2128,49.7512065,50,0.00497571236,9.11839904e-08,0
0.2129,49.7512066,50,0.00497571236,9.11839904e-08,0
0.213,49.7512067,50,0.00497571236,9.11839904e-08,0
0.2131,49.7512068,50,0.00497577471,1.51411374e-08,0
0.2132,49.751207,50,0.00497577471,1.51411374e-08,0
0.2133,49.7512071,50,0.00497577471,1.51411374e-08,0
0.2134,49.7512072,50,0.00497577471,1.51411374e-08,0
0.2135,49.7512074,50,0.00497577471,1.51411374e-08,0
0.2136,49.7512075,50,0.00497577471,1.51411374e-08,0
0.2137,49.7512076,50,0.00497577471,1.51411374e-08,0
0.2138,49.7512078,50,0.00497577471,1.51411374e-08,0
0.2139,49.7512079,50,0.00497577471,1.51411374e-08,0
0.214,49.751208,50,0.00497577471,1.51411374e-08,0
0.2141,49.7512082,50,0.0049758246,-5.15992988e-08,0
0.2142,49.7512083,50,0.0049758246,-5.15992988e-08,0
0.2143,49.7512084,50,0.0049758246,-5.15992988e-08,0
0.2144,49.7512086,50,0.0049758246,-5.15992988e-08,0
0.2145,49.7512087,50,0.0049758246,-5.15992988e-08,0
0.2146,49.7512089,50,0.0049758246,-5.15992988e-08,0
0.2147,49.751209,50,0.0049758246,-5.15992988e-08,0
0.2148,49.7512091,50,0.0049758246,-5.15992988e-08,0
0.2149,49.7512093,50,0.0049758246,-5.15992988e-08,0
0.215,49.7512094,50,0.0049758246,-5.15992988e-08,0
0.2151,49.7512096,50,0.00497586319,-1.09701074e-07,0
0.2152,49.7512097,50,0.00497586319,-1.09701074e-07,0
0.2153,49.7512099,50,0.00497586319,-1.09701074e-07,0
0.2154,49.75121,50,0.00497586319,-1.09701074e-07,0
0.2155,49.7512102,50,0.00497586319,-1.09701074e-07,0
0.2156,49.7512103,50,0.00497586319,-1.09701074e-07,0
0.2157,49.7512105,50,0.00497586319,-1.09701074e-07,0
0.2158,49.7512106,50,0.00497586319,-1.09701074e-07,0
0.2159,49.7512108,50,0.00497586319,-1.09701074e-07,0
0.216,49.7512109,50,0.00497586319,-1.09701074e-07,0
0.2161,49.7512111,50,0.0049758916,-1.59808912e-07,0
0.2162,49.7512112,50,0.0049758916,-1.59808912e-07,0
0.2163,49.7512114,50,0.0049758916,-1.59808912e-07,0
0.2164,49.7512115,50,0.0049758916,-1.59808912e-07,0
0.2165,49.7512117,50,0.0049758916,-1.59808912e-07,0
0.2166,49.7512118,50,0.0049758916,-1.59808912e-07,0
0.2167,49.751212,50,0.0049758916,-1.59808912e-07,0
0.2168,49.7512121,50,0.0049758916,-1.59808912e-07,0
0.2169,49.7512123,50,0.0049758916,-1.59808912e-07,0
0.217,49.7512124,50,0.0049758916,-1.59808912e-07,0
0.2171,49.7512126,50,0.00497591089,-2.02546152e-07,0
0.2172,49.7512128,50,0.00497591089,-2.02546152e-07,0
0.2173,49.7512129,50,0.00497591089,-2.02546152e-07,0
0.2174,49.7512131,50,0.00497591089,-2.02546152e-07,0
0.2175,49.7512132,50,0.00497591089,-2.02546152e-07,0
0.2176,49.7512134,50,0.00497591089,-2.02546152e-07,0
0.2177,49.7512136,50,0.00497591089,-2.02546152e-07,0
0.2178,49.7512137,50,0.00497591089,-2.02546152e-07,0
0.2179,49.7512139,50,0.00497591089,-2.02546152e-07,0
0.218,49.751214,50,0.00497591089,-2.02546152e-07,0
0.2181,49.7512142,50,0.00497592205,-2.38512837e-07,0
0.2182,49.7512143,50,0.00497592205,-2.38512837e-07,0
0.2183,49.7512145,50,0.00497592205,-2.38512837e-07,0
0.2184,49.7512147,50,0.00497592205,-2.38512837e-07,0
0.2185,49.7512148,50,0.00497592205,-2.38512837e-07,0
0.2186,49.751215,50,0.00497592205,-2.38512837e-07,0
0.2187,49.7512151,50,0.00497592205,-2.38512837e-07,0
0.2188,49.7512153,50,0.00497592205,-2.38512837e-07,0
0.2189,49.7512155,50,0.00497592205,-2.38512837e-07,0
0.219,49.7512156,50,0.00497592205,-2.38512837e-07,0
0.2191,49.7512158,50,0.00497592599,-2.68284215e-07,0
0.2192,49.7512159,50,0.00497592599,-2.68284215e-07,0
0.2193,49.7512161,50,0.00497592599,-2.68284215e-07,0
0.2194,49.7512163,50,0.00497592599,-2.68284215e-07,0
0.2195,49.7512164,50,0.00497592599,-2.68284215e-07,0
0.2196,49.7512166,50,0.00497592599,-2.68284215e-07,0
0.2197,49.7512168,50,0.00497592599,-2.68284215e-07,0
0.2198,49.7512169,50,0.00497592599,-2.68284215e-07,0
0.2199,49.7512171,50,0.00497592599,-2.68284215e-07,0
0.22,49.7512172,50,0.00497592599,-2.68284215e-07,0
0.2201,49.7512174,50,0.00497592359,-2.92409605e-07,0
0.2202,49.7512176,50,0.00497592359,-2.92409605e-07,0
0.2203,49.7512177,50,0.00497592359,-2.92409605e-07,0
0.2204,49.7512179,50,0.00497592359,-2.92409605e-07,0
0.2205,49.751218,50,0.00497592359,-2.92409605e-07,0
0.2206,49.7512182,50,0.00497592359,-2.92409605e-07,0
0.2207,49.7512184,50,0.00497592359,-2.92409605e-07,0
0.2208,49.7512185,50,0.00497592359,-2.92409605e-07,0
0.2209,49.7512187,50,0.00497592359,-2.92409605e-07,0
0.221,49.7512188,50,0.00497592359,-2.92409605e-07,0
0.2211,49.751219,50,0.00497591564,-3.11411586e-07,0
0.2212,49.7512192,50,0.00497591564,-3.11411586e-07,0
0.2213,49.7512193,50,0.00497591564,-3.11411586e-07,0
0.2214,49.7512195,50,0.00497591564,-3.11411586e-07,0
0.2215,49.7512196,50,0.00497591564,-3.11411586e-07,0
0.2216,49.7512198,50,0.00497591564,-3.11411586e-07,0
0.2217,49.7512199,50,0.00497591564,-3.11411586e-07,0
0.2218,49.7512201,50,0.00497591564,-3.11411586e-07,0
0.2219,49.7512203,50,0.00497591564,-3.11411586e-07,0
0.222,49.7512204,50,0.00497591564,-3.11411586e-07,0
0.2221,49.7512206,50,0.0049759029,-3.25785496e-07,0
0.2222,49.7512207,50,0.0049759029,-3.25785496e-07,0
0.2223,49.7512209,50,0.0049759029,-3.25785496e-07,0
0.2224,49.7512211,50,0.0049759029,-3.25785496e-07,0
0.2225,49.7512212,50,0.0049759029,-3.25785496e-07,0
0.2226,49.7512214,50,0.0049759029,-3.25785496e-07,0
0.2227,49.7512215,50,0.0049759029,-3.25785496e-07,0
0.2228,49.7512217,50,0.0049759029,-3.25785496e-07,0
0.2229,49.7512218,50,0.0049759029,-3.25785496e-07,0
0.223,49.751222,50,0.0049759029,-3.25785496e-07,0
0.2231,49.7512221,50,0.00497588604,-3.35999179e-07,0
0.2232,49.7512223,50,0.00497588604,-3.35999179e-07,0
0.2233,49.7512224,50,0.00497588604,-3.35999179e-07,0
0.2234,49.7512226,50,0.00497588604,-3.35999179e-07,0
0.2235,49.7512228,50,0.00497588604,-3.35999179e-07,0
0.2236,49.7512229,50,0.00497588604,-3.35999179e-07,0
0.2237,49.7512231,50,0.00497588604,-3.35999179e-07,0
0.2238,49.7512232,50,0.00497588604,-3.35999179e-07,0
0.2239,49.7512234,50,0.00497588604,-3.35999179e-07,0
0.224,49.7512235,50,0.00497588604,-3.35999179e-07,0
0.2241,49.7512237,50,0.00497586571,-3.42492968e-07,0
0.2242,49.7512238,50,0.00497586571,-3.42492968e-07,0
0.2243,49.751224,50,0.00497586571,-3.42492968e-07,0
0.2244,49.7512241,50,0.00497586571,-3.42492968e-07,0
0.2245,49.7512243,50,0.00497586571,-3.42492968e-07,0
0.2246,49.7512244,50,0.00497586571,-3.42492968e-07,0
0.2247,49.7512246,50,0.00497586571,-3.42492968e-07,0
0.2248,49.7512247,50,0.00497586571,-3.42492968e-07,0
0.2249,49.7512249,50,0.00497586571,-3.42492968e-07,0
0.225,49.751225,50,0.00497586571,-3.42492968e-07,0
0.2251,49.7512251,50,0.00497584247,-3.45679879e-07,0
0.2252,49.7512253,50,0.00497584247,-3.45679879e-07,0
0.2253,49.7512254,50,0.00497584247,-3.45679879e-07,0
0.2254,49.7512256,50,0.00497584247,-3.45679879e-07,0
0.2255,49.7512257,50,0.00497584247,-3.45679879e-07,0
0.2256,49.7512259,50,0.00497584247,-3.45679879e-07,0
0.2257,49.751226,50,0.00497584247,-3.45679879e-07,0
0.2258,49.7512262,50,0.00497584247,-3.45679879e-07,0
0.2259,49.7512263,50,0.00497584247,-3.45679879e-07,0
0.226,49.7512264,50,0.00497584247,-3.45679879e-07,0
0.2261,49.7512266,50,0.00497581686,-3.45945967e-07,0
0.2262,49.7512267,50,0.00497581686,-3.45945967e-07,0
0.2263,49.7512269,50,0.00497581686,-3.45945967e-07,0
0.2264,49.751227,50,0.00497581686,-3.45945967e-07,0
0.2265,49.7512271,50,0.00497581686,-3.45945967e-07,0
0.2266,49.7512273,50,0.00497581686,-3.45945967e-07,0
0.2267,49.7512274,50,0.00497581686,-3.45945967e-07,0
0.2268,49.7512276,50,0.00497581686,-3.45945967e-07,0
0.2269,49.7512277,50,0.00497581686,-3.45945967e-07,0
0.227,49.7512278,50,0.00497581686,-3.45945967e-07,0
0.2271,49.751228,50,0.00497578936,-3.43650845e-07,0
0.2272,49.7512281,50,0.00497578936,-3.43650845e-07,0
0.2273,49.7512282,50,0.00497578936,-3.43650845e-07,0
0.2274,49.7512284,50,0.00497578936,-3.43650845e-07,0
0.2275,49.7512285,50,0.00497578936,-3.43650845e-07,0
0.2276,49.7512286,50,0.00497578936,-3.43650845e-07,0
0.2277,49.7512288,50,0.00497578936,-3.43650845e-07,0
0.2278,49.7512289,50,0.00497578936,-3.43650845e-07,0
0.2279,49.751229,50,0.00497578936,-3.43650845e-07,0
0.228,49.7512292,50,0.00497578936,-3.43650845e-07,0
0.2281,49.7512293,50,0.0049757604,-3.3912833e-07,0
0.2282,49.7512294,50,0.0049757604,-3.3912833e-07,0
0.2283,49.7512295,50,0.0049757604,-3.3912833e-07,0
0.2284,49.7512297,50,0.0049757604,-3.3912833e-07,0
0.2285,49.7512298,50,0.0049757604,-3.3912833e-07,0
0.2286,49.7512299,50,0.0049757604,-3.3912833e-07,0
0.2287,49.7512301,50,0.0049757604,-3.3912833e-07,0
0.2288,49.7512302,50,0.0049757604,-3.3912833e-07,0
0.2289,49.7512303,50,0.0049757604,-3.3912833e-07,0
0.229,49.7512304,50,0.0049757604,-3.3912833e-07,0
0.2291,49.7512306,50,0.00497573038,-3.32687195e-07,0
0.2292,49.7512307,50,0.00497573038,-3.32687195e-07,0
0.2293,49.7512308,50,0.00497573038,-3.32687195e-07,0
0.2294,49.7512309,50,0.00497573038,-3.32687195e-07,0
0.2295,49.751231,50,0.00497573038,-3.32687195e-07,0
0.2296,49.7512312,50,0.00497573038,-3.32687195e-07,0
0.2297,49.7512313,50,0.00497573038,-3.32687195e-07,0
0.2298,49.7512314,50,0.00497573038,-3.32687195e-07,0
0.2299,49.7512315,50,0.00497573038,-3.32687195e-07,0
0.23,49.7512317,50,0.00497573038,-3.32687195e-07,0
0.2301,49.7512318,50,0.00497569965,-3.24612012e-07,0
0.2302,49.7512319,50,0.00497569965,-3.24612012e-07,0
0.2303,49.751232,50,0.00497569965,-3.24612012e-07,0
0.2304,49.7512321,50,0.00497569965,-3.24612012e-07,0
0.2305,49.7512322,50,0.00497569965,-3.24612012e-07,0
0.2306,49.7512323,50,0.00497569965,-3.24612012e-07,0
0.2307,49.7512325,50,0.00497569965,-3.24612012e-07,0
0.2308,49.7512326,50,0.00497569965,-3.24612012e-07,0
0.2309,49.7512327,50,0.00497569965,-3.24612012e-07,0
0.231,49.7512328,50,0.00497569965,-3.24612012e-07,0
0.2311,49.7512329,50,0.00497566852,-3.1516407e-07,0
0.2312,49.751233,50,0.00497566852,-3.1516407e-07,0
0.2313,49.7512331,50,0.00497566852,-3.1516407e-07,0
0.2314,49.7512332,50,0.00497566852,-3.1516407e-07,0
0.2315,49.7512333,50,0.00497566852,-3.1516407e-07,0
0.2316,49.7512335,50,0.00497566852,-3.1516407e-07,0
0.2317,49.7512336,50,0.00497566852,-3.1516407e-07,0
0.2318,49.7512337,50,0.00497566852,-3.1516407e-07,0
0.2319,49.7512338,50,0.00497566852,-3.1516407e-07,0
0.232,49.7512339,50,0.00497566852,-3.1516407e-07,0
0.2321,49.751234,50,0.00497563726,-3.04582346e-07,0
0.2322,49.7512341,50,0.00497563726,-3.04582346e-07,0
0.2323,49.7512342,50,0.00497563726,-3.04582346e-07,0
0.2324,49.7512343,50,0.00497563726,-3.04582346e-07,0
0.2325,49.7512344,50,0.00497563726,-3.04582346e-07,0
0.2326,49.7512345,50,0.00497563726,-3.04582346e-07,0
0.2327,49.7512346,50,0.00497563726,-3.04582346e-07,0
0.2328,49.7512347,50,0.00497563726,-3.04582346e-07,0
0.2329,49.7512348,50,0.00497563726,-3.04582346e-07,0
0.233,49.7512349,50,0.00497563726,-3.04582346e-07,0
0.2331,49.751235,50,0.00497560613,-2.93084522e-07,0
0.2332,49.7512351,50,0.00497560613,-2.93084522e-07,0
0.2333,49.7512352,50,0.00497560613,-2.93084522e-07,0
0.2334,49.7512353,50,0.00497560613,-2.93084522e-07,0
0.2335,49.7512354,50,0.00497560613,-2.93084522e-07,0
0.2336,49.7512355,50,0.00497560613,-2.93084522e-07,0
0.2337,49.7512356,50,0.00497560613,-2.93084522e-07,0
0.2338,49.7512357,50,0.00497560613,-2.93084522e-07,0
0.2339,49.7512358,50,0.00497560613,-2.93084522e-07,0
0.234,49.7512359,50,0.00497560613,-2.93084522e-07,0
0.2341,49.751236,50,0.00497557533,-2.80868027e-07,0
0.2342,49.7512361,50,0.00497557533,-2.80868027e-07,0
0.2343,49.7512362,50,0.00497557533,-2.80868027e-07,0
0.2344,49.7512362,50,0.00497557533,-2.80868027e-07,0
0.2345,49.7512363,50,0.00497557533,-2.80868027e-07,0
0.2346,49.7512364,50,0.00497557533,-2.80868027e-07,0
0.2347,49.7512365,50,0.00497557533,-2.80868027e-07,0
0.2348,49.7512366,50,0.00497557533,-2.80868027e-07,0
0.2349,49.7512367,50,0.00497557533,-2.80868027e-07,0
0.235,49.7512368,50,0.00497557533,-2.80868027e-07,0
0.2351,49.7512369,50,0.00497554504,-2.68111105e-07,0
0.2352,49.751237,50,0.00497554504,-2.68111105e-07,0
0.2353,49.751237,50,0.00497554504,-2.68111105e-07,0
0.2354,49.7512371,50,0.00497554504,-2.68111105e-07,0
0.2355,49.7512372,50,0.00497554504,-2.68111105e-07,0
0.2356,49.7512373,50,0.00497554504,-2.68111105e-07,0
0.2357,49.7512374,50,0.00497554504,-2.68111105e-07,0
0.2358,49.7512375,50,0.00497554504,-2.68111105e-07,0
0.2359,49.7512375,50,0.00497554504,-2.68111105e-07,0
0.236,49.7512376,50,0.00497554504,-2.68111105e-07,0
0.2361,49.7512377,50,0.00497551543,-2.54973884e-07,0
0.2362,49.7512378,50,0.00497551543,-2.54973884e-07,0
0.2363,49.7512379,50,0.00497551543,-2.54973884e-07,0
0.2364,49.7512379,50,0.00497551543,-2.54973884e-07,0
0.2365,49.751238,50,0.00497551543,-2.54973884e-07,0
0.2366,49.7512381,50,0.00497551543,-2.54973884e-07,0
0.2367,49.7512382,50,0.00497551543,-2.54973884e-07,0
0.2368,49.7512383,50,0.00497551543,-2.54973884e-07,0
0.2369,49.7512383,50,0.00497551543,-2.54973884e-07,0
0.237,49.7512384,50,0.00497551543,-2.54973884e-07,0
0.2371,49.7512385,50,0.00497548663,-2.41599452e-07,0
0.2372,49.7512386,50,0.00497548663,-2.41599452e-07,0
0.2373,49.7512386,50,0.00497548663,-2.41599452e-07,0
0.2374,49.7512387,50,0.00497548663,-2.41599452e-07,0
0.2375,49.7512388,50,0.00497548663,-2.41599452e-07,0
0.2376,49.7512389,50,0.00497548663,-2.41599452e-07,0
0.2377,49.7512389,50,0.00497548663,-2.41599452e-07,0
0.2378,49.751239,50,0.00497548663,-2.41599452e-07,0
0.2379,49.7512391,50,0.00497548663,-2.41599452e-07,0
0.238,49.7512391,50,0.00497548663,-2.41599452e-07,0
0.2381,49.7512392,50,0.00497545875,-2.28114914e-07,0
0.2382,49.7512393,50,0.00497545875,-2.28114914e-07,0
0.2383,49.7512393,50,0.00497545875,-2.28114914e-07,0
0.2384,49.7512394,50,0.00497545875,-2.28114914e-07,0
0.2385,49.7512395,50,0.00497545875,-2.28114914e-07,0
0.2386,49.7512395,50,0.00497545875,-2.28114914e-07,0
0.2387,49.7512396,50,0.00497545875,-2.28114914e-07,0
0.2388,49.7512397,50,0.00497545875,-2.28114914e-07,0
0.2389,49.7512397,50,0.00497545875,-2.28114914e-07,0
0.239,49.7512398,50,0.00497545875,-2.28114914e-07,0
0.2391,49.7512399,50,0.00497543187,-2.14632451e-07,0
0.2392,49.7512399,50,0.00497543187,-2.14632451e-07,0
0.2393,49.75124,50,0.00497543187,-2.14632451e-07,0
0.2394,49.7512401,50,0.00497543187,-2.14632451e-07,0
0.2395,49.7512401,50,0.00497543187,-2.14632451e-07,0
0.2396,49.7512402,50,0.00497543187,-2.14632451e-07,0
0.2397,49.7512402,50,0.00497543187,-2.14632451e-07,0
0.2398,49.7512403,50,0.00497543187,-2.14632451e-07,0
0.2399,49.7512404,50,0.00497543187,-2.14632451e-07,0
0.24,49.7512404,50,0.00497543187,-2.14632451e-07,0
0.2401,49.7512405,50,0.00497540607,-2.01250339e-07,0
0.2402,49.7512405,50,0.00497540607,-2.01250339e-07,0
0.2403,49.7512406,50,0.00497540607,-2.01250339e-07,0
0.2404,49.7512407,50,0.00497540607,-2.01250339e-07,0
0.2405,49.7512407,50,0.00497540607,-2.01250339e-07,0
0.2406,49.7512408,50,0.00497540607,-2.01250339e-07,0
0.2407,49.7512408,50,0.00497540607,-2.01250339e-07,0
0.2408,49.7512409,50,0.00497540607,-2.01250339e-07,0
0.2409,49.7512409,50,0.00497540607,-2.01250339e-07,0
0.241,49.751241,50,0.00497540607,-2.01250339e-07,0
0.2411,49.751241,50,0.00497538141,-1.88053955e-07,0
0.2412,49.7512411,50,0.00497538141,-1.88053955e-07,0
0.2413,49.7512411,50,0.00497538141,-1.88053955e-07,0
0.2414,49.7512412,50,0.00497538141,-1.88053955e-07,0
0.2415,49.7512412,50,0.00497538141,-1.88053955e-07,0
0.2416,49.7512413,50,0.00497538141,-1.88053955e-07,0
0.2417,49.7512414,50,0.00497538141,-1.88053955e-07,0
0.2418,49.7512414,50,0.00497538141,-1.88053955e-07,0
0.2419,49.7512415,50,0.00497538141,-1.88053955e-07,0
0.242,49.7512415,50,0.00497538141,-1.88053955e-07,0
0.2421,49.7512416,50,0.00497535792,-1.75116753e-07,0
0.2422,49.7512416,50,0.00497535792,-1.75116753e-07,0
0.2423,49.7512416,50,0.00497535792,-1.75116753e-07,0
0.2424,49.7512417,50,0.00497535792,-1.75116753e-07,0
0.2425,49.7512417,50,0.00497535792,-1.75116753e-07,0
0.2426,49.7512418,50,0.00497535792,-1.75116753e-07,0
0.2427,49.7512418,50,0.00497535792,-1.75116753e-07,0
0.2428,49.7512419,50,0.00497535792,-1.75116753e-07,0
0.2429,49.7512419,50,0.00497535792,-1.75116753e-07,0
0.243,49.751242,50,0.00497535792,-1.75116753e-07,0
0.2431,49.751242,50,0.00497533564,-1.62501198e-07,0
0.2432,49.7512421,50,0.00497533564,-1.62501198e-07,0
0.2433,49.7512421,50,0.00497533564,-1.62501198e-07,0
0.2434,49.7512421,50,0.00497533564,-1.62501198e-07,0
0.2435,49.7512422,50,0.00497533564,-1.62501198e-07,0
0.2436,49.7512422,50,0.00497533564,-1.62501198e-07,0
0.2437,49.7512423,50,0.00497533564,-1.62501198e-07,0
0.2438,49.7512423,50,0.00497533564,-1.62501198e-07,0
0.2439,49.7512424,50,0.00497533564,-1.62501198e-07,0
0.244,49.7512424,50,0.00497533564,-1.62501198e-07,0
0.2441,49.7512424,50,0.00497531456,-1.5025967e-07,0
0.2442,49.7512425,50,0.00497531456,-1.5025967e-07,0
0.2443,49.7512425,50,0.00497531456,-1.5025967e-07,0
0.2444,49.7512425,50,0.00497531456,-1.5025967e-07,0
0.2445,49.7512426,50,0.00497531456,-1.5025967e-07,0
0.2446,49.7512426,50,0.00497531456,-1.5025967e-07,0
0.2447,49.7512427,50,0.00497531456,-1.5025967e-07,0
0.2448,49.7512427,50,0.00497531456,-1.5025967e-07,0
0.2449,49.7512427,50,0.00497531456,-1.5025967e-07,0
0.245,49.7512428,50,0.00497531456,-1.5025967e-07,0
0.2451,49.7512428,50,0.00497529471,-1.38435338e-07,0
0.2452,49.7512428,50,0.00497529471,-1.38435338e-07,0
0.2453,49.7512429,50,0.00497529471,-1.38435338e-07,0
0.2454,49.7512429,50,0.00497529471,-1.38435338e-07,0
0.2455,49.7512429,50,0.00497529471,-1.38435338e-07,0
0.2456,49.751243,50,0.00497529471,-1.38435338e-07,0
0.2457,49.751243,50,0.00497529471,-1.38435338e-07,0
0.2458,49.7512431,50,0.00497529471,-1.38435338e-07,0
0.2459,49.7512431,50,0.00497529471,-1.38435338e-07,0
0.246,49.7512431,50,0.00497529471,-1.38435338e-07,0
0.2461,49.7512431,50,0.00497527607,-1.27062974e-07,0
0.2462,49.7512432,50,0.00497527607,-1.27062974e-07,0
0.2463,49.7512432,50,0.00497527607,-1.27062974e-07,0
0.2464,49.7512432,50,0.00497527607,-1.27062974e-07,0
0.2465,49.7512433,50,0.00497527607,-1.27062974e-07,0
0.2466,49.7512433,50,0.00497527607,-1.27062974e-07,0
0.2467,49.7512433,50,0.00497527607,-1.27062974e-07,0
0.2468,49.7512434,50,0.00497527607,-1.27062974e-07,0
0.2469,49.7512434,50,0.00497527607,-1.27062974e-07,0
0.247,49.7512434,50,0.00497527607,-1.27062974e-07,0
0.2471,49.7512434,50,0.00497525863,-1.16169741e-07,0
0.2472,49.7512435,50,0.00497525863,-1.16169741e-07,0
0.2473,49.7512435,50,0.00497525863,-1.16169741e-07,0
0.2474,49.7512435,50,0.00497525863,-1.16169741e-07,0
0.2475,49.7512436,50,0.00497525863,-1.16169741e-07,0
0.2476,49.7512436,50,0.00497525863,-1.16169741e-07,0
0.2477,49.7512436,50,0.00497525863,-1.16169741e-07,0
0.2478,49.7512436,50,0.00497525863,-1.16169741e-07,0
0.2479,49.7512437,50,0.00497525863,-1.16169741e-07,0
0.248,49.7512437,50,0.00497525863,-1.16169741e-07,0
0.2481,49.7512437,50,0.00497524236,-1.05775941e-07,0
0.2482,49.7512437,50,0.00497524236,-1.05775941e-07,0
0.2483,49.7512438,50,0.00497524236,-1.05775941e-07,0
0.2484,49.7512438,50,0.00497524236,-1.05775941e-07,0
0.2485,49.7512438,50,0.00497524236,-1.05775941e-07,0
0.2486,49.7512438,50,0.00497524236,-1.05775941e-07,0
0.2487,49.7512439,50,0.00497524236,-1.05775941e-07,0
0.2488,49.7512439,50,0.00497524236,-1.05775941e-07,0
0.2489,49.7512439,50,0.00497524236,-1.05775941e-07,0
0.249,49.7512439,50,0.00497524236,-1.05775941e-07,0
0.2491,49.7512439,50,0.00497522725,-9.58957117e-08,0
0.2492,49.751244,50,0.00497522725,-9.58957117e-08,0
0.2493,49.751244,50,0.00497522725,-9.58957117e-08,0
0.2494,49.751244,50,0.00497522725,-9.58957117e-08,0
0.2495,49.751244,50,0.00497522725,-9.58957117e-08,0
0.2496,49.751244,50,0.00497522725,-9.58957117e-08,0
0.2497,49.7512441,50,0.00497522725,-9.58957117e-08,0
0.2498,49.7512441,50,0.00497522725,-9.58957117e-08,0
0.2499,49.7512441,50,0.00497522725,-9.58957117e-08,0
0.25,49.7512441,50,0.00497522725,-9.58957117e-08,0
0.2501,49.7512441,50,0.00497521326,-8.65376876e-08,0
0.2502,49.7512442,50,0.00497521326,-8.65376876e-08,0
0.2503,49.7512442,50,0.00497521326,-8.65376876e-08,0
0.2504,49.7512442,50,0.00497521326,-8.65376876e-08,0
0.2505,49.7512442,50,0.00497521326,-8.65376876e-08,0
0.2506,49.7512442,50,0.00497521326,-8.65376876e-08,0
0.2507,49.7512443,50,0.00497521326,-8.65376876e-08,0
0.2508,49.7512443,50,0.00497521326,-8.65376876e-08,0
0.2509,49.7512443,50,0.00497521326,-8.65376876e-08,0
0.251,49.7512443,50,0.00497521326,-8.65376876e-08,0
0.2511,49.7512443,50,0.00497520034,-7.77056183e-08,0
0.2512,49.7512443,50,0.00497520034,-7.77056183e-08,0
0.2513,49.7512444,50,0.00497520034,-7.77056183e-08,0
0.2514,49.7512444,50,0.00497520034,-7.77056183e-08,0
0.2515,49.7512444,50,0.00497520034,-7.77056183e-08,0
0.2516,49.7512444,50,0.00497520034,-7.77056183e-08,0
0.2517,49.7512444,50,0.00497520034,-7.77056183e-08,0
0.2518,49.7512444,50,0.00497520034,-7.77056183e-08,0
0.2519,49.7512444,50,0.00497520034,-7.77056183e-08,0
0.252,49.7512445,50,0.00497520034,-7.77056183e-08,0
0.2521,49.7512445,50,0.00497518848,-6.93989435e-08,0
0.2522,49.7512445,50,0.00497518848,-6.93989435e-08,0
0.2523,49.7512445,50,0.00497518848,-6.93989435e-08,0
0.2524,49.7512445,50,0.00497518848,-6.93989435e-08,0
0.2525,49.7512445,50,0.00497518848,-6.93989435e-08,0
0.2526,49.7512445,50,0.00497518848,-6.93989435e-08,0
0.2527,49.7512446,50,0.00497518848,-6.93989435e-08,0
0.2528,49.7512446,50,0.00497518848,-6.93989435e-08,0
0.2529,49.7512446,50,0.00497518848,-6.93989435e-08,0
0.253,49.7512446,50,0.00497518848,-6.93989435e-08,0
0.2531,49.7512446,50,0.00497517761,-6.16133359e-08,0
0.2532,49.7512446,50,0.00497517761,-6.16133359e-08,0
0.2533,49.7512446,50,0.00497517761,-6.16133359e-08,0
0.2534,49.7512446,50,0.00497517761,-6.16133359e-08,0
0.2535,49.7512446,50,0.00497517761,-6.16133359e-08,0
0.2536,49.7512447,50,0.00497517761,-6.16133359e-08,0
0.2537,49.7512447,50,0.00497517761,-6.16133359e-08,0
0.2538,49.7512447,50,0.00497517761,-6.16133359e-08,0
0.2539,49.7512447,50,0.00497517761,-6.16133359e-08,0
0.254,49.7512447,50,0.00497517761,-6.16133359e-08,0
0.2541,49.7512447,50,0.0049751677,-5.4341192e-08,0
0.2542,49.7512447,50,0.0049751677,-5.4341192e-08,0
0.2543,49.7512447,50,0.0049751677,-5.4341192e-08,0
0.2544,49.7512447,50,0.0049751677,-5.4341192e-08,0
0.2545,49.7512447,50,0.0049751677,-5.4341192e-08,0
0.2546,49.7512447,50,0.0049751677,-5.4341192e-08,0
0.2547,49.7512448,50,0.0049751677,-5.4341192e-08,0
0.2548,49.7512448,50,0.0049751677,-5.4341192e-08,0
0.2549,49.7512448,50,0.0049751677,-5.4341192e-08,0
0.255,49.7512448,50,0.0049751677,-5.4341192e-08,0
0.2551,49.7512448,50,0.0049751587,-4.75721003e-08,0
0.2552,49.7512448,50,0.0049751587,-4.75721003e-08,0
0.2553,49.7512448,50,0.0049751587,-4.75721003e-08,0
0.2554,49.7512448,50,0.0049751587,-4.75721003e-08,0
0.2555,49.7512448,50,0.0049751587,-4.75721003e-08,0
0.2556,49.7512448,50,0.0049751587,-4.75721003e-08,0
0.2557,49.7512448,50,0.0049751587,-4.75721003e-08,0
0.2558,49.7512448,50,0.0049751587,-4.75721003e-08,0
0.2559,49.7512448,50,0.0049751587,-4.75721003e-08,0
0.256,49.7512449,50,0.0049751587,-4.75721003e-08,0
0.2561,49.7512449,50,0.00497515056,-4.12932595e-08,0
0.2562,49.7512449,50,0.00497515056,-4.12932595e-08,0
0.2563,49.7512449,50,0.00497515056,-4.12932595e-08,0
0.2564,49.7512449,50,0.00497515056,-4.12932595e-08,0
0.2565,49.7512449,50,0.00497515056,-4.12932595e-08,0
0.2566,49.7512449,50,0.00497515056,-4.12932595e-08,0
0.2567,49.7512449,50,0.00497515056,-4.12932595e-08,0
0.2568,49.7512449,50,0.00497515056,-4.12932595e-08,0
0.2569,49.7512449,50,0.00497515056,-4.12932595e-08,0
0.257,49.7512449,50,0.00497515056,-4.12932595e-08,0
0.2571,49.7512449,50,0.00497514324,-3.54898713e-08,0
0.2572,49.7512449,50,0.00497514324,-3.54898713e-08,0
0.2573,49.7512449,50,0.00497514324,-3.54898713e-08,0
0.2574,49.7512449,50,0.00497514324,-3.54898713e-08,0
0.2575,49.7512449,50,0.00497514324,-3.54898713e-08,0
0.2576,49.7512449,50,0.00497514324,-3.54898713e-08,0
0.2577,49.7512449,50,0.00497514324,-3.54898713e-08,0
0.2578,49.7512449,50,0.00497514324,-3.54898713e-08,0
0.2579,49.7512449,50,0.00497514324,-3.54898713e-08,0
0.258,49.7512449,50,0.00497514324,-3.54898713e-08,0
0.2581,49.7512449,50,0.00497513668,-3.01454932e-08,0
0.2582,49.7512449,50,0.00497513668,-3.01454932e-08,0
0.2583,49.7512449,50,0.00497513668,-3.01454932e-08,0
0.2584,49.751245,50,0.00497513668,-3.01454932e-08,0
0.2585,49.751245,50,0.00497513668,-3.01454932e-08,0
0.2586,49.751245,50,0.00497513668,-3.01454932e-08,0
0.2587,49.751245,50,0.00497513668,-3.01454932e-08,0
0.2588,49.751245,50,0.00497513668,-3.01454932e-08,0
0.2589,49.751245,50,0.00497513668,-3.01454932e-08,0
0.259,49.751245,50,0.00497513668,-3.01454932e-08,0
0.2591,49.751245,50,0.00497513085,-2.52423647e-08,0
0.2592,49.751245,50,0.00497513085,-2.52423647e-08,0
0.2593,49.751245,50,0.00497513085,-2.52423647e-08,0
0.2594,49.751245,50,0.00497513085,-2.52423647e-08,0
0.2595,49.751245,50,0.00497513085,-2.52423647e-08,0
0.2596,49.751245,50,0.00497513085,-2.52423647e-08,0
0.2597,49.751245,50,0.00497513085,-2.52423647e-08,0
0.2598,49.751245,50,0.00497513085,-2.52423647e-08,0
0.2599,49.751245,50,0.00497513085,-2.52423647e-08,0
0.26,49.751245,50,0.00497513085,-2.52423647e-08,0
0.2601,49.751245,50,0.00497512569,-2.07616992e-08,0
0.2602,49.751245,50,0.00497512569,-2.07616992e-08,0
0.2603,49.751245,50,0.00497512569,-2.07616992e-08,0
0.2604,49.751245,50,0.00497512569,-2.07616992e-08,0
0.2605,49.751245,50,0.00497512569,-2.07616992e-08,0
0.2606,49.751245,50,0.00497512569,-2.07616992e-08,0
0.2607,49.751245,50,0.00497512569,-2.07616992e-08,0
0.2608,49.751245,50,0.00497512569,-2.07616992e-08,0
0.2609,49.751245,50,0.00497512569,-2.07616992e-08,0
0.261,49.751245,50,0.00497512569,-2.07616992e-08,0
0.2611,49.751245,50,0.00497512117,-1.66839468e-08,0
0.2612,49.751245,50,0.00497512117,-1.66839468e-08,0
0.2613,49.751245,50,0.00497512117,-1.66839468e-08,0
0.2614,49.751245,50,0.00497512117,-1.66839468e-08,0
0.2615,49.751245,50,0.00497512117,-1.66839468e-08,0
0.2616,49.751245,50,0.00497512117,-1.66839468e-08,0
0.2617,49.751245,50,0.00497512117,-1.66839468e-08,0
0.2618,49.751245,50,0.00497512117,-1.66839468e-08,0
0.2619,49.751245,50,0.00497512117,-1.66839468e-08,0
0.262,49.751245,50,0.00497512117,-1.66839468e-08,0
0.2621,49.751245,50,0.00497511722,-1.29890337e-08,0
0.2622,49.751245,50,0.00497511722,-1.29890337e-08,0
0.2623,49.751245,50,0.00497511722,-1.29890337e-08,0
0.2624,49.751245,50,0.00497511722,-1.29890337e-08,0
0.2625,49.751245,50,0.00497511722,-1.29890337e-08,0
0.2626,49.751245,50,0.00497511722,-1.29890337e-08,0
0.2627,49.751245,50,0.00497511722,-1.29890337e-08,0
0.2628,49.751245,50,0.00497511722,-1.29890337e-08,0
0.2629,49.751245,50,0.00497511722,-1.29890337e-08,0
0.263,49.751245,50,0.00497511722,-1.29890337e-08,0
0.2631,49.751245,50,0.00497511382,-9.65657312e-09,0
0.2632,49.751245,50,0.00497511382,-9.65657312e-09,0
0.2633,49.751245,50,0.00497511382,-9.65657312e-09,0
0.2634,49.751245,50,0.00497511382,-9.65657312e-09,0
0.2635,49.7512449,50,0.00497511382,-9.65657312e-09,0
0.2636,49.7512449,50,0.00497511382,-9.65657312e-09,0
0.2637,49.7512449,50,0.00497511382,-9.65657312e-09,0
0.2638,49.7512449,50,0.00497511382,-9.65657312e-09,0
0.2639,49.7512449,50,0.00497511382,-9.65657312e-09,0
0.264,49.7512449,50,0.00497511382,-9.65657312e-09,0
0.2641,49.7512449,50,0.00497511091,-6.66605285e-09,0
0.2642,49.7512449,50,0.00497511091,-6.66605285e-09,0
0.2643,49.7512449,50,0.00497511091,-6.66605285e-09,0
0.2644,49.7512449,50,0.00497511091,-6.66605285e-09,0
0.2645,49.7512449,50,0.00497511091,-6.66605285e-09,0
0.2646,49.7512449,50,0.00497511091,-6.66605285e-09,0
0.2647,49.7512449,50,0.00497511091,-6.66605285e-09,0
0.2648,49.7512449,50,0.00497511091,-6.66605285e-09,0
0.2649,49.7512449,50,0.00497511091,-6.66605285e-09,0
0.265,49.7512449,50,0.00497511091,-6.66605285e-09,0
0.2651,49.7512449,50,0.00497510846,-3.99700089e-09,0
0.2652,49.7512449,50,0.00497510846,-3.99700089e-09,0
0.2653,49.7512449,50,0.00497510846,-3.99700089e-09,0
0.2654,49.7512449,50,0.00497510846,-3.99700089e-09,0
0.2655,49.7512449,50,0.00497510846,-3.99700089e-09,0
0.2656,49.7512449,50,0.00497510846,-3.99700089e-09,0
0.2657,49.7512449,50,0.00497510846,-3.99700089e-09,0
0.2658,49.7512449,50,0.00497510846,-3.99700089e-09,0
0.2659,49.7512449,50,0.00497510846,-3.99700089e-09,0
0.266,49.7512449,50,0.00497510846,-3.99700089e-09,0
0.2661,49.7512449,50,0.00497510644,-1.6291291e-09,0
0.2662,49.7512449,50,0.00497510644,-1.6291291e-09,0
0.2663,49.7512449,50,0.00497510644,-1.6291291e-09,0
0.2664,49.7512449,50,0.00497510644,-1.6291291e-09,0
0.2665,49.7512449,50,0.00497510644,-1.6291291e-09,0
0.2666,49.7512449,50,0.00497510644,-1.6291291e-09,0
0.2667,49.7512449,50,0.00497510644,-1.6291291e-09,0
0.2668,49.7512448,50,0.00497510644,-1.6291291e-09,0
0.2669,49.7512448,50,0.00497510644,-1.6291291e-09,0
0.267,49.7512448,50,0.00497510644,-1.6291291e-09,0
0.2671,49.7512448,50,0.00497510479,4.57537574e-10,0
0.2672,49.7512448,50,0.00497510479,4.57537574e-10,0
0.2673,49.7512448,50,0.00497510479,4.57537574e-10,0
0.2674,49.7512448,50,0.00497510479,4.57537574e-10,0
0.2675,49.7512448,50,0.00497510479,4.57537574e-10,0
0.2676,49.7512448,50,0.00497510479,4.57537574e-10,0
0.2677,49.7512448,50,0.00497510479,4.57537574e-10,0
0.2678,49.7512448,50,0.00497510479,4.57537574e-10,0
0.2679,49.7512448,50,0.00497510479,4.57537574e-10,0
0.268,49.7512448,50,0.00497510479,4.57537574e-10,0
0.2681,49.7512448,50,0.00497510349,2.28255972e-09,0
0.2682,49.7512448,50,0.00497510349,2.28255972e-09,0
0.2683,49.7512448,50,0.00497510349,2.28255972e-09,0
0.2684,49.7512448,50,0.00497510349,2.28255972e-09,0
0.2685,49.7512448,50,0.00497510349,2.28255972e-09,0
0.2686,49.7512448,50,0.00497510349,2.28255972e-09,0
0.2687,49.7512448,50,0.00497510349,2.28255972e-09,0
0.2688,49.7512448,50,0.00497510349,2.28255972e-09,0
0.2689,49.7512448,50,0.00497510349,2.28255972e-09,0
0.269,49.7512448,50,0.00497510349,2.28255972e-09,0
0.2691,49.7512448,50,0.00497510251,3.86498725e-09,0
0.2692,49.7512448,50,0.00497510251,3.86498725e-09,0
0.2693,49.7512447,50,0.00497510251,3.86498725e-09,0
0.2694,49.7512447,50,0.00497510251,3.86498725e-09,0
0.2695,49.7512447,50,0.00497510251,3.86498725e-09,0
0.2696,49.7512447,50,0.00497510251,3.86498725e-09,0
0.2697,49.7512447,50,0.00497510251,3.86498725e-09,0
0.2698,49.7512447,50,0.00497510251,3.86498725e-09,0
0.2699,49.7512447,50,0.00497510251,3.86498725e-09,0
0.27,49.7512447,50,0.00497510251,3.86498725e-09,0
0.2701,49.7512447,50,0.0049751018,5.22328512e-09,0
0.2702,49.7512447,50,0.0049751018,5.22328512e-09,0
0.2703,49.7512447,50,0.0049751018,5.22328512e-09,0
0.2704,49.7512447,50,0.0049751018,5.22328512e-09,0
0.2705,49.7512447,50,0.0049751018,5.22328512e-09,0
0.2706,49.7512447,50,0.0049751018,5.22328512e-09,0
0.2707,49.7512447,50,0.0049751018,5.22328512e-09,0
0.2708,49.7512447,50,0.0049751018,5.22328512e-09,0
0.2709,49.7512447,50,0.0049751018,5.22328512e-09,0
0.271,49.7512447,50,0.0049751018,5.22328512e-09,0
0.2711,49.7512447,50,0.00497510135,6.37527113e-09,0
0.2712,49.7512447,50,0.00497510135,6.37527113e-09,0
0.2713,49.7512447,50,0.00497510135,6.37527113e-09,0
0.2714,49.7512447,50,0.00497510135,6.37527113e-09,0
0.2715,49.7512446,50,0.00497510135,6.37527113e-09,0
0.2716,49.7512446,50,0.00497510135,6.37527113e-09,0
0.2717,49.7512446,50,0.00497510135,6.37527113e-09,0
0.2718,49.7512446,50,0.00497510135,6.37527113e-09,0
0.2719,49.7512446,50,0.00497510135,6.37527113e-09,0
0.272,49.7512446,50,0.00497510135,6.37527113e-09,0
0.2721,49.7512446,50,0.00497510112,7.3380654e-09,0
0.2722,49.7512446,50,0.00497510112,7.3380654e-09,0
0.2723,49.7512446,50,0.00497510112,7.3380654e-09,0
0.2724,49.7512446,50,0.00497510112,7.3380654e-09,0
0.2725,49.7512446,50,0.00497510112,7.3380654e-09,0
0.2726,49.7512446,50,0.00497510112,7.3380654e-09,0
0.2727,49.7512446,50,0.00497510112,7.3380654e-09,0
0.2728,49.7512446,50,0.00497510112,7.3380654e-09,0
0.2729,49.7512446,50,0.00497510112,7.3380654e-09,0
0.273,49.7512446,50,0.00497510112,7.3380654e-09,0
0.2731,49.7512446,50,0.00497510109,8.12804886e-09,0
0.2732,49.7512446,50,0.00497510109,8.12804886e-09,0
0.2733,49.7512446,50,0.00497510109,8.12804886e-09,0
0.2734,49.7512446,50,0.00497510109,8.12804886e-09,0
0.2735,49.7512446,50,0.00497510109,8.12804886e-09,0
0.2736,49.7512446,50,0.00497510109,8.12804886e-09,0
0.2737,49.7512445,50,0.00497510109,8.12804886e-09,0
0.2738,49.7512445,50,0.00497510109,8.12804886e-09,0
0.2739,49.7512445,50,0.00497510109,8.12804886e-09,0
0.274,49.7512445,50,0.00497510109,8.12804886e-09,0
0.2741,49.7512445,50,0.00497510124,8.76084115e-09,0
0.2742,49.7512445,50,0.00497510124,8.76084115e-09,0
0.2743,49.7512445,50,0.00497510124,8.76084115e-09,0
0.2744,49.7512445,50,0.00497510124,8.76084115e-09,0
0.2745,49.7512445,50,0.00497510124,8.76084115e-09,0
0.2746,49.7512445,50,0.00497510124,8.76084115e-09,0
0.2747,49.7512445,50,0.00497510124,8.76084115e-09,0
0.2748,49.7512445,50,0.00497510124,8.76084115e-09,0
0.2749,49.7512445,50,0.00497510124,8.76084115e-09,0
0.275,49.7512445,50,0.00497510124,8.76084115e-09,0
0.2751,49.7512445,50,0.00497510153,9.25127517e-09,0
0.2752,49.7512445,50,0.00497510153,9.25127517e-09,0
0.2753,49.7512445,50,0.00497510153,9.25127517e-09,0
0.2754,49.7512445,50,0.00497510153,9.25127517e-09,0
0.2755,49.7512445,50,0.00497510153,9.25127517e-09,0
0.2756,49.7512445,50,0.00497510153,9.25127517e-09,0
0.2757,49.7512445,50,0.00497510153,9.25127517e-09,0
0.2758,49.7512444,50,0.00497510153,9.25127517e-09,0
0.2759,49.7512444,50,0.00497510153,9.25127517e-09,0
0.276,49.7512444,50,0.00497510153,9.25127517e-09,0
0.2761,49.7512444,50,0.00497510196,9.61338975e-09,0
0.2762,49.7512444,50,0.00497510196,9.61338975e-09,0
0.2763,49.7512444,50,0.00497510196,9.61338975e-09,0
0.2764,49.7512444,50,0.00497510196,9.61338975e-09,0
0.2765,49.7512444,50,0.00497510196,9.61338975e-09,0
0.2766,49.7512444,50,0.00497510196,9.61338975e-09,0
0.2767,49.7512444,50,0.00497510196,9.61338975e-09,0
0.2768,49.7512444,50,0.00497510196,9.61338975e-09,0
0.2769,49.7512444,50,0.00497510196,9.61338975e-09,0
0.277,49.7512444,50,0.00497510196,9.61338975e-09,0
0.2771,49.7512444,50,0.0049751025,9.86042184e-09,0
0.2772,49.7512444,50,0.0049751025,9.86042184e-09,0
0.2773,49.7512444,50,0.0049751025,9.86042184e-09,0
0.2774,49.7512444,50,0.0049751025,9.86042184e-09,0
0.2775,49.7512444,50,0.0049751025,9.86042184e-09,0
0.2776,49.7512444,50,0.0049751025,9.86042184e-09,0
0.2777,49.7512444,50,0.0049751025,9.86042184e-09,0
0.2778,49.7512444,50,0.0049751025,9.86042184e-09,0
0.2779,49.7512444,50,0.0049751025,9.86042184e-09,0
0.278,49.7512444,50,0.0049751025,9.86042184e-09,0
0.2781,49.7512443,50,0.00497510313,1.00048123e-08,0
0.2782,49.7512443,50,0.00497510313,1.00048123e-08,0
0.2783,49.7512443,50,0.00497510313,1.00048123e-08,0
0.2784,49.7512443,50,0.00497510313,1.00048123e-08,0
0.2785,49.7512443,50,0.00497510313,1.00048123e-08,0
0.2786,49.7512443,50,0.00497510313,1.00048123e-08,0
0.2787,49.7512443,50,0.00497510313,1.00048123e-08,0
0.2788,49.7512443,50,0.00497510313,1.00048123e-08,0
0.2789,49.7512443,50,0.00497510313,1.00048123e-08,0
0.279,49.7512443,50,0.00497510313,1.00048123e-08,0
0.2791,49.7512443,50,0.00497510384,1.00582121e-08,0
0.2792,49.7512443,50,0.00497510384,1.00582121e-08,0
0.2793,49.7512443,50,0.00497510384,1.00582121e-08,0
0.2794,49.7512443,50,0.00497510384,1.00582121e-08,0
0.2795,49.7512443,50,0.00497510384,1.00582121e-08,0
0.2796,49.7512443,50,0.00497510384,1.00582121e-08,0
0.2797,49.7512443,50,0.00497510384,1.00582121e-08,0
0.2798,49.7512443,50,0.00497510384,1.00582121e-08,0
0.2799,49.7512443,50,0.00497510384,1.00582121e-08,0
0.28,49.7512443,50,0.00497510384,1.00582121e-08,0
0.2801,49.7512443,50,0.00497510461,1.00314923e-08,0
0.2802,49.7512443,50,0.00497510461,1.00314923e-08,0
0.2803,49.7512443,50,0.00497510461,1.00314923e-08,0
0.2804,49.7512443,50,0.00497510461,1.00314923e-08,0
0.2805,49.7512442,50,0.00497510461,1.00314923e-08,0
0.2806,49.7512442,50,0.00497510461,1.00314923e-08,0
0.2807,49.7512442,50,0.00497510461,1.00314923e-08,0
0.2808,49.7512442,50,0.00497510461,1.00314923e-08,0
0.2809,49.7512442,50,0.00497510461,1.00314923e-08,0
0.281,49.7512442,50,0.00497510461,1.00314923e-08,0
0.2811,49.7512442,50,0.00497510543,9.93476669e-09,0
0.2812,49.7512442,50,0.00497510543,9.93476669e-09,0
0.2813,49.7512442,50,0.00497510543,9.93476669e-09,0
0.2814,49.7512442,50,0.00497510543,9.93476669e-09,0
0.2815,49.7512442,50,0.00497510543,9.93476669e-09,0
0.2816,49.7512442,50,0.00497510543,9.93476669e-09,0
0.2817,49.7512442,50,0.00497510543,9.93476669e-09,0
0.2818,49.7512442,50,0.00497510543,9.93476669e-09,0
0.2819,49.7512442,50,0.00497510543,9.93476669e-09,0
0.282,49.7512442,50,0.00497510543,9.93476669e-09,0
0.2821,49.7512442,50,0.00497510628,9.77740896e-09,0
0.2822,49.7512442,50,0.00497510628,9.77740896e-09,0
0.2823,49.7512442,50,0.00497510628,9.77740896e-09,0
0.2824,49.7512442,50,0.00497510628,9.77740896e-09,0
0.2825,49.7512442,50,0.00497510628,9.77740896e-09,0
0.2826,49.7512442,50,0.00497510628,9.77740896e-09,0
0.2827,49.7512442,50,0.00497510628,9.77740896e-09,0
0.2828,49.7512442,50,0.00497510628,9.77740896e-09,0
0.2829,49.7512442,50,0.00497510628,9.77740896e-09,0
0.283,49.7512442,50,0.00497510628,9.77740896e-09,0
0.2831,49.7512441,50,0.00497510716,9.56807384e-09,0
0.2832,49.7512441,50,0.00497510716,9.56807384e-09,0
0.2833,49.7512441,50,0.00497510716,9.56807384e-09,0
0.2834,49.7512441,50,0.00497510716,9.56807384e-09,0
0.2835,49.7512441,50,0.00497510716,9.56807384e-09,0
0.2836,49.7512441,50,0.00497510716,9.56807384e-09,0
0.2837,49.7512441,50,0.00497510716,9.56807384e-09,0
0.2838,49.7512441,50,0.00497510716,9.56807384e-09,0
0.2839,49.7512441,50,0.00497510716,9.56807384e-09,0
0.284,49.7512441,50,0.00497510716,9.56807384e-09,0
0.2841,49.7512441,50,0.00497510806,9.31472482e-09,0
0.2842,49.7512441,50,0.00497510806,9.31472482e-09,0
0.2843,49.7512441,50,0.00497510806,9.31472482e-09,0
0.2844,49.7512441,50,0.00497510806,9.31472482e-09,0
0.2845,49.7512441,50,0.00497510806,9.31472482e-09,0
0.2846,49.7512441,50,0.00497510806,9.31472482e-09,0
0.2847,49.7512441,50,0.00497510806,9.31472482e-09,0
0.2848,49.7512441,50,0.00497510806,9.31472482e-09,0
0.2849,49.7512441,50,0.00497510806,9.31472482e-09,0
0.285,49.7512441,50,0.00497510806,9.31472482e-09,0
0.2851,49.7512441,50,0.00497510897,9.02466311e-09,0
0.2852,49.7512441,50,0.00497510897,9.02466311e-09,0
0.2853,49.7512441,50,0.00497510897,9.02466311e-09,0
0.2854,49.7512441,50,0.00497510897,9.02466311e-09,0
0.2855,49.7512441,50,0.00497510897,9.02466311e-09,0
0.2856,49.7512441,50,0.00497510897,9.02466311e-09,0
0.2857,49.7512441,50,0.00497510897,9.02466311e-09,0
0.2858,49.7512441,50,0.00497510897,9.02466311e-09,0
0.2859,49.7512441,50,0.00497510897,9.02466311e-09,0
0.286,49.7512441,50,0.00497510897,9.02466311e-09,0
0.2861,49.7512441,50,0.00497510988,8.70455186e-09,0
0.2862,49.751244,50,0.00497510988,8.70455186e-09,0
0.2863,49.751244,50,0.00497510988,8.70455186e-09,0
0.2864,49.751244,50,0.00497510988,8.70455186e-09,0
0.2865,49.751244,50,0.00497510988,8.70455186e-09,0
0.2866,49.751244,50,0.00497510988,8.70455186e-09,0
0.2867,49.751244,50,0.00497510988,8.70455186e-09,0
0.2868,49.751244,50,0.00497510988,8.70455186e-09,0
0.2869,49.751244,50,0.00497510988,8.70455186e-09,0
0.287,49.751244,50,0.00497510988,8.70455186e-09,0
0.2871,49.751244,50,0.00497511078,8.36045064e-09,0
0.2872,49.751244,50,0.00497511078,8.36045064e-09,0
0.2873,49.751244,50,0.00497511078,8.36045064e-09,0
0.2874,49.751244,50,0.00497511078,8.36045064e-09,0
0.2875,49.751244,50,0.00497511078,8.36045064e-09,0
0.2876,49.751244,50,0.00497511078,8.36045064e-09,0
0.2877,49.751244,50,0.00497511078,8.36045064e-09,0
0.2878,49.751244,50,0.00497511078,8.36045064e-09,0
0.2879,49.751244,50,0.00497511078,8.36045064e-09,0
0.288,49.751244,50,0.00497511078,8.36045064e-09,0
0.2881,49.751244,50,0.00497511167,7.9978437e-09,0
0.2882,49.751244,50,0.00497511167,7.9978437e-09,0
0.2883,49.751244,50,0.00497511167,7.9978437e-09,0
0.2884,49.751244,50,0.00497511167,7.9978437e-09,0
0.2885,49.751244,50,0.00497511167,7.9978437e-09,0
0.2886,49.751244,50,0.00497511167,7.9978437e-09,0
0.2887,49.751244,50,0.00497511167,7.9978437e-09,0
0.2888,49.751244,50,0.00497511167,7.9978437e-09,0
0.2889,49.751244,50,0.00497511167,7.9978437e-09,0
0.289,49.751244,50,0.00497511167,7.9978437e-09,0
0.2891,49.751244,50,0.00497511254,7.62167225e-09,0
0.2892,49.751244,50,0.00497511254,7.62167225e-09,0
0.2893,49.751244,50,0.00497511254,7.62167225e-09,0
0.2894,49.751244,50,0.00497511254,7.62167225e-09,0
0.2895,49.751244,50,0.00497511254,7.62167225e-09,0
0.2896,49.751244,50,0.00497511254,7.62167225e-09,0
0.2897,49.751244,50,0.00497511254,7.62167225e-09,0
0.2898,49.751244,50,0.00497511254,7.62167225e-09,0
0.2899,49.751244,50,0.00497511254,7.62167225e-09,0
0.29,49.7512439,50,0.00497511254,7.62167225e-09,0
0.2901,49.7512439,50,0.00497511339,7.23636456e-09,0
0.2902,49.7512439,50,0.00497511339,7.23636456e-09,0
0.2903,49.7512439,50,0.00497511339,7.23636456e-09,0
0.2904,49.7512439,50,0.00497511339,7.23636456e-09,0
0.2905,49.7512439,50,0.00497511339,7.23636456e-09,0
0.2906,49.7512439,50,0.00497511339,7.23636456e-09,0
0.2907,49.7512439,50,0.00497511339,7.23636456e-09,0
0.2908,49.7512439,50,0.00497511339,7.23636456e-09,0
0.2909,49.7512439,50,0.00497511339,7.23636456e-09,0
0.291,49.7512439,50,0.00497511339,7.23636456e-09,0
0.2911,49.7512439,50,0.00497511422,6.84586679e-09,0
0.2912,49.7512439,50,0.00497511422,6.84586679e-09,0
0.2913,49.7512439,50,0.00497511422,6.84586679e-09,0
0.2914,49.7512439,50,0.00497511422,6.84586679e-09,0
0.2915,49.7512439,50,0.00497511422,6.84586679e-09,0
0.2916,49.7512439,50,0.00497511422,6.84586679e-09,0
0.2917,49.7512439,50,0.00497511422,6.84586679e-09,0
0.2918,49.7512439,50,0.00497511422,6.84586679e-09,0
0.2919,49.7512439,50,0.00497511422,6.84586679e-09,0
0.292,49.7512439,50,0.00497511422,6.84586679e-09,0
0.2921,49.7512439,50,0.00497511501,6.45367576e-09,0
0.2922,49.7512439,50,0.00497511501,6.45367576e-09,0
0.2923,49.7512439,50,0.00497511501,6.45367576e-09,0
0.2924,49.7512439,50,0.00497511501,6.45367576e-09,0
0.2925,49.7512439,50,0.00497511501,6.45367576e-09,0
0.2926,49.7512439,50,0.00497511501,6.45367576e-09,0
0.2927,49.7512439,50,0.00497511501,6.45367576e-09,0
0.2928,49.7512439,50,0.00497511501,6.45367576e-09,0
0.2929,49.7512439,50,0.00497511501,6.45367576e-09,0
0.293,49.7512439,50,0.00497511501,6.45367576e-09,0
0.2931,49.7512439,50,0.00497511578,6.06286776e-09,0
0.2932,49.7512439,50,0.00497511578,6.06286776e-09,0
0.2933,49.7512439,50,0.00497511578,6.06286776e-09,0
0.2934,49.7512439,50,0.00497511578,6.06286776e-09,0
0.2935,49.7512439,50,0.00497511578,6.06286776e-09,0
0.2936,49.7512439,50,0.00497511578,6.06286776e-09,0
0.2937,49.7512439,50,0.00497511578,6.06286776e-09,0
0.2938,49.7512439,50,0.00497511578,6.06286776e-09,0
0.2939,49.7512439,50,0.00497511578,6.06286776e-09,0
0.294,49.7512439,50,0.00497511578,6.06286776e-09,0
0.2941,49.7512439,50,0.00497511652,5.67612768e-09,0
0.2942,49.7512439,50,0.00497511652,5.67612768e-09,0
0.2943,49.7512439,50,0.00497511652,5.67612768e-09,0
0.2944,49.7512439,50,0.00497511652,5.67612768e-09,0
0.2945,49.7512439,50,0.00497511652,5.67612768e-09,0
0.2946,49.7512439,50,0.00497511652,5.67612768e-09,0
0.2947,49.7512439,50,0.00497511652,5.67612768e-09,0
0.2948,49.7512439,50,0.00497511652,5.67612768e-09,0
0.2949,49.7512439,50,0.00497511652,5.67612768e-09,0
0.295,49.7512439,50,0.00497511652,5.67612768e-09,0
0.2951,49.7512439,50,0.00497511722,5.29577726e-09,0
0.2952,49.7512439,50,0.00497511722,5.29577726e-09,0
0.2953,49.7512439,50,0.00497511722,5.29577726e-09,0
0.2954,49.7512438,50,0.00497511722,5.29577726e-09,0
0.2955,49.7512438,50,0.00497511722,5.29577726e-09,0
0.2956,49.7512438,50,0.00497511722,5.29577726e-09,0
0.2957,49.7512438,50,0.00497511722,5.29577726e-09,0
0.2958,49.7512438,50,0.00497511722,5.29577726e-09,0
0.2959,49.7512438,50,0.00497511722,5.29577726e-09,0
0.296,49.7512438,50,0.00497511722,5.29577726e-09,0
0.2961,49.7512438,50,0.00497511788,4.92380656e-09,0
0.2962,49.7512438,50,0.00497511788,4.92380656e-09,0
0.2963,49.7512438,50,0.00497511788,4.92380656e-09,0
0.2964,49.7512438,50,0.00497511788,4.92380656e-09,0
0.2965,49.7512438,50,0.00497511788,4.92380656e-09,0
0.2966,49.7512438,50,0.00497511788,4.92380656e-09,0
0.2967,49.7512438,50,0.00497511788,4.92380656e-09,0
0.2968,49.7512438,50,0.00497511788,4.92380656e-09,0
0.2969,49.7512438,50,0.00497511788,4.92380656e-09,0
0.297,49.7512438,50,0.00497511788,4.92380656e-09,0
0.2971,49.7512438,50,0.00497511852,4.5618958e-09,0
0.2972,49.7512438,50,0.00497511852,4.5618958e-09,0
0.2973,49.7512438,50,0.00497511852,4.5618958e-09,0
0.2974,49.7512438,50,0.00497511852,4.5618958e-09,0
0.2975,49.7512438,50,0.00497511852,4.5618958e-09,0
0.2976,49.7512438,50,0.00497511852,4.5618958e-09,0
0.2977,49.7512438,50,0.00497511852,4.5618958e-09,0
0.2978,49.7512438,50,0.00497511852,4.5618958e-09,0
0.2979,49.7512438,50,0.00497511852,4.5618958e-09,0
0.298,49.7512438,50,0.00497511852,4.5618958e-09,0
0.2981,49.7512438,50,0.00497511911,4.21144519e-09,0
0.2982,49.7512438,50,0.00497511911,4.21144519e-09,0
0.2983,49.7512438,50,0.00497511911,4.21144519e-09,0
0.2984,49.7512438,50,0.00497511911,4.21144519e-09,0
0.2985,49.7512438,50,0.00497511911,4.21144519e-09,0
0.2986,49.7512438,50,0.00497511911,4.21144519e-09,0
0.2987,49.7512438,50,0.00497511911,4.21144519e-09,0
0.2988,49.7512438,50,0.00497511911,4.21144519e-09,0
0.2989,49.7512438,50,0.00497511911,4.21144519e-09,0
0.299,49.7512438,50,0.00497511911,4.21144519e-09,0
0.2991,49.7512438,50,0.00497511967,3.87359665e-09,0
0.2992,49.7512438,50,0.00497511967,3.87359665e-09,0
0.2993,49.7512438,50,0.00497511967,3.87359665e-09,0
0.2994,49.7512438,50,0.00497511967,3.87359665e-09,0
0.2995,49.7512438,50,0.00497511967,3.87359665e-09,0
0.2996,49.7512438,50,0.00497511967,3.87359665e-09,0
0.2997,49.7512438,50,0.00497511967,3.87359665e-09,0
0.2998,49.7512438,50,0.00497511967,3.87359665e-09,0
0.2999,49.7512438,50,0.00497511967,3.87359665e-09,0
0.3,49.7512438,50,0.00497511967,3.87359665e-09,0
0.3001,49.7512438,50,0.0049751202,3.54925974e-09,0
0.3002,49.7512438,50,0.0049751202,3.54925974e-09,0
0.3003,49.7512438,50,0.0049751202,3.54925974e-09,0
0.3004,49.7512438,50,0.0049751202,3.54925974e-09,0
0.3005,49.7512438,50,0.0049751202,3.54925974e-09,0
0.3006,49.7512438,50,0.0049751202,3.54925974e-09,0
0.3007,49.7512438,50,0.0049751202,3.54925974e-09,0
0.3008,49.7512438,50,0.0049751202,3.54925974e-09,0
0.3009,49.7512438,50,0.0049751202,3.54925974e-09,0
0.301,49.7512438,50,0.0049751202,3.54925974e-09,0
0.3011,49.7512438,50,0.00497512069,3.23913238e-09,0
0.3012,49.7512438,50,0.00497512069,3.23913238e-09,0
0.3013,49.7512438,50,0.00497512069,3.23913238e-09,0
0.3014,49.7512438,50,0.00497512069,3.23913238e-09,0
0.3015,49.7512438,50,0.00497512069,3.23913238e-09,0
0.3016,49.7512438,50,0.00497512069,3.23913238e-09,0
0.3017,49.7512438,50,0.00497512069,3.23913238e-09,0
0.3018,49.7512438,50,0.00497512069,3.23913238e-09,0
0.3019,49.7512438,50,0.00497512069,3.23913238e-09,0
0.302,49.7512438,50,0.00497512069,3.23913238e-09,0
0.3021,49.7512438,50,0.00497512115,2.94372234e-09,0
0.3022,49.7512438,50,0.00497512115,2.94372234e-09,0
0.3023,49.7512438,50,0.00497512115,2.94372234e-09,0
0.3024,49.7512438,50,0.00497512115,2.94372234e-09,0
0.3025,49.7512438,50,0.00497512115,2.94372234e-09,0
0.3026,49.7512438,50,0.00497512115,2.94372234e-09,0
0.3027,49.7512438,50,0.00497512115,2.94372234e-09,0
0.3028,49.7512438,50,0.00497512115,2.94372234e-09,0
0.3029,49.7512438,50,0.00497512115,2.94372234e-09,0
0.303,49.7512438,50,0.00497512115,2.94372234e-09,0
0.3031,49.7512438,50,0.00497512157,2.66336628e-09,0
0.3032,49.7512438,50,0.00497512157,2.66336628e-09,0
0.3033,49.7512438,50,0.00497512157,2.66336628e-09,0
0.3034,49.7512438,50,0.00497512157,2.66336628e-09,0
0.3035,49.7512438,50,0.00497512157,2.66336628e-09,0
0.3036,49.7512438,50,0.00497512157,2.66336628e-09,0
0.3037,49.7512438,50,0.00497512157,2.66336628e-09,0
0.3038,49.7512438,50,0.00497512157,2.66336628e-09,0
0.3039,49.7512438,50,0.00497512157,2.66336628e-09,0
0.304,49.7512438,50,0.00497512157,2.66336628e-09,0
0.3041,49.7512438,50,0.00497512197,2.39825027e-09,0
0.3042,49.7512438,50,0.00497512197,2.39825027e-09,0
0.3043,49.7512438,50,0.00497512197,2.39825027e-09,0
0.3044,49.7512438,50,0.00497512197,2.39825027e-09,0
0.3045,49.7512438,50,0.00497512197,2.39825027e-09,0
0.3046,49.7512438,50,0.00497512197,2.39825027e-09,0
0.3047,49.7512438,50,0.00497512197,2.39825027e-09,0
0.3048,49.7512438,50,0.00497512197,2.39825027e-09,0
0.3049,49.7512438,50,0.00497512197,2.39825027e-09,0
0.305,49.7512438,50,0.00497512197,2.39825027e-09,0
0.3051,49.7512438,50,0.00497512233,2.14842503e-09,0
0.3052,49.7512438,50,0.00497512233,2.14842503e-09,0
0.3053,49.7512438,50,0.00497512233,2.14842503e-09,0
0.3054,49.7512438,50,0.00497512233,2.14842503e-09,0
0.3055,49.7512438,50,0.00497512233,2.14842503e-09,0
0.3056,49.7512438,50,0.00497512233,2.14842503e-09,0
0.3057,49.7512438,50,0.00497512233,2.14842503e-09,0
0.3058,49.7512438,50,0.00497512233,2.14842503e-09,0
0.3059,49.7512438,50,0.00497512233,2.14842503e-09,0
0.306,49.7512438,50,0.00497512233,2.14842503e-09,0
0.3061,49.7512438,50,0.00497512266,1.91382303e-09,0
0.3062,49.7512438,50,0.00497512266,1.91382303e-09,0
0.3063,49.7512438,50,0.00497512266,1.91382303e-09,0
0.3064,49.7512438,50,0.00497512266,1.91382303e-09,0
0.3065,49.7512438,50,0.00497512266,1.91382303e-09,0
0.3066,49.7512438,50,0.00497512266,1.91382303e-09,0
0.3067,49.7512438,50,0.00497512266,1.91382303e-09,0
0.3068,49.7512438,50,0.00497512266,1.91382303e-09,0
0.3069,49.7512438,50,0.00497512266,1.91382303e-09,0
0.307,49.7512438,50,0.00497512266,1.91382303e-09,0
0.3071,49.7512438,50,0.00497512296,1.69427422e-09,0
0.3072,49.7512438,50,0.00497512296,1.69427422e-09,0
0.3073,49.7512438,50,0.00497512296,1.69427422e-09,0
0.3074,49.7512438,50,0.00497512296,1.69427422e-09,0
0.3075,49.7512438,50,0.00497512296,1.69427422e-09,0
0.3076,49.7512438,50,0.00497512296,1.69427422e-09,0
0.3077,49.7512438,50,0.00497512296,1.69427422e-09,0
0.3078,49.7512438,50,0.00497512296,1.69427422e-09,0
0.3079,49.7512438,50,0.00497512296,1.69427422e-09,0
0.308,49.7512438,50,0.00497512296,1.69427422e-09,0
0.3081,49.7512438,50,0.00497512324,1.48952045e-09,0
0.3082,49.7512438,50,0.00497512324,1.48952045e-09,0
0.3083,49.7512438,50,0.00497512324,1.48952045e-09,0
0.3084,49.7512438,50,0.00497512324,1.48952045e-09,0
0.3085,49.7512438,50,0.00497512324,1.48952045e-09,0
0.3086,49.7512438,50,0.00497512324,1.48952045e-09,0
0.3087,49.7512438,50,0.00497512324,1.48952045e-09,0
0.3088,49.7512438,50,0.00497512324,1.48952045e-09,0
0.3089,49.7512438,50,0.00497512324,1.48952045e-09,0
0.309,49.7512438,50,0.00497512324,1.48952045e-09,0
0.3091,49.7512438,50,0.00497512349,1.2992265e-09,0
0.3092,49.7512438,50,0.00497512349,1.2992265e-09,0
0.3093,49.7512438,50,0.00497512349,1.2992265e-09,0
0.3094,49.7512438,50,0.00497512349,1.2992265e-09,0
0.3095,49.7512438,50,0.00497512349,1.2992265e-09,0
0.3096,49.7512437,50,0.00497512349,1.2992265e-09,0
0.3097,49.7512437,50,0.00497512349,1.2992265e-09,0
0.3098,49.7512437,50,0.00497512349,1.2992265e-09,0
0.3099,49.7512437,50,0.00497512349,1.2992265e-09,0
0.31,49.7512437,50,0.00497512349,1.2992265e-09,0
0.3101,49.7512437,50,0.00497512372,1.12299317e-09,0
0.3102,49.7512437,50,0.00497512372,1.12299317e-09,0
0.3103,49.7512437,50,0.00497512372,1.12299317e-09,0
0.3104,49.7512437,50,0.00497512372,1.12299317e-09,0
0.3105,49.7512437,50,0.00497512372,1.12299317e-09,0
0.3106,49.7512437,50,0.00497512372,1.12299317e-09,0
0.3107,49.7512437,50,0.00497512372,1.12299317e-09,0
0.3108,49.7512437,50,0.00497512372,1.12299317e-09,0
0.3109,49.7512437,50,0.00497512372,1.12299317e-09,0
0.311,49.7512437,50,0.00497512372,1.12299317e-09,0
0.3111,49.7512437,50,0.00497512392,9.6036884e-10,0
0.3112,49.7512437,50,0.00497512392,9.6036884e-10,0
0.3113,49.7512437,50,0.00497512392,9.6036884e-10,0
0.3114,49.7512437,50,0.00497512392,9.6036884e-10,0
0.3115,49.7512437,50,0.00497512392,9.6036884e-10,0
0.3116,49.7512437,50,0.00497512392,9.6036884e-10,0
0.3117,49.7512437,50,0.00497512392,9.6036884e-10,0
0.3118,49.7512437,50,0.00497512392,9.6036884e-10,0
0.3119,49.7512437,50,0.00497512392,9.6036884e-10,0
0.312,49.7512437,50,0.00497512392,9.6036884e-10,0
0.3121,49.7512437,50,0.0049751241,8.10856129e-10,0
0.3122,49.7512437,50,0.0049751241,8.10856129e-10,0
0.3123,49.7512437,50,0.0049751241,8.10856129e-10,0
0.3124,49.7512437,50,0.0049751241,8.10856129e-10,0
0.3125,49.7512437,50,0.0049751241,8.10856129e-10,0
0.3126,49.7512437,50,0.0049751241,8.10856129e-10,0
0.3127,49.7512437,50,0.0049751241,8.10856129e-10,0
0.3128,49.7512437,50,0.0049751241,8.10856129e-10,0
0.3129,49.7512437,50,0.0049751241,8.10856129e-10,0
0.313,49.7512437,50,0.0049751241,8.10856129e-10,0
0.3131,49.7512437,50,0.00497512426,6.73924829e-10,0
0.3132,49.7512437,50,0.00497512426,6.73924829e-10,0
0.3133,49.7512437,50,0.00497512426,6.73924829e-10,0
0.3134,49.7512437,50,0.00497512426,6.73924829e-10,0
0.3135,49.7512437,50,0.00497512426,6.73924829e-10,0
0.3136,49.7512437,50,0.00497512426,6.73924829e-10,0
0.3137,49.7512437,50,0.00497512426,6.73924829e-10,0
0.3138,49.7512437,50,0.00497512426,6.73924829e-10,0
0.3139,49.7512437,50,0.00497512426,6.73924829e-10,0
0.314,49.7512437,50,0.00497512426,6.73924829e-10,0
0.3141,49.7512437,50,0.0049751244,5.49019249e-10,0
0.3142,49.7512437,50,0.0049751244,5.49019249e-10,0
0.3143,49.7512437,50,0.0049751244,5.49019249e-10,0
0.3144,49.7512437,50,0.0049751244,5.49019249e-10,0
0.3145,49.7512437,50,0.0049751244,5.49019249e-10,0
0.3146,49.7512437,50,0.0049751244,5.49019249e-10,0
0.3147,49.7512437,50,0.0049751244,5.49019249e-10,0
0.3148,49.7512437,50,0.0049751244,5.49019249e-10,0
0.3149,49.7512437,50,0.0049751244,5.49019249e-10,0
0.315,49.7512437,50,0.0049751244,5.49019249e-10,0
0.3151,49.7512437,50,0.00497512452,4.3556182e-10,0
0.3152,49.7512437,50,0.00497512452,4.3556182e-10,0
0.3153,49.7512437,50,0.00497512452,4.3556182e-10,0
0.3154,49.7512437,50,0.00497512452,4.3556182e-10,0
0.3155,49.7512437,50,0.00497512452,4.3556182e-10,0
0.3156,49.7512437,50,0.00497512452,4.3556182e-10,0
0.3157,49.7512437,50,0.00497512452,4.3556182e-10,0
0.3158,49.7512437,50,0.00497512452,4.3556182e-10,0
0.3159,49.7512437,50,0.00497512452,4.3556182e-10,0
0.316,49.7512437,50,0.00497512452,4.3556182e-10,0
0.3161,49.7512437,50,0.00497512463,3.32965935e-10,0
0.3162,49.7512437,50,0.00497512463,3.32965935e-10,0
0.3163,49.7512437,50,0.00497512463,3.32965935e-10,0
0.3164,49.7512437,50,0.00497512463,3.32965935e-10,0
0.3165,49.7512437,50,0.00497512463,3.32965935e-10,0
0.3166,49.7512437,50,0.00497512463,3.32965935e-10,0
0.3167,49.7512437,50,0.00497512463,3.32965935e-10,0
0.3168,49.7512437,50,0.00497512463,3.32965935e-10,0
0.3169,49.7512437,50,0.00497512463,3.32965935e-10,0
0.317,49.7512437,50,0.00497512463,3.32965935e-10,0
0.3171,49.7512437,50,0.00497512472,2.4063646e-10,0
0.3172,49.7512437,50,0.00497512472,2.4063646e-10,0
0.3173,49.7512437,50,0.00497512472,2.4063646e-10,0
0.3174,49.7512437,50,0.00497512472,2.4063646e-10,0
0.3175,49.7512437,50,0.00497512472,2.4063646e-10,0
0.3176,49.7512437,50,0.00497512472,2.4063646e-10,0
0.3177,49.7512437,50,0.00497512472,2.4063646e-10,0
0.3178,49.7512437,50,0.00497512472,2.4063646e-10,0
0.3179,49.7512437,50,0.00497512472,2.4063646e-10,0
0.318,49.7512437,50,0.00497512472,2.4063646e-10,0
0.3181,49.7512437,50,0.0049751248,1.57977662e-10,0
0.3182,49.7512437,50,0.0049751248,1.57977662e-10,0
0.3183,49.7512437,50,0.0049751248,1.57977662e-10,0
0.3184,49.7512437,50,0.0049751248,1.57977662e-10,0
0.3185,49.7512437,50,0.0049751248,1.57977662e-10,0
0.3186,49.7512437,50,0.0049751248,1.57977662e-10,0
0.3187,49.7512437,50,0.0049751248,1.57977662e-10,0
0.3188,49.7512437,50,0.0049751248,1.57977662e-10,0
0.3189,49.7512437,50,0.0049751248,1.57977662e-10,0
0.319,49.7512437,50,0.0049751248,1.57977662e-10,0
0.3191,49.7512437,50,0.00497512487,8.43965826e-11,0
0.3192,49.7512437,50,0.00497512487,8.43965826e-11,0
0.3193,49.7512437,50,0.00497512487,8.43965826e-11,0
0.3194,49.7512437,50,0.00497512487,8.43965826e-11,0
0.3195,49.7512437,50,0.00497512487,8.43965826e-11,0
0.3196,49.7512437,50,0.00497512487,8.43965826e-11,0
0.3197,49.7512437,50,0.00497512487,8.43965826e-11,0
0.3198,49.7512437,50,0.00497512487,8.43965826e-11,0
0.3199,49.7512437,50,0.00497512487,8.43965826e-11,0
0.32,49.7512437,50,0.00497512487,8.43965826e-11,0
0.3201,49.7512437,50,0.00497512492,1.93071245e-11,0
0.3202,49.7512437,50,0.00497512492,1.93071245e-11,0
0.3203,49.7512438,50,0.00497512492,1.93071245e-11,0
0.3204,49.7512438,50,0.00497512492,1.93071245e-11,0
0.3205,49.7512438,50,0.00497512492,1.93071245e-11,0
0.3206,49.7512438,50,0.00497512492,1.93071245e-11,0
0.3207,49.7512438,50,0.00497512492,1.93071245e-11,0
0.3208,49.7512438,50,0.00497512492,1.93071245e-11,0
0.3209,49.7512438,50,0.00497512492,1.93071245e-11,0
0.321,49.7512438,50,0.00497512492,1.93071245e-11,0
0.3211,49.7512438,50,0.00497512497,-3.78666647e-11,0
0.3212,49.7512438,50,0.00497512497,-3.78666647e-11,0
0.3213,49.7512438,50,0.00497512497,-3.78666647e-11,0
0.3214,49.7512438,50,0.00497512497,-3.78666647e-11,0
0.3215,49.7512438,50,0.00497512497,-3.78666647e-11,0
0.3216,49.7512438,50,0.00497512497,-3.78666647e-11,0
0.3217,49.7512438,50,0.00497512497,-3.78666647e-11,0
0.3218,49.7512438,50,0.00497512497,-3.78666647e-11,0
0.3219,49.7512438,50,0.00497512497,-3.78666647e-11,0
0.322,49.7512438,50,0.00497512497,-3.78666647e-11,0
0.3221,49.7512438,50,0.004975125,-8.76869801e-11,0
0.3222,49.7512438,50,0.004975125,-8.76869801e-11,0
0.3223,49.7512438,50,0.004975125,-8.76869801e-11,0
0.3224,49.7512438,50,0.004975125,-8.76869801e-11,0
0.3225,49.7512438,50,0.004975125,-8.76869801e-11,0
0.3226,49.7512438,50,0.004975125,-8.76869801e-11,0
0.3227,49.7512438,50,0.004975125,-8.76869801e-11,0
0.3228,49.7512438,50,0.004975125,-8.76869801e-11,0
0.3229,49.7512438,50,0.004975125,-8.76869801e-11,0
0.323,49.7512438,50,0.004975125,-8.76869801e-11,0
0.3231,49.7512438,50,0.00497512502,-1.30698585e-10,0
0.3232,49.7512438,50,0.00497512502,-1.30698585e-10,0
0.3233,49.7512438,50,0.00497512502,-1.30698585e-10,0
0.3234,49.7512438,50,0.00497512502,-1.30698585e-10,0
0.3235,49.7512438,50,0.00497512502,-1.30698585e-10,0
0.3236,49.7512438,50,0.00497512502,-1.30698585e-10,0
0.3237,49.7512438,50,0.00497512502,-1.30698585e-10,0
0.3238,49.7512438,50,0.00497512502,-1.30698585e-10,0
0.3239,49.7512438,50,0.00497512502,-1.30698585e-10,0
0.324,49.7512438,50,0.00497512502,-1.30698585e-10,0
0.3241,49.7512438,50,0.00497512504,-1.67430834e-10,0
0.3242,49.7512438,50,0.00497512504,-1.67430834e-10,0
0.3243,49.7512438,50,0.00497512504,-1.67430834e-10,0
0.3244,49.7512438,50,0.00497512504,-1.67430834e-10,0
0.3245,49.7512438,50,0.00497512504,-1.67430834e-10,0
0.3246,49.7512438,50,0.00497512504,-1.67430834e-10,0
0.3247,49.7512438,50,0.00497512504,-1.67430834e-10,0
0.3248,49.7512438,50,0.00497512504,-1.67430834e-10,0
0.3249,49.7512438,50,0.00497512504,-1.67430834e-10,0
0.325,49.7512438,50,0.00497512504,-1.67430834e-10,0
0.3251,49.7512438,50,0.00497512505,-1.98392809e-10,0
0.3252,49.7512438,50,0.00497512505,-1.98392809e-10,0
0.3253,49.7512438,50,0.00497512505,-1.98392809e-10,0
0.3254,49.7512438,50,0.00497512505,-1.98392809e-10,0
0.3255,49.7512438,50,0.00497512505,-1.98392809e-10,0
0.3256,49.7512438,50,0.00497512505,-1.98392809e-10,0
0.3257,49.7512438,50,0.00497512505,-1.98392809e-10,0
0.3258,49.7512438,50,0.00497512505,-1.98392809e-10,0
0.3259,49.7512438,50,0.00497512505,-1.98392809e-10,0
0.326,49.7512438,50,0.00497512505,-1.98392809e-10,0
0.3261,49.7512438,50,0.00497512505,-2.24072243e-10,0
0.3262,49.7512438,50,0.00497512505,-2.24072243e-10,0
0.3263,49.7512438,50,0.00497512505,-2.24072243e-10,0
0.3264,49.7512438,50,0.00497512505,-2.24072243e-10,0
0.3265,49.7512438,50,0.00497512505,-2.24072243e-10,0
0.3266,49.7512438,50,0.00497512505,-2.24072243e-10,0
0.3267,49.7512438,50,0.00497512505,-2.24072243e-10,0
0.3268,49.7512438,50,0.00497512505,-2.24072243e-10,0
0.3269,49.7512438,50,0.00497512505,-2.24072243e-10,0
0.327,49.7512438,50,0.00497512505,-2.24072243e-10,0
0.3271,49.7512438,50,0.00497512505,-2.44934855e-10,0
0.3272,49.7512438,50,0.00497512505,-2.44934855e-10,0
0.3273,49.7512438,50,0.00497512505,-2.44934855e-10,0
0.3274,49.7512438,50,0.00497512505,-2.44934855e-10,0
0.3275,49.7512438,50,0.00497512505,-2.44934855e-10,0
0.3276,49.7512438,50,0.00497512505,-2.44934855e-10,0
0.3277,49.7512438,50,0.00497512505,-2.44934855e-10,0
0.3278,49.7512438,50,0.00497512505,-2.44934855e-10,0
0.3279,49.7512438,50,0.00497512505,-2.44934855e-10,0
0.328,49.7512438,50,0.00497512505,-2.44934855e-10,0
0.3281,49.7512438,50,0.00497512505,-2.61425701e-10,0
0.3282,49.7512438,50,0.00497512505,-2.61425701e-10,0
0.3283,49.7512438,50,0.00497512505,-2.61425701e-10,0
0.3284,49.7512438,50,0.00497512505,-2.61425701e-10,0
0.3285,49.7512438,50,0.00497512505,-2.61425701e-10,0
0.3286,49.7512438,50,0.00497512505,-2.61425701e-10,0
0.3287,49.7512438,50,0.00497512505,-2.61425701e-10,0
0.3288,49.7512438,50,0.00497512505,-2.61425701e-10,0
0.3289,49.7512438,50,0.00497512505,-2.61425701e-10,0
0.329,49.7512438,50,0.00497512505,-2.61425701e-10,0
0.3291,49.7512438,50,0.00497512504,-2.73964152e-10,0
0.3292,49.7512438,50,0.00497512504,-2.73964152e-10,0
0.3293,49.7512438,50,0.00497512504,-2.73964152e-10,0
0.3294,49.7512438,50,0.00497512504,-2.73964152e-10,0
0.3295,49.7512438,50,0.00497512504,-2.73964152e-10,0
0.3296,49.7512438,50,0.00497512504,-2.73964152e-10,0
0.3297,49.7512438,50,0.00497512504,-2.73964152e-10,0
0.3298,49.7512438,50,0.00497512504,-2.73964152e-10,0
0.3299,49.7512438,50,0.00497512504,-2.73964152e-10,0
0.33,49.7512438,50,0.00497512504,-2.73964152e-10,0
0.3301,49.7512438,50,0.00497512502,-2.82948426e-10,0
0.3302,49.7512438,50,0.00497512502,-2.82948426e-10,0
0.3303,49.7512438,50,0.00497512502,-2.82948426e-10,0
0.3304,49.7512438,50,0.00497512502,-2.82948426e-10,0
0.3305,49.7512438,50,0.00497512502,-2.82948426e-10,0
0.3306,49.7512438,50,0.00497512502,-2.82948426e-10,0
0.3307,49.7512438,50,0.00497512502,-2.82948426e-10,0
0.3308,49.7512438,50,0.00497512502,-2.82948426e-10,0
0.3309,49.7512438,50,0.00497512502,-2.82948426e-10,0
0.331,49.7512438,50,0.00497512502,-2.82948426e-10,0
0.3311,49.7512438,50,0.00497512501,-2.88752636e-10,0
0.3312,49.7512438,50,0.00497512501,-2.88752636e-10,0
0.3313,49.7512438,50,0.00497512501,-2.88752636e-10,0
0.3314,49.7512438,50,0.00497512501,-2.88752636e-10,0
0.3315,49.7512438,50,0.00497512501,-2.88752636e-10,0
0.3316,49.7512438,50,0.00497512501,-2.88752636e-10,0
0.3317,49.7512438,50,0.00497512501,-2.88752636e-10,0
0.3318,49.7512438,50,0.00497512501,-2.88752636e-10,0
0.3319,49.7512438,50,0.00497512501,-2.88752636e-10,0
0.332,49.7512438,50,0.00497512501,-2.88752636e-10,0
0.3321,49.7512438,50,0.00497512499,-2.91728315e-10,0
0.3322,49.7512438,50,0.00497512499,-2.91728315e-10,0
0.3323,49.7512438,50,0.00497512499,-2.91728315e-10,0
0.3324,49.7512438,50,0.00497512499,-2.91728315e-10,0
0.3325,49.7512438,50,0.00497512499,-2.91728315e-10,0
0.3326,49.7512438,50,0.00497512499,-2.91728315e-10,0
0.3327,49.7512438,50,0.00497512499,-2.91728315e-10,0
0.3328,49.7512438,50,0.00497512499,-2.91728315e-10,0
0.3329,49.7512438,50,0.00497512499,-2.91728315e-10,0
0.333,49.7512438,50,0.00497512499,-2.91728315e-10,0
0.3331,49.7512438,50,0.00497512497,-2.92204347e-10,0
0.3332,49.7512438,50,0.00497512497,-2.92204347e-10,0
0.3333,49.7512438,50,0.00497512497,-2.92204347e-10,0
0.3334,49.7512438,50,0.00497512497,-2.92204347e-10,0
0.3335,49.7512438,50,0.00497512497,-2.92204347e-10,0
0.3336,49.7512438,50,0.00497512497,-2.92204347e-10,0
0.3337,49.7512438,50,0.00497512497,-2.92204347e-10,0
0.3338,49.7512438,50,0.00497512497,-2.92204347e-10,0
0.3339,49.7512438,50,0.00497512497,-2.92204347e-10,0
0.334,49.7512438,50,0.00497512497,-2.92204347e-10,0
0.3341,49.7512438,50,0.00497512494,-2.90485041e-10,0
0.3342,49.7512438,50,0.00497512494,-2.90485041e-10,0
0.3343,49.7512438,50,0.00497512494,-2.90485041e-10,0
0.3344,49.7512438,50,0.00497512494,-2.90485041e-10,0
0.3345,49.7512438,50,0.00497512494,-2.90485041e-10,0
0.3346,49.7512438,50,0.00497512494,-2.90485041e-10,0
0.3347,49.7512438,50,0.00497512494,-2.90485041e-10,0
0.3348,49.7512438,50,0.00497512494,-2.90485041e-10,0
0.3349,49.7512438,50,0.00497512494,-2.90485041e-10,0
0.335,49.7512438,50,0.00497512494,-2.90485041e-10,0
0.3351,49.7512438,50,0.00497512492,-2.86855809e-10,0
0.3352,49.7512438,50,0.00497512492,-2.86855809e-10,0
0.3353,49.7512438,50,0.00497512492,-2.86855809e-10,0
0.3354,49.7512438,50,0.00497512492,-2.86855809e-10,0
0.3355,49.7512438,50,0.00497512492,-2.86855809e-10,0
0.3356,49.7512438,50,0.00497512492,-2.86855809e-10,0
0.3357,49.7512438,50,0.00497512492,-2.86855809e-10,0
0.3358,49.7512438,50,0.00497512492,-2.86855809e-10,0
0.3359,49.7512438,50,0.00497512492,-2.86855809e-10,0
0.336,49.7512438,50,0.00497512492,-2.86855809e-10,0
0.3361,49.7512438,50,0.00497512489,-2.81579532e-10,0
0.3362,49.7512438,50,0.00497512489,-2.81579532e-10,0
0.3363,49.7512438,50,0.00497512489,-2.81579532e-10,0
0.3364,49.7512438,50,0.00497512489,-2.81579532e-10,0
0.3365,49.7512438,50,0.00497512489,-2.81579532e-10,0
0.3366,49.7512438,50,0.00497512489,-2.81579532e-10,0
0.3367,49.7512438,50,0.00497512489,-2.81579532e-10,0
0.3368,49.7512438,50,0.00497512489,-2.81579532e-10,0
0.3369,49.7512438,50,0.00497512489,-2.81579532e-10,0
0.337,49.7512438,50,0.00497512489,-2.81579532e-10,0
0.3371,49.7512438,50,0.00497512487,-2.74898433e-10,0
0.3372,49.7512438,50,0.00497512487,-2.74898433e-10,0
0.3373,49.7512438,50,0.00497512487,-2.74898433e-10,0
0.3374,49.7512438,50,0.00497512487,-2.74898433e-10,0
0.3375,49.7512438,50,0.00497512487,-2.74898433e-10,0
0.3376,49.7512438,50,0.00497512487,-2.74898433e-10,0
0.3377,49.7512438,50,0.00497512487,-2.74898433e-10,0
0.3378,49.7512438,50,0.00497512487,-2.74898433e-10,0
0.3379,49.7512438,50,0.00497512487,-2.74898433e-10,0
0.338,49.7512438,50,0.00497512487,-2.74898433e-10,0
0.3381,49.7512438,50,0.00497512484,-2.67034977e-10,0
0.3382,49.7512438,50,0.00497512484,-2.67034977e-10,0
0.3383,49.7512438,50,0.00497512484,-2.67034977e-10,0
0.3384,49.7512438,50,0.00497512484,-2.67034977e-10,0
0.3385,49.7512438,50,0.00497512484,-2.67034977e-10,0
0.3386,49.7512438,50,0.00497512484,-2.67034977e-10,0
0.3387,49.7512438,50,0.00497512484,-2.67034977e-10,0
0.3388,49.7512438,50,0.00497512484,-2.67034977e-10,0
0.3389,49.7512438,50,0.00497512484,-2.67034977e-10,0
0.339,49.7512438,50,0.00497512484,-2.67034977e-10,0
0.3391,49.7512438,50,0.00497512481,-2.58193441e-10,0
0.3392,49.7512438,50,0.00497512481,-2.58193441e-10,0
0.3393,49.7512438,50,0.00497512481,-2.58193441e-10,0
0.3394,49.7512438,50,0.00497512481,-2.58193441e-10,0
0.3395,49.7512438,50,0.00497512481,-2.58193441e-10,0
0.3396,49.7512438,50,0.00497512481,-2.58193441e-10,0
0.3397,49.7512438,50,0.00497512481,-2.58193441e-10,0
0.3398,49.7512438,50,0.00497512481,-2.58193441e-10,0
0.3399,49.7512438,50,0.00497512481,-2.58193441e-10,0
0.34,49.7512438,50,0.00497512481,-2.58193441e-10,0
0.3401,49.7512438,50,0.00497512479,-2.48559884e-10,0
0.3402,49.7512438,50,0.00497512479,-2.48559884e-10,0
0.3403,49.7512438,50,0.00497512479,-2.48559884e-10,0
0.3404,49.7512438,50,0.00497512479,-2.48559884e-10,0
0.3405,49.7512438,50,0.00497512479,-2.48559884e-10,0
0.3406,49.7512438,50,0.00497512479,-2.48559884e-10,0
0.3407,49.7512438,50,0.00497512479,-2.48559884e-10,0
0.3408,49.7512438,50,0.00497512479,-2.48559884e-10,0
0.3409,49.7512438,50,0.00497512479,-2.48559884e-10,0
0.341,49.7512438,50,0.00497512479,-2.48559884e-10,0
0.3411,49.7512438,50,0.00497512476,-2.38302132e-10,0
0.3412,49.7512438,50,0.00497512476,-2.38302132e-10,0
0.3413,49.7512438,50,0.00497512476,-2.38302132e-10,0
0.3414,49.7512438,50,0.00497512476,-2.38302132e-10,0
0.3415,49.7512438,50,0.00497512476,-2.38302132e-10,0
0.3416,49.7512438,50,0.00497512476,-2.38302132e-10,0
0.3417,49.7512438,50,0.00497512476,-2.38302132e-10,0
0.3418,49.7512438,50,0.00497512476,-2.38302132e-10,0
0.3419,49.7512438,50,0.00497512476,-2.38302132e-10,0
0.342,49.7512438,50,0.00497512476,-2.38302132e-10,0
0.3421,49.7512438,50,0.00497512474,-2.27572731e-10,0
0.3422,49.7512438,50,0.00497512474,-2.27572731e-10,0
0.3423,49.7512438,50,0.00497512474,-2.27572731e-10,0
0.3424,49.7512438,50,0.00497512474,-2.27572731e-10,0
0.3425,49.7512438,50,0.00497512474,-2.27572731e-10,0
0.3426,49.7512438,50,0.00497512474,-2.27572731e-10,0
0.3427,49.7512438,50,0.00497512474,-2.27572731e-10,0
0.3428,49.7512438,50,0.00497512474,-2.27572731e-10,0
0.3429,49.7512438,50,0.00497512474,-2.27572731e-10,0
0.343,49.7512438,50,0.00497512474,-2.27572731e-10,0
0.3431,49.7512438,50,0.00497512471,-2.16508114e-10,0
0.3432,49.7512438,50,0.00497512471,-2.16508114e-10,0
0.3433,49.7512438,50,0.00497512471,-2.16508114e-10,0
0.3434,49.7512438,50,0.00497512471,-2.16508114e-10,0
0.3435,49.7512438,50,0.00497512471,-2.16508114e-10,0
0.3436,49.7512438,50,0.00497512471,-2.16508114e-10,0
0.3437,49.7512438,50,0.00497512471,-2.16508114e-10,0
0.3438,49.7512438,50,0.00497512471,-2.16508114e-10,0
0.3439,49.7512438,50,0.00497512471,-2.16508114e-10,0
0.344,49.7512438,50,0.00497512471,-2.16508114e-10,0
0.3441,49.7512438,50,0.00497512469,-2.05230876e-10,0
0.3442,49.7512438,50,0.00497512469,-2.05230876e-10,0
0.3443,49.7512438,50,0.00497512469,-2.05230876e-10,0
0.3444,49.7512438,50,0.00497512469,-2.05230876e-10,0
0.3445,49.7512438,50,0.00497512469,-2.05230876e-10,0
0.3446,49.7512438,50,0.00497512469,-2.05230876e-10,0
0.3447,49.7512438,50,0.00497512469,-2.05230876e-10,0
0.3448,49.7512438,50,0.00497512469,-2.05230876e-10,0
0.3449,49.7512438,50,0.00497512469,-2.05230876e-10,0
0.345,49.7512438,50,0.00497512469,-2.05230876e-10,0
0.3451,49.7512438,50,0.00497512466,-1.93849821e-10,0
0.3452,49.7512438,50,0.00497512466,-1.93849821e-10,0
0.3453,49.7512438,50,0.00497512466,-1.93849821e-10,0
0.3454,49.7512438,50,0.00497512466,-1.93849821e-10,0
0.3455,49.7512438,50,0.00497512466,-1.93849821e-10,0
0.3456,49.7512438,50,0.00497512466,-1.93849821e-10,0
0.3457,49.7512438,50,0.00497512466,-1.93849821e-10,0
0.3458,49.7512438,50,0.00497512466,-1.93849821e-10,0
0.3459,49.7512438,50,0.00497512466,-1.93849821e-10,0
0.346,49.7512438,50,0.00497512466,-1.93849821e-10,0
0.3461,49.7512438,50,0.00497512464,-1.82461313e-10,0
0.3462,49.7512438,50,0.00497512464,-1.82461313e-10,0
0.3463,49.7512438,50,0.00497512464,-1.82461313e-10,0
0.3464,49.7512438,50,0.00497512464,-1.82461313e-10,0
0.3465,49.7512438,50,0.00497512464,-1.82461313e-10,0
0.3466,49.7512438,50,0.00497512464,-1.82461313e-10,0
0.3467,49.7512438,50,0.00497512464,-1.82461313e-10,0
0.3468,49.7512438,50,0.00497512464,-1.82461313e-10,0
0.3469,49.7512438,50,0.00497512464,-1.82461313e-10,0
0.347,49.7512438,50,0.00497512464,-1.82461313e-10,0
0.3471,49.7512438,50,0.00497512462,-1.71149235e-10,0
0.3472,49.7512438,50,0.00497512462,-1.71149235e-10,0
0.3473,49.7512438,50,0.00497512462,-1.71149235e-10,0
0.3474,49.7512438,50,0.00497512462,-1.71149235e-10,0
0.3475,49.7512438,50,0.00497512462,-1.71149235e-10,0
0.3476,49.7512438,50,0.00497512462,-1.71149235e-10,0
0.3477,49.7512438,50,0.00497512462,-1.71149235e-10,0
0.3478,49.7512438,50,0.00497512462,-1.71149235e-10,0
0.3479,49.7512438,50,0.00497512462,-1.71149235e-10,0
0.348,49.7512438,50,0.00497512462,-1.71149235e-10,0
0.3481,49.7512438,50,0.0049751246,-1.59986214e-10,0
0.3482,49.7512438,50,0.0049751246,-1.59986214e-10,0
0.3483,49.7512438,50,0.0049751246,-1.59986214e-10,0
0.3484,49.7512438,50,0.0049751246,-1.59986214e-10,0
0.3485,49.7512438,50,0.0049751246,-1.59986214e-10,0
0.3486,49.7512438,50,0.0049751246,-1.59986214e-10,0
0.3487,49.7512438,50,0.0049751246,-1.59986214e-10,0
0.3488,49.7512438,50,0.0049751246,-1.59986214e-10,0
0.3489,49.7512438,50,0.0049751246,-1.59986214e-10,0
0.349,49.7512438,50,0.0049751246,-1.59986214e-10,0
0.3491,49.7512438,50,0.00497512458,-1.49035682e-10,0
0.3492,49.7512438,50,0.00497512458,-1.49035682e-10,0
0.3493,49.7512438,50,0.00497512458,-1.49035682e-10,0
0.3494,49.7512438,50,0.00497512458,-1.49035682e-10,0
0.3495,49.7512438,50,0.00497512458,-1.49035682e-10,0
0.3496,49.7512438,50,0.00497512458,-1.49035682e-10,0
0.3497,49.7512438,50,0.00497512458,-1.49035682e-10,0
0.3498,49.7512438,50,0.00497512458,-1.49035682e-10,0
0.3499,49.7512438,50,0.00497512458,-1.49035682e-10,0
0.35,49.7512438,50,0.00497512458,-1.49035682e-10,0
0.3501,49.7512438,50,0.00497512456,-1.3835135e-10,0
0.3502,49.7512438,50,0.00497512456,-1.3835135e-10,0
0.3503,49.7512438,50,0.00497512456,-1.3835135e-10,0
0.3504,49.7512438,50,0.00497512456,-1.3835135e-10,0
0.3505,49.7512438,50,0.00497512456,-1.3835135e-10,0
0.3506,49.7512438,50,0.00497512456,-1.3835135e-10,0
0.3507,49.7512438,50,0.00497512456,-1.3835135e-10,0
0.3508,49.7512438,50,0.00497512456,-1.3835135e-10,0
0.3509,49.7512438,50,0.00497512456,-1.3835135e-10,0
0.351,49.7512438,50,0.00497512456,-1.3835135e-10,0
0.3511,49.7512438,50,0.00497512454,-1.27978806e-10,0
0.3512,49.7512438,50,0.00497512454,-1.27978806e-10,0
0.3513,49.7512438,50,0.00497512454,-1.27978806e-10,0
0.3514,49.7512438,50,0.00497512454,-1.27978806e-10,0
0.3515,49.7512438,50,0.00497512454,-1.27978806e-10,0
0.3516,49.7512438,50,0.00497512454,-1.27978806e-10,0
0.3517,49.7512438,50,0.00497512454,-1.27978806e-10,0
0.3518,49.7512438,50,0.00497512454,-1.27978806e-10,0
0.3519,49.7512438,50,0.00497512454,-1.27978806e-10,0
0.352,49.7512438,50,0.00497512454,-1.27978806e-10,0
0.3521,49.7512438,50,0.00497512452,-1.17954796e-10,0
0.3522,49.7512438,50,0.00497512452,-1.17954796e-10,0
0.3523,49.7512438,50,0.00497512452,-1.17954796e-10,0
0.3524,49.7512438,50,0.00497512452,-1.17954796e-10,0
0.3525,49.7512438,50,0.00497512452,-1.17954796e-10,0
0.3526,49.7512438,50,0.00497512452,-1.17954796e-10,0
0.3527,49.7512438,50,0.00497512452,-1.17954796e-10,0
0.3528,49.7512438,50,0.00497512452,-1.17954796e-10,0
0.3529,49.7512438,50,0.00497512452,-1.17954796e-10,0
0.353,49.7512438,50,0.00497512452,-1.17954796e-10,0
0.3531,49.7512438,50,0.00497512451,-1.08309498e-10,0
0.3532,49.7512438,50,0.00497512451,-1.08309498e-10,0
0.3533,49.7512438,50,0.00497512451,-1.08309498e-10,0
0.3534,49.7512438,50,0.00497512451,-1.08309498e-10,0
0.3535,49.7512438,50,0.00497512451,-1.08309498e-10,0
0.3536,49.7512438,50,0.00497512451,-1.08309498e-10,0
0.3537,49.7512438,50,0.00497512451,-1.08309498e-10,0
0.3538,49.7512438,50,0.00497512451,-1.08309498e-10,0
0.3539,49.7512438,50,0.00497512451,-1.08309498e-10,0
0.354,49.7512438,50,0.00497512451,-1.08309498e-10,0
0.3541,49.7512438,50,0.00497512449,-9.90669725e-11,0
0.3542,49.7512438,50,0.00497512449,-9.90669725e-11,0
0.3543,49.7512438,50,0.00497512449,-9.90669725e-11,0
0.3544,49.7512438,50,0.00497512449,-9.90669725e-11,0
0.3545,49.7512438,50,0.00497512449,-9.90669725e-11,0
0.3546,49.7512438,50,0.00497512449,-9.90669725e-11,0
0.3547,49.7512438,50,0.00497512449,-9.90669725e-11,0
0.3548,49.7512438,50,0.00497512449,-9.90669725e-11,0
0.3549,49.7512438,50,0.00497512449,-9.90669725e-11,0
0.355,49.7512438,50,0.00497512449,-9.90669725e-11,0
0.3551,49.7512438,50,0.00497512448,-9.02443302e-11,0
0.3552,49.7512438,50,0.00497512448,-9.02443302e-11,0
0.3553,49.7512438,50,0.00497512448,-9.02443302e-11,0
0.3554,49.7512438,50,0.00497512448,-9.02443302e-11,0
0.3555,49.7512438,50,0.00497512448,-9.02443302e-11,0
0.3556,49.7512438,50,0.00497512448,-9.02443302e-11,0
0.3557,49.7512438,50,0.00497512448,-9.02443302e-11,0
0.3558,49.7512438,50,0.00497512448,-9.02443302e-11,0
0.3559,49.7512438,50,0.00497512448,-9.02443302e-11,0
0.356,49.7512438,50,0.00497512448,-9.02443302e-11,0
0.3561,49.7512438,50,0.00497512447,-8.18541918e-11,0
0.3562,49.7512438,50,0.00497512447,-8.18541918e-11,0
0.3563,49.7512438,50,0.00497512447,-8.18541918e-11,0
0.3564,49.7512438,50,0.00497512447,-8.18541918e-11,0
0.3565,49.7512438,50,0.00497512447,-8.18541918e-11,0
0.3566,49.7512438,50,0.00497512447,-8.18541918e-11,0
0.3567,49.7512438,50,0.00497512447,-8.18541918e-11,0
0.3568,49.7512438,50,0.00497512447,-8.18541918e-11,0
0.3569,49.7512438,50,0.00497512447,-8.18541918e-11,0
0.357,49.7512438,50,0.00497512447,-8.18541918e-11,0
0.3571,49.7512438,50,0.00497512445,-7.39040374e-11,0
0.3572,49.7512438,50,0.00497512445,-7.39040374e-11,0
0.3573,49.7512438,50,0.00497512445,-7.39040374e-11,0
0.3574,49.7512438,50,0.00497512445,-7.39040374e-11,0
0.3575,49.7512438,50,0.00497512445,-7.39040374e-11,0
0.3576,49.7512438,50,0.00497512445,-7.39040374e-11,0
0.3577,49.7512438,50,0.00497512445,-7.39040374e-11,0
0.3578,49.7512438,50,0.00497512445,-7.39040374e-11,0
0.3579,49.7512438,50,0.00497512445,-7.39040374e-11,0
0.358,49.7512438,50,0.00497512445,-7.39040374e-11,0
0.3581,49.7512438,50,0.00497512444,-6.63982411e-11,0
0.3582,49.7512438,50,0.00497512444,-6.63982411e-11,0
0.3583,49.7512438,50,0.00497512444,-6.63982411e-11,0
0.3584,49.7512438,50,0.00497512444,-6.63982411e-11,0
0.3585,49.7512438,50,0.00497512444,-6.63982411e-11,0
0.3586,49.7512438,50,0.00497512444,-6.63982411e-11,0
0.3587,49.7512438,50,0.00497512444,-6.63982411e-11,0
0.3588,49.7512438,50,0.00497512444,-6.63982411e-11,0
0.3589,49.7512438,50,0.00497512444,-6.63982411e-11,0
0.359,49.7512438,50,0.00497512444,-6.63982411e-11,0
0.3591,49.7512438,50,0.00497512443,-5.93364923e-11,0
0.3592,49.7512438,50,0.00497512443,-5.93364923e-11,0
0.3593,49.7512438,50,0.00497512443,-5.93364923e-11,0
0.3594,49.7512438,50,0.00497512443,-5.93364923e-11,0
0.3595,49.7512438,50,0.00497512443,-5.93364923e-11,0
0.3596,49.7512438,50,0.00497512443,-5.93364923e-11,0
0.3597,49.7512438,50,0.00497512443,-5.93364923e-11,0
0.3598,49.7512438,50,0.00497512443,-5.93364923e-11,0
0.3599,49.7512438,50,0.00497512443,-5.93364923e-11,0
0.36,49.7512438,50,0.00497512443,-5.93364923e-11,0
0.3601,49.7512438,50,0.00497512442,-5.27151465e-11,0
0.3602,49.7512438,50,0.00497512442,-5.27151465e-11,0
0.3603,49.7512438,50,0.00497512442,-5.27151465e-11,0
0.3604,49.7512438,50,0.00497512442,-5.27151465e-11,0
0.3605,49.7512438,50,0.00497512442,-5.27151465e-11,0
0.3606,49.7512438,50,0.00497512442,-5.27151465e-11,0
0.3607,49.7512438,50,0.00497512442,-5.27151465e-11,0
0.3608,49.7512438,50,0.00497512442,-5.27151465e-11,0
0.3609,49.7512438,50,0.00497512442,-5.27151465e-11,0
0.361,49.7512438,50,0.00497512442,-5.27151465e-11,0
0.3611,49.7512438,50,0.00497512442,-4.65275596e-11,0
0.3612,49.7512438,50,0.00497512442,-4.65275596e-11,0
0.3613,49.7512438,50,0.00497512442,-4.65275596e-11,0
0.3614,49.7512438,50,0.00497512442,-4.65275596e-11,0
0.3615,49.7512438,50,0.00497512442,-4.65275596e-11,0
0.3616,49.7512438,50,0.00497512442,-4.65275596e-11,0
0.3617,49.7512438,50,0.00497512442,-4.65275596e-11,0
0.3618,49.7512438,50,0.00497512442,-4.65275596e-11,0
0.3619,49.7512438,50,0.00497512442,-4.65275596e-11,0
0.362,49.7512438,50,0.00497512442,-4.65275596e-11,0
0.3621,49.7512438,50,0.00497512441,-4.07653364e-11,0
0.3622,49.7512438,50,0.00497512441,-4.07653364e-11,0
0.3623,49.7512438,50,0.00497512441,-4.07653364e-11,0
0.3624,49.7512438,50,0.00497512441,-4.07653364e-11,0
0.3625,49.7512438,50,0.00497512441,-4.07653364e-11,0
0.3626,49.7512438,50,0.00497512441,-4.07653364e-11,0
0.3627,49.7512438,50,0.00497512441,-4.07653364e-11,0
0.3628,49.7512438,50,0.00497512441,-4.07653364e-11,0
0.3629,49.7512438,50,0.00497512441,-4.07653364e-11,0
0.363,49.7512438,50,0.00497512441,-4.07653364e-11,0
0.3631,49.7512438,50,0.0049751244,-3.54201165e-11,0
0.3632,49.7512438,50,0.0049751244,-3.54201165e-11,0
0.3633,49.7512438,50,0.0049751244,-3.54201165e-11,0
0.3634,49.7512438,50,0.0049751244,-3.54201165e-11,0
0.3635,49.7512438,50,0.0049751244,-3.54201165e-11,0
0.3636,49.7512438,50,0.0049751244,-3.54201165e-11,0
0.3637,49.7512438,50,0.0049751244,-3.54201165e-11,0
0.3638,49.7512438,50,0.0049751244,-3.54201165e-11,0
0.3639,49.7512438,50,0.0049751244,-3.54201165e-11,0
0.364,49.7512438,50,0.0049751244,-3.54201165e-11,0
0.3641,49.7512438,50,0.00497512439,-3.0478702e-11,0
0.3642,49.7512438,50,0.00497512439,-3.0478702e-11,0
0.3643,49.7512438,50,0.00497512439,-3.0478702e-11,0
0.3644,49.7512438,50,0.00497512439,-3.0478702e-11,0
0.3645,49.7512438,50,0.00497512439,-3.0478702e-11,0
0.3646,49.7512438,50,0.00497512439,-3.0478702e-11,0
0.3647,49.7512438,50,0.00497512439,-3.0478702e-11,0
0.3648,49.7512438,50,0.00497512439,-3.0478702e-11,0
0.3649,49.7512438,50,0.00497512439,-3.0478702e-11,0
0.365,49.7512438,50,0.00497512439,-3.0478702e-11,0
0.3651,49.7512438,50,0.00497512439,-2.59256358e-11,0
0.3652,49.7512438,50,0.00497512439,-2.59256358e-11,0
0.3653,49.7512438,50,0.00497512439,-2.59256358e-11,0
0.3654,49.7512438,50,0.00497512439,-2.59256358e-11,0
0.3655,49.7512438,50,0.00497512439,-2.59256358e-11,0
0.3656,49.7512438,50,0.00497512439,-2.59256358e-11,0
0.3657,49.7512438,50,0.00497512439,-2.59256358e-11,0
0.3658,49.7512438,50,0.00497512439,-2.59256358e-11,0
0.3659,49.7512438,50,0.00497512439,-2.59256358e-11,0
0.366,49.7512438,50,0.00497512439,-2.59256358e-11,0
0.3661,49.7512438,50,0.00497512438,-2.17447059e-11,0
0.3662,49.7512438,50,0.00497512438,-2.17447059e-11,0
0.3663,49.7512438,50,0.00497512438,-2.17447059e-11,0
0.3664,49.7512438,50,0.00497512438,-2.17447059e-11,0
0.3665,49.7512438,50,0.00497512438,-2.17447059e-11,0
0.3666,49.7512438,50,0.00497512438,-2.17447059e-11,0
0.3667,49.7512438,50,0.00497512438,-2.17447059e-11,0
0.3668,49.7512438,50,0.00497512438,-2.17447059e-11,0
0.3669,49.7512438,50,0.00497512438,-2.17447059e-11,0
0.367,49.7512438,50,0.00497512438,-2.17447059e-11,0
0.3671,49.7512438,50,0.00497512438,-1.79241665e-11,0
0.3672,49.7512438,50,0.00497512438,-1.79241665e-11,0
0.3673,49.7512438,50,0.00497512438,-1.79241665e-11,0
0.3674,49.7512438,50,0.00497512438,-1.79241665e-11,0
0.3675,49.7512438,50,0.00497512438,-1.79241665e-11,0
0.3676,49.7512438,50,0.00497512438,-1.79241665e-11,0
0.3677,49.7512438,50,0.00497512438,-1.79241665e-11,0
0.3678,49.7512438,50,0.00497512438,-1.79241665e-11,0
0.3679,49.7512438,50,0.00497512438,-1.79241665e-11,0
0.368,49.7512438,50,0.00497512438,-1.79241665e-11,0
0.3681,49.7512438,50,0.00497512438,-1.44444161e-11,0
0.3682,49.7512438,50,0.00497512438,-1.44444161e-11,0
0.3683,49.7512438,50,0.00497512438,-1.44444161e-11,0
0.3684,49.7512438,50,0.00497512438,-1.44444161e-11,0
0.3685,49.7512438,50,0.00497512438,-1.44444161e-11,0
0.3686,49.7512438,50,0.00497512438,-1.44444161e-11,0
0.3687,49.7512438,50,0.00497512438,-1.44444161e-11,0
0.3688,49.7512438,50,0.00497512438,-1.44444161e-11,0
0.3689,49.7512438,50,0.00497512438,-1.44444161e-11,0
0.369,49.7512438,50,0.00497512438,-1.44444161e-11,0
0.3691,49.7512438,50,0.00497512437,-1.12895786e-11,0
0.3692,49.7512438,50,0.00497512437,-1.12895786e-11,0
0.3693,49.7512438,50,0.00497512437,-1.12895786e-11,0
0.3694,49.7512438,50,0.00497512437,-1.12895786e-11,0
0.3695,49.7512438,50,0.00497512437,-1.12895786e-11,0
0.3696,49.7512438,50,0.00497512437,-1.12895786e-11,0
0.3697,49.7512438,50,0.00497512437,-1.12895786e-11,0
0.3698,49.7512438,50,0.00497512437,-1.12895786e-11,0
0.3699,49.7512438,50,0.00497512437,-1.12895786e-11,0
0.37,49.7512438,50,0.00497512437,-1.12895786e-11,0
0.3701,49.7512438,50,0.00497512437,-8.44563395e-12,0
0.3702,49.7512438,50,0.00497512437,-8.44563395e-12,0
0.3703,49.7512438,50,0.00497512437,-8.44563395e-12,0
0.3704,49.7512438,50,0.00497512437,-8.44563395e-12,0
0.3705,49.7512438,50,0.00497512437,-8.44563395e-12,0
0.3706,49.7512438,50,0.00497512437,-8.44563395e-12,0
0.3707,49.7512438,50,0.00497512437,-8.44563395e-12,0
0.3708,49.7512438,50,0.00497512437,-8.44563395e-12,0
0.3709,49.7512438,50,0.00497512437,-8.44563395e-12,0
0.371,49.7512438,50,0.00497512437,-8.44563395e-12,0
0.3711,49.7512438,50,0.00497512437,-5.89143491e-12,0
0.3712,49.7512438,50,0.00497512437,-5.89143491e-12,0
0.3713,49.7512438,50,0.00497512437,-5.89143491e-12,0
0.3714,49.7512438,50,0.00497512437,-5.89143491e-12,0
0.3715,49.7512438,50,0.00497512437,-5.89143491e-12,0
0.3716,49.7512438,50,0.00497512437,-5.89143491e-12,0
0.3717,49.7512438,50,0.00497512437,-5.89143491e-12,0
0.3718,49.7512438,50,0.00497512437,-5.89143491e-12,0
0.3719,49.7512438,50,0.00497512437,-5.89143491e-12,0
0.372,49.7512438,50,0.00497512437,-5.89143491e-12,0
0.3721,49.7512438,50,0.00497512436,-3.60990404e-12,0
0.3722,49.7512438,50,0.00497512436,-3.60990404e-12,0
0.3723,49.7512438,50,0.00497512436,-3.60990404e-12,0
0.3724,49.7512438,50,0.00497512436,-3.60990404e-12,0
0.3725,49.7512438,50,0.00497512436,-3.60990404e-12,0
0.3726,49.7512438,50,0.00497512436,-3.60990404e-12,0
0.3727,49.7512438,50,0.00497512436,-3.60990404e-12,0
0.3728,49.7512438,50,0.00497512436,-3.60990404e-12,0
0.3729,49.7512438,50,0.00497512436,-3.60990404e-12,0
0.373,49.7512438,50,0.00497512436,-3.60990404e-12,0
0.3731,49.7512438,50,0.00497512436,-1.58332895e-12,0
0.3732,49.7512438,50,0.00497512436,-1.58332895e-12,0
0.3733,49.7512438,50,0.00497512436,-1.58332895e-12,0
0.3734,49.7512438,50,0.00497512436,-1.58332895e-12,0
0.3735,49.7512438,50,0.00497512436,-1.58332895e-12,0
0.3736,49.7512438,50,0.00497512436,-1.58332895e-12,0
0.3737,49.7512438,50,0.00497512436,-1.58332895e-12,0
0.3738,49.7512438,50,0.00497512436,-1.58332895e-12,0
0.3739,49.7512438,50,0.00497512436,-1.58332895e-12,0
0.374,49.7512438,50,0.00497512436,-1.58332895e-12,0
0.3741,49.7512438,50,0.00497512436,2.04257618e-13,0
0.3742,49.7512438,50,0.00497512436,2.04257618e-13,0
0.3743,49.7512438,50,0.00497512436,2.04257618e-13,0
0.3744,49.7512438,50,0.00497512436,2.04257618e-13,0
0.3745,49.7512438,50,0.00497512436,2.04257618e-13,0
0.3746,49.7512438,50,0.00497512436,2.04257618e-13,0
0.3747,49.7512438,50,0.00497512436,2.04257618e-13,0
0.3748,49.7512438,50,0.00497512436,2.04257618e-13,0
0.3749,49.7512438,50,0.00497512436,2.04257618e-13,0
0.375,49.7512438,50,0.00497512436,2.04257618e-13,0
0.3751,49.7512438,50,0.00497512436,1.76901462e-12,0
0.3752,49.7512438,50,0.00497512436,1.76901462e-12,0
0.3753,49.7512438,50,0.00497512436,1.76901462e-12,0
0.3754,49.7512438,50,0.00497512436,1.76901462e-12,0
0.3755,49.7512438,50,0.00497512436,1.76901462e-12,0
0.3756,49.7512438,50,0.00497512436,1.76901462e-12,0
0.3757,49.7512438,50,0.00497512436,1.76901462e-12,0
0.3758,49.7512438,50,0.00497512436,1.76901462e-12,0
0.3759,49.7512438,50,0.00497512436,1.76901462e-12,0
0.376,49.7512438,50,0.00497512436,1.76901462e-12,0
0.3761,49.7512438,50,0.00497512436,3.12613043e-12,0
0.3762,49.7512438,50,0.00497512436,3.12613043e-12,0
0.3763,49.7512438,50,0.00497512436,3.12613043e-12,0
0.3764,49.7512438,50,0.00497512436,3.12613043e-12,0
0.3765,49.7512438,50,0.00497512436,3.12613043e-12,0
0.3766,49.7512438,50,0.00497512436,3.12613043e-12,0
0.3767,49.7512438,50,0.00497512436,3.12613043e-12,0
0.3768,49.7512438,50,0.00497512436,3.12613043e-12,0
0.3769,49.7512438,50,0.00497512436,3.12613043e-12,0
0.377,49.7512438,50,0.00497512436,3.12613043e-12,0
0.3771,49.7512438,50,0.00497512436,4.29290804e-12,0
0.3772,49.7512438,50,0.00497512436,4.29290804e-12,0
0.3773,49.7512438,50,0.00497512436,4.29290804e-12,0
0.3774,49.7512438,50,0.00497512436,4.29290804e-12,0
0.3775,49.7512438,50,0.00497512436,4.29290804e-12,0
0.3776,49.7512438,50,0.00497512436,4.29290804e-12,0
0.3777,49.7512438,50,0.00497512436,4.29290804e-12,0
0.3778,49.7512438,50,0.00497512436,4.29290804e-12,0
0.3779,49.7512438,50,0.00497512436,4.29290804e-12,0
0.378,49.7512438,50,0.00497512436,4.29290804e-12,0
0.3781,49.7512438,50,0.00497512436,5.28448119e-12,0
0.3782,49.7512438,50,0.00497512436,5.28448119e-12,0
0.3783,49.7512438,50,0.00497512436,5.28448119e-12,0
0.3784,49.7512438,50,0.00497512436,5.28448119e-12,0
0.3785,49.7512438,50,0.00497512436,5.28448119e-12,0
0.3786,49.7512438,50,0.00497512436,5.28448119e-12,0
0.3787,49.7512438,50,0.00497512436,5.28448119e-12,0
0.3788,49.7512438,50,0.00497512436,5.28448119e-12,0
0.3789,49.7512438,50,0.00497512436,5.28448119e-12,0
0.379,49.7512438,50,0.00497512436,5.28448119e-12,0
0.3791,49.7512438,50,0.00497512436,6.11363477e-12,0
0.3792,49.7512438,50,0.00497512436,6.11363477e-12,0
0.3793,49.7512438,50,0.00497512436,6.11363477e-12,0
0.3794,49.7512438,50,0.00497512436,6.11363477e-12,0
0.3795,49.7512438,50,0.00497512436,6.11363477e-12,0
0.3796,49.7512438,50,0.00497512436,6.11363477e-12,0
0.3797,49.7512438,50,0.00497512436,6.11363477e-12,0
0.3798,49.7512438,50,0.00497512436,6.11363477e-12,0
0.3799,49.7512438,50,0.00497512436,6.11363477e-12,0
0.38,49.7512438,50,0.00497512436,6.11363477e-12,0
0.3801,49.7512438,50,0.00497512436,6.79711669e-12,0
0.3802,49.7512438,50,0.00497512436,6.79711669e-12,0
0.3803,49.7512438,50,0.00497512436,6.79711669e-12,0
0.3804,49.7512438,50,0.00497512436,6.79711669e-12,0
0.3805,49.7512438,50,0.00497512436,6.79711669e-12,0
0.3806,49.7512438,50,0.00497512436,6.79711669e-12,0
0.3807,49.7512438,50,0.00497512436,6.79711669e-12,0
0.3808,49.7512438,50,0.00497512436,6.79711669e-12,0
0.3809,49.7512438,50,0.00497512436,6.79711669e-12,0
0.381,49.7512438,50,0.00497512436,6.79711669e-12,0
0.3811,49.7512438,50,0.00497512436,7.34612978e-12,0
0.3812,49.7512438,50,0.00497512436,7.34612978e-12,0
0.3813,49.7512438,50,0.00497512436,7.34612978e-12,0
0.3814,49.7512438,50,0.00497512436,7.34612978e-12,0
0.3815,49.7512438,50,0.00497512436,7.34612978e-12,0
0.3816,49.7512438,50,0.00497512436,7.34612978e-12,0
0.3817,49.7512438,50,0.00497512436,7.34612978e-12,0
0.3818,49.7512438,50,0.00497512436,7.34612978e-12,0
0.3819,49.7512438,50,0.00497512436,7.34612978e-12,0
0.382,49.7512438,50,0.00497512436,7.34612978e-12,0
0.3821,49.7512438,50,0.00497512436,7.77368014e-12,0
0.3822,49.7512438,50,0.00497512436,7.77368014e-12,0
0.3823,49.7512438,50,0.00497512436,7.77368014e-12,0
0.3824,49.7512438,50,0.00497512436,7.77368014e-12,0
0.3825,49.7512438,50,0.00497512436,7.77368014e-12,0
0.3826,49.7512438,50,0.00497512436,7.77368014e-12,0
0.3827,49.7512438,50,0.00497512436,7.77368014e-12,0
0.3828,49.7512438,50,0.00497512436,7.77368014e-12,0
0.3829,49.7512438,50,0.00497512436,7.77368014e-12,0
0.383,49.7512438,50,0.00497512436,7.77368014e-12,0
0.3831,49.7512438,50,0.00497512436,8.08895225e-12,0
0.3832,49.7512438,50,0.00497512436,8.08895225e-12,0
0.3833,49.7512438,50,0.00497512436,8.08895225e-12,0
0.3834,49.7512438,50,0.00497512436,8.08895225e-12,0
0.3835,49.7512438,50,0.00497512436,8.08895225e-12,0
0.3836,49.7512438,50,0.00497512436,8.08895225e-12,0
0.3837,49.7512438,50,0.00497512436,8.08895225e-12,0
0.3838,49.7512438,50,0.00497512436,8.08895225e-12,0
0.3839,49.7512438,50,0.00497512436,8.08895225e-12,0
0.384,49.7512438,50,0.00497512436,8.08895225e-12,0
0.3841,49.7512438,50,0.00497512436,8.30630009e-12,0
0.3842,49.7512438,50,0.00497512436,8.30630009e-12,0
0.3843,49.7512438,50,0.00497512436,8.30630009e-12,0
0.3844,49.7512438,50,0.00497512436,8.30630009e-12,0
0.3845,49.7512438,50,0.00497512436,8.30630009e-12,0
0.3846,49.7512438,50,0.00497512436,8.30630009e-12,0
0.3847,49.7512438,50,0.00497512436,8.30630009e-12,0
0.3848,49.7512438,50,0.00497512436,8.30630009e-12,0
0.3849,49.7512438,50,0.00497512436,8.30630009e-12,0
0.385,49.7512438,50,0.00497512436,8.30630009e-12,0
0.3851,49.7512438,50,0.00497512436,8.43719972e-12,0
0.3852,49.7512438,50,0.00497512436,8.43719972e-12,0
0.3853,49.7512438,50,0.00497512436,8.43719972e-12,0
0.3854,49.7512438,50,0.00497512436,8.43719972e-12,0
0.3855,49.7512438,50,0.00497512436,8.43719972e-12,0
0.3856,49.7512438,50,0.00497512436,8.43719972e-12,0
0.3857,49.7512438,50,0.00497512436,8.43719972e-12,0
0.3858,49.7512438,50,0.00497512436,8.43719972e-12,0
0.3859,49.7512438,50,0.00497512436,8.43719972e-12,0
0.386,49.7512438,50,0.00497512436,8.43719972e-12,0
0.3861,49.7512438,50,0.00497512436,8.49040283e-12,0
0.3862,49.7512438,50,0.00497512436,8.49040283e-12,0
0.3863,49.7512438,50,0.00497512436,8.49040283e-12,0
0.3864,49.7512438,50,0.00497512436,8.49040283e-12,0
0.3865,49.7512438,50,0.00497512436,8.49040283e-12,0
0.3866,49.7512438,50,0.00497512436,8.49040283e-12,0
0.3867,49.7512438,50,0.00497512436,8.49040283e-12,0
0.3868,49.7512438,50,0.00497512436,8.49040283e-12,0
0.3869,49.7512438,50,0.00497512436,8.49040283e-12,0
0.387,49.7512438,50,0.00497512436,8.49040283e-12,0
0.3871,49.7512438,50,0.00497512436,8.47590921e-12,0
0.3872,49.7512438,50,0.00497512436,8.47590921e-12,0
0.3873,49.7512438,50,0.00497512436,8.47590921e-12,0
0.3874,49.7512438,50,0.00497512436,8.47590921e-12,0
0.3875,49.7512438,50,0.00497512436,8.47590921e-12,0
0.3876,49.7512438,50,0.00497512436,8.47590921e-12,0
0.3877,49.7512438,50,0.00497512436,8.47590921e-12,0
0.3878,49.7512438,50,0.00497512436,8.47590921e-12,0
0.3879,49.7512438,50,0.00497512436,8.47590921e-12,0
0.388,49.7512438,50,0.00497512436,8.47590921e-12,0
0.3881,49.7512438,50,0.00497512436,8.40052073e-12,0
0.3882,49.7512438,50,0.00497512436,8.40052073e-12,0
0.3883,49.7512438,50,0.00497512436,8.40052073e-12,0
0.3884,49.7512438,50,0.00497512436,8.40052073e-12,0
0.3885,49.7512438,50,0.00497512436,8.40052073e-12,0
0.3886,49.7512438,50,0.00497512436,8.40052073e-12,0
0.3887,49.7512438,50,0.00497512436,8.40052073e-12,0
0.3888,49.7512438,50,0.00497512436,8.40052073e-12,0
0.3889,49.7512438,50,0.00497512436,8.40052073e-12,0
0.389,49.7512438,50,0.00497512436,8.40052073e-12,0
0.3891,49.7512438,50,0.00497512436,8.27134628e-12,0
0.3892,49.7512438,50,0.00497512436,8.27134628e-12,0
0.3893,49.7512438,50,0.00497512436,8.27134628e-12,0
0.3894,49.7512438,50,0.00497512436,8.27134628e-12,0
0.3895,49.7512438,50,0.00497512436,8.27134628e-12,0
0.3896,49.7512438,50,0.00497512436,8.27134628e-12,0
0.3897,49.7512438,50,0.00497512436,8.27134628e-12,0
0.3898,49.7512438,50,0.00497512436,8.27134628e-12,0
0.3899,49.7512438,50,0.00497512436,8.27134628e-12,0
0.39,49.7512438,50,0.00497512436,8.27134628e-12,0
0.3901,49.7512438,50,0.00497512436,8.10037454e-12,0
0.3902,49.7512438,50,0.00497512436,8.10037454e-12,0
0.3903,49.7512438,50,0.00497512436,8.10037454e-12,0
0.3904,49.7512438,50,0.00497512436,8.10037454e-12,0
0.3905,49.7512438,50,0.00497512436,8.10037454e-12,0
0.3906,49.7512438,50,0.00497512436,8.10037454e-12,0
0.3907,49.7512438,50,0.00497512436,8.10037454e-12,0
0.3908,49.7512438,50,0.00497512436,8.10037454e-12,0
0.3909,49.7512438,50,0.00497512436,8.10037454e-12,0
0.391,49.7512438,50,0.00497512436,8.10037454e-12,0
0.3911,49.7512438,50,0.00497512436,7.89085203e-12,0
0.3912,49.7512438,50,0.00497512436,7.89085203e-12,0
0.3913,49.7512438,50,0.00497512436,7.89085203e-12,0
0.3914,49.7512438,50,0.00497512436,7.89085203e-12,0
0.3915,49.7512438,50,0.00497512436,7.89085203e-12,0
0.3916,49.7512438,50,0.00497512436,7.89085203e-12,0
0.3917,49.7512438,50,0.00497512436,7.89085203e-12,0
0.3918,49.7512438,50,0.00497512436,7.89085203e-12,0
0.3919,49.7512438,50,0.00497512436,7.89085203e-12,0
0.392,49.7512438,50,0.00497512436,7.89085203e-12,0
0.3921,49.7512438,50,0.00497512437,7.64879913e-12,0
0.3922,49.7512438,50,0.00497512437,7.64879913e-12,0
0.3923,49.7512438,50,0.00497512437,7.64879913e-12,0
0.3924,49.7512438,50,0.00497512437,7.64879913e-12,0
0.3925,49.7512438,50,0.00497512437,7.64879913e-12,0
0.3926,49.7512438,50,0.00497512437,7.64879913e-12,0
0.3927,49.7512438,50,0.00497512437,7.64879913e-12,0
0.3928,49.7512438,50,0.00497512437,7.64879913e-12,0
0.3929,49.7512438,50,0.00497512437,7.64879913e-12,0
0.393,49.7512438,50,0.00497512437,7.64879913e-12,0
0.3931,49.7512438,50,0.00497512437,7.3819284e-12,0
0.3932,49.7512438,50,0.00497512437,7.3819284e-12,0
0.3933,49.7512438,50,0.00497512437,7.3819284e-12,0
0.3934,49.7512438,50,0.00497512437,7.3819284e-12,0
0.3935,49.7512438,50,0.00497512437,7.3819284e-12,0
0.3936,49.7512438,50,0.00497512437,7.3819284e-12,0
0.3937,49.7512438,50,0.00497512437,7.3819284e-12,0
0.3938,49.7512438,50,0.00497512437,7.3819284e-12,0
0.3939,49.7512438,50,0.00497512437,7.3819284e-12,0
0.394,49.7512438,50,0.00497512437,7.3819284e-12,0
0.3941,49.7512438,50,0.00497512437,7.09174299e-12,0
0.3942,49.7512438,50,0.00497512437,7.09174299e-12,0
0.3943,49.7512438,50,0.00497512437,7.09174299e-12,0
0.3944,49.7512438,50,0.00497512437,7.09174299e-12,0
0.3945,49.7512438,50,0.00497512437,7.09174299e-12,0
0.3946,49.7512438,50,0.00497512437,7.09174299e-12,0
0.3947,49.7512438,50,0.00497512437,7.09174299e-12,0
0.3948,49.7512438,50,0.00497512437,7.09174299e-12,0
0.3949,49.7512438,50,0.00497512437,7.09174299e-12,0
0.395,49.7512438,50,0.00497512437,7.09174299e-12,0
0.3951,49.7512438,50,0.00497512437,6.78705182e-12,0
0.3952,49.7512438,50,0.00497512437,6.78705182e-12,0
0.3953,49.7512438,50,0.00497512437,6.78705182e-12,0
0.3954,49.7512438,50,0.00497512437,6.78705182e-12,0
0.3955,49.7512438,50,0.00497512437,6.78705182e-12,0
0.3956,49.7512438,50,0.00497512437,6.78705182e-12,0
0.3957,49.7512438,50,0.00497512437,6.78705182e-12,0
0.3958,49.7512438,50,0.00497512437,6.78705182e-12,0
0.3959,49.7512438,50,0.00497512437,6.78705182e-12,0
0.396,49.7512438,50,0.00497512437,6.78705182e-12,0
0.3961,49.7512438,50,0.00497512437,6.47006494e-12,0
0.3962,49.7512438,50,0.00497512437,6.47006494e-12,0
0.3963,49.7512438,50,0.00497512437,6.47006494e-12,0
0.3964,49.7512438,50,0.00497512437,6.47006494e-12,0
0.3965,49.7512438,50,0.00497512437,6.47006494e-12,0
0.3966,49.7512438,50,0.00497512437,6.47006494e-12,0
0.3967,49.7512438,50,0.00497512437,6.47006494e-12,0
0.3968,49.7512438,50,0.00497512437,6.47006494e-12,0
0.3969,49.7512438,50,0.00497512437,6.47006494e-12,0
0.397,49.7512438,50,0.00497512437,6.47006494e-12,0
0.3971,49.7512438,50,0.00497512437,6.14580609e-12,0
0.3972,49.7512438,50,0.00497512437,6.14580609e-12,0
0.3973,49.7512438,50,0.00497512437,6.14580609e-12,0
0.3974,49.7512438,50,0.00497512437,6.14580609e-12,0
0.3975,49.7512438,50,0.00497512437,6.14580609e-12,0
0.3976,49.7512438,50,0.00497512437,6.14580609e-12,0
0.3977,49.7512438,50,0.00497512437,6.14580609e-12,0
0.3978,49.7512438,50,0.00497512437,6.14580609e-12,0
0.3979,49.7512438,50,0.00497512437,6.14580609e-12,0
0.398,49.7512438,50,0.00497512437,6.14580609e-12,0
0.3981,49.7512438,50,0.00497512437,5.81524065e-12,0
0.3982,49.7512438,50,0.00497512437,5.81524065e-12,0
0.3983,49.7512438,50,0.00497512437,5.81524065e-12,0
0.3984,49.7512438,50,0.00497512437,5.81524065e-12,0
0.3985,49.7512438,50,0.00497512437,5.81524065e-12,0
0.3986,49.7512438,50,0.00497512437,5.81524065e-12,0
0.3987,49.7512438,50,0.00497512437,5.81524065e-12,0
0.3988,49.7512438,50,0.00497512437,5.81524065e-12,0
0.3989,49.7512438,50,0.00497512437,5.81524065e-12,0
0.399,49.7512438,50,0.00497512437,5.81524065e-12,0
0.3991,49.7512438,50,0.00497512437,5.48377142e-12,0
0.3992,49.7512438,50,0.00497512437,5.48377142e-12,0
0.3993,49.7512438,50,0.00497512437,5.48377142e-12,0
0.3994,49.7512438,50,0.00497512437,5.48377142e-12,0
0.3995,49.7512438,50,0.00497512437,5.48377142e-12,0
0.3996,49.7512438,50,0.00497512437,5.48377142e-12,0
0.3997,49.7512438,50,0.00497512437,5.48377142e-12,0
0.3998,49.7512438,50,0.00497512437,5.48377142e-12,0
0.3999,49.7512438,50,0.00497512437,5.48377142e-12,0
0.4,49.7512438,50,0.00497512437,5.48377142e-12,0
0.4001,49.7512438,50,0.00497512437,5.15299782e-12,0
0.4002,49.7512438,50,0.00497512437,5.15299782e-12,0
0.4003,49.7512438,50,0.00497512437,5.15299782e-12,0
0.4004,49.7512438,50,0.00497512437,5.15299782e-12,0
0.4005,49.7512438,50,0.00497512437,5.15299782e-12,0
0.4006,49.7512438,50,0.00497512437,5.15299782e-12,0
0.4007,49.7512438,50,0.00497512437,5.15299782e-12,0
0.4008,49.7512438,50,0.00497512437,5.15299782e-12,0
0.4009,49.7512438,50,0.00497512437,5.15299782e-12,0
0.401,49.7512438,50,0.00497512437,5.15299782e-12,0
0.4011,49.7512438,50,0.00497512437,4.82432497e-12,0
0.4012,49.7512438,50,0.00497512437,4.82432497e-12,0
0.4013,49.7512438,50,0.00497512437,4.82432497e-12,0
0.4014,49.7512438,50,0.00497512437,4.82432497e-12,0
0.4015,49.7512438,50,0.00497512437,4.82432497e-12,0
0.4016,49.7512438,50,0.00497512437,4.82432497e-12,0
0.4017,49.7512438,50,0.00497512437,4.82432497e-12,0
0.4018,49.7512438,50,0.00497512437,4.82432497e-12,0
0.4019,49.7512438,50,0.00497512437,4.82432497e-12,0
0.402,49.7512438,50,0.00497512437,4.82432497e-12,0
0.4021,49.7512438,50,0.00497512437,4.50239672e-12,0
0.4022,49.7512438,50,0.00497512437,4.50239672e-12,0
0.4023,49.7512438,50,0.00497512437,4.50239672e-12,0
0.4024,49.7512438,50,0.00497512437,4.50239672e-12,0
0.4025,49.7512438,50,0.00497512437,4.50239672e-12,0
0.4026,49.7512438,50,0.00497512437,4.50239672e-12,0
0.4027,49.7512438,50,0.00497512437,4.50239672e-12,0
0.4028,49.7512438,50,0.00497512437,4.50239672e-12,0
0.4029,49.7512438,50,0.00497512437,4.50239672e-12,0
0.403,49.7512438,50,0.00497512437,4.50239672e-12,0
0.4031,49.7512438,50,0.00497512437,4.18751839e-12,0
0.4032,49.7512438,50,0.00497512437,4.18751839e-12,0
0.4033,49.7512438,50,0.00497512437,4.18751839e-12,0
0.4034,49.7512438,50,0.00497512437,4.18751839e-12,0
0.4035,49.7512438,50,0.00497512437,4.18751839e-12,0
0.4036,49.7512438,50,0.00497512437,4.18751839e-12,0
0.4037,49.7512438,50,0.00497512437,4.18751839e-12,0
0.4038,49.7512438,50,0.00497512437,4.18751839e-12,0
0.4039,49.7512438,50,0.00497512437,4.18751839e-12,0
0.404,49.7512438,50,0.00497512437,4.18751839e-12,0
0.4041,49.7512438,50,0.00497512437,3.88081667e-12,0
0.4042,49.7512438,50,0.00497512437,3.88081667e-12,0
0.4043,49.7512438,50,0.00497512437,3.88081667e-12,0
0.4044,49.7512438,50,0.00497512437,3.88081667e-12,0
0.4045,49.7512438,50,0.00497512437,3.88081667e-12,0
0.4046,49.7512438,50,0.00497512437,3.88081667e-12,0
0.4047,49.7512438,50,0.00497512437,3.88081667e-12,0
0.4048,49.7512438,50,0.00497512437,3.88081667e-12,0
0.4049,49.7512438,50,0.00497512437,3.88081667e-12,0
0.405,49.7512438,50,0.00497512437,3.88081667e-12,0
0.4051,49.7512438,50,0.00497512437,3.58356921e-12,0
0.4052,49.7512438,50,0.00497512437,3.58356921e-12,0
0.4053,49.7512438,50,0.00497512437,3.58356921e-12,0
0.4054,49.7512438,50,0.00497512437,3.58356921e-12,0
0.4055,49.7512438,50,0.00497512437,3.58356921e-12,0
0.4056,49.7512438,50,0.00497512437,3.58356921e-12,0
0.4057,49.7512438,50,0.00497512437,3.58356921e-12,0
0.4058,49.7512438,50,0.00497512437,3.58356921e-12,0
0.4059,49.7512438,50,0.00497512437,3.58356921e-12,0
0.406,49.7512438,50,0.00497512437,3.58356921e-12,0
0.4061,49.7512438,50,0.00497512437,3.29609603e-12,0
0.4062,49.7512438,50,0.00497512437,3.29609603e-12,0
0.4063,49.7512438,50,0.00497512437,3.29609603e-12,0
0.4064,49.7512438,50,0.00497512437,3.29609603e-12,0
0.4065,49.7512438,50,0.00497512437,3.29609603e-12,0
0.4066,49.7512438,50,0.00497512437,3.29609603e-12,0
0.4067,49.7512438,50,0.00497512437,3.29609603e-12,0
0.4068,49.7512438,50,0.00497512437,3.29609603e-12,0
0.4069,49.7512438,50,0.00497512437,3.29609603e-12,0
0.407,49.7512438,50,0.00497512437,3.29609603e-12,0
0.4071,49.7512438,50,0.00497512437,3.02190478e-12,0
0.4072,49.7512438,50,0.00497512437,3.02190478e-12,0
0.4073,49.7512438,50,0.00497512437,3.02190478e-12,0
0.4074,49.7512438,50,0.00497512437,3.02190478e-12,0
0.4075,49.7512438,50,0.00497512437,3.02190478e-12,0
0.4076,49.7512438,50,0.00497512437,3.02190478e-12,0
0.4077,49.7512438,50,0.00497512437,3.02190478e-12,0
0.4078,49.7512438,50,0.00497512437,3.02190478e-12,0
0.4079,49.7512438,50,0.00497512437,3.02190478e-12,0
0.408,49.7512438,50,0.00497512437,3.02190478e-12,0
0.4081,49.7512438,50,0.00497512437,2.75717209e-12,0
0.4082,49.7512438,50,0.00497512437,2.75717209e-12,0
0.4083,49.7512438,50,0.00497512437,2.75717209e-12,0
0.4084,49.7512438,50,0.00497512437,2.75717209e-12,0
0.4085,49.7512438,50,0.00497512437,2.75717209e-12,0
0.4086,49.7512438,50,0.00497512437,2.75717209e-12,0
0.4087,49.7512438,50,0.00497512437,2.75717209e-12,0
0.4088,49.7512438,50,0.00497512437,2.75717209e-12,0
0.4089,49.7512438,50,0.00497512437,2.75717209e-12,0
0.409,49.7512438,50,0.00497512437,2.75717209e-12,0
0.4091,49.7512438,50,0.00497512438,2.50550882e-12,0
0.4092,49.7512438,50,0.00497512438,2.50550882e-12,0
0.4093,49.7512438,50,0.00497512438,2.50550882e-12,0
0.4094,49.7512438,50,0.00497512438,2.50550882e-12,0
0.4095,49.7512438,50,0.00497512438,2.50550882e-12,0
0.4096,49.7512438,50,0.00497512438,2.50550882e-12,0
0.4097,49.7512438,50,0.00497512438,2.50550882e-12,0
0.4098,49.7512438,50,0.00497512438,2.50550882e-12,0
0.4099,49.7512438,50,0.00497512438,2.50550882e-12,0
0.41,49.7512438,50,0.00497512438,2.50550882e-12,0
0.4101,49.7512438,50,0.00497512438,2.26664954e-12,0
0.4102,49.7512438,50,0.00497512438,2.26664954e-12,0
0.4103,49.7512438,50,0.00497512438,2.26664954e-12,0
0.4104,49.7512438,50,0.00497512438,2.26664954e-12,0
0.4105,49.7512438,50,0.00497512438,2.26664954e-12,0
0.4106,49.7512438,50,0.00497512438,2.26664954e-12,0
0.4107,49.7512438,50,0.00497512438,2.26664954e-12,0
0.4108,49.7512438,50,0.00497512438,2.26664954e-12,0
0.4109,49.7512438,50,0.00497512438,2.26664954e-12,0
0.411,49.7512438,50,0.00497512438,2.26664954e-12,0
0.4111,49.7512438,50,0.00497512438,2.0398197e-12,0
0.4112,49.7512438,50,0.00497512438,2.0398197e-12,0
0.4113,49.7512438,50,0.00497512438,2.0398197e-12,0
0.4114,49.7512438,50,0.00497512438,2.0398197e-12,0
0.4115,49.7512438,50,0.00497512438,2.0398197e-12,0
0.4116,49.7512438,50,0.00497512438,2.0398197e-12,0
0.4117,49.7512438,50,0.00497512438,2.0398197e-12,0
0.4118,49.7512438,50,0.00497512438,2.0398197e-12,0
0.4119,49.7512438,50,0.00497512438,2.0398197e-12,0
0.412,49.7512438,50,0.00497512438,2.0398197e-12,0
0.4121,49.7512438,50,0.00497512438,1.82791456e-12,0
0.4122,49.7512438,50,0.00497512438,1.82791456e-12,0
0.4123,49.7512438,50,0.00497512438,1.82791456e-12,0
0.4124,49.7512438,50,0.00497512438,1.82791456e-12,0
0.4125,49.7512438,50,0.00497512438,1.82791456e-12,0
0.4126,49.7512438,50,0.00497512438,1.82791456e-12,0
0.4127,49.7512438,50,0.00497512438,1.82791456e-12,0
0.4128,49.7512438,50,0.00497512438,1.82791456e-12,0
0.4129,49.7512438,50,0.00497512438,1.82791456e-12,0
0.413,49.7512438,50,0.00497512438,1.82791456e-12,0
0.4131,49.7512438,50,0.00497512438,1.62985771e-12,0
0.4132,49.7512438,50,0.00497512438,1.62985771e-12,0
0.4133,49.7512438,50,0.00497512438,1.62985771e-12,0
0.4134,49.7512438,50,0.00497512438,1.62985771e-12,0
0.4135,49.7512438,50,0.00497512438,1.62985771e-12,0
0.4136,49.7512438,50,0.00497512438,1.62985771e-12,0
0.4137,49.7512438,50,0.00497512438,1.62985771e-12,0
0.4138,49.7512438,50,0.00497512438,1.62985771e-12,0
0.4139,49.7512438,50,0.00497512438,1.62985771e-12,0
0.414,49.7512438,50,0.00497512438,1.62985771e-12,0
0.4141,49.7512438,50,0.00497512438,1.44442965e-12,0
0.4142,49.7512438,50,0.00497512438,1.44442965e-12,0
0.4143,49.7512438,50,0.00497512438,1.44442965e-12,0
0.4144,49.7512438,50,0.00497512438,1.44442965e-12,0
0.4145,49.7512438,50,0.00497512438,1.44442965e-12,0
0.4146,49.7512438,50,0.00497512438,1.44442965e-12,0
0.4147,49.7512438,50,0.00497512438,1.44442965e-12,0
0.4148,49.7512438,50,0.00497512438,1.44442965e-12,0
0.4149,49.7512438,50,0.00497512438,1.44442965e-12,0
0.415,49.7512438,50,0.00497512438,1.44442965e-12,0
0.4151,49.7512438,50,0.00497512438,1.27081332e-12,0
0.4152,49.7512438,50,0.00497512438,1.27081332e-12,0
0.4153,49.7512438,50,0.00497512438,1.27081332e-12,0
0.4154,49.7512438,50,0.00497512438,1.27081332e-12,0
0.4155,49.7512438,50,0.00497512438,1.27081332e-12,0
0.4156,49.7512438,50,0.00497512438,1.27081332e-12,0
0.4157,49.7512438,50,0.00497512438,1.27081332e-12,0
0.4158,49.7512438,50,0.00497512438,1.27081332e-12,0
0.4159,49.7512438,50,0.00497512438,1.27081332e-12,0
0.416,49.7512438,50,0.00497512438,1.27081332e-12,0
0.4161,49.7512438,50,0.00497512438,1.10781436e-12,0
0.4162,49.7512438,50,0.00497512438,1.10781436e-12,0
0.4163,49.7512438,50,0.00497512438,1.10781436e-12,0
0.4164,49.7512438,50,0.00497512438,1.10781436e-12,0
0.4165,49.7512438,50,0.00497512438,1.10781436e-12,0
0.4166,49.7512438,50,0.00497512438,1.10781436e-12,0
0.4167,49.7512438,50,0.00497512438,1.10781436e-12,0
0.4168,49.7512438,50,0.00497512438,1.10781436e-12,0
0.4169,49.7512438,50,0.00497512438,1.10781436e-12,0
0.417,49.7512438,50,0.00497512438,1.10781436e-12,0
0.4171,49.7512438,50,0.00497512438,9.5672862e-13,0
0.4172,49.7512438,50,0.00497512438,9.5672862e-13,0
0.4173,49.7512438,50,0.00497512438,9.5672862e-13,0
0.4174,49.7512438,50,0.00497512438,9.5672862e-13,0
0.4175,49.7512438,50,0.00497512438,9.5672862e-13,0
0.4176,49.7512438,50,0.00497512438,9.5672862e-13,0
0.4177,49.7512438,50,0.00497512438,9.5672862e-13,0
0.4178,49.7512438,50,0.00497512438,9.5672862e-13,0
0.4179,49.7512438,50,0.00497512438,9.5672862e-13,0
0.418,49.7512438,50,0.00497512438,9.5672862e-13,0
0.4181,49.7512438,50,0.00497512438,8.18584783e-13,0
0.4182,49.7512438,50,0.00497512438,8.18584783e-13,0
0.4183,49.7512438,50,0.00497512438,8.18584783e-13,0
0.4184,49.7512438,50,0.00497512438,8.18584783e-13,0
0.4185,49.7512438,50,0.00497512438,8.18584783e-13,0
0.4186,49.7512438,50,0.00497512438,8.18584783e-13,0
0.4187,49.7512438,50,0.00497512438,8.18584783e-13,0
0.4188,49.7512438,50,0.00497512438,8.18584783e-13,0
0.4189,49.7512438,50,0.00497512438,8.18584783e-13,0
0.419,49.7512438,50,0.00497512438,8.18584783e-13,0
0.4191,49.7512438,50,0.00497512438,6.91965582e-13,0
0.4192,49.7512438,50,0.00497512438,6.91965582e-13,0
0.4193,49.7512438,50,0.00497512438,6.91965582e-13,0
0.4194,49.7512438,50,0.00497512438,6.91965582e-13,0
0.4195,49.7512438,50,0.00497512438,6.91965582e-13,0
0.4196,49.7512438,50,0.00497512438,6.91965582e-13,0
0.4197,49.7512438,50,0.00497512438,6.91965582e-13,0
0.4198,49.7512438,50,0.00497512438,6.91965582e-13,0
0.4199,49.7512438,50,0.00497512438,6.91965582e-13,0
0.42,49.7512438,50,0.00497512438,6.91965582e-13,0
0.4201,49.7512438,50,0.00497512438,5.75255989e-13,0
0.4202,49.7512438,50,0.00497512438,5.75255989e-13,0
0.4203,49.7512438,50,0.00497512438,5.75255989e-13,0
0.4204,49.7512438,50,0.00497512438,5.75255989e-13,0
0.4205,49.7512438,50,0.00497512438,5.75255989e-13,0
0.4206,49.7512438,50,0.00497512438,5.75255989e-13,0
0.4207,49.7512438,50,0.00497512438,5.75255989e-13,0
0.4208,49.7512438,50,0.00497512438,5.75255989e-13,0
0.4209,49.7512438,50,0.00497512438,5.75255989e-13,0
0.421,49.7512438,50,0.00497512438,5.75255989e-13,0
0.4211,49.7512438,50,0.00497512438,4.69232292e-13,0
0.4212,49.7512438,50,0.00497512438,4.69232292e-13,0
0.4213,49.7512438,50,0.00497512438,4.69232292e-13,0
0.4214,49.7512438,50,0.00497512438,4.69232292e-13,0
0.4215,49.7512438,50,0.00497512438,4.69232292e-13,0
0.4216,49.7512438,50,0.00497512438,4.69232292e-13,0
0.4217,49.7512438,50,0.00497512438,4.69232292e-13,0
0.4218,49.7512438,50,0.00497512438,4.69232292e-13,0
0.4219,49.7512438,50,0.00497512438,4.69232292e-13,0
0.422,49.7512438,50,0.00497512438,4.69232292e-13,0
0.4221,49.7512438,50,0.00497512438,3.71538737e-13,0
0.4222,49.7512438,50,0.00497512438,3.71538737e-13,0
0.4223,49.7512438,50,0.00497512438,3.71538737e-13,0
0.4224,49.7512438,50,0.00497512438,3.71538737e-13,0
0.4225,49.7512438,50,0.00497512438,3.71538737e-13,0
0.4226,49.7512438,50,0.00497512438,3.71538737e-13,0
0.4227,49.7512438,50,0.00497512438,3.71538737e-13,0
0.4228,49.7512438,50,0.00497512438,3.71538737e-13,0
0.4229,49.7512438,50,0.00497512438,3.71538737e-13,0
0.423,49.7512438,50,0.00497512438,3.71538737e-13,0
0.4231,49.7512438,50,0.00497512438,2.82841459e-13,0
0.4232,49.7512438,50,0.00497512438,2.82841459e-13,0
0.4233,49.7512438,50,0.00497512438,2.82841459e-13,0
0.4234,49.7512438,50,0.00497512438,2.82841459e-13,0
0.4235,49.7512438,50,0.00497512438,2.82841459e-13,0
0.4236,49.7512438,50,0.00497512438,2.82841459e-13,0
0.4237,49.7512438,50,0.00497512438,2.82841459e-13,0
0.4238,49.7512438,50,0.00497512438,2.82841459e-13,0
0.4239,49.7512438,50,0.00497512438,2.82841459e-13,0
0.424,49.7512438,50,0.00497512438,2.82841459e-13,0
0.4241,49.7512438,50,0.00497512438,2.04299251e-13,0
0.4242,49.7512438,50,0.00497512438,2.04299251e-13,0
0.4243,49.7512438,50,0.00497512438,2.04299251e-13,0
0.4244,49.7512438,50,0.00497512438,2.04299251e-13,0
0.4245,49.7512438,50,0.00497512438,2.04299251e-13,0
0.4246,49.7512438,50,0.00497512438,2.04299251e-13,0
0.4247,49.7512438,50,0.00497512438,2.04299251e-13,0
0.4248,49.7512438,50,0.00497512438,2.04299251e-13,0
0.4249,49.7512438,50,0.00497512438,2.04299251e-13,0
0.425,49.7512438,50,0.00497512438,2.04299251e-13,0
0.4251,49.7512438,50,0.00497512438,1.33303958e-13,0
0.4252,49.7512438,50,0.00497512438,1.33303958e-13,0
0.4253,49.7512438,50,0.00497512438,1.33303958e-13,0
0.4254,49.7512438,50,0.00497512438,1.33303958e-13,0
0.4255,49.7512438,50,0.00497512438,1.33303958e-13,0
0.4256,49.7512438,50,0.00497512438,1.33303958e-13,0
0.4257,49.7512438,50,0.00497512438,1.33303958e-13,0
0.4258,49.7512438,50,0.00497512438,1.33303958e-13,0
0.4259,49.7512438,50,0.00497512438,1.33303958e-13,0
0.426,49.7512438,50,0.00497512438,1.33303958e-13,0
0.4261,49.7512438,50,0.00497512438,7.02458924e-14,0
0.4262,49.7512438,50,0.00497512438,7.02458924e-14,0
0.4263,49.7512438,50,0.00497512438,7.02458924e-14,0
0.4264,49.7512438,50,0.00497512438,7.02458924e-14,0
0.4265,49.7512438,50,0.00497512438,7.02458924e-14,0
0.4266,49.7512438,50,0.00497512438,7.02458924e-14,0
0.4267,49.7512438,50,0.00497512438,7.02458924e-14,0
0.4268,49.7512438,50,0.00497512438,7.02458924e-14,0
0.4269,49.7512438,50,0.00497512438,7.02458924e-14,0
0.427,49.7512438,50,0.00497512438,7.02458924e-14,0
0.4271,49.7512438,50,0.00497512438,1.54858765e-14,0
0.4272,49.7512438,50,0.00497512438,1.54858765e-14,0
0.4273,49.7512438,50,0.00497512438,1.54858765e-14,0
0.4274,49.7512438,50,0.00497512438,1.54858765e-14,0
0.4275,49.7512438,50,0.00497512438,1.54858765e-14,0
0.4276,49.7512438,50,0.00497512438,1.54858765e-14,0
0.4277,49.7512438,50,0.00497512438,1.54858765e-14,0
0.4278,49.7512438,50,0.00497512438,1.54858765e-14,0
0.4279,49.7512438,50,0.00497512438,1.54858765e-14,0
0.428,49.7512438,50,0.00497512438,1.54858765e-14,0
0.4281,49.7512438,50,0.00497512438,-3.31653108e-14,0
0.4282,49.7512438,50,0.00497512438,-3.31653108e-14,0
0.4283,49.7512438,50,0.00497512438,-3.31653108e-14,0
0.4284,49.7512438,50,0.00497512438,-3.31653108e-14,0
0.4285,49.7512438,50,0.00497512438,-3.31653108e-14,0
0.4286,49.7512438,50,0.00497512438,-3.31653108e-14,0
0.4287,49.7512438,50,0.00497512438,-3.31653108e-14,0
0.4288,49.7512438,50,0.00497512438,-3.31653108e-14,0
0.4289,49.7512438,50,0.00497512438,-3.31653108e-14,0
0.429,49.7512438,50,0.00497512438,-3.31653108e-14,0
0.4291,49.7512438,50,0.00497512438,-7.58169569e-14,0
0.4292,49.7512438,50,0.00497512438,-7.58169569e-14,0
0.4293,49.7512438,50,0.00497512438,-7.58169569e-14,0
0.4294,49.7512438,50,0.00497512438,-7.58169569e-14,0
0.4295,49.7512438,50,0.00497512438,-7.58169569e-14,0
0.4296,49.7512438,50,0.00497512438,-7.58169569e-14,0
0.4297,49.7512438,50,0.00497512438,-7.58169569e-14,0
0.4298,49.7512438,50,0.00497512438,-7.58169569e-14,0
0.4299,49.7512438,50,0.00497512438,-7.58169569e-14,0
0.43,49.7512438,50,0.00497512438,-7.58169569e-14,0
0.4301,49.7512438,50,0.00497512438,-1.12158546e-13,0
0.4302,49.7512438,50,0.00497512438,-1.12158546e-13,0
0.4303,49.7512438,50,0.00497512438,-1.12158546e-13,0
0.4304,49.7512438,50,0.00497512438,-1.12158546e-13,0
0.4305,49.7512438,50,0.00497512438,-1.12158546e-13,0
0.4306,49.7512438,50,0.00497512438,-1.12158546e-13,0
0.4307,49.7512438,50,0.00497512438,-1.12158546e-13,0
0.4308,49.7512438,50,0.00497512438,-1.12158546e-13,0
0.4309,49.7512438,50,0.00497512438,-1.12158546e-13,0
0.431,49.7512438,50,0.00497512438,-1.12158546e-13,0
0.4311,49.7512438,50,0.00497512438,-1.4491533e-13,0
0.4312,49.7512438,50,0.00497512438,-1.4491533e-13,0
0.4313,49.7512438,50,0.00497512438,-1.4491533e-13,0
0.4314,49.7512438,50,0.00497512438,-1.4491533e-13,0
0.4315,49.7512438,50,0.00497512438,-1.4491533e-13,0
0.4316,49.7512438,50,0.00497512438,-1.4491533e-13,0
0.4317,49.7512438,50,0.00497512438,-1.4491533e-13,0
0.4318,49.7512438,50,0.00497512438,-1.4491533e-13,0
0.4319,49.7512438,50,0.00497512438,-1.4491533e-13,0
0.432,49.7512438,50,0.00497512438,-1.4491533e-13,0
0.4321,49.7512438,50,0.00497512438,-1.71086235e-13,0
0.4322,49.7512438,50,0.00497512438,-1.71086235e-13,0
0.4323,49.7512438,50,0.00497512438,-1.71086235e-13,0
0.4324,49.7512438,50,0.00497512438,-1.71086235e-13,0
0.4325,49.7512438,50,0.00497512438,-1.71086235e-13,0
0.4326,49.7512438,50,0.00497512438,-1.71086235e-13,0
0.4327,49.7512438,50,0.00497512438,-1.71086235e-13,0
0.4328,49.7512438,50,0.00497512438,-1.71086235e-13,0
0.4329,49.7512438,50,0.00497512438,-1.71086235e-13,0
0.433,49.7512438,50,0.00497512438,-1.71086235e-13,0
0.4331,49.7512438,50,0.00497512438,-1.93237787e-13,0
0.4332,49.7512438,50,0.00497512438,-1.93237787e-13,0
0.4333,49.7512438,50,0.00497512438,-1.93237787e-13,0
0.4334,49.7512438,50,0.00497512438,-1.93237787e-13,0
0.4335,49.7512438,50,0.00497512438,-1.93237787e-13,0
0.4336,49.7512438,50,0.00497512438,-1.93237787e-13,0
0.4337,49.7512438,50,0.00497512438,-1.93237787e-13,0
0.4338,49.7512438,50,0.00497512438,-1.93237787e-13,0
0.4339,49.7512438,50,0.00497512438,-1.93237787e-13,0
0.434,49.7512438,50,0.00497512438,-1.93237787e-13,0
0.4341,49.7512438,50,0.00497512438,-2.1166055e-13,0
0.4342,49.7512438,50,0.00497512438,-2.1166055e-13,0
0.4343,49.7512438,50,0.00497512438,-2.1166055e-13,0
0.4344,49.7512438,50,0.00497512438,-2.1166055e-13,0
0.4345,49.7512438,50,0.00497512438,-2.1166055e-13,0
0.4346,49.7512438,50,0.00497512438,-2.1166055e-13,0
0.4347,49.7512438,50,0.00497512438,-2.1166055e-13,0
0.4348,49.7512438,50,0.00497512438,-2.1166055e-13,0
0.4349,49.7512438,50,0.00497512438,-2.1166055e-13,0
0.435,49.7512438,50,0.00497512438,-2.1166055e-13,0
0.4351,49.7512438,50,0.00497512438,-2.26328505e-13,0
0.4352,49.7512438,50,0.00497512438,-2.26328505e-13,0
0.4353,49.7512438,50,0.00497512438,-2.26328505e-13,0
0.4354,49.7512438,50,0.00497512438,-2.26328505e-13,0
0.4355,49.7512438,50,0.00497512438,-2.26328505e-13,0
0.4356,49.7512438,50,0.00497512438,-2.26328505e-13,0
0.4357,49.7512438,50,0.00497512438,-2.26328505e-13,0
0.4358,49.7512438,50,0.00497512438,-2.26328505e-13,0
0.4359,49.7512438,50,0.00497512438,-2.26328505e-13,0
0.436,49.7512438,50,0.00497512438,-2.26328505e-13,0
0.4361,49.7512438,50,0.00497512438,-2.37082055e-13,0
0.4362,49.7512438,50,0.00497512438,-2.37082055e-13,0
0.4363,49.7512438,50,0.00497512438,-2.37082055e-13,0
0.4364,49.7512438,50,0.00497512438,-2.37082055e-13,0
0.4365,49.7512438,50,0.00497512438,-2.37082055e-13,0
0.4366,49.7512438,50,0.00497512438,-2.37082055e-13,0
0.4367,49.7512438,50,0.00497512438,-2.37082055e-13,0
0.4368,49.7512438,50,0.00497512438,-2.37082055e-13,0
0.4369,49.7512438,50,0.00497512438,-2.37082055e-13,0
0.437,49.7512438,50,0.00497512438,-2.37082055e-13,0
0.4371,49.7512438,50,0.00497512438,-2.44057378e-13,0
0.4372,49.7512438,50,0.00497512438,-2.44057378e-13,0
0.4373,49.7512438,50,0.00497512438,-2.44057378e-13,0
0.4374,49.7512438,50,0.00497512438,-2.44057378e-13,0
0.4375,49.7512438,50,0.00497512438,-2.44057378e-13,0
0.4376,49.7512438,50,0.00497512438,-2.44057378e-13,0
0.4377,49.7512438,50,0.00497512438,-2.44057378e-13,0
0.4378,49.7512438,50,0.00497512438,-2.44057378e-13,0
0.4379,49.7512438,50,0.00497512438,-2.44057378e-13,0
0.438,49.7512438,50,0.00497512438,-2.44057378e-13,0
0.4381,49.7512438,50,0.00497512438,-2.5096418e-13,0
0.4382,49.7512438,50,0.00497512438,-2.5096418e-13,0
0.4383,49.7512438,50,0.00497512438,-2.5096418e-13,0
0.4384,49.7512438,50,0.00497512438,-2.5096418e-13,0
0.4385,49.7512438,50,0.00497512438,-2.5096418e-13,0
0.4386,49.7512438,50,0.00497512438,-2.5096418e-13,0
0.4387,49.7512438,50,0.00497512438,-2.5096418e-13,0
0.4388,49.7512438,50,0.00497512438,-2.5096418e-13,0
0.4389,49.7512438,50,0.00497512438,-2.5096418e-13,0
0.439,49.7512438,50,0.00497512438,-2.5096418e-13,0
0.4391,49.7512438,50,0.00497512438,-2.53315598e-13,0
0.4392,49.7512438,50,0.00497512438,-2.53315598e-13,0
0.4393,49.7512438,50,0.00497512438,-2.53315598e-13,0
0.4394,49.7512438,50,0.00497512438,-2.53315598e-13,0
0.4395,49.7512438,50,0.00497512438,-2.53315598e-13,0
0.4396,49.7512438,50,0.00497512438,-2.53315598e-13,0
0.4397,49.7512438,50,0.00497512438,-2.53315598e-13,0
0.4398,49.7512438,50,0.00497512438,-2.53315598e-13,0
0.4399,49.7512438,50,0.00497512438,-2.53315598e-13,0
0.44,49.7512438,50,0.00497512438,-2.53315598e-13,0
0.4401,49.7512438,50,0.00497512438,-2.52488135e-13,0
0.4402,49.7512438,50,0.00497512438,-2.52488135e-13,0
0.4403,49.7512438,50,0.00497512438,-2.52488135e-13,0
0.4404,49.7512438,50,0.00497512438,-2.52488135e-13,0
0.4405,49.7512438,50,0.00497512438,-2.52488135e-13,0
0.4406,49.7512438,50,0.00497512438,-2.52488135e-13,0
0.4407,49.7512438,50,0.00497512438,-2.52488135e-13,0
0.4408,49.7512438,50,0.00497512438,-2.52488135e-13,0
0.4409,49.7512438,50,0.00497512438,-2.52488135e-13,0
0.441,49.7512438,50,0.00497512438,-2.52488135e-13,0
0.4411,49.7512438,50,0.00497512438,-2.51836746e-13,0
0.4412,49.7512438,50,0.00497512438,-2.51836746e-13,0
0.4413,49.7512438,50,0.00497512438,-2.51836746e-13,0
0.4414,49.7512438,50,0.00497512438,-2.51836746e-13,0
0.4415,49.7512438,50,0.00497512438,-2.51836746e-13,0
0.4416,49.7512438,50,0.00497512438,-2.51836746e-13,0
0.4417,49.7512438,50,0.00497512438,-2.51836746e-13,0
0.4418,49.7512438,50,0.00497512438,-2.51836746e-13,0
0.4419,49.7512438,50,0.00497512438,-2.51836746e-13,0
0.442,49.7512438,50,0.00497512438,-2.51836746e-13,0
0.4421,49.7512438,50,0.00497512438,-2.47551979e-13,0
0.4422,49.7512438,50,0.00497512438,-2.47551979e-13,0
0.4423,49.7512438,50,0.00497512438,-2.47551979e-13,0
0.4424,49.7512438,50,0.00497512438,-2.47551979e-13,0
0.4425,49.7512438,50,0.00497512438,-2.47551979e-13,0
0.4426,49.7512438,50,0.00497512438,-2.47551979e-13,0
0.4427,49.7512438,50,0.00497512438,-2.47551979e-13,0
0.4428,49.7512438,50,0.00497512438,-2.47551979e-13,0
0.4429,49.7512438,50,0.00497512438,-2.47551979e-13,0
0.443,49.7512438,50,0.00497512438,-2.47551979e-13,0
0.4431,49.7512438,50,0.00497512438,-2.43217772e-13,0
0.4432,49.7512438,50,0.00497512438,-2.43217772e-13,0
0.4433,49.7512438,50,0.00497512438,-2.43217772e-13,0
0.4434,49.7512438,50,0.00497512438,-2.43217772e-13,0
0.4435,49.7512438,50,0.00497512438,-2.43217772e-13,0
0.4436,49.7512438,50,0.00497512438,-2.43217772e-13,0
0.4437,49.7512438,50,0.00497512438,-2.43217772e-13,0
0.4438,49.7512438,50,0.00497512438,-2.43217772e-13,0
0.4439,49.7512438,50,0.00497512438,-2.43217772e-13,0
0.444,49.7512438,50,0.00497512438,-2.43217772e-13,0
0.4441,49.7512438,50,0.00497512438,-2.38444681e-13,0
0.4442,49.7512438,50,0.00497512438,-2.38444681e-13,0
0.4443,49.7512438,50,0.00497512438,-2.38444681e-13,0
0.4444,49.7512438,50,0.00497512438,-2.38444681e-13,0
0.4445,49.7512438,50,0.00497512438,-2.38444681e-13,0
0.4446,49.7512438,50,0.00497512438,-2.38444681e-13,0
0.4447,49.7512438,50,0.00497512438,-2.38444681e-13,0
0.4448,49.7512438,50,0.00497512438,-2.38444681e-13,0
0.4449,49.7512438,50,0.00497512438,-2.38444681e-13,0
0.445,49.7512438,50,0.00497512438,-2.38444681e-13,0
0.4451,49.7512438,50,0.00497512438,-2.30691334e-13,0
0.4452,49.7512438,50,0.00497512438,-2.30691334e-13,0
0.4453,49.7512438,50,0.00497512438,-2.30691334e-13,0
0.4454,49.7512438,50,0.00497512438,-2.30691334e-13,0
0.4455,49.7512438,50,0.00497512438,-2.30691334e-13,0
0.4456,49.7512438,50,0.00497512438,-2.30691334e-13,0
0.4457,49.7512438,50,0.00497512438,-2.30691334e-13,0
0.4458,49.7512438,50,0.00497512438,-2.30691334e-13,0
0.4459,49.7512438,50,0.00497512438,-2.30691334e-13,0
0.446,49.7512438,50,0.00497512438,-2.30691334e-13,0
0.4461,49.7512438,50,0.00497512438,-2.23709072e-13,0
0.4462,49.7512438,50,0.00497512438,-2.23709072e-13,0
0.4463,49.7512438,50,0.00497512438,-2.23709072e-13,0
0.4464,49.7512438,50,0.00497512438,-2.23709072e-13,0
0.4465,49.7512438,50,0.00497512438,-2.23709072e-13,0
0.4466,49.7512438,50,0.00497512438,-2.23709072e-13,0
0.4467,49.7512438,50,0.00497512438,-2.23709072e-13,0
0.4468,49.7512438,50,0.00497512438,-2.23709072e-13,0
0.4469,49.7512438,50,0.00497512438,-2.23709072e-13,0
0.447,49.7512438,50,0.00497512438,-2.23709072e-13,0
0.4471,49.7512438,50,0.00497512438,-2.17013039e-13,0
0.4472,49.7512438,50,0.00497512438,-2.17013039e-13,0
0.4473,49.7512438,50,0.00497512438,-2.17013039e-13,0
0.4474,49.7512438,50,0.00497512438,-2.17013039e-13,0
0.4475,49.7512438,50,0.00497512438,-2.17013039e-13,0
0.4476,49.7512438,50,0.00497512438,-2.17013039e-13,0
0.4477,49.7512438,50,0.00497512438,-2.17013039e-13,0
0.4478,49.7512438,50,0.00497512438,-2.17013039e-13,0
0.4479,49.7512438,50,0.00497512438,-2.17013039e-13,0
0.448,49.7512438,50,0.00497512438,-2.17013039e-13,0
0.4481,49.7512438,50,0.00497512438,-2.07544919e-13,0
0.4482,49.7512438,50,0.00497512438,-2.07544919e-13,0
0.4483,49.7512438,50,0.00497512438,-2.07544919e-13,0
0.4484,49.7512438,50,0.00497512438,-2.07544919e-13,0
0.4485,49.7512438,50,0.00497512438,-2.07544919e-13,0
0.4486,49.7512438,50,0.00497512438,-2.07544919e-13,0
0.4487,49.7512438,50,0.00497512438,-2.07544919e-13,0
0.4488,49.7512438,50,0.00497512438,-2.07544919e-13,0
0.4489,49.7512438,50,0.00497512438,-2.07544919e-13,0
0.449,49.7512438,50,0.00497512438,-2.07544919e-13,0
0.4491,49.7512438,50,0.00497512438,-1.99386514e-13,0
0.4492,49.7512438,50,0.00497512438,-1.99386514e-13,0
0.4493,49.7512438,50,0.00497512438,-1.99386514e-13,0
0.4494,49.7512438,50,0.00497512438,-1.99386514e-13,0
0.4495,49.7512438,50,0.00497512438,-1.99386514e-13,0
0.4496,49.7512438,50,0.00497512438,-1.99386514e-13,0
0.4497,49.7512438,50,0.00497512438,-1.99386514e-13,0
0.4498,49.7512438,50,0.00497512438,-1.99386514e-13,0
0.4499,49.7512438,50,0.00497512438,-1.99386514e-13,0
0.45,49.7512438,50,0.00497512438,-1.99386514e-13,0
0.4501,49.7512438,50,0.00497512438,-1.88259131e-13,0
0.4502,49.7512438,50,0.00497512438,-1.88259131e-13,0
0.4503,49.7512438,50,0.00497512438,-1.88259131e-13,0
0.4504,49.7512438,50,0.00497512438,-1.88259131e-13,0
0.4505,49.7512438,50,0.00497512438,-1.88259131e-13,0
0.4506,49.7512438,50,0.00497512438,-1.88259131e-13,0
0.4507,49.7512438,50,0.00497512438,-1.88259131e-13,0
0.4508,49.7512438,50,0.00497512438,-1.88259131e-13,0
0.4509,49.7512438,50,0.00497512438,-1.88259131e-13,0
0.451,49.7512438,50,0.00497512438,-1.88259131e-13,0
0.4511,49.7512438,50,0.00497512438,-1.78717284e-13,0
0.4512,49.7512438,50,0.00497512438,-1.78717284e-13,0
0.4513,49.7512438,50,0.00497512438,-1.78717284e-13,0
0.4514,49.7512438,50,0.00497512438,-1.78717284e-13,0
0.4515,49.7512438,50,0.00497512438,-1.78717284e-13,0
0.4516,49.7512438,50,0.00497512438,-1.78717284e-13,0
0.4517,49.7512438,50,0.00497512438,-1.78717284e-13,0
0.4518,49.7512438,50,0.00497512438,-1.78717284e-13,0
0.4519,49.7512438,50,0.00497512438,-1.78717284e-13,0
0.452,49.7512438,50,0.00497512438,-1.78717284e-13,0
0.4521,49.7512438,50,0.00497512438,-1.70120862e-13,0
0.4522,49.7512438,50,0.00497512438,-1.70120862e-13,0
0.4523,49.7512438,50,0.00497512438,-1.70120862e-13,0
0.4524,49.7512438,50,0.00497512438,-1.70120862e-13,0
0.4525,49.7512438,50,0.00497512438,-1.70120862e-13,0
0.4526,49.7512438,50,0.00497512438,-1.70120862e-13,0
0.4527,49.7512438,50,0.00497512438,-1.70120862e-13,0
0.4528,49.7512438,50,0.00497512438,-1.70120862e-13,0
0.4529,49.7512438,50,0.00497512438,-1.70120862e-13,0
0.453,49.7512438,50,0.00497512438,-1.70120862e-13,0
0.4531,49.7512438,50,0.00497512438,-1.59792318e-13,0
0.4532,49.7512438,50,0.00497512438,-1.59792318e-13,0
0.4533,49.7512438,50,0.00497512438,-1.59792318e-13,0
0.4534,49.7512438,50,0.00497512438,-1.59792318e-13,0
0.4535,49.7512438,50,0.00497512438,-1.59792318e-13,0
0.4536,49.7512438,50,0.00497512438,-1.59792318e-13,0
0.4537,49.7512438,50,0.00497512438,-1.59792318e-13,0
0.4538,49.7512438,50,0.00497512438,-1.59792318e-13,0
0.4539,49.7512438,50,0.00497512438,-1.59792318e-13,0
0.454,49.7512438,50,0.00497512438,-1.59792318e-13,0
0.4541,49.7512438,50,0.00497512438,-1.5088885e-13,0
0.4542,49.7512438,50,0.00497512438,-1.5088885e-13,0
0.4543,49.7512438,50,0.00497512438,-1.5088885e-13,0
0.4544,49.7512438,50,0.00497512438,-1.5088885e-13,0
0.4545,49.7512438,50,0.00497512438,-1.5088885e-13,0
0.4546,49.7512438,50,0.00497512438,-1.5088885e-13,0
0.4547,49.7512438,50,0.00497512438,-1.5088885e-13,0
0.4548,49.7512438,50,0.00497512438,-1.5088885e-13,0
0.4549,49.7512438,50,0.00497512438,-1.5088885e-13,0
0.455,49.7512438,50,0.00497512438,-1.5088885e-13,0
0.4551,49.7512438,50,0.00497512438,-1.40830923e-13,0
0.4552,49.7512438,50,0.00497512438,-1.40830923e-13,0
0.4553,49.7512438,50,0.00497512438,-1.40830923e-13,0
0.4554,49.7512438,50,0.00497512438,-1.40830923e-13,0
0.4555,49.7512438,50,0.00497512438,-1.40830923e-13,0
0.4556,49.7512438,50,0.00497512438,-1.40830923e-13,0
0.4557,49.7512438,50,0.00497512438,-1.40830923e-13,0
0.4558,49.7512438,50,0.00497512438,-1.40830923e-13,0
0.4559,49.7512438,50,0.00497512438,-1.40830923e-13,0
0.456,49.7512438,50,0.00497512438,-1.40830923e-13,0
0.4561,49.7512438,50,0.00497512438,-1.32403637e-13,0
0.4562,49.7512438,50,0.00497512438,-1.32403637e-13,0
0.4563,49.7512438,50,0.00497512438,-1.32403637e-13,0
0.4564,49.7512438,50,0.00497512438,-1.32403637e-13,0
0.4565,49.7512438,50,0.00497512438,-1.32403637e-13,0
0.4566,49.7512438,50,0.00497512438,-1.32403637e-13,0
0.4567,49.7512438,50,0.00497512438,-1.32403637e-13,0
0.4568,49.7512438,50,0.00497512438,-1.32403637e-13,0
0.4569,49.7512438,50,0.00497512438,-1.32403637e-13,0
0.457,49.7512438,50,0.00497512438,-1.32403637e-13,0
0.4571,49.7512438,50,0.00497512438,-1.22617194e-13,0
0.4572,49.7512438,50,0.00497512438,-1.22617194e-13,0
0.4573,49.7512438,50,0.00497512438,-1.22617194e-13,0
0.4574,49.7512438,50,0.00497512438,-1.22617194e-13,0
0.4575,49.7512438,50,0.00497512438,-1.22617194e-13,0
0.4576,49.7512438,50,0.00497512438,-1.22617194e-13,0
0.4577,49.7512438,50,0.00497512438,-1.22617194e-13,0
0.4578,49.7512438,50,0.00497512438,-1.22617194e-13,0
0.4579,49.7512438,50,0.00497512438,-1.22617194e-13,0
0.458,49.7512438,50,0.00497512438,-1.22617194e-13,0
0.4581,49.7512438,50,0.00497512438,-1.15101505e-13,0
0.4582,49.7512438,50,0.00497512438,-1.15101505e-13,0
0.4583,49.7512438,50,0.00497512438,-1.15101505e-13,0
0.4584,49.7512438,50,0.00497512438,-1.15101505e-13,0
0.4585,49.7512438,50,0.00497512438,-1.15101505e-13,0
0.4586,49.7512438,50,0.00497512438,-1.15101505e-13,0
0.4587,49.7512438,50,0.00497512438,-1.15101505e-13,0
0.4588,49.7512438,50,0.00497512438,-1.15101505e-13,0
0.4589,49.7512438,50,0.00497512438,-1.15101505e-13,0
0.459,49.7512438,50,0.00497512438,-1.15101505e-13,0
0.4591,49.7512438,50,0.00497512438,-1.06426153e-13,0
0.4592,49.7512438,50,0.00497512438,-1.06426153e-13,0
0.4593,49.7512438,50,0.00497512438,-1.06426153e-13,0
0.4594,49.7512438,50,0.00497512438,-1.06426153e-13,0
0.4595,49.7512438,50,0.00497512438,-1.06426153e-13,0
0.4596,49.7512438,50,0.00497512438,-1.06426153e-13,0
0.4597,49.7512438,50,0.00497512438,-1.06426153e-13,0
0.4598,49.7512438,50,0.00497512438,-1.06426153e-13,0
0.4599,49.7512438,50,0.00497512438,-1.06426153e-13,0
0.46,49.7512438,50,0.00497512438,-1.06426153e-13,0
0.4601,49.7512438,50,0.00497512438,-9.65815969e-14,0
0.4602,49.7512438,50,0.00497512438,-9.65815969e-14,0
0.4603,49.7512438,50,0.00497512438,-9.65815969e-14,0
0.4604,49.7512438,50,0.00497512438,-9.65815969e-14,0
0.4605,49.7512438,50,0.00497512438,-9.65815969e-14,0
0.4606,49.7512438,50,0.00497512438,-9.65815969e-14,0
0.4607,49.7512438,50,0.00497512438,-9.65815969e-14,0
0.4608,49.7512438,50,0.00497512438,-9.65815969e-14,0
0.4609,49.7512438,50,0.00497512438,-9.65815969e-14,0
0.461,49.7512438,50,0.00497512438,-9.65815969e-14,0
0.4611,49.7512438,50,0.00497512438,-8.93703514e-14,0
0.4612,49.7512438,50,0.00497512438,-8.93703514e-14,0
0.4613,49.7512438,50,0.00497512438,-8.93703514e-14,0
0.4614,49.7512438,50,0.00497512438,-8.93703514e-14,0
0.4615,49.7512438,50,0.00497512438,-8.93703514e-14,0
0.4616,49.7512438,50,0.00497512438,-8.93703514e-14,0
0.4617,49.7512438,50,0.00497512438,-8.93703514e-14,0
0.4618,49.7512438,50,0.00497512438,-8.93703514e-14,0
0.4619,49.7512438,50,0.00497512438,-8.93703514e-14,0
0.462,49.7512438,50,0.00497512438,-8.93703514e-14,0
0.4621,49.7512438,50,0.00497512438,-8.0982096e-14,0
0.4622,49.7512438,50,0.00497512438,-8.0982096e-14,0
0.4623,49.7512438,50,0.00497512438,-8.0982096e-14,0
0.4624,49.7512438,50,0.00497512438,-8.0982096e-14,0
0.4625,49.7512438,50,0.00497512438,-8.0982096e-14,0
0.4626,49.7512438,50,0.00497512438,-8.0982096e-14,0
0.4627,49.7512438,50,0.00497512438,-8.0982096e-14,0
0.4628,49.7512438,50,0.00497512438,-8.0982096e-14,0
0.4629,49.7512438,50,0.00497512438,-8.0982096e-14,0
0.463,49.7512438,50,0.00497512438,-8.0982096e-14,0
0.4631,49.7512438,50,0.00497512438,-7.55671567e-14,0
0.4632,49.7512438,50,0.00497512438,-7.55671567e-14,0
0.4633,49.7512438,50,0.00497512438,-7.55671567e-14,0
0.4634,49.7512438,50,0.00497512438,-7.55671567e-14,0
0.4635,49.7512438,50,0.00497512438,-7.55671567e-14,0
0.4636,49.7512438,50,0.00497512438,-7.55671567e-14,0
0.4637,49.7512438,50,0.00497512438,-7.55671567e-14,0
0.4638,49.7512438,50,0.00497512438,-7.55671567e-14,0
0.4639,49.7512438,50,0.00497512438,-7.55671567e-14,0
0.464,49.7512438,50,0.00497512438,-7.55671567e-14,0
0.4641,49.7512438,50,0.00497512438,-6.88407664e-14,0
0.4642,49.7512438,50,0.00497512438,-6.88407664e-14,0
0.4643,49.7512438,50,0.00497512438,-6.88407664e-14,0
0.4644,49.7512438,50,0.00497512438,-6.88407664e-14,0
0.4645,49.7512438,50,0.00497512438,-6.88407664e-14,0
0.4646,49.7512438,50,0.00497512438,-6.88407664e-14,0
0.4647,49.7512438,50,0.00497512438,-6.88407664e-14,0
0.4648,49.7512438,50,0.00497512438,-6.88407664e-14,0
0.4649,49.7512438,50,0.00497512438,-6.88407664e-14,0
0.465,49.7512438,50,0.00497512438,-6.88407664e-14,0
0.4651,49.7512438,50,0.00497512438,-6.16763585e-14,0
0.4652,49.7512438,50,0.00497512438,-6.16763585e-14,0
0.4653,49.7512438,50,0.00497512438,-6.16763585e-14,0
0.4654,49.7512438,50,0.00497512438,-6.16763585e-14,0
0.4655,49.7512438,50,0.00497512438,-6.16763585e-14,0
0.4656,49.7512438,50,0.00497512438,-6.16763585e-14,0
0.4657,49.7512438,50,0.00497512438,-6.16763585e-14,0
0.4658,49.7512438,50,0.00497512438,-6.16763585e-14,0
0.4659,49.7512438,50,0.00497512438,-6.16763585e-14,0
0.466,49.7512438,50,0.00497512438,-6.16763585e-14,0
0.4661,49.7512438,50,0.00497512438,-5.41962308e-14,0
0.4662,49.7512438,50,0.00497512438,-5.41962308e-14,0
0.4663,49.7512438,50,0.00497512438,-5.41962308e-14,0
0.4664,49.7512438,50,0.00497512438,-5.41962308e-14,0
0.4665,49.7512438,50,0.00497512438,-5.41962308e-14,0
0.4666,49.7512438,50,0.00497512438,-5.41962308e-14,0
0.4667,49.7512438,50,0.00497512438,-5.41962308e-14,0
0.4668,49.7512438,50,0.00497512438,-5.41962308e-14,0
0.4669,49.7512438,50,0.00497512438,-5.41962308e-14,0
0.467,49.7512438,50,0.00497512438,-5.41962308e-14,0
0.4671,49.7512438,50,0.00497512438,-4.99097291e-14,0
0.4672,49.7512438,50,0.00497512438,-4.99097291e-14,0
0.4673,49.7512438,50,0.00497512438,-4.99097291e-14,0
0.4674,49.7512438,50,0.00497512438,-4.99097291e-14,0
0.4675,49.7512438,50,0.00497512438,-4.99097291e-14,0
0.4676,49.7512438,50,0.00497512438,-4.99097291e-14,0
0.4677,49.7512438,50,0.00497512438,-4.99097291e-14,0
0.4678,49.7512438,50,0.00497512438,-4.99097291e-14,0
0.4679,49.7512438,50,0.00497512438,-4.99097291e-14,0
0.468,49.7512438,50,0.00497512438,-4.99097291e-14,0
0.4681,49.7512438,50,0.00497512438,-4.46717316e-14,0
0.4682,49.7512438,50,0.00497512438,-4.46717316e-14,0
0.4683,49.7512438,50,0.00497512438,-4.46717316e-14,0
0.4684,49.7512438,50,0.00497512438,-4.46717316e-14,0
0.4685,49.7512438,50,0.00497512438,-4.46717316e-14,0
0.4686,49.7512438,50,0.00497512438,-4.46717316e-14,0
0.4687,49.7512438,50,0.00497512438,-4.46717316e-14,0
0.4688,49.7512438,50,0.00497512438,-4.46717316e-14,0
0.4689,49.7512438,50,0.00497512438,-4.46717316e-14,0
0.469,49.7512438,50,0.00497512438,-4.46717316e-14,0
0.4691,49.7512438,50,0.00497512438,-3.89792365e-14,0
0.4692,49.7512438,50,0.00497512438,-3.89792365e-14,0
0.4693,49.7512438,50,0.00497512438,-3.89792365e-14,0
0.4694,49.7512438,50,0.00497512438,-3.89792365e-14,0
0.4695,49.7512438,50,0.00497512438,-3.89792365e-14,0
0.4696,49.7512438,50,0.00497512438,-3.89792365e-14,0
0.4697,49.7512438,50,0.00497512438,-3.89792365e-14,0
0.4698,49.7512438,50,0.00497512438,-3.89792365e-14,0
0.4699,49.7512438,50,0.00497512438,-3.89792365e-14,0
0.47,49.7512438,50,0.00497512438,-3.89792365e-14,0
0.4701,49.7512438,50,0.00497512438,-3.38774148e-14,0
0.4702,49.7512438,50,0.00497512438,-3.38774148e-14,0
0.4703,49.7512438,50,0.00497512438,-3.38774148e-14,0
0.4704,49.7512438,50,0.00497512438,-3.38774148e-14,0
0.4705,49.7512438,50,0.00497512438,-3.38774148e-14,0
0.4706,49.7512438,50,0.00497512438,-3.38774148e-14,0
0.4707,49.7512438,50,0.00497512438,-3.38774148e-14,0
0.4708,49.7512438,50,0.00497512438,-3.38774148e-14,0
0.4709,49.7512438,50,0.00497512438,-3.38774148e-14,0
0.471,49.7512438,50,0.00497512438,-3.38774148e-14,0
0.4711,49.7512438,50,0.00497512438,-2.83826782e-14,0
0.4712,49.7512438,50,0.00497512438,-2.83826782e-14,0
0.4713,49.7512438,50,0.00497512438,-2.83826782e-14,0
0.4714,49.7512438,50,0.00497512438,-2.83826782e-14,0
0.4715,49.7512438,50,0.00497512438,-2.83826782e-14,0
0.4716,49.7512438,50,0.00497512438,-2.83826782e-14,0
0.4717,49.7512438,50,0.00497512438,-2.83826782e-14,0
0.4718,49.7512438,50,0.00497512438,-2.83826782e-14,0
0.4719,49.7512438,50,0.00497512438,-2.83826782e-14,0
0.472,49.7512438,50,0.00497512438,-2.83826782e-14,0
0.4721,49.7512438,50,0.00497512438,-2.5660897e-14,0
0.4722,49.7512438,50,0.00497512438,-2.5660897e-14,0
0.4723,49.7512438,50,0.00497512438,-2.5660897e-14,0
0.4724,49.7512438,50,0.00497512438,-2.5660897e-14,0
0.4725,49.7512438,50,0.00497512438,-2.5660897e-14,0
0.4726,49.7512438,50,0.00497512438,-2.5660897e-14,0
0.4727,49.7512438,50,0.00497512438,-2.5660897e-14,0
0.4728,49.7512438,50,0.00497512438,-2.5660897e-14,0
0.4729,49.7512438,50,0.00497512438,-2.5660897e-14,0
0.473,49.7512438,50,0.00497512438,-2.5660897e-14,0
0.4731,49.7512438,50,0.00497512438,-2.28489103e-14,0
0.4732,49.7512438,50,0.00497512438,-2.28489103e-14,0
0.4733,49.7512438,50,0.00497512438,-2.28489103e-14,0
0.4734,49.7512438,50,0.00497512438,-2.28489103e-14,0
0.4735,49.7512438,50,0.00497512438,-2.28489103e-14,0
0.4736,49.7512438,50,0.00497512438,-2.28489103e-14,0
0.4737,49.7512438,50,0.00497512438,-2.28489103e-14,0
0.4738,49.7512438,50,0.00497512438,-2.28489103e-14,0
0.4739,49.7512438,50,0.00497512438,-2.28489103e-14,0
0.474,49.7512438,50,0.00497512438,-2.28489103e-14,0
0.4741,49.7512438,50,0.00497512438,-2.00447298e-14,0
0.4742,49.7512438,50,0.00497512438,-2.00447298e-14,0
0.4743,49.7512438,50,0.00497512438,-2.00447298e-14,0
0.4744,49.7512438,50,0.00497512438,-2.00447298e-14,0
0.4745,49.7512438,50,0.00497512438,-2.00447298e-14,0
0.4746,49.7512438,50,0.00497512438,-2.00447298e-14,0
0.4747,49.7512438,50,0.00497512438,-2.00447298e-14,0
0.4748,49.7512438,50,0.00497512438,-2.00447298e-14,0
0.4749,49.7512438,50,0.00497512438,-2.00447298e-14,0
0.475,49.7512438,50,0.00497512438,-2.00447298e-14,0
0.4751,49.7512438,50,0.00497512438,-1.70783526e-14,0
0.4752,49.7512438,50,0.00497512438,-1.70783526e-14,0
0.4753,49.7512438,50,0.00497512438,-1.70783526e-14,0
0.4754,49.7512438,50,0.00497512438,-1.70783526e-14,0
0.4755,49.7512438,50,0.00497512438,-1.70783526e-14,0
0.4756,49.7512438,50,0.00497512438,-1.70783526e-14,0
0.4757,49.7512438,50,0.00497512438,-1.70783526e-14,0
0.4758,49.7512438,50,0.00497512438,-1.70783526e-14,0
0.4759,49.7512438,50,0.00497512438,-1.70783526e-14,0
0.476,49.7512438,50,0.00497512438,-1.70783526e-14,0
0.4761,49.7512438,50,0.00497512438,-1.42472839e-14,0
0.4762,49.7512438,50,0.00497512438,-1.42472839e-14,0
0.4763,49.7512438,50,0.00497512438,-1.42472839e-14,0
0.4764,49.7512438,50,0.00497512438,-1.42472839e-14,0
0.4765,49.7512438,50,0.00497512438,-1.42472839e-14,0
0.4766,49.7512438,50,0.00497512438,-1.42472839e-14,0
0.4767,49.7512438,50,0.00497512438,-1.42472839e-14,0
0.4768,49.7512438,50,0.00497512438,-1.42472839e-14,0
0.4769,49.7512438,50,0.00497512438,-1.42472839e-14,0
0.477,49.7512438,50,0.00497512438,-1.42472839e-14,0
0.4771,49.7512438,50,0.00497512438,-1.14439708e-14,0
0.4772,49.7512438,50,0.00497512438,-1.14439708e-14,0
0.4773,49.7512438,50,0.00497512438,-1.14439708e-14,0
0.4774,49.7512438,50,0.00497512438,-1.14439708e-14,0
0.4775,49.7512438,50,0.00497512438,-1.14439708e-14,0
0.4776,49.7512438,50,0.00497512438,-1.14439708e-14,0
0.4777,49.7512438,50,0.00497512438,-1.14439708e-14,0
0.4778,49.7512438,50,0.00497512438,-1.14439708e-14,0
0.4779,49.7512438,50,0.00497512438,-1.14439708e-14,0
0.478,49.7512438,50,0.00497512438,-1.14439708e-14,0
0.4781,49.7512438,50,0.00497512438,-8.59815691e-15,0
0.4782,49.7512438,50,0.00497512438,-8.59815691e-15,0
0.4783,49.7512438,50,0.00497512438,-8.59815691e-15,0
0.4784,49.7512438,50,0.00497512438,-8.59815691e-15,0
0.4785,49.7512438,50,0.00497512438,-8.59815691e-15,0
0.4786,49.7512438,50,0.00497512438,-8.59815691e-15,0
0.4787,49.7512438,50,0.00497512438,-8.59815691e-15,0
0.4788,49.7512438,50,0.00497512438,-8.59815691e-15,0
0.4789,49.7512438,50,0.00497512438,-8.59815691e-15,0
0.479,49.7512438,50,0.00497512438,-8.59815691e-15,0
0.4791,49.7512438,50,0.00497512438,-5.63524921e-15,0
0.4792,49.7512438,50,0.00497512438,-5.63524921e-15,0
0.4793,49.7512438,50,0.00497512438,-5.63524921e-15,0
0.4794,49.7512438,50,0.00497512438,-5.63524921e-15,0
0.4795,49.7512438,50,0.00497512438,-5.63524921e-15,0
0.4796,49.7512438,50,0.00497512438,-5.63524921e-15,0
0.4797,49.7512438,50,0.00497512438,-5.63524921e-15,0
0.4798,49.7512438,50,0.00497512438,-5.63524921e-15,0
0.4799,49.7512438,50,0.00497512438,-5.63524921e-15,0
0.48,49.7512438,50,0.00497512438,-5.63524921e-15,0
0.4801,49.7512438,50,0.00497512438,-2.92474378e-15,0
0.4802,49.7512438,50,0.00497512438,-2.92474378e-15,0
0.4803,49.7512438,50,0.00497512438,-2.92474378e-15,0
0.4804,49.7512438,50,0.00497512438,-2.92474378e-15,0
0.4805,49.7512438,50,0.00497512438,-2.92474378e-15,0
0.4806,49.7512438,50,0.00497512438,-2.92474378e-15,0
0.4807,49.7512438,50,0.00497512438,-2.92474378e-15,0
0.4808,49.7512438,50,0.00497512438,-2.92474378e-15,0
0.4809,49.7512438,50,0.00497512438,-2.92474378e-15,0
0.481,49.7512438,50,0.00497512438,-2.92474378e-15,0
0.4811,49.7512438,50,0.00497512438,9.54097912e-18,0
0.4812,49.7512438,50,0.00497512438,9.54097912e-18,0
0.4813,49.7512438,50,0.00497512438,9.54097912e-18,0
0.4814,49.7512438,50,0.00497512438,9.54097912e-18,0
0.4815,49.7512438,50,0.00497512438,9.54097912e-18,0
0.4816,49.7512438,50,0.00497512438,9.54097912e-18,0
0.4817,49.7512438,50,0.00497512438,9.54097912e-18,0
0.4818,49.7512438,50,0.00497512438,9.54097912e-18,0
0.4819,49.7512438,50,0.00497512438,9.54097912e-18,0
0.482,49.7512438,50,0.00497512438,9.54097912e-18,0
0.4821,49.7512438,50,0.00497512438,2.76254714e-15,0
0.4822,49.7512438,50,0.00497512438,2.76254714e-15,0
0.4823,49.7512438,50,0.00497512438,2.76254714e-15,0
0.4824,49.7512438,50,0.00497512438,2.76254714e-15,0
0.4825,49.7512438,50,0.00497512438,2.76254714e-15,0
0.4826,49.7512438,50,0.00497512438,2.76254714e-15,0
0.4827,49.7512438,50,0.00497512438,2.76254714e-15,0
0.4828,49.7512438,50,0.00497512438,2.76254714e-15,0
0.4829,49.7512438,50,0.00497512438,2.76254714e-15,0
0.483,49.7512438,50,0.00497512438,2.76254714e-15,0
0.4831,49.7512438,50,0.00497512438,2.13284251e-15,0
0.4832,49.7512438,50,0.00497512438,2.13284251e-15,0
0.4833,49.7512438,50,0.00497512438,2.13284251e-15,0
0.4834,49.7512438,50,0.00497512438,2.13284251e-15,0
0.4835,49.7512438,50,0.00497512438,2.13284251e-15,0
0.4836,49.7512438,50,0.00497512438,2.13284251e-15,0
0.4837,49.7512438,50,0.00497512438,2.13284251e-15,0
0.4838,49.7512438,50,0.00497512438,2.13284251e-15,0
0.4839,49.7512438,50,0.00497512438,2.13284251e-15,0
0.484,49.7512438,50,0.00497512438,2.13284251e-15,0
0.4841,49.7512438,50,0.00497512438,1.71390679e-15,0
0.4842,49.7512438,50,0.00497512438,1.71390679e-15,0
0.4843,49.7512438,50,0.00497512438,1.71390679e-15,0
0.4844,49.7512438,50,0.00497512438,1.71390679e-15,0
0.4845,49.7512438,50,0.00497512438,1.71390679e-15,0
0.4846,49.7512438,50,0.00497512438,1.71390679e-15,0
0.4847,49.7512438,50,0.00497512438,1.71390679e-15,0
0.4848,49.7512438,50,0.00497512438,1.71390679e-15,0
0.4849,49.7512438,50,0.00497512438,1.71390679e-15,0
0.485,49.7512438,50,0.00497512438,1.71390679e-15,0
0.4851,49.7512438,50,0.00497512438,8.96852037e-16,0
0.4852,49.7512438,50,0.00497512438,8.96852037e-16,0
0.4853,49.7512438,50,0.00497512438,8.96852037e-16,0
0.4854,49.7512438,50,0.00497512438,8.96852037e-16,0
0.4855,49.7512438,50,0.00497512438,8.96852037e-16,0
0.4856,49.7512438,50,0.00497512438,8.96852037e-16,0
0.4857,49.7512438,50,0.00497512438,8.96852037e-16,0
0.4858,49.7512438,50,0.00497512438,8.96852037e-16,0
0.4859,49.7512438,50,0.00497512438,8.96852037e-16,0
0.486,49.7512438,50,0.00497512438,8.96852037e-16,0
0.4861,49.7512438,50,0.00497512438,-1.83013327e-16,0
0.4862,49.7512438,50,0.00497512438,-1.83013327e-16,0
0.4863,49.7512438,50,0.00497512438,-1.83013327e-16,0
0.4864,49.7512438,50,0.00497512438,-1.83013327e-16,0
0.4865,49.7512438,50,0.00497512438,-1.83013327e-16,0
0.4866,49.7512438,50,0.00497512438,-1.83013327e-16,0
0.4867,49.7512438,50,0.00497512438,-1.83013327e-16,0
0.4868,49.7512438,50,0.00497512438,-1.83013327e-16,0
0.4869,49.7512438,50,0.00497512438,-1.83013327e-16,0
0.487,49.7512438,50,0.00497512438,-1.83013327e-16,0
0.4871,49.7512438,50,0.00497512438,1.78069365e-15,0
0.4872,49.7512438,50,0.00497512438,1.78069365e-15,0
0.4873,49.7512438,50,0.00497512438,1.78069365e-15,0
0.4874,49.7512438,50,0.00497512438,1.78069365e-15,0
0.4875,49.7512438,50,0.00497512438,1.78069365e-15,0
0.4876,49.7512438,50,0.00497512438,1.78069365e-15,0
0.4877,49.7512438,50,0.00497512438,1.78069365e-15,0
0.4878,49.7512438,50,0.00497512438,1.78069365e-15,0
0.4879,49.7512438,50,0.00497512438,1.78069365e-15,0
0.488,49.7512438,50,0.00497512438,1.78069365e-15,0
0.4881,49.7512438,50,0.00497512438,3.70970615e-15,0
0.4882,49.7512438,50,0.00497512438,3.70970615e-15,0
0.4883,49.7512438,50,0.00497512438,3.70970615e-15,0
0.4884,49.7512438,50,0.00497512438,3.70970615e-15,0
0.4885,49.7512438,50,0.00497512438,3.70970615e-15,0
0.4886,49.7512438,50,0.00497512438,3.70970615e-15,0
0.4887,49.7512438,50,0.00497512438,3.70970615e-15,0
0.4888,49.7512438,50,0.00497512438,3.70970615e-15,0
0.4889,49.7512438,50,0.00497512438,3.70970615e-15,0
0.489,49.7512438,50,0.00497512438,3.70970615e-15,0
0.4891,49.7512438,50,0.00497512438,5.44009282e-15,0
0.4892,49.7512438,50,0.00497512438,5.44009282e-15,0
0.4893,49.7512438,50,0.00497512438,5.44009282e-15,0
0.4894,49.7512438,50,0.00497512438,5.44009282e-15,0
0.4895,49.7512438,50,0.00497512438,5.44009282e-15,0
0.4896,49.7512438,50,0.00497512438,5.44009282e-15,0
0.4897,49.7512438,50,0.00497512438,5.44009282e-15,0
0.4898,49.7512438,50,0.00497512438,5.44009282e-15,0
0.4899,49.7512438,50,0.00497512438,5.44009282e-15,0
0.49,49.7512438,50,0.00497512438,5.44009282e-15,0
0.4901,49.7512438,50,0.00497512438,4.112162e-15,0
0.4902,49.7512438,50,0.00497512438,4.112162e-15,0
0.4903,49.7512438,50,0.00497512438,4.112162e-15,0
0.4904,49.7512438,50,0.00497512438,4.112162e-15,0
0.4905,49.7512438,50,0.00497512438,4.112162e-15,0
0.4906,49.7512438,50,0.00497512438,4.112162e-15,0
0.4907,49.7512438,50,0.00497512438,4.112162e-15,0
0.4908,49.7512438,50,0.00497512438,4.112162e-15,0
0.4909,49.7512438,50,0.00497512438,4.112162e-15,0
0.491,49.7512438,50,0.00497512438,4.112162e-15,0
0.4911,49.7512438,50,0.00497512438,2.84321178e-15,0
0.4912,49.7512438,50,0.00497512438,2.84321178e-15,0
0.4913,49.7512438,50,0.00497512438,2.84321178e-15,0
0.4914,49.7512438,50,0.00497512438,2.84321178e-15,0
0.4915,49.7512438,50,0.00497512438,2.84321178e-15,0
0.4916,49.7512438,50,0.00497512438,2.84321178e-15,0
0.4917,49.7512438,50,0.00497512438,2.84321178e-15,0
0.4918,49.7512438,50,0.00497512438,2.84321178e-15,0
0.4919,49.7512438,50,0.00497512438,2.84321178e-15,0
0.492,49.7512438,50,0.00497512438,2.84321178e-15,0
0.4921,49.7512438,50,0.00497512438,4.6698756e-15,0
0.4922,49.7512438,50,0.00497512438,4.6698756e-15,0
0.4923,49.7512438,50,0.00497512438,4.6698756e-15,0
0.4924,49.7512438,50,0.00497512438,4.6698756e-15,0
0.4925,49.7512438,50,0.00497512438,4.6698756e-15,0
0.4926,49.7512438,50,0.00497512438,4.6698756e-15,0
0.4927,49.7512438,50,0.00497512438,4.6698756e-15,0
0.4928,49.7512438,50,0.00497512438,4.6698756e-15,0
0.4929,49.7512438,50,0.00497512438,4.6698756e-15,0
0.493,49.7512438,50,0.00497512438,4.6698756e-15,0
0.4931,49.7512438,50,0.00497512438,6.09495093e-15,0
0.4932,49.7512438,50,0.00497512438,6.09495093e-15,0
0.4933,49.7512438,50,0.00497512438,6.09495093e-15,0
0.4934,49.7512438,50,0.00497512438,6.09495093e-15,0
0.4935,49.7512438,50,0.00497512438,6.09495093e-15,0
0.4936,49.7512438,50,0.00497512438,6.09495093e-15,0
0.4937,49.7512438,50,0.00497512438,6.09495093e-15,0
0.4938,49.7512438,50,0.00497512438,6.09495093e-15,0
0.4939,49.7512438,50,0.00497512438,6.09495093e-15,0
0.494,49.7512438,50,0.00497512438,6.09495093e-15,0
0.4941,49.7512438,50,0.00497512438,7.35436018e-15,0
0.4942,49.7512438,50,0.00497512438,7.35436018e-15,0
0.4943,49.7512438,50,0.00497512438,7.35436018e-15,0
0.4944,49.7512438,50,0.00497512438,7.35436018e-15,0
0.4945,49.7512438,50,0.00497512438,7.35436018e-15,0
0.4946,49.7512438,50,0.00497512438,7.35436018e-15,0
0.4947,49.7512438,50,0.00497512438,7.35436018e-15,0
0.4948,49.7512438,50,0.00497512438,7.35436018e-15,0
0.4949,49.7512438,50,0.00497512438,7.35436018e-15,0
0.495,49.7512438,50,0.00497512438,7.35436018e-15,0
0.4951,49.7512438,50,0.00497512438,5.55198248e-15,0
0.4952,49.7512438,50,0.00497512438,5.55198248e-15,0
0.4953,49.7512438,50,0.00497512438,5.55198248e-15,0
0.4954,49.7512438,50,0.00497512438,5.55198248e-15,0
0.4955,49.7512438,50,0.00497512438,5.55198248e-15,0
0.4956,49.7512438,50,0.00497512438,5.55198248e-15,0
0.4957,49.7512438,50,0.00497512438,5.55198248e-15,0
0.4958,49.7512438,50,0.00497512438,5.55198248e-15,0
0.4959,49.7512438,50,0.00497512438,5.55198248e-15,0
0.496,49.7512438,50,0.00497512438,5.55198248e-15,0
0.4961,49.7512438,50,0.00497512438,3.81032011e-15,0
0.4962,49.7512438,50,0.00497512438,3.81032011e-15,0
0.4963,49.7512438,50,0.00497512438,3.81032011e-15,0
0.4964,49.7512438,50,0.00497512438,3.81032011e-15,0
0.4965,49.7512438,50,0.00497512438,3.81032011e-15,0
0.4966,49.7512438,50,0.00497512438,3.81032011e-15,0
0.4967,49.7512438,50,0.00497512438,3.81032011e-15,0
0.4968,49.7512438,50,0.00497512438,3.81032011e-15,0
0.4969,49.7512438,50,0.00497512438,3.81032011e-15,0
0.497,49.7512438,50,0.00497512438,3.81032011e-15,0
0.4971,49.7512438,50,0.00497512438,5.16340443e-15,0
0.4972,49.7512438,50,0.00497512438,5.16340443e-15,0
0.4973,49.7512438,50,0.00497512438,5.16340443e-15,0
0.4974,49.7512438,50,0.00497512438,5.16340443e-15,0
0.4975,49.7512438,50,0.00497512438,5.16340443e-15,0
0.4976,49.7512438,50,0.00497512438,5.16340443e-15,0
0.4977,49.7512438,50,0.00497512438,5.16340443e-15,0
0.4978,49.7512438,50,0.00497512438,5.16340443e-15,0
0.4979,49.7512438,50,0.00497512438,5.16340443e-15,0
0.498,49.7512438,50,0.00497512438,5.16340443e-15,0
0.4981,49.7512438,50,0.00497512438,6.11403289e-15,0
0.4982,49.7512438,50,0.00497512438,6.11403289e-15,0
0.4983,49.7512438,50,0.00497512438,6.11403289e-15,0
0.4984,49.7512438,50,0.00497512438,6.11403289e-15,0
0.4985,49.7512438,50,0.00497512438,6.11403289e-15,0
0.4986,49.7512438,50,0.00497512438,6.11403289e-15,0
0.4987,49.7512438,50,0.00497512438,6.11403289e-15,0
0.4988,49.7512438,50,0.00497512438,6.11403289e-15,0
0.4989,49.7512438,50,0.00497512438,6.11403289e-15,0
0.499,49.7512438,50,0.00497512438,6.11403289e-15,0
0.4991,49.7512438,50,0.00497512438,6.89899526e-15,0
0.4992,49.7512438,50,0.00497512438,6.89899526e-15,0
0.4993,49.7512438,50,0.00497512438,6.89899526e-15,0
0.4994,49.7512438,50,0.00497512438,6.89899526e-15,0
0.4995,49.7512438,50,0.00497512438,6.89899526e-15,0
0.4996,49.7512438,50,0.00497512438,6.89899526e-15,0
0.4997,49.7512438,50,0.00497512438,6.89899526e-15,0
0.4998,49.7512438,50,0.00497512438,6.89899526e-15,0
0.4999,49.7512438,50,0.00497512438,6.89899526e-15,0
0.5,49.7512438,50,0.00497512438,6.89899526e-15,0
0.5001,49.7512438,50,0.00497512438,7.86089943e-15,0
0.5002,49.7512438,50,0.00497512438,7.86089943e-15,0
0.5003,49.7512438,50,0.00497512438,7.86089943e-15,0
0.5004,49.7512438,50,0.00497512438,7.86089943e-15,0
0.5005,49.7512438,50,0.00497512438,7.86089943e-15,0
0.5006,49.7512438,50,0.00497512438,7.86089943e-15,0
0.5007,49.7512438,50,0.00497512438,7.86089943e-15,0
0.5008,49.7512438,50,0.00497512438,7.86089943e-15,0
0.5009,49.7512438,50,0.00497512438,7.86089943e-15,0
0.501,49.7512438,50,0.00497512438,7.86089943e-15,0
0.5011,49.7512438,50,0.00497512438,8.96765301e-15,0
0.5012,49.7512438,50,0.00497512438,8.96765301e-15,0
0.5013,49.7512438,50,0.00497512438,8.96765301e-15,0
0.5014,49.7512438,50,0.00497512438,8.96765301e-15,0
0.5015,49.7512438,50,0.00497512438,8.96765301e-15,0
0.5016,49.7512438,50,0.00497512438,8.96765301e-15,0
0.5017,49.7512438,50,0.00497512438,8.96765301e-15,0
0.5018,49.7512438,50,0.00497512438,8.96765301e-15,0
0.5019,49.7512438,50,0.00497512438,8.96765301e-15,0
0.502,49.7512438,50,0.00497512438,8.96765301e-15,0
0.5021,49.7512438,50,0.00497512438,9.77863623e-15,0
0.5022,49.7512438,50,0.00497512438,9.77863623e-15,0
0.5023,49.7512438,50,0.00497512438,9.77863623e-15,0
0.5024,49.7512438,50,0.00497512438,9.77863623e-15,0
0.5025,49.7512438,50,0.00497512438,9.77863623e-15,0
0.5026,49.7512438,50,0.00497512438,9.77863623e-15,0
0.5027,49.7512438,50,0.00497512438,9.77863623e-15,0
0.5028,49.7512438,50,0.00497512438,9.77863623e-15,0
0.5029,49.7512438,50,0.00497512438,9.77863623e-15,0
0.503,49.7512438,50,0.00497512438,9.77863623e-15,0
0.5031,49.7512438,50,0.00497512438,7.46017831e-15,0
0.5032,49.7512438,50,0.00497512438,7.46017831e-15,0
0.5033,49.7512438,50,0.00497512438,7.46017831e-15,0
0.5034,49.7512438,50,0.00497512438,7.46017831e-15,0
0.5035,49.7512438,50,0.00497512438,7.46017831e-15,0
0.5036,49.7512438,50,0.00497512438,7.46017831e-15,0
0.5037,49.7512438,50,0.00497512438,7.46017831e-15,0
0.5038,49.7512438,50,0.00497512438,7.46017831e-15,0
0.5039,49.7512438,50,0.00497512438,7.46017831e-15,0
0.504,49.7512438,50,0.00497512438,7.46017831e-15,0
0.5041,49.7512438,50,0.00497512438,8.3648366e-15,0
0.5042,49.7512438,50,0.00497512438,8.3648366e-15,0
0.5043,49.7512438,50,0.00497512438,8.3648366e-15,0
0.5044,49.7512438,50,0.00497512438,8.3648366e-15,0
0.5045,49.7512438,50,0.00497512438,8.3648366e-15,0
0.5046,49.7512438,50,0.00497512438,8.3648366e-15,0
0.5047,49.7512438,50,0.00497512438,8.3648366e-15,0
0.5048,49.7512438,50,0.00497512438,8.3648366e-15,0
0.5049,49.7512438,50,0.00497512438,8.3648366e-15,0
0.505,49.7512438,50,0.00497512438,8.3648366e-15,0
0.5051,49.7512438,50,0.00497512438,9.13852327e-15,0
0.5052,49.7512438,50,0.00497512438,9.13852327e-15,0
0.5053,49.7512438,50,0.00497512438,9.13852327e-15,0
0.5054,49.7512438,50,0.00497512438,9.13852327e-15,0
0.5055,49.7512438,50,0.00497512438,9.13852327e-15,0
0.5056,49.7512438,50,0.00497512438,9.13852327e-15,0
0.5057,49.7512438,50,0.00497512438,9.13852327e-15,0
0.5058,49.7512438,50,0.00497512438,9.13852327e-15,0
0.5059,49.7512438,50,0.00497512438,9.13852327e-15,0
0.506,49.7512438,50,0.00497512438,9.13852327e-15,0
0.5061,49.7512438,50,0.00497512438,9.64159308e-15,0
0.5062,49.7512438,50,0.00497512438,9.64159308e-15,0
0.5063,49.7512438,50,0.00497512438,9.64159308e-15,0
0.5064,49.7512438,50,0.00497512438,9.64159308e-15,0
0.5065,49.7512438,50,0.00497512438,9.64159308e-15,0
0.5066,49.7512438,50,0.00497512438,9.64159308e-15,0
0.5067,49.7512438,50,0.00497512438,9.64159308e-15,0
0.5068,49.7512438,50,0.00497512438,9.64159308e-15,0
0.5069,49.7512438,50,0.00497512438,9.64159308e-15,0
0.507,49.7512438,50,0.00497512438,9.64159308e-15,0
0.5071,49.7512438,50,0.00497512438,1.02496137e-14,0
0.5072,49.7512438,50,0.00497512438,1.02496137e-14,0
0.5073,49.7512438,50,0.00497512438,1.02496137e-14,0
0.5074,49.7512438,50,0.00497512438,1.02496137e-14,0
0.5075,49.7512438,50,0.00497512438,1.02496137e-14,0
0.5076,49.7512438,50,0.00497512438,1.02496137e-14,0
0.5077,49.7512438,50,0.00497512438,1.02496137e-14,0
0.5078,49.7512438,50,0.00497512438,1.02496137e-14,0
0.5079,49.7512438,50,0.00497512438,1.02496137e-14,0
0.508,49.7512438,50,0.00497512438,1.02496137e-14,0
0.5081,49.7512438,50,0.00497512438,1.09296253e-14,0
0.5082,49.7512438,50,0.00497512438,1.09296253e-14,0
0.5083,49.7512438,50,0.00497512438,1.09296253e-14,0
0.5084,49.7512438,50,0.00497512438,1.09296253e-14,0
0.5085,49.7512438,50,0.00497512438,1.09296253e-14,0
0.5086,49.7512438,50,0.00497512438,1.09296253e-14,0
0.5087,49.7512438,50,0.00497512438,1.09296253e-14,0
0.5088,49.7512438,50,0.00497512438,1.09296253e-14,0
0.5089,49.7512438,50,0.00497512438,1.09296253e-14,0
0.509,49.7512438,50,0.00497512438,1.09296253e-14,0
0.5091,49.7512438,50,0.00497512438,8.44550124e-15,0
0.5092,49.7512438,50,0.00497512438,8.44550124e-15,0
0.5093,49.7512438,50,0.00497512438,8.44550124e-15,0
0.5094,49.7512438,50,0.00497512438,8.44550124e-15,0
0.5095,49.7512438,50,0.00497512438,8.44550124e-15,0
0.5096,49.7512438,50,0.00497512438,8.44550124e-15,0
0.5097,49.7512438,50,0.00497512438,8.44550124e-15,0
0.5098,49.7512438,50,0.00497512438,8.44550124e-15,0
0.5099,49.7512438,50,0.00497512438,8.44550124e-15,0
0.51,49.7512438,50,0.00497512438,8.44550124e-15,0
0.5101,49.7512438,50,0.00497512438,9.18883025e-15,0
0.5102,49.7512438,50,0.00497512438,9.18883025e-15,0
0.5103,49.7512438,50,0.00497512438,9.18883025e-15,0
0.5104,49.7512438,50,0.00497512438,9.18883025e-15,0
0.5105,49.7512438,50,0.00497512438,9.18883025e-15,0
0.5106,49.7512438,50,0.00497512438,9.18883025e-15,0
0.5107,49.7512438,50,0.00497512438,9.18883025e-15,0
0.5108,49.7512438,50,0.00497512438,9.18883025e-15,0
0.5109,49.7512438,50,0.00497512438,9.18883025e-15,0
0.511,49.7512438,50,0.00497512438,9.18883025e-15,0
0.5111,49.7512438,50,0.00497512438,9.80032028e-15,0
0.5112,49.7512438,50,0.00497512438,9.80032028e-15,0
0.5113,49.7512438,50,0.00497512438,9.80032028e-15,0
0.5114,49.7512438,50,0.00497512438,9.80032028e-15,0
0.5115,49.7512438,50,0.00497512438,9.80032028e-15,0
0.5116,49.7512438,50,0.00497512438,9.80032028e-15,0
0.5117,49.7512438,50,0.00497512438,9.80032028e-15,0
0.5118,49.7512438,50,0.00497512438,9.80032028e-15,0
0.5119,49.7512438,50,0.00497512438,9.80032028e-15,0
0.512,49.7512438,50,0.00497512438,9.80032028e-15,0
0.5121,49.7512438,50,0.00497512438,1.01411934e-14,0
0.5122,49.7512438,50,0.00497512438,1.01411934e-14,0
0.5123,49.7512438,50,0.00497512438,1.01411934e-14,0
0.5124,49.7512438,50,0.00497512438,1.01411934e-14,0
0.5125,49.7512438,50,0.00497512438,1.01411934e-14,0
0.5126,49.7512438,50,0.00497512438,1.01411934e-14,0
0.5127,49.7512438,50,0.00497512438,1.01411934e-14,0
0.5128,49.7512438,50,0.00497512438,1.01411934e-14,0
0.5129,49.7512438,50,0.00497512438,1.01411934e-14,0
0.513,49.7512438,50,0.00497512438,1.01411934e-14,0
0.5131,49.7512438,50,0.00497512438,1.05870174e-14,0
0.5132,49.7512438,50,0.00497512438,1.05870174e-14,0
0.5133,49.7512438,50,0.00497512438,1.05870174e-14,0
0.5134,49.7512438,50,0.00497512438,1.05870174e-14,0
0.5135,49.7512438,50,0.00497512438,1.05870174e-14,0
0.5136,49.7512438,50,0.00497512438,1.05870174e-14,0
0.5137,49.7512438,50,0.00497512438,1.05870174e-14,0
0.5138,49.7512438,50,0.00497512438,1.05870174e-14,0
0.5139,49.7512438,50,0.00497512438,1.05870174e-14,0
0.514,49.7512438,50,0.00497512438,1.05870174e-14,0
0.5141,49.7512438,50,0.00497512438,1.11030976e-14,0
0.5142,49.7512438,50,0.00497512438,1.11030976e-14,0
0.5143,49.7512438,50,0.00497512438,1.11030976e-14,0
0.5144,49.7512438,50,0.00497512438,1.11030976e-14,0
0.5145,49.7512438,50,0.00497512438,1.11030976e-14,0
0.5146,49.7512438,50,0.00497512438,1.11030976e-14,0
0.5147,49.7512438,50,0.00497512438,1.11030976e-14,0
0.5148,49.7512438,50,0.00497512438,1.11030976e-14,0
0.5149,49.7512438,50,0.00497512438,1.11030976e-14,0
0.515,49.7512438,50,0.00497512438,1.11030976e-14,0
0.5151,49.7512438,50,0.00497512438,1.1693771e-14,0
0.5152,49.7512438,50,0.00497512438,1.1693771e-14,0
0.5153,49.7512438,50,0.00497512438,1.1693771e-14,0
0.5154,49.7512438,50,0.00497512438,1.1693771e-14,0
0.5155,49.7512438,50,0.00497512438,1.1693771e-14,0
0.5156,49.7512438,50,0.00497512438,1.1693771e-14,0
0.5157,49.7512438,50,0.00497512438,1.1693771e-14,0
0.5158,49.7512438,50,0.00497512438,1.1693771e-14,0
0.5159,49.7512438,50,0.00497512438,1.1693771e-14,0
0.516,49.7512438,50,0.00497512438,1.1693771e-14,0
0.5161,49.7512438,50,0.00497512438,1.19140808e-14,0
0.5162,49.7512438,50,0.00497512438,1.19140808e-14,0
0.5163,49.7512438,50,0.00497512438,1.19140808e-14,0
0.5164,49.7512438,50,0.00497512438,1.19140808e-14,0
0.5165,49.7512438,50,0.00497512438,1.19140808e-14,0
0.5166,49.7512438,50,0.00497512438,1.19140808e-14,0
0.5167,49.7512438,50,0.00497512438,1.19140808e-14,0
0.5168,49.7512438,50,0.00497512438,1.19140808e-14,0
0.5169,49.7512438,50,0.00497512438,1.19140808e-14,0
0.517,49.7512438,50,0.00497512438,1.19140808e-14,0
0.5171,49.7512438,50,0.00497512438,8.48626724e-15,0
0.5172,49.7512438,50,0.00497512438,8.48626724e-15,0
0.5173,49.7512438,50,0.00497512438,8.48626724e-15,0
0.5174,49.7512438,50,0.00497512438,8.48626724e-15,0
0.5175,49.7512438,50,0.00497512438,8.48626724e-15,0
0.5176,49.7512438,50,0.00497512438,8.48626724e-15,0
0.5177,49.7512438,50,0.00497512438,8.48626724e-15,0
0.5178,49.7512438,50,0.00497512438,8.48626724e-15,0
0.5179,49.7512438,50,0.00497512438,8.48626724e-15,0
0.518,49.7512438,50,0.00497512438,8.48626724e-15,0
0.5181,49.7512438,50,0.00497512438,9.05612391e-15,0
0.5182,49.7512438,50,0.00497512438,9.05612391e-15,0
0.5183,49.7512438,50,0.00497512438,9.05612391e-15,0
0.5184,49.7512438,50,0.00497512438,9.05612391e-15,0
0.5185,49.7512438,50,0.00497512438,9.05612391e-15,0
0.5186,49.7512438,50,0.00497512438,9.05612391e-15,0
0.5187,49.7512438,50,0.00497512438,9.05612391e-15,0
0.5188,49.7512438,50,0.00497512438,9.05612391e-15,0
0.5189,49.7512438,50,0.00497512438,9.05612391e-15,0
0.519,49.7512438,50,0.00497512438,9.05612391e-15,0
0.5191,49.7512438,50,0.00497512438,9.42475264e-15,0
0.5192,49.7512438,50,0.00497512438,9.42475264e-15,0
0.5193,49.7512438,50,0.00497512438,9.42475264e-15,0
0.5194,49.7512438,50,0.00497512438,9.42475264e-15,0
0.5195,49.7512438,50,0.00497512438,9.42475264e-15,0
0.5196,49.7512438,50,0.00497512438,9.42475264e-15,0
0.5197,49.7512438,50,0.00497512438,9.42475264e-15,0
0.5198,49.7512438,50,0.00497512438,9.42475264e-15,0
0.5199,49.7512438,50,0.00497512438,9.42475264e-15,0
0.52,49.7512438,50,0.00497512438,9.42475264e-15,0
0.5201,49.7512438,50,0.00497512438,9.52883605e-15,0
0.5202,49.7512438,50,0.00497512438,9.52883605e-15,0
0.5203,49.7512438,50,0.00497512438,9.52883605e-15,0
0.5204,49.7512438,50,0.00497512438,9.52883605e-15,0
0.5205,49.7512438,50,0.00497512438,9.52883605e-15,0
0.5206,49.7512438,50,0.00497512438,9.52883605e-15,0
0.5207,49.7512438,50,0.00497512438,9.52883605e-15,0
0.5208,49.7512438,50,0.00497512438,9.52883605e-15,0
0.5209,49.7512438,50,0.00497512438,9.52883605e-15,0
0.521,49.7512438,50,0.00497512438,9.52883605e-15,0
0.5211,49.7512438,50,0.00497512438,9.73700287e-15,0
0.5212,49.7512438,50,0.00497512438,9.73700287e-15,0
0.5213,49.7512438,50,0.00497512438,9.73700287e-15,0
0.5214,49.7512438,50,0.00497512438,9.73700287e-15,0
0.5215,49.7512438,50,0.00497512438,9.73700287e-15,0
0.5216,49.7512438,50,0.00497512438,9.73700287e-15,0
0.5217,49.7512438,50,0.00497512438,9.73700287e-15,0
0.5218,49.7512438,50,0.00497512438,9.73700287e-15,0
0.5219,49.7512438,50,0.00497512438,9.73700287e-15,0
0.522,49.7512438,50,0.00497512438,9.73700287e-15,0
0.5221,49.7512438,50,0.00497512438,1.00162934e-14,0
0.5222,49.7512438,50,0.00497512438,1.00162934e-14,0
0.5223,49.7512438,50,0.00497512438,1.00162934e-14,0
0.5224,49.7512438,50,0.00497512438,1.00162934e-14,0
0.5225,49.7512438,50,0.00497512438,1.00162934e-14,0
0.5226,49.7512438,50,0.00497512438,1.00162934e-14,0
0.5227,49.7512438,50,0.00497512438,1.00162934e-14,0
0.5228,49.7512438,50,0.00497512438,1.00162934e-14,0
0.5229,49.7512438,50,0.00497512438,1.00162934e-14,0
0.523,49.7512438,50,0.00497512438,1.00162934e-14,0
0.5231,49.7512438,50,0.00497512438,1.03701769e-14,0
0.5232,49.7512438,50,0.00497512438,1.03701769e-14,0
0.5233,49.7512438,50,0.00497512438,1.03701769e-14,0
0.5234,49.7512438,50,0.00497512438,1.03701769e-14,0
0.5235,49.7512438,50,0.00497512438,1.03701769e-14,0
0.5236,49.7512438,50,0.00497512438,1.03701769e-14,0
0.5237,49.7512438,50,0.00497512438,1.03701769e-14,0
0.5238,49.7512438,50,0.00497512438,1.03701769e-14,0
0.5239,49.7512438,50,0.00497512438,1.03701769e-14,0
0.524,49.7512438,50,0.00497512438,1.03701769e-14,0
0.5241,49.7512438,50,0.00497512438,1.03536971e-14,0
0.5242,49.7512438,50,0.00497512438,1.03536971e-14,0
0.5243,49.7512438,50,0.00497512438,1.03536971e-14,0
0.5244,49.7512438,50,0.00497512438,1.03536971e-14,0
0.5245,49.7512438,50,0.00497512438,1.03536971e-14,0
0.5246,49.7512438,50,0.00497512438,1.03536971e-14,0
0.5247,49.7512438,50,0.00497512438,1.03536971e-14,0
0.5248,49.7512438,50,0.00497512438,1.03536971e-14,0
0.5249,49.7512438,50,0.00497512438,1.03536971e-14,0
0.525,49.7512438,50,0.00497512438,1.03536971e-14,0
0.5251,49.7512438,50,0.00497512438,1.03710443e-14,0
0.5252,49.7512438,50,0.00497512438,1.03710443e-14,0
0.5253,49.7512438,50,0.00497512438,1.03710443e-14,0
0.5254,49.7512438,50,0.00497512438,1.03710443e-14,0
0.5255,49.7512438,50,0.00497512438,1.03710443e-14,0
0.5256,49.7512438,50,0.00497512438,1.03710443e-14,0
0.5257,49.7512438,50,0.00497512438,1.03710443e-14,0
0.5258,49.7512438,50,0.00497512438,1.03710443e-14,0
0.5259,49.7512438,50,0.00497512438,1.03710443e-14,0
0.526,49.7512438,50,0.00497512438,1.03710443e-14,0
0.5261,49.7512438,50,0.00497512438,1.03857895e-14,0
0.5262,49.7512438,50,0.00497512438,1.03857895e-14,0
0.5263,49.7512438,50,0.00497512438,1.03857895e-14,0
0.5264,49.7512438,50,0.00497512438,1.03857895e-14,0
0.5265,49.7512438,50,0.00497512438,1.03857895e-14,0
0.5266,49.7512438,50,0.00497512438,1.03857895e-14,0
0.5267,49.7512438,50,0.00497512438,1.03857895e-14,0
0.5268,49.7512438,50,0.00497512438,1.03857895e-14,0
0.5269,49.7512438,50,0.00497512438,1.03857895e-14,0
0.527,49.7512438,50,0.00497512438,1.03857895e-14,0
0.5271,49.7512438,50,0.00497512438,1.04005346e-14,0
0.5272,49.7512438,50,0.00497512438,1.04005346e-14,0
0.5273,49.7512438,50,0.00497512438,1.04005346e-14,0
0.5274,49.7512438,50,0.00497512438,1.04005346e-14,0
0.5275,49.7512438,50,0.00497512438,1.04005346e-14,0
0.5276,49.7512438,50,0.00497512438,1.04005346e-14,0
0.5277,49.7512438,50,0.00497512438,1.04005346e-14,0
0.5278,49.7512438,50,0.00497512438,1.04005346e-14,0
0.5279,49.7512438,50,0.00497512438,1.04005346e-14,0
0.528,49.7512438,50,0.00497512438,1.04005346e-14,0
0.5281,49.7512438,50,0.00497512438,1.04152797e-14,0
0.5282,49.7512438,50,0.00497512438,1.04152797e-14,0
0.5283,49.7512438,50,0.00497512438,1.04152797e-14,0
0.5284,49.7512438,50,0.00497512438,1.04152797e-14,0
0.5285,49.7512438,50,0.00497512438,1.04152797e-14,0
0.5286,49.7512438,50,0.00497512438,1.04152797e-14,0
0.5287,49.7512438,50,0.00497512438,1.04152797e-14,0
0.5288,49.7512438,50,0.00497512438,1.04152797e-14,0
0.5289,49.7512438,50,0.00497512438,1.04152797e-14,0
0.529,49.7512438,50,0.00497512438,1.04152797e-14,0
0.5291,49.7512438,50,0.00497512438,1.04300249e-14,0
0.5292,49.7512438,50,0.00497512438,1.04300249e-14,0
0.5293,49.7512438,50,0.00497512438,1.04300249e-14,0
0.5294,49.7512438,50,0.00497512438,1.04300249e-14,0
0.5295,49.7512438,50,0.00497512438,1.04300249e-14,0
0.5296,49.7512438,50,0.00497512438,1.04300249e-14,0
0.5297,49.7512438,50,0.00497512438,1.04300249e-14,0
0.5298,49.7512438,50,0.00497512438,1.04300249e-14,0
0.5299,49.7512438,50,0.00497512438,1.04300249e-14,0
0.53,49.7512438,50,0.00497512438,1.04300249e-14,0
0.5301,49.7512438,50,0.00497512438,1.044477e-14,0
0.5302,49.7512438,50,0.00497512438,1.044477e-14,0
0.5303,49.7512438,50,0.00497512438,1.044477e-14,0
0.5304,49.7512438,50,0.00497512438,1.044477e-14,0
0.5305,49.7512438,50,0.00497512438,1.044477e-14,0
0.5306,49.7512438,50,0.00497512438,1.044477e-14,0
0.5307,49.7512438,50,0.00497512438,1.044477e-14,0
0.5308,49.7512438,50,0.00497512438,1.044477e-14,0
0.5309,49.7512438,50,0.00497512438,1.044477e-14,0
0.531,49.7512438,50,0.00497512438,1.044477e-14,0
0.5311,49.7512438,50,0.00497512438,1.04595152e-14,0
0.5312,49.7512438,50,0.00497512438,1.04595152e-14,0
0.5313,49.7512438,50,0.00497512438,1.04595152e-14,0
0.5314,49.7512438,50,0.00497512438,1.04595152e-14,0
0.5315,49.7512438,50,0.00497512438,1.04595152e-14,0
0.5316,49.7512438,50,0.00497512438,1.04595152e-14,0
0.5317,49.7512438,50,0.00497512438,1.04595152e-14,0
0.5318,49.7512438,50,0.00497512438,1.04595152e-14,0
0.5319,49.7512438,50,0.00497512438,1.04595152e-14,0
0.532,49.7512438,50,0.00497512438,1.04595152e-14,0
0.5321,49.7512438,50,0.00497512438,1.04742603e-14,0
0.5322,49.7512438,50,0.00497512438,1.04742603e-14,0
0.5323,49.7512438,50,0.00497512438,1.04742603e-14,0
0.5324,49.7512438,50,0.00497512438,1.04742603e-14,0
0.5325,49.7512438,50,0.00497512438,1.04742603e-14,0
0.5326,49.7512438,50,0.00497512438,1.04742603e-14,0
0.5327,49.7512438,50,0.00497512438,1.04742603e-14,0
0.5328,49.7512438,50,0.00497512438,1.04742603e-14,0
0.5329,49.7512438,50,0.00497512438,1.04742603e-14,0
0.533,49.7512438,50,0.00497512438,1.04742603e-14,0
0.5331,49.7512438,50,0.00497512438,1.04890055e-14,0
0.5332,49.7512438,50,0.00497512438,1.04890055e-14,0
0.5333,49.7512438,50,0.00497512438,1.04890055e-14,0
0.5334,49.7512438,50,0.00497512438,1.04890055e-14,0
0.5335,49.7512438,50,0.00497512438,1.04890055e-14,0
0.5336,49.7512438,50,0.00497512438,1.04890055e-14,0
0.5337,49.7512438,50,0.00497512438,1.04890055e-14,0
0.5338,49.7512438,50,0.00497512438,1.04890055e-14,0
0.5339,49.7512438,50,0.00497512438,1.04890055e-14,0
0.534,49.7512438,50,0.00497512438,1.04890055e-14,0
0.5341,49.7512438,50,0.00497512438,1.05037506e-14,0
0.5342,49.7512438,50,0.00497512438,1.05037506e-14,0
0.5343,49.7512438,50,0.00497512438,1.05037506e-14,0
0.5344,49.7512438,50,0.00497512438,1.05037506e-14,0
0.5345,49.7512438,50,0.00497512438,1.05037506e-14,0
0.5346,49.7512438,50,0.00497512438,1.05037506e-14,0
0.5347,49.7512438,50,0.00497512438,1.05037506e-14,0
0.5348,49.7512438,50,0.00497512438,1.05037506e-14,0
0.5349,49.7512438,50,0.00497512438,1.05037506e-14,0
0.535,49.7512438,50,0.00497512438,1.05037506e-14,0
0.5351,49.7512438,50,0.00497512438,1.05184958e-14,0
0.5352,49.7512438,50,0.00497512438,1.05184958e-14,0
0.5353,49.7512438,50,0.00497512438,1.05184958e-14,0
0.5354,49.7512438,50,0.00497512438,1.05184958e-14,0
0.5355,49.7512438,50,0.00497512438,1.05184958e-14,0
0.5356,49.7512438,50,0.00497512438,1.05184958e-14,0
0.5357,49.7512438,50,0.00497512438,1.05184958e-14,0
0.5358,49.7512438,50,0.00497512438,1.05184958e-14,0
0.5359,49.7512438,50,0.00497512438,1.05184958e-14,0
0.536,49.7512438,50,0.00497512438,1.05184958e-14,0
0.5361,49.7512438,50,0.00497512438,1.05332409e-14,0
0.5362,49.7512438,50,0.00497512438,1.05332409e-14,0
0.5363,49.7512438,50,0.00497512438,1.05332409e-14,0
0.5364,49.7512438,50,0.00497512438,1.05332409e-14,0
0.5365,49.7512438,50,0.00497512438,1.05332409e-14,0
0.5366,49.7512438,50,0.00497512438,1.05332409e-14,0
0.5367,49.7512438,50,0.00497512438,1.05332409e-14,0
0.5368,49.7512438,50,0.00497512438,1.05332409e-14,0
0.5369,49.7512438,50,0.00497512438,1.05332409e-14,0
0.537,49.7512438,50,0.00497512438,1.05332409e-14,0
0.5371,49.7512438,50,0.00497512438,1.05479861e-14,0
0.5372,49.7512438,50,0.00497512438,1.05479861e-14,0
0.5373,49.7512438,50,0.00497512438,1.05479861e-14,0
0.5374,49.7512438,50,0.00497512438,1.05479861e-14,0
0.5375,49.7512438,50,0.00497512438,1.05479861e-14,0
0.5376,49.7512438,50,0.00497512438,1.05479861e-14,0
0.5377,49.7512438,50,0.00497512438,1.05479861e-14,0
0.5378,49.7512438,50,0.00497512438,1.05479861e-14,0
0.5379,49.7512438,50,0.00497512438,1.05479861e-14,0
0.538,49.7512438,50,0.00497512438,1.05479861e-14,0
0.5381,49.7512438,50,0.00497512438,1.05627312e-14,0
0.5382,49.7512438,50,0.00497512438,1.05627312e-14,0
0.5383,49.7512438,50,0.00497512438,1.05627312e-14,0
0.5384,49.7512438,50,0.00497512438,1.05627312e-14,0
0.5385,49.7512438,50,0.00497512438,1.05627312e-14,0
0.5386,49.7512438,50,0.00497512438,1.05627312e-14,0
0.5387,49.7512438,50,0.00497512438,1.05627312e-14,0
0.5388,49.7512438,50,0.00497512438,1.05627312e-14,0
0.5389,49.7512438,50,0.00497512438,1.05627312e-14,0
0.539,49.7512438,50,0.00497512438,1.05627312e-14,0
0.5391,49.7512438,50,0.00497512438,1.05774764e-14,0
0.5392,49.7512438,50,0.00497512438,1.05774764e-14,0
0.5393,49.7512438,50,0.00497512438,1.05774764e-14,0
0.5394,49.7512438,50,0.00497512438,1.05774764e-14,0
0.5395,49.7512438,50,0.00497512438,1.05774764e-14,0
0.5396,49.7512438,50,0.00497512438,1.05774764e-14,0
0.5397,49.7512438,50,0.00497512438,1.05774764e-14,0
0.5398,49.7512438,50,0.00497512438,1.05774764e-14,0
0.5399,49.7512438,50,0.00497512438,1.05774764e-14,0
0.54,49.7512438,50,0.00497512438,1.05774764e-14,0
0.5401,49.7512438,50,0.00497512438,1.05922215e-14,0
0.5402,49.7512438,50,0.00497512438,1.05922215e-14,0
0.5403,49.7512438,50,0.00497512438,1.05922215e-14,0
0.5404,49.7512438,50,0.00497512438,1.05922215e-14,0
0.5405,49.7512438,50,0.00497512438,1.05922215e-14,0
0.5406,49.7512438,50,0.00497512438,1.05922215e-14,0
0.5407,49.7512438,50,0.00497512438,1.05922215e-14,0
0.5408,49.7512438,50,0.00497512438,1.05922215e-14,0
0.5409,49.7512438,50,0.00497512438,1.05922215e-14,0
0.541,49.7512438,50,0.00497512438,1.05922215e-14,0
0.5411,49.7512438,50,0.00497512438,1.06069667e-14,0
0.5412,49.7512438,50,0.00497512438,1.06069667e-14,0
0.5413,49.7512438,50,0.00497512438,1.06069667e-14,0
0.5414,49.7512438,50,0.00497512438,1.06069667e-14,0
0.5415,49.7512438,50,0.00497512438,1.06069667e-14,0
0.5416,49.7512438,50,0.00497512438,1.06069667e-14,0
0.5417,49.7512438,50,0.00497512438,1.06069667e-14,0
0.5418,49.7512438,50,0.00497512438,1.06069667e-14,0
0.5419,49.7512438,50,0.00497512438,1.06069667e-14,0
0.542,49.7512438,50,0.00497512438,1.06069667e-14,0
0.5421,49.7512438,50,0.00497512438,1.06217118e-14,0
0.5422,49.7512438,50,0.00497512438,1.06217118e-14,0
0.5423,49.7512438,50,0.00497512438,1.06217118e-14,0
0.5424,49.7512438,50,0.00497512438,1.06217118e-14,0
0.5425,49.7512438,50,0.00497512438,1.06217118e-14,0
0.5426,49.7512438,50,0.00497512438,1.06217118e-14,0
0.5427,49.7512438,50,0.00497512438,1.06217118e-14,0
0.5428,49.7512438,50,0.00497512438,1.06217118e-14,0
0.5429,49.7512438,50,0.00497512438,1.06217118e-14,0
0.543,49.7512438,50,0.00497512438,1.06217118e-14,0
0.5431,49.7512438,50,0.00497512438,1.0636457e-14,0
0.5432,49.7512438,50,0.00497512438,1.0636457e-14,0
0.5433,49.7512438,50,0.00497512438,1.0636457e-14,0
0.5434,49.7512438,50,0.00497512438,1.0636457e-14,0
0.5435,49.7512438,50,0.00497512438,1.0636457e-14,0
0.5436,49.7512438,50,0.00497512438,1.0636457e-14,0
0.5437,49.7512438,50,0.00497512438,1.0636457e-14,0
0.5438,49.7512438,50,0.00497512438,1.0636457e-14,0
0.5439,49.7512438,50,0.00497512438,1.0636457e-14,0
0.544,49.7512438,50,0.00497512438,1.0636457e-14,0
0.5441,49.7512438,50,0.00497512438,1.06512021e-14,0
0.5442,49.7512438,50,0.00497512438,1.06512021e-14,0
0.5443,49.7512438,50,0.00497512438,1.06512021e-14,0
0.5444,49.7512438,50,0.00497512438,1.06512021e-14,0
0.5445,49.7512438,50,0.00497512438,1.06512021e-14,0
0.5446,49.7512438,50,0.00497512438,1.06512021e-14,0
0.5447,49.7512438,50,0.00497512438,1.06512021e-14,0
0.5448,49.7512438,50,0.00497512438,1.06512021e-14,0
0.5449,49.7512438,50,0.00497512438,1.06512021e-14,0
0.545,49.7512438,50,0.00497512438,1.06512021e-14,0
0.5451,49.7512438,50,0.00497512438,1.06659473e-14,0
0.5452,49.7512438,50,0.00497512438,1.06659473e-14,0
0.5453,49.7512438,50,0.00497512438,1.06659473e-14,0
0.5454,49.7512438,50,0.00497512438,1.06659473e-14,0
0.5455,49.7512438,50,0.00497512438,1.06659473e-14,0
0.5456,49.7512438,50,0.00497512438,1.06659473e-14,0
0.5457,49.7512438,50,0.00497512438,1.06659473e-14,0
0.5458,49.7512438,50,0.00497512438,1.06659473e-14,0
0.5459,49.7512438,50,0.00497512438,1.06659473e-14,0
0.546,49.7512438,50,0.00497512438,1.06659473e-14,0
0.5461,49.7512438,50,0.00497512438,1.06806924e-14,0
0.5462,49.7512438,50,0.00497512438,1.06806924e-14,0
0.5463,49.7512438,50,0.00497512438,1.06806924e-14,0
0.5464,49.7512438,50,0.00497512438,1.06806924e-14,0
0.5465,49.7512438,50,0.00497512438,1.06806924e-14,0
0.5466,49.7512438,50,0.00497512438,1.06806924e-14,0
0.5467,49.7512438,50,0.00497512438,1.06806924e-14,0
0.5468,49.7512438,50,0.00497512438,1.06806924e-14,0
0.5469,49.7512438,50,0.00497512438,1.06806924e-14,0
0.547,49.7512438,50,0.00497512438,1.06806924e-14,0
0.5471,49.7512438,50,0.00497512438,1.06954376e-14,0
0.5472,49.7512438,50,0.00497512438,1.06954376e-14,0
0.5473,49.7512438,50,0.00497512438,1.06954376e-14,0
0.5474,49.7512438,50,0.00497512438,1.06954376e-14,0
0.5475,49.7512438,50,0.00497512438,1.06954376e-14,0
0.5476,49.7512438,50,0.00497512438,1.06954376e-14,0
0.5477,49.7512438,50,0.00497512438,1.06954376e-14,0
0.5478,49.7512438,50,0.00497512438,1.06954376e-14,0
0.5479,49.7512438,50,0.00497512438,1.06954376e-14,0
0.548,49.7512438,50,0.00497512438,1.06954376e-14,0
0.5481,49.7512438,50,0.00497512438,1.07101827e-14,0
0.5482,49.7512438,50,0.00497512438,1.07101827e-14,0
0.5483,49.7512438,50,0.00497512438,1.07101827e-14,0
0.5484,49.7512438,50,0.00497512438,1.07101827e-14,0
0.5485,49.7512438,50,0.00497512438,1.07101827e-14,0
0.5486,49.7512438,50,0.00497512438,1.07101827e-14,0
0.5487,49.7512438,50,0.00497512438,1.07101827e-14,0
0.5488,49.7512438,50,0.00497512438,1.07101827e-14,0
0.5489,49.7512438,50,0.00497512438,1.07101827e-14,0
0.549,49.7512438,50,0.00497512438,1.07101827e-14,0
0.5491,49.7512438,50,0.00497512438,1.07249279e-14,0
0.5492,49.7512438,50,0.00497512438,1.07249279e-14,0
0.5493,49.7512438,50,0.00497512438,1.07249279e-14,0
0.5494,49.7512438,50,0.00497512438,1.07249279e-14,0
0.5495,49.7512438,50,0.00497512438,1.07249279e-14,0
0.5496,49.7512438,50,0.00497512438,1.07249279e-14,0
0.5497,49.7512438,50,0.00497512438,1.07249279e-14,0
0.5498,49.7512438,50,0.00497512438,1.07249279e-14,0
0.5499,49.7512438,50,0.00497512438,1.07249279e-14,0
0.55,49.7512438,50,0.00497512438,1.07249279e-14,0
0.5501,49.7512438,50,0.00497512438,1.0739673e-14,0
0.5502,49.7512438,50,0.00497512438,1.0739673e-14,0
0.5503,49.7512438,50,0.00497512438,1.0739673e-14,0
0.5504,49.7512438,50,0.00497512438,1.0739673e-14,0
0.5505,49.7512438,50,0.00497512438,1.0739673e-14,0
0.5506,49.7512438,50,0.00497512438,1.0739673e-14,0
0.5507,49.7512438,50,0.00497512438,1.0739673e-14,0
0.5508,49.7512438,50,0.00497512438,1.0739673e-14,0
0.5509,49.7512438,50,0.00497512438,1.0739673e-14,0
0.551,49.7512438,50,0.00497512438,1.0739673e-14,0
0.5511,49.7512438,50,0.00497512438,1.07544182e-14,0
0.5512,49.7512438,50,0.00497512438,1.07544182e-14,0
0.5513,49.7512438,50,0.00497512438,1.07544182e-14,0
0.5514,49.7512438,50,0.00497512438,1.07544182e-14,0
0.5515,49.7512438,50,0.00497512438,1.07544182e-14,0
0.5516,49.7512438,50,0.00497512438,1.07544182e-14,0
0.5517,49.7512438,50,0.00497512438,1.07544182e-14,0
0.5518,49.7512438,50,0.00497512438,1.07544182e-14,0
0.5519,49.7512438,50,0.00497512438,1.07544182e-14,0
0.552,49.7512438,50,0.00497512438,1.07544182e-14,0
0.5521,49.7512438,50,0.00497512438,1.07691633e-14,0
0.5522,49.7512438,50,0.00497512438,1.07691633e-14,0
0.5523,49.7512438,50,0.00497512438,1.07691633e-14,0
0.5524,49.7512438,50,0.00497512438,1.07691633e-14,0
0.5525,49.7512438,50,0.00497512438,1.07691633e-14,0
0.5526,49.7512438,50,0.00497512438,1.07691633e-14,0
0.5527,49.7512438,50,0.00497512438,1.07691633e-14,0
0.5528,49.7512438,50,0.00497512438,1.07691633e-14,0
0.5529,49.7512438,50,0.00497512438,1.07691633e-14,0
0.553,49.7512438,50,0.00497512438,1.07691633e-14,0
0.5531,49.7512438,50,0.00497512438,1.07839085e-14,0
0.5532,49.7512438,50,0.00497512438,1.07839085e-14,0
0.5533,49.7512438,50,0.00497512438,1.07839085e-14,0
0.5534,49.7512438,50,0.00497512438,1.07839085e-14,0
0.5535,49.7512438,50,0.00497512438,1.07839085e-14,0
0.5536,49.7512438,50,0.00497512438,1.07839085e-14,0
0.5537,49.7512438,50,0.00497512438,1.07839085e-14,0
0.5538,49.7512438,50,0.00497512438,1.07839085e-14,0
0.5539,49.7512438,50,0.00497512438,1.07839085e-14,0
0.554,49.7512438,50,0.00497512438,1.07839085e-14,0
0.5541,49.7512438,50,0.00497512438,1.07986536e-14,0
0.5542,49.7512438,50,0.00497512438,1.07986536e-14,0
0.5543,49.7512438,50,0.00497512438,1.07986536e-14,0
0.5544,49.7512438,50,0.00497512438,1.07986536e-14,0
0.5545,49.7512438,50,0.00497512438,1.07986536e-14,0
0.5546,49.7512438,50,0.00497512438,1.07986536e-14,0
0.5547,49.7512438,50,0.00497512438,1.07986536e-14,0
0.5548,49.7512438,50,0.00497512438,1.07986536e-14,0
0.5549,49.7512438,50,0.00497512438,1.07986536e-14,0
0.555,49.7512438,50,0.00497512438,1.07986536e-14,0
0.5551,49.7512438,50,0.00497512438,1.08133988e-14,0
0.5552,49.7512438,50,0.00497512438,1.08133988e-14,0
0.5553,49.7512438,50,0.00497512438,1.08133988e-14,0
0.5554,49.7512438,50,0.00497512438,1.08133988e-14,0
0.5555,49.7512438,50,0.00497512438,1.08133988e-14,0
0.5556,49.7512438,50,0.00497512438,1.08133988e-14,0
0.5557,49.7512438,50,0.00497512438,1.08133988e-14,0
0.5558,49.7512438,50,0.00497512438,1.08133988e-14,0
0.5559,49.7512438,50,0.00497512438,1.08133988e-14,0
0.556,49.7512438,50,0.00497512438,1.08133988e-14,0
0.5561,49.7512438,50,0.00497512438,1.08281439e-14,0
0.5562,49.7512438,50,0.00497512438,1.08281439e-14,0
0.5563,49.7512438,50,0.00497512438,1.08281439e-14,0
0.5564,49.7512438,50,0.00497512438,1.08281439e-14,0
0.5565,49.7512438,50,0.00497512438,1.08281439e-14,0
0.5566,49.7512438,50,0.00497512438,1.08281439e-14,0
0.5567,49.7512438,50,0.00497512438,1.08281439e-14,0
0.5568,49.7512438,50,0.00497512438,1.08281439e-14,0
0.5569,49.7512438,50,0.00497512438,1.08281439e-14,0
0.557,49.7512438,50,0.00497512438,1.08281439e-14,0
0.5571,49.7512438,50,0.00497512438,1.08428891e-14,0
0.5572,49.7512438,50,0.00497512438,1.08428891e-14,0
0.5573,49.7512438,50,0.00497512438,1.08428891e-14,0
0.5574,49.7512438,50,0.00497512438,1.08428891e-14,0
0.5575,49.7512438,50,0.00497512438,1.08428891e-14,0
0.5576,49.7512438,50,0.00497512438,1.08428891e-14,0
0.5577,49.7512438,50,0.00497512438,1.08428891e-14,0
0.5578,49.7512438,50,0.00497512438,1.08428891e-14,0
0.5579,49.7512438,50,0.00497512438,1.08428891e-14,0
0.558,49.7512438,50,0.00497512438,1.08428891e-14,0
0.5581,49.7512438,50,0.00497512438,1.08576342e-14,0
0.5582,49.7512438,50,0.00497512438,1.08576342e-14,0
0.5583,49.7512438,50,0.00497512438,1.08576342e-14,0
0.5584,49.7512438,50,0.00497512438,1.08576342e-14,0
0.5585,49.7512438,50,0.00497512438,1.08576342e-14,0
0.5586,49.7512438,50,0.00497512438,1.08576342e-14,0
0.5587,49.7512438,50,0.00497512438,1.08576342e-14,0
0.5588,49.7512438,50,0.00497512438,1.08576342e-14,0
0.5589,49.7512438,50,0.00497512438,1.08576342e-14,0
0.559,49.7512438,50,0.00497512438,1.08576342e-14,0
0.5591,49.7512438,50,0.00497512438,1.08723794e-14,0
0.5592,49.7512438,50,0.00497512438,1.08723794e-14,0
0.5593,49.7512438,50,0.00497512438,1.08723794e-14,0
0.5594,49.7512438,50,0.00497512438,1.08723794e-14,0
0.5595,49.7512438,50,0.00497512438,1.08723794e-14,0
0.5596,49.7512438,50,0.00497512438,1.08723794e-14,0
0.5597,49.7512438,50,0.00497512438,1.08723794e-14,0
0.5598,49.7512438,50,0.00497512438,1.08723794e-14,0
0.5599,49.7512438,50,0.00497512438,1.08723794e-14,0
0.56,49.7512438,50,0.00497512438,1.08723794e-14,0
0.5601,49.7512438,50,0.00497512438,1.08871245e-14,0
0.5602,49.7512438,50,0.00497512438,1.08871245e-14,0
0.5603,49.7512438,50,0.00497512438,1.08871245e-14,0
0.5604,49.7512438,50,0.00497512438,1.08871245e-14,0
0.5605,49.7512438,50,0.00497512438,1.08871245e-14,0
0.5606,49.7512438,50,0.00497512438,1.08871245e-14,0
0.5607,49.7512438,50,0.00497512438,1.08871245e-14,0
0.5608,49.7512438,50,0.00497512438,1.08871245e-14,0
0.5609,49.7512438,50,0.00497512438,1.08871245e-14,0
0.561,49.7512438,50,0.00497512438,1.08871245e-14,0
0.5611,49.7512438,50,0.00497512438,1.09018697e-14,0
0.5612,49.7512438,50,0.00497512438,1.09018697e-14,0
0.5613,49.7512438,50,0.00497512438,1.09018697e-14,0
0.5614,49.7512438,50,0.00497512438,1.09018697e-14,0
0.5615,49.7512438,50,0.00497512438,1.09018697e-14,0
0.5616,49.7512438,50,0.00497512438,1.09018697e-14,0
0.5617,49.7512438,50,0.00497512438,1.09018697e-14,0
0.5618,49.7512438,50,0.00497512438,1.09018697e-14,0
0.5619,49.7512438,50,0.00497512438,1.09018697e-14,0
0.562,49.7512438,50,0.00497512438,1.09018697e-14,0
0.5621,49.7512438,50,0.00497512438,1.09166148e-14,0
0.5622,49.7512438,50,0.00497512438,1.09166148e-14,0
0.5623,49.7512438,50,0.00497512438,1.09166148e-14,0
0.5624,49.7512438,50,0.00497512438,1.09166148e-14,0
0.5625,49.7512438,50,0.00497512438,1.09166148e-14,0
0.5626,49.7512438,50,0.00497512438,1.09166148e-14,0
0.5627,49.7512438,50,0.00497512438,1.09166148e-14,0
0.5628,49.7512438,50,0.00497512438,1.09166148e-14,0
0.5629,49.7512438,50,0.00497512438,1.09166148e-14,0
0.563,49.7512438,50,0.00497512438,1.09166148e-14,0
0.5631,49.7512438,50,0.00497512438,1.093136e-14,0
0.5632,49.7512438,50,0.00497512438,1.093136e-14,0
0.5633,49.7512438,50,0.00497512438,1.093136e-14,0
0.5634,49.7512438,50,0.00497512438,1.093136e-14,0
0.5635,49.7512438,50,0.00497512438,1.093136e-14,0
0.5636,49.7512438,50,0.00497512438,1.093136e-14,0
0.5637,49.7512438,50,0.00497512438,1.093136e-14,0
0.5638,49.7512438,50,0.00497512438,1.093136e-14,0
0.5639,49.7512438,50,0.00497512438,1.093136e-14,0
0.564,49.7512438,50,0.00497512438,1.093136e-14,0
0.5641,49.7512438,50,0.00497512438,1.09461051e-14,0
0.5642,49.7512438,50,0.00497512438,1.09461051e-14,0
0.5643,49.7512438,50,0.00497512438,1.09461051e-14,0
0.5644,49.7512438,50,0.00497512438,1.09461051e-14,0
0.5645,49.7512438,50,0.00497512438,1.09461051e-14,0
0.5646,49.7512438,50,0.00497512438,1.09461051e-14,0
0.5647,49.7512438,50,0.00497512438,1.09461051e-14,0
0.5648,49.7512438,50,0.00497512438,1.09461051e-14,0
0.5649,49.7512438,50,0.00497512438,1.09461051e-14,0
0.565,49.7512438,50,0.00497512438,1.09461051e-14,0
0.5651,49.7512438,50,0.00497512438,1.09608503e-14,0
0.5652,49.7512438,50,0.00497512438,1.09608503e-14,0
0.5653,49.7512438,50,0.00497512438,1.09608503e-14,0
0.5654,49.7512438,50,0.00497512438,1.09608503e-14,0
0.5655,49.7512438,50,0.00497512438,1.09608503e-14,0
0.5656,49.7512438,50,0.00497512438,1.09608503e-14,0
0.5657,49.7512438,50,0.00497512438,1.09608503e-14,0
0.5658,49.7512438,50,0.00497512438,1.09608503e-14,0
0.5659,49.7512438,50,0.00497512438,1.09608503e-14,0
0.566,49.7512438,50,0.00497512438,1.09608503e-14,0
0.5661,49.7512438,50,0.00497512438,1.09755954e-14,0
0.5662,49.7512438,50,0.00497512438,1.09755954e-14,0
0.5663,49.7512438,50,0.00497512438,1.09755954e-14,0
0.5664,49.7512438,50,0.00497512438,1.09755954e-14,0
0.5665,49.7512438,50,0.00497512438,1.09755954e-14,0
0.5666,49.7512438,50,0.00497512438,1.09755954e-14,0
0.5667,49.7512438,50,0.00497512438,1.09755954e-14,0
0.5668,49.7512438,50,0.00497512438,1.09755954e-14,0
0.5669,49.7512438,50,0.00497512438,1.09755954e-14,0
0.567,49.7512438,50,0.00497512438,1.09755954e-14,0
0.5671,49.7512438,50,0.00497512438,1.09903406e-14,0
0.5672,49.7512438,50,0.00497512438,1.09903406e-14,0
0.5673,49.7512438,50,0.00497512438,1.09903406e-14,0
0.5674,49.7512438,50,0.00497512438,1.09903406e-14,0
0.5675,49.7512438,50,0.00497512438,1.09903406e-14,0
0.5676,49.7512438,50,0.00497512438,1.09903406e-14,0
0.5677,49.7512438,50,0.00497512438,1.09903406e-14,0
0.5678,49.7512438,50,0.00497512438,1.09903406e-14,0
0.5679,49.7512438,50,0.00497512438,1.09903406e-14,0
0.568,49.7512438,50,0.00497512438,1.09903406e-14,0
0.5681,49.7512438,50,0.00497512438,1.10050857e-14,0
0.5682,49.7512438,50,0.00497512438,1.10050857e-14,0
0.5683,49.7512438,50,0.00497512438,1.10050857e-14,0
0.5684,49.7512438,50,0.00497512438,1.10050857e-14,0
0.5685,49.7512438,50,0.00497512438,1.10050857e-14,0
0.5686,49.7512438,50,0.00497512438,1.10050857e-14,0
0.5687,49.7512438,50,0.00497512438,1.10050857e-14,0
0.5688,49.7512438,50,0.00497512438,1.10050857e-14,0
0.5689,49.7512438,50,0.00497512438,1.10050857e-14,0
0.569,49.7512438,50,0.00497512438,1.10050857e-14,0
0.5691,49.7512438,50,0.00497512438,1.10198309e-14,0
0.5692,49.7512438,50,0.00497512438,1.10198309e-14,0
0.5693,49.7512438,50,0.00497512438,1.10198309e-14,0
0.5694,49.7512438,50,0.00497512438,1.10198309e-14,0
0.5695,49.7512438,50,0.00497512438,1.10198309e-14,0
0.5696,49.7512438,50,0.00497512438,1.10198309e-14,0
0.5697,49.7512438,50,0.00497512438,1.10198309e-14,0
0.5698,49.7512438,50,0.00497512438,1.10198309e-14,0
0.5699,49.7512438,50,0.00497512438,1.10198309e-14,0
0.57,49.7512438,50,0.00497512438,1.10198309e-14,0
0.5701,49.7512438,50,0.00497512438,1.1034576e-14,0
0.5702,49.7512438,50,0.00497512438,1.1034576e-14,0
0.5703,49.7512438,50,0.00497512438,1.1034576e-14,0
0.5704,49.7512438,50,0.00497512438,1.1034576e-14,0
0.5705,49.7512438,50,0.00497512438,1.1034576e-14,0
0.5706,49.7512438,50,0.00497512438,1.1034576e-14,0
0.5707,49.7512438,50,0.00497512438,1.1034576e-14,0
0.5708,49.7512438,50,0.00497512438,1.1034576e-14,0
0.5709,49.7512438,50,0.00497512438,1.1034576e-14,0
0.571,49.7512438,50,0.00497512438,1.1034576e-14,0
0.5711,49.7512438,50,0.00497512438,1.10493212e-14,0
0.5712,49.7512438,50,0.00497512438,1.10493212e-14,0
0.5713,49.7512438,50,0.00497512438,1.10493212e-14,0
0.5714,49.7512438,50,0.00497512438,1.10493212e-14,0
0.5715,49.7512438,50,0.00497512438,1.10493212e-14,0
0.5716,49.7512438,50,0.00497512438,1.10493212e-14,0
0.5717,49.7512438,50,0.00497512438,1.10493212e-14,0
0.5718,49.7512438,50,0.00497512438,1.10493212e-14,0
0.5719,49.7512438,50,0.00497512438,1.10493212e-14,0
0.572,49.7512438,50,0.00497512438,1.10493212e-14,0
0.5721,49.7512438,50,0.00497512438,1.10640663e-14,0
0.5722,49.7512438,50,0.00497512438,1.10640663e-14,0
0.5723,49.7512438,50,0.00497512438,1.10640663e-14,0
0.5724,49.7512438,50,0.00497512438,1.10640663e-14,0
0.5725,49.7512438,50,0.00497512438,1.10640663e-14,0
0.5726,49.7512438,50,0.00497512438,1.10640663e-14,0
0.5727,49.7512438,50,0.00497512438,1.10640663e-14,0
0.5728,49.7512438,50,0.00497512438,1.10640663e-14,0
0.5729,49.7512438,50,0.00497512438,1.10640663e-14,0
0.573,49.7512438,50,0.00497512438,1.10640663e-14,0
0.5731,49.7512438,50,0.00497512438,1.10788115e-14,0
0.5732,49.7512438,50,0.00497512438,1.10788115e-14,0
0.5733,49.7512438,50,0.00497512438,1.10788115e-14,0
0.5734,49.7512438,50,0.00497512438,1.10788115e-14,0
0.5735,49.7512438,50,0.00497512438,1.10788115e-14,0
0.5736,49.7512438,50,0.00497512438,1.10788115e-14,0
0.5737,49.7512438,50,0.00497512438,1.10788115e-14,0
0.5738,49.7512438,50,0.00497512438,1.10788115e-14,0
0.5739,49.7512438,50,0.00497512438,1.10788115e-14,0
0.574,49.7512438,50,0.00497512438,1.10788115e-14,0
0.5741,49.7512438,50,0.00497512438,1.10935566e-14,0
0.5742,49.7512438,50,0.00497512438,1.10935566e-14,0
0.5743,49.7512438,50,0.00497512438,1.10935566e-14,0
0.5744,49.7512438,50,0.00497512438,1.10935566e-14,0
0.5745,49.7512438,50,0.00497512438,1.10935566e-14,0
0.5746,49.7512438,50,0.00497512438,1.10935566e-14,0
0.5747,49.7512438,50,0.00497512438,1.10935566e-14,0
0.5748,49.7512438,50,0.00497512438,1.10935566e-14,0
0.5749,49.7512438,50,0.00497512438,1.10935566e-14,0
0.575,49.7512438,50,0.00497512438,1.10935566e-14,0
0.5751,49.7512438,50,0.00497512438,1.11083018e-14,0
0.5752,49.7512438,50,0.00497512438,1.11083018e-14,0
0.5753,49.7512438,50,0.00497512438,1.11083018e-14,0
0.5754,49.7512438,50,0.00497512438,1.11083018e-14,0
0.5755,49.7512438,50,0.00497512438,1.11083018e-14,0
0.5756,49.7512438,50,0.00497512438,1.11083018e-14,0
0.5757,49.7512438,50,0.00497512438,1.11083018e-14,0
0.5758,49.7512438,50,0.00497512438,1.11083018e-14,0
0.5759,49.7512438,50,0.00497512438,1.11083018e-14,0
0.576,49.7512438,50,0.00497512438,1.11083018e-14,0
0.5761,49.7512438,50,0.00497512438,1.11230469e-14,0
0.5762,49.7512438,50,0.00497512438,1.11230469e-14,0
0.5763,49.7512438,50,0.00497512438,1.11230469e-14,0
0.5764,49.7512438,50,0.00497512438,1.11230469e-14,0
0.5765,49.7512438,50,0.00497512438,1.11230469e-14,0
0.5766,49.7512438,50,0.00497512438,1.11230469e-14,0
0.5767,49.7512438,50,0.00497512438,1.11230469e-14,0
0.5768,49.7512438,50,0.00497512438,1.11230469e-14,0
0.5769,49.7512438,50,0.00497512438,1.11230469e-14,0
0.577,49.7512438,50,0.00497512438,1.11230469e-14,0
0.5771,49.7512438,50,0.00497512438,1.11377921e-14,0
0.5772,49.7512438,50,0.00497512438,1.11377921e-14,0
0.5773,49.7512438,50,0.00497512438,1.11377921e-14,0
0.5774,49.7512438,50,0.00497512438,1.11377921e-14,0
0.5775,49.7512438,50,0.00497512438,1.11377921e-14,0
0.5776,49.7512438,50,0.00497512438,1.11377921e-14,0
0.5777,49.7512438,50,0.00497512438,1.11377921e-14,0
0.5778,49.7512438,50,0.00497512438,1.11377921e-14,0
0.5779,49.7512438,50,0.00497512438,1.11377921e-14,0
0.578,49.7512438,50,0.00497512438,1.11377921e-14,0
0.5781,49.7512438,50,0.00497512438,1.11525372e-14,0
0.5782,49.7512438,50,0.00497512438,1.11525372e-14,0
0.5783,49.7512438,50,0.00497512438,1.11525372e-14,0
0.5784,49.7512438,50,0.00497512438,1.11525372e-14,0
0.5785,49.7512438,50,0.00497512438,1.11525372e-14,0
0.5786,49.7512438,50,0.00497512438,1.11525372e-14,0
0.5787,49.7512438,50,0.00497512438,1.11525372e-14,0
0.5788,49.7512438,50,0.00497512438,1.11525372e-14,0
0.5789,49.7512438,50,0.00497512438,1.11525372e-14,0
0.579,49.7512438,50,0.00497512438,1.11525372e-14,0
0.5791,49.7512438,50,0.00497512438,1.11672824e-14,0
0.5792,49.7512438,50,0.00497512438,1.11672824e-14,0
0.5793,49.7512438,50,0.00497512438,1.11672824e-14,0
0.5794,49.7512438,50,0.00497512438,1.11672824e-14,0
0.5795,49.7512438,50,0.00497512438,1.11672824e-14,0
0.5796,49.7512438,50,0.00497512438,1.11672824e-14,0
0.5797,49.7512438,50,0.00497512438,1.11672824e-14,0
0.5798,49.7512438,50,0.00497512438,1.11672824e-14,0
0.5799,49.7512438,50,0.00497512438,1.11672824e-14,0
0.58,49.7512438,50,0.00497512438,1.11672824e-14,0
0.5801,49.7512438,50,0.00497512438,1.11820275e-14,0
0.5802,49.7512438,50,0.00497512438,1.11820275e-14,0
0.5803,49.7512438,50,0.00497512438,1.11820275e-14,0
0.5804,49.7512438,50,0.00497512438,1.11820275e-14,0
0.5805,49.7512438,50,0.00497512438,1.11820275e-14,0
0.5806,49.7512438,50,0.00497512438,1.11820275e-14,0
0.5807,49.7512438,50,0.00497512438,1.11820275e-14,0
0.5808,49.7512438,50,0.00497512438,1.11820275e-14,0
0.5809,49.7512438,50,0.00497512438,1.11820275e-14,0
0.581,49.7512438,50,0.00497512438,1.11820275e-14,0
0.5811,49.7512438,50,0.00497512438,1.11967727e-14,0
0.5812,49.7512438,50,0.00497512438,1.11967727e-14,0
0.5813,49.7512438,50,0.00497512438,1.11967727e-14,0
0.5814,49.7512438,50,0.00497512438,1.11967727e-14,0
0.5815,49.7512438,50,0.00497512438,1.11967727e-14,0
0.5816,49.7512438,50,0.00497512438,1.11967727e-14,0
0.5817,49.7512438,50,0.00497512438,1.11967727e-14,0
0.5818,49.7512438,50,0.00497512438,1.11967727e-14,0
0.5819,49.7512438,50,0.00497512438,1.11967727e-14,0
0.582,49.7512438,50,0.00497512438,1.11967727e-14,0
0.5821,49.7512438,50,0.00497512438,1.12115178e-14,0
0.5822,49.7512438,50,0.00497512438,1.12115178e-14,0
0.5823,49.7512438,50,0.00497512438,1.12115178e-14,0
0.5824,49.7512438,50,0.00497512438,1.12115178e-14,0
0.5825,49.7512438,50,0.00497512438,1.12115178e-14,0
0.5826,49.7512438,50,0.00497512438,1.12115178e-14,0
0.5827,49.7512438,50,0.00497512438,1.12115178e-14,0
0.5828,49.7512438,50,0.00497512438,1.12115178e-14,0
0.5829,49.7512438,50,0.00497512438,1.12115178e-14,0
0.583,49.7512438,50,0.00497512438,1.12115178e-14,0
0.5831,49.7512438,50,0.00497512438,1.1226263e-14,0
0.5832,49.7512438,50,0.00497512438,1.1226263e-14,0
0.5833,49.7512438,50,0.00497512438,1.1226263e-14,0
0.5834,49.7512438,50,0.00497512438,1.1226263e-14,0
0.5835,49.7512438,50,0.00497512438,1.1226263e-14,0
0.5836,49.7512438,50,0.00497512438,1.1226263e-14,0
0.5837,49.7512438,50,0.00497512438,1.1226263e-14,0
0.5838,49.7512438,50,0.00497512438,1.1226263e-14,0
0.5839,49.7512438,50,0.00497512438,1.1226263e-14,0
0.584,49.7512438,50,0.00497512438,1.1226263e-14,0
0.5841,49.7512438,50,0.00497512438,1.12410081e-14,0
0.5842,49.7512438,50,0.00497512438,1.12410081e-14,0
0.5843,49.7512438,50,0.00497512438,1.12410081e-14,0
0.5844,49.7512438,50,0.00497512438,1.12410081e-14,0
0.5845,49.7512438,50,0.00497512438,1.12410081e-14,0
0.5846,49.7512438,50,0.00497512438,1.12410081e-14,0
0.5847,49.7512438,50,0.00497512438,1.12410081e-14,0
0.5848,49.7512438,50,0.00497512438,1.12410081e-14,0
0.5849,49.7512438,50,0.00497512438,1.12410081e-14,0
0.585,49.7512438,50,0.00497512438,1.12410081e-14,0
0.5851,49.7512438,50,0.00497512438,1.12557533e-14,0
0.5852,49.7512438,50,0.00497512438,1.12557533e-14,0
0.5853,49.7512438,50,0.00497512438,1.12557533e-14,0
0.5854,49.7512438,50,0.00497512438,1.12557533e-14,0
0.5855,49.7512438,50,0.00497512438,1.12557533e-14,0
0.5856,49.7512438,50,0.00497512438,1.12557533e-14,0
0.5857,49.7512438,50,0.00497512438,1.12557533e-14,0
0.5858,49.7512438,50,0.00497512438,1.12557533e-14,0
0.5859,49.7512438,50,0.00497512438,1.12557533e-14,0
0.586,49.7512438,50,0.00497512438,1.12557533e-14,0
0.5861,49.7512438,50,0.00497512438,1.12704984e-14,0
0.5862,49.7512438,50,0.00497512438,1.12704984e-14,0
0.5863,49.7512438,50,0.00497512438,1.12704984e-14,0
0.5864,49.7512438,50,0.00497512438,1.12704984e-14,0
0.5865,49.7512438,50,0.00497512438,1.12704984e-14,0
0.5866,49.7512438,50,0.00497512438,1.12704984e-14,0
0.5867,49.7512438,50,0.00497512438,1.12704984e-14,0
0.5868,49.7512438,50,0.00497512438,1.12704984e-14,0
0.5869,49.7512438,50,0.00497512438,1.12704984e-14,0
0.587,49.7512438,50,0.00497512438,1.12704984e-14,0
0.5871,49.7512438,50,0.00497512438,1.12852436e-14,0
0.5872,49.7512438,50,0.00497512438,1.12852436e-14,0
0.5873,49.7512438,50,0.00497512438,1.12852436e-14,0
0.5874,49.7512438,50,0.00497512438,1.12852436e-14,0
0.5875,49.7512438,50,0.00497512438,1.12852436e-14,0
0.5876,49.7512438,50,0.00497512438,1.12852436e-14,0
0.5877,49.7512438,50,0.00497512438,1.12852436e-14,0
0.5878,49.7512438,50,0.00497512438,1.12852436e-14,0
0.5879,49.7512438,50,0.00497512438,1.12852436e-14,0
0.588,49.7512438,50,0.00497512438,1.12852436e-14,0
0.5881,49.7512438,50,0.00497512438,1.12999887e-14,0
0.5882,49.7512438,50,0.00497512438,1.12999887e-14,0
0.5883,49.7512438,50,0.00497512438,1.12999887e-14,0
0.5884,49.7512438,50,0.00497512438,1.12999887e-14,0
0.5885,49.7512438,50,0.00497512438,1.12999887e-14,0
0.5886,49.7512438,50,0.00497512438,1.12999887e-14,0
0.5887,49.7512438,50,0.00497512438,1.12999887e-14,0
0.5888,49.7512438,50,0.00497512438,1.12999887e-14,0
0.5889,49.7512438,50,0.00497512438,1.12999887e-14,0
0.589,49.7512438,50,0.00497512438,1.12999887e-14,0
0.5891,49.7512438,50,0.00497512438,1.13147339e-14,0
0.5892,49.7512438,50,0.00497512438,1.13147339e-14,0
0.5893,49.7512438,50,0.00497512438,1.13147339e-14,0
0.5894,49.7512438,50,0.00497512438,1.13147339e-14,0
0.5895,49.7512438,50,0.00497512438,1.13147339e-14,0
0.5896,49.7512438,50,0.00497512438,1.13147339e-14,0
0.5897,49.7512438,50,0.00497512438,1.13147339e-14,0
0.5898,49.7512438,50,0.00497512438,1.13147339e-14,0
0.5899,49.7512438,50,0.00497512438,1.13147339e-14,0
0.59,49.7512438,50,0.00497512438,1.13147339e-14,0
0.5901,49.7512438,50,0.00497512438,1.1329479e-14,0
0.5902,49.7512438,50,0.00497512438,1.1329479e-14,0
0.5903,49.7512438,50,0.00497512438,1.1329479e-14,0
0.5904,49.7512438,50,0.00497512438,1.1329479e-14,0
0.5905,49.7512438,50,0.00497512438,1.1329479e-14,0
0.5906,49.7512438,50,0.00497512438,1.1329479e-14,0
0.5907,49.7512438,50,0.00497512438,1.1329479e-14,0
0.5908,49.7512438,50,0.00497512438,1.1329479e-14,0
0.5909,49.7512438,50,0.00497512438,1.1329479e-14,0
0.591,49.7512438,50,0.00497512438,1.1329479e-14,0
0.5911,49.7512438,50,0.00497512438,1.13442242e-14,0
0.5912,49.7512438,50,0.00497512438,1.13442242e-14,0
0.5913,49.7512438,50,0.00497512438,1.13442242e-14,0
0.5914,49.7512438,50,0.00497512438,1.13442242e-14,0
0.5915,49.7512438,50,0.00497512438,1.13442242e-14,0
0.5916,49.7512438,50,0.00497512438,1.13442242e-14,0
0.5917,49.7512438,50,0.00497512438,1.13442242e-14,0
0.5918,49.7512438,50,0.00497512438,1.13442242e-14,0
0.5919,49.7512438,50,0.00497512438,1.13442242e-14,0
0.592,49.7512438,50,0.00497512438,1.13442242e-14,0
0.5921,49.7512438,50,0.00497512438,1.13589693e-14,0
0.5922,49.7512438,50,0.00497512438,1.13589693e-14,0
0.5923,49.7512438,50,0.00497512438,1.13589693e-14,0
0.5924,49.7512438,50,0.00497512438,1.13589693e-14,0
0.5925,49.7512438,50,0.00497512438,1.13589693e-14,0
0.5926,49.7512438,50,0.00497512438,1.13589693e-14,0
0.5927,49.7512438,50,0.00497512438,1.13589693e-14,0
0.5928,49.7512438,50,0.00497512438,1.13589693e-14,0
0.5929,49.7512438,50,0.00497512438,1.13589693e-14,0
0.593,49.7512438,50,0.00497512438,1.13589693e-14,0
0.5931,49.7512438,50,0.00497512438,1.13737145e-14,0
0.5932,49.7512438,50,0.00497512438,1.13737145e-14,0
0.5933,49.7512438,50,0.00497512438,1.13737145e-14,0
0.5934,49.7512438,50,0.00497512438,1.13737145e-14,0
0.5935,49.7512438,50,0.00497512438,1.13737145e-14,0
0.5936,49.7512438,50,0.00497512438,1.13737145e-14,0
0.5937,49.7512438,50,0.00497512438,1.13737145e-14,0
0.5938,49.7512438,50,0.00497512438,1.13737145e-14,0
0.5939,49.7512438,50,0.00497512438,1.13737145e-14,0
0.594,49.7512438,50,0.00497512438,1.13737145e-14,0
0.5941,49.7512438,50,0.00497512438,1.13884596e-14,0
0.5942,49.7512438,50,0.00497512438,1.13884596e-14,0
0.5943,49.7512438,50,0.00497512438,1.13884596e-14,0
0.5944,49.7512438,50,0.00497512438,1.13884596e-14,0
0.5945,49.7512438,50,0.00497512438,1.13884596e-14,0
0.5946,49.7512438,50,0.00497512438,1.13884596e-14,0
0.5947,49.7512438,50,0.00497512438,1.13884596e-14,0
0.5948,49.7512438,50,0.00497512438,1.13884596e-14,0
0.5949,49.7512438,50,0.00497512438,1.13884596e-14,0
0.595,49.7512438,50,0.00497512438,1.13884596e-14,0
0.5951,49.7512438,50,0.00497512438,1.14032048e-14,0
0.5952,49.7512438,50,0.00497512438,1.14032048e-14,0
0.5953,49.7512438,50,0.00497512438,1.14032048e-14,0
0.5954,49.7512438,50,0.00497512438,1.14032048e-14,0
0.5955,49.7512438,50,0.00497512438,1.14032048e-14,0
0.5956,49.7512438,50,0.00497512438,1.14032048e-14,0
0.5957,49.7512438,50,0.00497512438,1.14032048e-14,0
0.5958,49.7512438,50,0.00497512438,1.14032048e-14,0
0.5959,49.7512438,50,0.00497512438,1.14032048e-14,0
0.596,49.7512438,50,0.00497512438,1.14032048e-14,0
0.5961,49.7512438,50,0.00497512438,1.14179499e-14,0
0.5962,49.7512438,50,0.00497512438,1.14179499e-14,0
0.5963,49.7512438,50,0.00497512438,1.14179499e-14,0
0.5964,49.7512438,50,0.00497512438,1.14179499e-14,0
0.5965,49.7512438,50,0.00497512438,1.14179499e-14,0
0.5966,49.7512438,50,0.00497512438,1.14179499e-14,0
0.5967,49.7512438,50,0.00497512438,1.14179499e-14,0
0.5968,49.7512438,50,0.00497512438,1.14179499e-14,0
0.5969,49.7512438,50,0.00497512438,1.14179499e-14,0
0.597,49.7512438,50,0.00497512438,1.14179499e-14,0
0.5971,49.7512438,50,0.00497512438,1.14326951e-14,0
0.5972,49.7512438,50,0.00497512438,1.14326951e-14,0
0.5973,49.7512438,50,0.00497512438,1.14326951e-14,0
0.5974,49.7512438,50,0.00497512438,1.14326951e-14,0
0.5975,49.7512438,50,0.00497512438,1.14326951e-14,0
0.5976,49.7512438,50,0.00497512438,1.14326951e-14,0
0.5977,49.7512438,50,0.00497512438,1.14326951e-14,0
0.5978,49.7512438,50,0.00497512438,1.14326951e-14,0
0.5979,49.7512438,50,0.00497512438,1.14326951e-14,0
0.598,49.7512438,50,0.00497512438,1.14326951e-14,0
0.5981,49.7512438,50,0.00497512438,1.14474402e-14,0
0.5982,49.7512438,50,0.00497512438,1.14474402e-14,0
0.5983,49.7512438,50,0.00497512438,1.14474402e-14,0
0.5984,49.7512438,50,0.00497512438,1.14474402e-14,0
0.5985,49.7512438,50,0.00497512438,1.14474402e-14,0
0.5986,49.7512438,50,0.00497512438,1.14474402e-14,0
0.5987,49.7512438,50,0.00497512438,1.14474402e-14,0
0.5988,49.7512438,50,0.00497512438,1.14474402e-14,0
0.5989,49.7512438,50,0.00497512438,1.14474402e-14,0
0.599,49.7512438,50,0.00497512438,1.14474402e-14,0
0.5991,49.7512438,50,0.00497512438,1.14621854e-14,0
0.5992,49.7512438,50,0.00497512438,1.14621854e-14,0
0.5993,49.7512438,50,0.00497512438,1.14621854e-14,0
0.5994,49.7512438,50,0.00497512438,1.14621854e-14,0
0.5995,49.7512438,50,0.00497512438,1.14621854e-14,0
0.5996,49.7512438,50,0.00497512438,1.14621854e-14,0
0.5997,49.7512438,50,0.00497512438,1.14621854e-14,0
0.5998,49.7512438,50,0.00497512438,1.14621854e-14,0
0.5999,49.7512438,50,0.00497512438,1.14621854e-14,0
0.6,49.7512438,50,0.00497512438,1.14621854e-14,0
0.6001,49.7512438,50,0.00497512438,1.14769305e-14,0
0.6002,49.7512438,50,0.00497512438,1.14769305e-14,0
0.6003,49.7512438,50,0.00497512438,1.14769305e-14,0
0.6004,49.7512438,50,0.00497512438,1.14769305e-14,0
0.6005,49.7512438,50,0.00497512438,1.14769305e-14,0
0.6006,49.7512438,50,0.00497512438,1.14769305e-14,0
0.6007,49.7512438,50,0.00497512438,1.14769305e-14,0
0.6008,49.7512438,50,0.00497512438,1.14769305e-14,0
0.6009,49.7512438,50,0.00497512438,1.14769305e-14,0
0.601,49.7512438,50,0.00497512438,1.14769305e-14,0
0.6011,49.7512438,50,0.00497512438,1.14916757e-14,0
0.6012,49.7512438,50,0.00497512438,1.14916757e-14,0
0.6013,49.7512438,50,0.00497512438,1.14916757e-14,0
0.6014,49.7512438,50,0.00497512438,1.14916757e-14,0
0.6015,49.7512438,50,0.00497512438,1.14916757e-14,0
0.6016,49.7512438,50,0.00497512438,1.14916757e-14,0
0.6017,49.7512438,50,0.00497512438,1.14916757e-14,0
0.6018,49.7512438,50,0.00497512438,1.14916757e-14,0
0.6019,49.7512438,50,0.00497512438,1.14916757e-14,0
0.602,49.7512438,50,0.00497512438,1.14916757e-14,0
0.6021,49.7512438,50,0.00497512438,1.15064208e-14,0
0.6022,49.7512438,50,0.00497512438,1.15064208e-14,0
0.6023,49.7512438,50,0.00497512438,1.15064208e-14,0
0.6024,49.7512438,50,0.00497512438,1.15064208e-14,0
0.6025,49.7512438,50,0.00497512438,1.15064208e-14,0
0.6026,49.7512438,50,0.00497512438,1.15064208e-14,0
0.6027,49.7512438,50,0.00497512438,1.15064208e-14,0
0.6028,49.7512438,50,0.00497512438,1.15064208e-14,0
0.6029,49.7512438,50,0.00497512438,1.15064208e-14,0
0.603,49.7512438,50,0.00497512438,1.15064208e-14,0
0.6031,49.7512438,50,0.00497512438,1.1521166e-14,0
0.6032,49.7512438,50,0.00497512438,1.1521166e-14,0
0.6033,49.7512438,50,0.00497512438,1.1521166e-14,0
0.6034,49.7512438,50,0.00497512438,1.1521166e-14,0
0.6035,49.7512438,50,0.00497512438,1.1521166e-14,0
0.6036,49.7512438,50,0.00497512438,1.1521166e-14,0
0.6037,49.7512438,50,0.00497512438,1.1521166e-14,0
0.6038,49.7512438,50,0.00497512438,1.1521166e-14,0
0.6039,49.7512438,50,0.00497512438,1.1521166e-14,0
0.604,49.7512438,50,0.00497512438,1.1521166e-14,0
0.6041,49.7512438,50,0.00497512438,1.15359111e-14,0
0.6042,49.7512438,50,0.00497512438,1.15359111e-14,0
0.6043,49.7512438,50,0.00497512438,1.15359111e-14,0
0.6044,49.7512438,50,0.00497512438,1.15359111e-14,0
0.6045,49.7512438,50,0.00497512438,1.15359111e-14,0
0.6046,49.7512438,50,0.00497512438,1.15359111e-14,0
0.6047,49.7512438,50,0.00497512438,1.15359111e-14,0
0.6048,49.7512438,50,0.00497512438,1.15359111e-14,0
0.6049,49.7512438,50,0.00497512438,1.15359111e-14,0
0.605,49.7512438,50,0.00497512438,1.15359111e-14,0
0.6051,49.7512438,50,0.00497512438,1.15506563e-14,0
0.6052,49.7512438,50,0.00497512438,1.15506563e-14,0
0.6053,49.7512438,50,0.00497512438,1.15506563e-14,0
0.6054,49.7512438,50,0.00497512438,1.15506563e-14,0
0.6055,49.7512438,50,0.00497512438,1.15506563e-14,0
0.6056,49.7512438,50,0.00497512438,1.15506563e-14,0
0.6057,49.7512438,50,0.00497512438,1.15506563e-14,0
0.6058,49.7512438,50,0.00497512438,1.15506563e-14,0
0.6059,49.7512438,50,0.00497512438,1.15506563e-14,0
0.606,49.7512438,50,0.00497512438,1.15506563e-14,0
0.6061,49.7512438,50,0.00497512438,1.15654014e-14,0
0.6062,49.7512438,50,0.00497512438,1.15654014e-14,0
0.6063,49.7512438,50,0.00497512438,1.15654014e-14,0
0.6064,49.7512438,50,0.00497512438,1.15654014e-14,0
0.6065,49.7512438,50,0.00497512438,1.15654014e-14,0
0.6066,49.7512438,50,0.00497512438,1.15654014e-14,0
0.6067,49.7512438,50,0.00497512438,1.15654014e-14,0
0.6068,49.7512438,50,0.00497512438,1.15654014e-14,0
0.6069,49.7512438,50,0.00497512438,1.15654014e-14,0
0.607,49.7512438,50,0.00497512438,1.15654014e-14,0
0.6071,49.7512438,50,0.00497512438,1.15801466e-14,0
0.6072,49.7512438,50,0.00497512438,1.15801466e-14,0
0.6073,49.7512438,50,0.00497512438,1.15801466e-14,0
0.6074,49.7512438,50,0.00497512438,1.15801466e-14,0
0.6075,49.7512438,50,0.00497512438,1.15801466e-14,0
0.6076,49.7512438,50,0.00497512438,1.15801466e-14,0
0.6077,49.7512438,50,0.00497512438,1.15801466e-14,0
0.6078,49.7512438,50,0.00497512438,1.15801466e-14,0
0.6079,49.7512438,50,0.00497512438,1.15801466e-14,0
0.608,49.7512438,50,0.00497512438,1.15801466e-14,0
0.6081,49.7512438,50,0.00497512438,1.15948917e-14,0
0.6082,49.7512438,50,0.00497512438,1.15948917e-14,0
0.6083,49.7512438,50,0.00497512438,1.15948917e-14,0
0.6084,49.7512438,50,0.00497512438,1.15948917e-14,0
0.6085,49.7512438,50,0.00497512438,1.15948917e-14,0
0.6086,49.7512438,50,0.00497512438,1.15948917e-14,0
0.6087,49.7512438,50,0.00497512438,1.15948917e-14,0
0.6088,49.7512438,50,0.00497512438,1.15948917e-14,0
0.6089,49.7512438,50,0.00497512438,1.15948917e-14,0
0.609,49.7512438,50,0.00497512438,1.15948917e-14,0
0.6091,49.7512438,50,0.00497512438,1.16096369e-14,0
0.6092,49.7512438,50,0.00497512438,1.16096369e-14,0
0.6093,49.7512438,50,0.00497512438,1.16096369e-14,0
0.6094,49.7512438,50,0.00497512438,1.16096369e-14,0
0.6095,49.7512438,50,0.00497512438,1.16096369e-14,0
0.6096,49.7512438,50,0.00497512438,1.16096369e-14,0
0.6097,49.7512438,50,0.00497512438,1.16096369e-14,0
0.6098,49.7512438,50,0.00497512438,1.16096369e-14,0
0.6099,49.7512438,50,0.00497512438,1.16096369e-14,0
0.61,49.7512438,50,0.00497512438,1.16096369e-14,0
0.6101,49.7512438,50,0.00497512438,1.1624382e-14,0
0.6102,49.7512438,50,0.00497512438,1.1624382e-14,0
0.6103,49.7512438,50,0.00497512438,1.1624382e-14,0
0.6104,49.7512438,50,0.00497512438,1.1624382e-14,0
0.6105,49.7512438,50,0.00497512438,1.1624382e-14,0
0.6106,49.7512438,50,0.00497512438,1.1624382e-14,0
0.6107,49.7512438,50,0.00497512438,1.1624382e-14,0
0.6108,49.7512438,50,0.00497512438,1.1624382e-14,0
0.6109,49.7512438,50,0.00497512438,1.1624382e-14,0
0.611,49.7512438,50,0.00497512438,1.1624382e-14,0
0.6111,49.7512438,50,0.00497512438,1.16391272e-14,0
0.6112,49.7512438,50,0.00497512438,1.16391272e-14,0
0.6113,49.7512438,50,0.00497512438,1.16391272e-14,0
0.6114,49.7512438,50,0.00497512438,1.16391272e-14,0
0.6115,49.7512438,50,0.00497512438,1.16391272e-14,0
0.6116,49.7512438,50,0.00497512438,1.16391272e-14,0
0.6117,49.7512438,50,0.00497512438,1.16391272e-14,0
0.6118,49.7512438,50,0.00497512438,1.16391272e-14,0
0.6119,49.7512438,50,0.00497512438,1.16391272e-14,0
0.612,49.7512438,50,0.00497512438,1.16391272e-14,0
0.6121,49.7512438,50,0.00497512438,1.16538723e-14,0
0.6122,49.7512438,50,0.00497512438,1.16538723e-14,0
0.6123,49.7512438,50,0.00497512438,1.16538723e-14,0
0.6124,49.7512438,50,0.00497512438,1.16538723e-14,0
0.6125,49.7512438,50,0.00497512438,1.16538723e-14,0
0.6126,49.7512438,50,0.00497512438,1.16538723e-14,0
0.6127,49.7512438,50,0.00497512438,1.16538723e-14,0
0.6128,49.7512438,50,0.00497512438,1.16538723e-14,0
0.6129,49.7512438,50,0.00497512438,1.16538723e-14,0
0.613,49.7512438,50,0.00497512438,1.16538723e-14,0
0.6131,49.7512438,50,0.00497512438,1.16686175e-14,0
0.6132,49.7512438,50,0.00497512438,1.16686175e-14,0
0.6133,49.7512438,50,0.00497512438,1.16686175e-14,0
0.6134,49.7512438,50,0.00497512438,1.16686175e-14,0
0.6135,49.7512438,50,0.00497512438,1.16686175e-14,0
0.6136,49.7512438,50,0.00497512438,1.16686175e-14,0
0.6137,49.7512438,50,0.00497512438,1.16686175e-14,0
0.6138,49.7512438,50,0.00497512438,1.16686175e-14,0
0.6139,49.7512438,50,0.00497512438,1.16686175e-14,0
0.614,49.7512438,50,0.00497512438,1.16686175e-14,0
0.6141,49.7512438,50,0.00497512438,1.16833626e-14,0
0.6142,49.7512438,50,0.00497512438,1.16833626e-14,0
0.6143,49.7512438,50,0.00497512438,1.16833626e-14,0
0.6144,49.7512438,50,0.00497512438,1.16833626e-14,0
0.6145,49.7512438,50,0.00497512438,1.16833626e-14,0
0.6146,49.7512438,50,0.00497512438,1.16833626e-14,0
0.6147,49.7512438,50,0.00497512438,1.16833626e-14,0
0.6148,49.7512438,50,0.00497512438,1.16833626e-14,0
0.6149,49.7512438,50,0.00497512438,1.16833626e-14,0
0.615,49.7512438,50,0.00497512438,1.16833626e-14,0
0.6151,49.7512438,50,0.00497512438,1.16981078e-14,0
0.6152,49.7512438,50,0.00497512438,1.16981078e-14,0
0.6153,49.7512438,50,0.00497512438,1.16981078e-14,0
0.6154,49.7512438,50,0.00497512438,1.16981078e-14,0
0.6155,49.7512438,50,0.00497512438,1.16981078e-14,0
0.6156,49.7512438,50,0.00497512438,1.16981078e-14,0
0.6157,49.7512438,50,0.00497512438,1.16981078e-14,0
0.6158,49.7512438,50,0.00497512438,1.16981078e-14,0
0.6159,49.7512438,50,0.00497512438,1.16981078e-14,0
0.616,49.7512438,50,0.00497512438,1.16981078e-14,0
0.6161,49.7512438,50,0.00497512438,1.17128529e-14,0
0.6162,49.7512438,50,0.00497512438,1.17128529e-14,0
0.6163,49.7512438,50,0.00497512438,1.17128529e-14,0
0.6164,49.7512438,50,0.00497512438,1.17128529e-14,0
0.6165,49.7512438,50,0.00497512438,1.17128529e-14,0
0.6166,49.7512438,50,0.00497512438,1.17128529e-14,0
0.6167,49.7512438,50,0.00497512438,1.17128529e-14,0
0.6168,49.7512438,50,0.00497512438,1.17128529e-14,0
0.6169,49.7512438,50,0.00497512438,1.17128529e-14,0
0.617,49.7512438,50,0.00497512438,1.17128529e-14,0
0.6171,49.7512438,50,0.00497512438,1.17275981e-14,0
0.6172,49.7512438,50,0.00497512438,1.17275981e-14,0
0.6173,49.7512438,50,0.00497512438,1.17275981e-14,0
0.6174,49.7512438,50,0.00497512438,1.17275981e-14,0
0.6175,49.7512438,50,0.00497512438,1.17275981e-14,0
0.6176,49.7512438,50,0.00497512438,1.17275981e-14,0
0.6177,49.7512438,50,0.00497512438,1.17275981e-14,0
0.6178,49.7512438,50,0.00497512438,1.17275981e-14,0
0.6179,49.7512438,50,0.00497512438,1.17275981e-14,0
0.618,49.7512438,50,0.00497512438,1.17275981e-14,0
0.6181,49.7512438,50,0.00497512438,1.17423432e-14,0
0.6182,49.7512438,50,0.00497512438,1.17423432e-14,0
0.6183,49.7512438,50,0.00497512438,1.17423432e-14,0
0.6184,49.7512438,50,0.00497512438,1.17423432e-14,0
0.6185,49.7512438,50,0.00497512438,1.17423432e-14,0
0.6186,49.7512438,50,0.00497512438,1.17423432e-14,0
0.6187,49.7512438,50,0.00497512438,1.17423432e-14,0
0.6188,49.7512438,50,0.00497512438,1.17423432e-14,0
0.6189,49.7512438,50,0.00497512438,1.17423432e-14,0
0.619,49.7512438,50,0.00497512438,1.17423432e-14,0
0.6191,49.7512438,50,0.00497512438,1.17570884e-14,0
0.6192,49.7512438,50,0.00497512438,1.17570884e-14,0
0.6193,49.7512438,50,0.00497512438,1.17570884e-14,0
0.6194,49.7512438,50,0.00497512438,1.17570884e-14,0
0.6195,49.7512438,50,0.00497512438,1.17570884e-14,0
0.6196,49.7512438,50,0.00497512438,1.17570884e-14,0
0.6197,49.7512438,50,0.00497512438,1.17570884e-14,0
0.6198,49.7512438,50,0.00497512438,1.17570884e-14,0
0.6199,49.7512438,50,0.00497512438,1.17570884e-14,0
0.62,49.7512438,50,0.00497512438,1.17570884e-14,0
0.6201,49.7512438,50,0.00497512438,1.17718335e-14,0
0.6202,49.7512438,50,0.00497512438,1.17718335e-14,0
0.6203,49.7512438,50,0.00497512438,1.17718335e-14,0
0.6204,49.7512438,50,0.00497512438,1.17718335e-14,0
0.6205,49.7512438,50,0.00497512438,1.17718335e-14,0
0.6206,49.7512438,50,0.00497512438,1.17718335e-14,0
0.6207,49.7512438,50,0.00497512438,1.17718335e-14,0
0.6208,49.7512438,50,0.00497512438,1.17718335e-14,0
0.6209,49.7512438,50,0.00497512438,1.17718335e-14,0
0.621,49.7512438,50,0.00497512438,1.17718335e-14,0
0.6211,49.7512438,50,0.00497512438,1.17865787e-14,0
0.6212,49.7512438,50,0.00497512438,1.17865787e-14,0
0.6213,49.7512438,50,0.00497512438,1.17865787e-14,0
0.6214,49.7512438,50,0.00497512438,1.17865787e-14,0
0.6215,49.7512438,50,0.00497512438,1.17865787e-14,0
0.6216,49.7512438,50,0.00497512438,1.17865787e-14,0
0.6217,49.7512438,50,0.00497512438,1.17865787e-14,0
0.6218,49.7512438,50,0.00497512438,1.17865787e-14,0
0.6219,49.7512438,50,0.00497512438,1.17865787e-14,0
0.622,49.7512438,50,0.00497512438,1.17865787e-14,0
0.6221,49.7512438,50,0.00497512438,1.18013238e-14,0
0.6222,49.7512438,50,0.00497512438,1.18013238e-14,0
0.6223,49.7512438,50,0.00497512438,1.18013238e-14,0
0.6224,49.7512438,50,0.00497512438,1.18013238e-14,0
0.6225,49.7512438,50,0.00497512438,1.18013238e-14,0
0.6226,49.7512438,50,0.00497512438,1.18013238e-14,0
0.6227,49.7512438,50,0.00497512438,1.18013238e-14,0
0.6228,49.7512438,50,0.00497512438,1.18013238e-14,0
0.6229,49.7512438,50,0.00497512438,1.18013238e-14,0
0.623,49.7512438,50,0.00497512438,1.18013238e-14,0
0.6231,49.7512438,50,0.00497512438,1.1816069e-14,0
0.6232,49.7512438,50,0.00497512438,1.1816069e-14,0
0.6233,49.7512438,50,0.00497512438,1.1816069e-14,0
0.6234,49.7512438,50,0.00497512438,1.1816069e-14,0
0.6235,49.7512438,50,0.00497512438,1.1816069e-14,0
0.6236,49.7512438,50,0.00497512438,1.1816069e-14,0
0.6237,49.7512438,50,0.00497512438,1.1816069e-14,0
0.6238,49.7512438,50,0.00497512438,1.1816069e-14,0
0.6239,49.7512438,50,0.00497512438,1.1816069e-14,0
0.624,49.7512438,50,0.00497512438,1.1816069e-14,0
0.6241,49.7512438,50,0.00497512438,1.18308141e-14,0
0.6242,49.7512438,50,0.00497512438,1.18308141e-14,0
0.6243,49.7512438,50,0.00497512438,1.18308141e-14,0
0.6244,49.7512438,50,0.00497512438,1.18308141e-14,0
0.6245,49.7512438,50,0.00497512438,1.18308141e-14,0
0.6246,49.7512438,50,0.00497512438,1.18308141e-14,0
0.6247,49.7512438,50,0.00497512438,1.18308141e-14,0
0.6248,49.7512438,50,0.00497512438,1.18308141e-14,0
0.6249,49.7512438,50,0.00497512438,1.18308141e-14,0
0.625,49.7512438,50,0.00497512438,1.18308141e-14,0
0.6251,49.7512438,50,0.00497512438,1.18455593e-14,0
0.6252,49.7512438,50,0.00497512438,1.18455593e-14,0
0.6253,49.7512438,50,0.00497512438,1.18455593e-14,0
0.6254,49.7512438,50,0.00497512438,1.18455593e-14,0
0.6255,49.7512438,50,0.00497512438,1.18455593e-14,0
0.6256,49.7512438,50,0.00497512438,1.18455593e-14,0
0.6257,49.7512438,50,0.00497512438,1.18455593e-14,0
0.6258,49.7512438,50,0.00497512438,1.18455593e-14,0
0.6259,49.7512438,50,0.00497512438,1.18455593e-14,0
0.626,49.7512438,50,0.00497512438,1.18455593e-14,0
0.6261,49.7512438,50,0.00497512438,1.18603044e-14,0
0.6262,49.7512438,50,0.00497512438,1.18603044e-14,0
0.6263,49.7512438,50,0.00497512438,1.18603044e-14,0
0.6264,49.7512438,50,0.00497512438,1.18603044e-14,0
0.6265,49.7512438,50,0.00497512438,1.18603044e-14,0
0.6266,49.7512438,50,0.00497512438,1.18603044e-14,0
0.6267,49.7512438,50,0.00497512438,1.18603044e-14,0
0.6268,49.7512438,50,0.00497512438,1.18603044e-14,0
0.6269,49.7512438,50,0.00497512438,1.18603044e-14,0
0.627,49.7512438,50,0.00497512438,1.18603044e-14,0
0.6271,49.7512438,50,0.00497512438,1.18750496e-14,0
0.6272,49.7512438,50,0.00497512438,1.18750496e-14,0
0.6273,49.7512438,50,0.00497512438,1.18750496e-14,0
0.6274,49.7512438,50,0.00497512438,1.18750496e-14,0
0.6275,49.7512438,50,0.00497512438,1.18750496e-14,0
0.6276,49.7512438,50,0.00497512438,1.18750496e-14,0
0.6277,49.7512438,50,0.00497512438,1.18750496e-14,0
0.6278,49.7512438,50,0.00497512438,1.18750496e-14,0
0.6279,49.7512438,50,0.00497512438,1.18750496e-14,0
0.628,49.7512438,50,0.00497512438,1.18750496e-14,0
0.6281,49.7512438,50,0.00497512438,1.18897947e-14,0
0.6282,49.7512438,50,0.00497512438,1.18897947e-14,0
0.6283,49.7512438,50,0.00497512438,1.18897947e-14,0
0.6284,49.7512438,50,0.00497512438,1.18897947e-14,0
0.6285,49.7512438,50,0.00497512438,1.18897947e-14,0
0.6286,49.7512438,50,0.00497512438,1.18897947e-14,0
0.6287,49.7512438,50,0.00497512438,1.18897947e-14,0
0.6288,49.7512438,50,0.00497512438,1.18897947e-14,0
0.6289,49.7512438,50,0.00497512438,1.18897947e-14,0
0.629,49.7512438,50,0.00497512438,1.18897947e-14,0
0.6291,49.7512438,50,0.00497512438,1.19045399e-14,0
0.6292,49.7512438,50,0.00497512438,1.19045399e-14,0
0.6293,49.7512438,50,0.00497512438,1.19045399e-14,0
0.6294,49.7512438,50,0.00497512438,1.19045399e-14,0
0.6295,49.7512438,50,0.00497512438,1.19045399e-14,0
0.6296,49.7512438,50,0.00497512438,1.19045399e-14,0
0.6297,49.7512438,50,0.00497512438,1.19045399e-14,0
0.6298,49.7512438,50,0.00497512438,1.19045399e-14,0
0.6299,49.7512438,50,0.00497512438,1.19045399e-14,0
0.63,49.7512438,50,0.00497512438,1.19045399e-14,0
0.6301,49.7512438,50,0.00497512438,1.1919285e-14,0
0.6302,49.7512438,50,0.00497512438,1.1919285e-14,0
0.6303,49.7512438,50,0.00497512438,1.1919285e-14,0
0.6304,49.7512438,50,0.00497512438,1.1919285e-14,0
0.6305,49.7512438,50,0.00497512438,1.1919285e-14,0
0.6306,49.7512438,50,0.00497512438,1.1919285e-14,0
0.6307,49.7512438,50,0.00497512438,1.1919285e-14,0
0.6308,49.7512438,50,0.00497512438,1.1919285e-14,0
0.6309,49.7512438,50,0.00497512438,1.1919285e-14,0
0.631,49.7512438,50,0.00497512438,1.1919285e-14,0
0.6311,49.7512438,50,0.00497512438,1.19340302e-14,0
0.6312,49.7512438,50,0.00497512438,1.19340302e-14,0
0.6313,49.7512438,50,0.00497512438,1.19340302e-14,0
0.6314,49.7512438,50,0.00497512438,1.19340302e-14,0
0.6315,49.7512438,50,0.00497512438,1.19340302e-14,0
0.6316,49.7512438,50,0.00497512438,1.19340302e-14,0
0.6317,49.7512438,50,0.00497512438,1.19340302e-14,0
0.6318,49.7512438,50,0.00497512438,1.19340302e-14,0
0.6319,49.7512438,50,0.00497512438,1.19340302e-14,0
0.632,49.7512438,50,0.00497512438,1.19340302e-14,0
0.6321,49.7512438,50,0.00497512438,1.19487753e-14,0
0.6322,49.7512438,50,0.00497512438,1.19487753e-14,0
0.6323,49.7512438,50,0.00497512438,1.19487753e-14,0
0.6324,49.7512438,50,0.00497512438,1.19487753e-14,0
0.6325,49.7512438,50,0.00497512438,1.19487753e-14,0
0.6326,49.7512438,50,0.00497512438,1.19487753e-14,0
0.6327,49.7512438,50,0.00497512438,1.19487753e-14,0
0.6328,49.7512438,50,0.00497512438,1.19487753e-14,0
0.6329,49.7512438,50,0.00497512438,1.19487753e-14,0
0.633,49.7512438,50,0.00497512438,1.19487753e-14,0
0.6331,49.7512438,50,0.00497512438,1.19635205e-14,0
0.6332,49.7512438,50,0.00497512438,1.19635205e-14,0
0.6333,49.7512438,50,0.00497512438,1.19635205e-14,0
0.6334,49.7512438,50,0.00497512438,1.19635205e-14,0
0.6335,49.7512438,50,0.00497512438,1.19635205e-14,0
0.6336,49.7512438,50,0.00497512438,1.19635205e-14,0
0.6337,49.7512438,50,0.00497512438,1.19635205e-14,0
0.6338,49.7512438,50,0.00497512438,1.19635205e-14,0
0.6339,49.7512438,50,0.00497512438,1.19635205e-14,0
0.634,49.7512438,50,0.00497512438,1.19635205e-14,0
0.6341,49.7512438,50,0.00497512438,1.19782656e-14,0
0.6342,49.7512438,50,0.00497512438,1.19782656e-14,0
0.6343,49.7512438,50,0.00497512438,1.19782656e-14,0
0.6344,49.7512438,50,0.00497512438,1.19782656e-14,0
0.6345,49.7512438,50,0.00497512438,1.19782656e-14,0
0.6346,49.7512438,50,0.00497512438,1.19782656e-14,0
0.6347,49.7512438,50,0.00497512438,1.19782656e-14,0
0.6348,49.7512438,50,0.00497512438,1.19782656e-14,0
0.6349,49.7512438,50,0.00497512438,1.19782656e-14,0
0.635,49.7512438,50,0.00497512438,1.19782656e-14,0
0.6351,49.7512438,50,0.00497512438,1.19930108e-14,0
0.6352,49.7512438,50,0.00497512438,1.19930108e-14,0
0.6353,49.7512438,50,0.00497512438,1.19930108e-14,0
0.6354,49.7512438,50,0.00497512438,1.19930108e-14,0
0.6355,49.7512438,50,0.00497512438,1.19930108e-14,0
0.6356,49.7512438,50,0.00497512438,1.19930108e-14,0
0.6357,49.7512438,50,0.00497512438,1.19930108e-14,0
0.6358,49.7512438,50,0.00497512438,1.19930108e-14,0
0.6359,49.7512438,50,0.00497512438,1.19930108e-14,0
0.636,49.7512438,50,0.00497512438,1.19930108e-14,0
0.6361,49.7512438,50,0.00497512438,1.20077559e-14,0
0.6362,49.7512438,50,0.00497512438,1.20077559e-14,0
0.6363,49.7512438,50,0.00497512438,1.20077559e-14,0
0.6364,49.7512438,50,0.00497512438,1.20077559e-14,0
0.6365,49.7512438,50,0.00497512438,1.20077559e-14,0
0.6366,49.7512438,50,0.00497512438,1.20077559e-14,0
0.6367,49.7512438,50,0.00497512438,1.20077559e-14,0
0.6368,49.7512438,50,0.00497512438,1.20077559e-14,0
0.6369,49.7512438,50,0.00497512438,1.20077559e-14,0
0.637,49.7512438,50,0.00497512438,1.20077559e-14,0
0.6371,49.7512438,50,0.00497512438,1.20225011e-14,0
0.6372,49.7512438,50,0.00497512438,1.20225011e-14,0
0.6373,49.7512438,50,0.00497512438,1.20225011e-14,0
0.6374,49.7512438,50,0.00497512438,1.20225011e-14,0
0.6375,49.7512438,50,0.00497512438,1.20225011e-14,0
0.6376,49.7512438,50,0.00497512438,1.20225011e-14,0
0.6377,49.7512438,50,0.00497512438,1.20225011e-14,0
0.6378,49.7512438,50,0.00497512438,1.20225011e-14,0
0.6379,49.7512438,50,0.00497512438,1.20225011e-14,0
0.638,49.7512438,50,0.00497512438,1.20225011e-14,0
0.6381,49.7512438,50,0.00497512438,1.20372462e-14,0
0.6382,49.7512438,50,0.00497512438,1.20372462e-14,0
0.6383,49.7512438,50,0.00497512438,1.20372462e-14,0
0.6384,49.7512438,50,0.00497512438,1.20372462e-14,0
0.6385,49.7512438,50,0.00497512438,1.20372462e-14,0
0.6386,49.7512438,50,0.00497512438,1.20372462e-14,0
0.6387,49.7512438,50,0.00497512438,1.20372462e-14,0
0.6388,49.7512438,50,0.00497512438,1.20372462e-14,0
0.6389,49.7512438,50,0.00497512438,1.20372462e-14,0
0.639,49.7512438,50,0.00497512438,1.20372462e-14,0
0.6391,49.7512438,50,0.00497512438,1.20519913e-14,0
0.6392,49.7512438,50,0.00497512438,1.20519913e-14,0
0.6393,49.7512438,50,0.00497512438,1.20519913e-14,0
0.6394,49.7512438,50,0.00497512438,1.20519913e-14,0
0.6395,49.7512438,50,0.00497512438,1.20519913e-14,0
0.6396,49.7512438,50,0.00497512438,1.20519913e-14,0
0.6397,49.7512438,50,0.00497512438,1.20519913e-14,0
0.6398,49.7512438,50,0.00497512438,1.20519913e-14,0
0.6399,49.7512438,50,0.00497512438,1.20519913e-14,0
0.64,49.7512438,50,0.00497512438,1.20519913e-14,0
0.6401,49.7512438,50,0.00497512438,1.20667365e-14,0
0.6402,49.7512438,50,0.00497512438,1.20667365e-14,0
0.6403,49.7512438,50,0.00497512438,1.20667365e-14,0
0.6404,49.7512438,50,0.00497512438,1.20667365e-14,0
0.6405,49.7512438,50,0.00497512438,1.20667365e-14,0
0.6406,49.7512438,50,0.00497512438,1.20667365e-14,0
0.6407,49.7512438,50,0.00497512438,1.20667365e-14,0
0.6408,49.7512438,50,0.00497512438,1.20667365e-14,0
0.6409,49.7512438,50,0.00497512438,1.20667365e-14,0
0.641,49.7512438,50,0.00497512438,1.20667365e-14,0
0.6411,49.7512438,50,0.00497512438,1.20814816e-14,0
0.6412,49.7512438,50,0.00497512438,1.20814816e-14,0
0.6413,49.7512438,50,0.00497512438,1.20814816e-14,0
0.6414,49.7512438,50,0.00497512438,1.20814816e-14,0
0.6415,49.7512438,50,0.00497512438,1.20814816e-14,0
0.6416,49.7512438,50,0.00497512438,1.20814816e-14,0
0.6417,49.7512438,50,0.00497512438,1.20814816e-14,0
0.6418,49.7512438,50,0.00497512438,1.20814816e-14,0
0.6419,49.7512438,50,0.00497512438,1.20814816e-14,0
0.642,49.7512438,50,0.00497512438,1.20814816e-14,0
0.6421,49.7512438,50,0.00497512438,1.20962268e-14,0
0.6422,49.7512438,50,0.00497512438,1.20962268e-14,0
0.6423,49.7512438,50,0.00497512438,1.20962268e-14,0
0.6424,49.7512438,50,0.00497512438,1.20962268e-14,0
0.6425,49.7512438,50,0.00497512438,1.20962268e-14,0
0.6426,49.7512438,50,0.00497512438,1.20962268e-14,0
0.6427,49.7512438,50,0.00497512438,1.20962268e-14,0
0.6428,49.7512438,50,0.00497512438,1.20962268e-14,0
0.6429,49.7512438,50,0.00497512438,1.20962268e-14,0
0.643,49.7512438,50,0.00497512438,1.20962268e-14,0
0.6431,49.7512438,50,0.00497512438,1.21109719e-14,0
0.6432,49.7512438,50,0.00497512438,1.21109719e-14,0
0.6433,49.7512438,50,0.00497512438,1.21109719e-14,0
0.6434,49.7512438,50,0.00497512438,1.21109719e-14,0
0.6435,49.7512438,50,0.00497512438,1.21109719e-14,0
0.6436,49.7512438,50,0.00497512438,1.21109719e-14,0
0.6437,49.7512438,50,0.00497512438,1.21109719e-14,0
0.6438,49.7512438,50,0.00497512438,1.21109719e-14,0
0.6439,49.7512438,50,0.00497512438,1.21109719e-14,0
0.644,49.7512438,50,0.00497512438,1.21109719e-14,0
0.6441,49.7512438,50,0.00497512438,1.21257171e-14,0
0.6442,49.7512438,50,0.00497512438,1.21257171e-14,0
0.6443,49.7512438,50,0.00497512438,1.21257171e-14,0
0.6444,49.7512438,50,0.00497512438,1.21257171e-14,0
0.6445,49.7512438,50,0.00497512438,1.21257171e-14,0
0.6446,49.7512438,50,0.00497512438,1.21257171e-14,0
0.6447,49.7512438,50,0.00497512438,1.21257171e-14,0
0.6448,49.7512438,50,0.00497512438,1.21257171e-14,0
0.6449,49.7512438,50,0.00497512438,1.21257171e-14,0
0.645,49.7512438,50,0.00497512438,1.21257171e-14,0
0.6451,49.7512438,50,0.00497512438,1.21404622e-14,0
0.6452,49.7512438,50,0.00497512438,1.21404622e-14,0
0.6453,49.7512438,50,0.00497512438,1.21404622e-14,0
0.6454,49.7512438,50,0.00497512438,1.21404622e-14,0
0.6455,49.7512438,50,0.00497512438,1.21404622e-14,0
0.6456,49.7512438,50,0.00497512438,1.21404622e-14,0
0.6457,49.7512438,50,0.00497512438,1.21404622e-14,0
0.6458,49.7512438,50,0.00497512438,1.21404622e-14,0
0.6459,49.7512438,50,0.00497512438,1.21404622e-14,0
0.646,49.7512438,50,0.00497512438,1.21404622e-14,0
0.6461,49.7512438,50,0.00497512438,1.21552074e-14,0
0.6462,49.7512438,50,0.00497512438,1.21552074e-14,0
0.6463,49.7512438,50,0.00497512438,1.21552074e-14,0
0.6464,49.7512438,50,0.00497512438,1.21552074e-14,0
0.6465,49.7512438,50,0.00497512438,1.21552074e-14,0
0.6466,49.7512438,50,0.00497512438,1.21552074e-14,0
0.6467,49.7512438,50,0.00497512438,1.21552074e-14,0
0.6468,49.7512438,50,0.00497512438,1.21552074e-14,0
0.6469,49.7512438,50,0.00497512438,1.21552074e-14,0
0.647,49.7512438,50,0.00497512438,1.21552074e-14,0
0.6471,49.7512438,50,0.00497512438,1.21699525e-14,0
0.6472,49.7512438,50,0.00497512438,1.21699525e-14,0
0.6473,49.7512438,50,0.00497512438,1.21699525e-14,0
0.6474,49.7512438,50,0.00497512438,1.21699525e-14,0
0.6475,49.7512438,50,0.00497512438,1.21699525e-14,0
0.6476,49.7512438,50,0.00497512438,1.21699525e-14,0
0.6477,49.7512438,50,0.00497512438,1.21699525e-14,0
0.6478,49.7512438,50,0.00497512438,1.21699525e-14,0
0.6479,49.7512438,50,0.00497512438,1.21699525e-14,0
0.648,49.7512438,50,0.00497512438,1.21699525e-14,0
0.6481,49.7512438,50,0.00497512438,1.21846977e-14,0
0.6482,49.7512438,50,0.00497512438,1.21846977e-14,0
0.6483,49.7512438,50,0.00497512438,1.21846977e-14,0
0.6484,49.7512438,50,0.00497512438,1.21846977e-14,0
0.6485,49.7512438,50,0.00497512438,1.21846977e-14,0
0.6486,49.7512438,50,0.00497512438,1.21846977e-14,0
0.6487,49.7512438,50,0.00497512438,1.21846977e-14,0
0.6488,49.7512438,50,0.00497512438,1.21846977e-14,0
0.6489,49.7512438,50,0.00497512438,1.21846977e-14,0
0.649,49.7512438,50,0.00497512438,1.21846977e-14,0
0.6491,49.7512438,50,0.00497512438,1.21994428e-14,0
0.6492,49.7512438,50,0.00497512438,1.21994428e-14,0
0.6493,49.7512438,50,0.00497512438,1.21994428e-14,0
0.6494,49.7512438,50,0.00497512438,1.21994428e-14,0
0.6495,49.7512438,50,0.00497512438,1.21994428e-14,0
0.6496,49.7512438,50,0.00497512438,1.21994428e-14,0
0.6497,49.7512438,50,0.00497512438,1.21994428e-14,0
0.6498,49.7512438,50,0.00497512438,1.21994428e-14,0
0.6499,49.7512438,50,0.00497512438,1.21994428e-14,0
0.65,49.7512438,50,0.00497512438,1.21994428e-14,0
0.6501,49.7512438,50,0.00497512438,1.2214188e-14,0
0.6502,49.7512438,50,0.00497512438,1.2214188e-14,0
0.6503,49.7512438,50,0.00497512438,1.2214188e-14,0
0.6504,49.7512438,50,0.00497512438,1.2214188e-14,0
0.6505,49.7512438,50,0.00497512438,1.2214188e-14,0
0.6506,49.7512438,50,0.00497512438,1.2214188e-14,0
0.6507,49.7512438,50,0.00497512438,1.2214188e-14,0
0.6508,49.7512438,50,0.00497512438,1.2214188e-14,0
0.6509,49.7512438,50,0.00497512438,1.2214188e-14,0
0.651,49.7512438,50,0.00497512438,1.2214188e-14,0
0.6511,49.7512438,50,0.00497512438,1.22289331e-14,0
0.6512,49.7512438,50,0.00497512438,1.22289331e-14,0
0.6513,49.7512438,50,0.00497512438,1.22289331e-14,0
0.6514,49.7512438,50,0.00497512438,1.22289331e-14,0
0.6515,49.7512438,50,0.00497512438,1.22289331e-14,0
0.6516,49.7512438,50,0.00497512438,1.22289331e-14,0
0.6517,49.7512438,50,0.00497512438,1.22289331e-14,0
0.6518,49.7512438,50,0.00497512438,1.22289331e-14,0
0.6519,49.7512438,50,0.00497512438,1.22289331e-14,0
0.652,49.7512438,50,0.00497512438,1.22289331e-14,0
0.6521,49.7512438,50,0.00497512438,1.22436783e-14,0
0.6522,49.7512438,50,0.00497512438,1.22436783e-14,0
0.6523,49.7512438,50,0.00497512438,1.22436783e-14,0
0.6524,49.7512438,50,0.00497512438,1.22436783e-14,0
0.6525,49.7512438,50,0.00497512438,1.22436783e-14,0
0.6526,49.7512438,50,0.00497512438,1.22436783e-14,0
0.6527,49.7512438,50,0.00497512438,1.22436783e-14,0
0.6528,49.7512438,50,0.00497512438,1.22436783e-14,0
0.6529,49.7512438,50,0.00497512438,1.22436783e-14,0
0.653,49.7512438,50,0.00497512438,1.22436783e-14,0
0.6531,49.7512438,50,0.00497512438,1.22584234e-14,0
0.6532,49.7512438,50,0.00497512438,1.22584234e-14,0
0.6533,49.7512438,50,0.00497512438,1.22584234e-14,0
0.6534,49.7512438,50,0.00497512438,1.22584234e-14,0
0.6535,49.7512438,50,0.00497512438,1.22584234e-14,0
0.6536,49.7512438,50,0.00497512438,1.22584234e-14,0
0.6537,49.7512438,50,0.00497512438,1.22584234e-14,0
0.6538,49.7512438,50,0.00497512438,1.22584234e-14,0
0.6539,49.7512438,50,0.00497512438,1.22584234e-14,0
0.654,49.7512438,50,0.00497512438,1.22584234e-14,0
0.6541,49.7512438,50,0.00497512438,1.22731686e-14,0
0.6542,49.7512438,50,0.00497512438,1.22731686e-14,0
0.6543,49.7512438,50,0.00497512438,1.22731686e-14,0
0.6544,49.7512438,50,0.00497512438,1.22731686e-14,0
0.6545,49.7512438,50,0.00497512438,1.22731686e-14,0
0.6546,49.7512438,50,0.00497512438,1.22731686e-14,0
0.6547,49.7512438,50,0.00497512438,1.22731686e-14,0
0.6548,49.7512438,50,0.00497512438,1.22731686e-14,0
0.6549,49.7512438,50,0.00497512438,1.22731686e-14,0
0.655,49.7512438,50,0.00497512438,1.22731686e-14,0
0.6551,49.7512438,50,0.00497512438,1.22879137e-14,0
0.6552,49.7512438,50,0.00497512438,1.22879137e-14,0
0.6553,49.7512438,50,0.00497512438,1.22879137e-14,0
0.6554,49.7512438,50,0.00497512438,1.22879137e-14,0
0.6555,49.7512438,50,0.00497512438,1.22879137e-14,0
0.6556,49.7512438,50,0.00497512438,1.22879137e-14,0
0.6557,49.7512438,50,0.00497512438,1.22879137e-14,0
0.6558,49.7512438,50,0.00497512438,1.22879137e-14,0
0.6559,49.7512438,50,0.00497512438,1.22879137e-14,0
0.656,49.7512438,50,0.00497512438,1.22879137e-14,0
0.6561,49.7512438,50,0.00497512438,1.23026589e-14,0
0.6562,49.7512438,50,0.00497512438,1.23026589e-14,0
0.6563,49.7512438,50,0.00497512438,1.23026589e-14,0
0.6564,49.7512438,50,0.00497512438,1.23026589e-14,0
0.6565,49.7512438,50,0.00497512438,1.23026589e-14,0
0.6566,49.7512438,50,0.00497512438,1.23026589e-14,0
0.6567,49.7512438,50,0.00497512438,1.23026589e-14,0
0.6568,49.7512438,50,0.00497512438,1.23026589e-14,0
0.6569,49.7512438,50,0.00497512438,1.23026589e-14,0
0.657,49.7512438,50,0.00497512438,1.23026589e-14,0
0.6571,49.7512438,50,0.00497512438,1.2317404e-14,0
0.6572,49.7512438,50,0.00497512438,1.2317404e-14,0
0.6573,49.7512438,50,0.00497512438,1.2317404e-14,0
0.6574,49.7512438,50,0.00497512438,1.2317404e-14,0
0.6575,49.7512438,50,0.00497512438,1.2317404e-14,0
0.6576,49.7512438,50,0.00497512438,1.2317404e-14,0
0.6577,49.7512438,50,0.00497512438,1.2317404e-14,0
0.6578,49.7512438,50,0.00497512438,1.2317404e-14,0
0.6579,49.7512438,50,0.00497512438,1.2317404e-14,0
0.658,49.7512438,50,0.00497512438,1.2317404e-14,0
0.6581,49.7512438,50,0.00497512438,1.23321492e-14,0
0.6582,49.7512438,50,0.00497512438,1.23321492e-14,0
0.6583,49.7512438,50,0.00497512438,1.23321492e-14,0
0.6584,49.7512438,50,0.00497512438,1.23321492e-14,0
0.6585,49.7512438,50,0.00497512438,1.23321492e-14,0
0.6586,49.7512438,50,0.00497512438,1.23321492e-14,0
0.6587,49.7512438,50,0.00497512438,1.23321492e-14,0
0.6588,49.7512438,50,0.00497512438,1.23321492e-14,0
0.6589,49.7512438,50,0.00497512438,1.23321492e-14,0
0.659,49.7512438,50,0.00497512438,1.23321492e-14,0
0.6591,49.7512438,50,0.00497512438,1.23468943e-14,0
0.6592,49.7512438,50,0.00497512438,1.23468943e-14,0
0.6593,49.7512438,50,0.00497512438,1.23468943e-14,0
0.6594,49.7512438,50,0.00497512438,1.23468943e-14,0
0.6595,49.7512438,50,0.00497512438,1.23468943e-14,0
0.6596,49.7512438,50,0.00497512438,1.23468943e-14,0
0.6597,49.7512438,50,0.00497512438,1.23468943e-14,0
0.6598,49.7512438,50,0.00497512438,1.23468943e-14,0
0.6599,49.7512438,50,0.00497512438,1.23468943e-14,0
0.66,49.7512438,50,0.00497512438,1.23468943e-14,0
0.6601,49.7512438,50,0.00497512438,1.23616395e-14,0
0.6602,49.7512438,50,0.00497512438,1.23616395e-14,0
0.6603,49.7512438,50,0.00497512438,1.23616395e-14,0
0.6604,49.7512438,50,0.00497512438,1.23616395e-14,0
0.6605,49.7512438,50,0.00497512438,1.23616395e-14,0
0.6606,49.7512438,50,0.00497512438,1.23616395e-14,0
0.6607,49.7512438,50,0.00497512438,1.23616395e-14,0
0.6608,49.7512438,50,0.00497512438,1.23616395e-14,0
0.6609,49.7512438,50,0.00497512438,1.23616395e-14,0
0.661,49.7512438,50,0.00497512438,1.23616395e-14,0
0.6611,49.7512438,50,0.00497512438,1.23763846e-14,0
0.6612,49.7512438,50,0.00497512438,1.23763846e-14,0
0.6613,49.7512438,50,0.00497512438,1.23763846e-14,0
0.6614,49.7512438,50,0.00497512438,1.23763846e-14,0
0.6615,49.7512438,50,0.00497512438,1.23763846e-14,0
0.6616,49.7512438,50,0.00497512438,1.23763846e-14,0
0.6617,49.7512438,50,0.00497512438,1.23763846e-14,0
0.6618,49.7512438,50,0.00497512438,1.23763846e-14,0
0.6619,49.7512438,50,0.00497512438,1.23763846e-14,0
0.662,49.7512438,50,0.00497512438,1.23763846e-14,0
0.6621,49.7512438,50,0.00497512438,1.23911298e-14,0
0.6622,49.7512438,50,0.00497512438,1.23911298e-14,0
0.6623,49.7512438,50,0.00497512438,1.23911298e-14,0
0.6624,49.7512438,50,0.00497512438,1.23911298e-14,0
0.6625,49.7512438,50,0.00497512438,1.23911298e-14,0
0.6626,49.7512438,50,0.00497512438,1.23911298e-14,0
0.6627,49.7512438,50,0.00497512438,1.23911298e-14,0
0.6628,49.7512438,50,0.00497512438,1.23911298e-14,0
0.6629,49.7512438,50,0.00497512438,1.23911298e-14,0
0.663,49.7512438,50,0.00497512438,1.23911298e-14,0
0.6631,49.7512438,50,0.00497512438,1.24058749e-14,0
0.6632,49.7512438,50,0.00497512438,1.24058749e-14,0
0.6633,49.7512438,50,0.00497512438,1.24058749e-14,0
0.6634,49.7512438,50,0.00497512438,1.24058749e-14,0
0.6635,49.7512438,50,0.00497512438,1.24058749e-14,0
0.6636,49.7512438,50,0.00497512438,1.24058749e-14,0
0.6637,49.7512438,50,0.00497512438,1.24058749e-14,0
0.6638,49.7512438,50,0.00497512438,1.24058749e-14,0
0.6639,49.7512438,50,0.00497512438,1.24058749e-14,0
0.664,49.7512438,50,0.00497512438,1.24058749e-14,0
0.6641,49.7512438,50,0.00497512438,1.24206201e-14,0
0.6642,49.7512438,50,0.00497512438,1.24206201e-14,0
0.6643,49.7512438,50,0.00497512438,1.24206201e-14,0
0.6644,49.7512438,50,0.00497512438,1.24206201e-14,0
0.6645,49.7512438,50,0.00497512438,1.24206201e-14,0
0.6646,49.7512438,50,0.00497512438,1.24206201e-14,0
0.6647,49.7512438,50,0.00497512438,1.24206201e-14,0
0.6648,49.7512438,50,0.00497512438,1.24206201e-14,0
0.6649,49.7512438,50,0.00497512438,1.24206201e-14,0
0.665,49.7512438,50,0.00497512438,1.24206201e-14,0
0.6651,49.7512438,50,0.00497512438,1.24353652e-14,0
0.6652,49.7512438,50,0.00497512438,1.24353652e-14,0
0.6653,49.7512438,50,0.00497512438,1.24353652e-14,0
0.6654,49.7512438,50,0.00497512438,1.24353652e-14,0
0.6655,49.7512438,50,0.00497512438,1.24353652e-14,0
0.6656,49.7512438,50,0.00497512438,1.24353652e-14,0
0.6657,49.7512438,50,0.00497512438,1.24353652e-14,0
0.6658,49.7512438,50,0.00497512438,1.24353652e-14,0
0.6659,49.7512438,50,0.00497512438,1.24353652e-14,0
0.666,49.7512438,50,0.00497512438,1.24353652e-14,0
0.6661,49.7512438,50,0.00497512438,1.24501104e-14,0
0.6662,49.7512438,50,0.00497512438,1.24501104e-14,0
0.6663,49.7512438,50,0.00497512438,1.24501104e-14,0
0.6664,49.7512438,50,0.00497512438,1.24501104e-14,0
0.6665,49.7512438,50,0.00497512438,1.24501104e-14,0
0.6666,49.7512438,50,0.00497512438,1.24501104e-14,0
0.6667,49.7512438,50,0.00497512438,1.24501104e-14,0
0.6668,49.7512438,50,0.00497512438,1.24501104e-14,0
0.6669,49.7512438,50,0.00497512438,1.24501104e-14,0
0.667,49.7512438,50,0.00497512438,1.24501104e-14,0
0.6671,49.7512438,50,0.00497512438,1.24648555e-14,0
0.6672,49.7512438,50,0.00497512438,1.24648555e-14,0
0.6673,49.7512438,50,0.00497512438,1.24648555e-14,0
0.6674,49.7512438,50,0.00497512438,1.24648555e-14,0
0.6675,49.7512438,50,0.00497512438,1.24648555e-14,0
0.6676,49.7512438,50,0.00497512438,1.24648555e-14,0
0.6677,49.7512438,50,0.00497512438,1.24648555e-14,0
0.6678,49.7512438,50,0.00497512438,1.24648555e-14,0
0.6679,49.7512438,50,0.00497512438,1.24648555e-14,0
0.668,49.7512438,50,0.00497512438,1.24648555e-14,0
0.6681,49.7512438,50,0.00497512438,1.24796007e-14,0
0.6682,49.7512438,50,0.00497512438,1.24796007e-14,0
0.6683,49.7512438,50,0.00497512438,1.24796007e-14,0
0.6684,49.7512438,50,0.00497512438,1.24796007e-14,0
0.6685,49.7512438,50,0.00497512438,1.24796007e-14,0
0.6686,49.7512438,50,0.00497512438,1.24796007e-14,0
0.6687,49.7512438,50,0.00497512438,1.24796007e-14,0
0.6688,49.7512438,50,0.00497512438,1.24796007e-14,0
0.6689,49.7512438,50,0.00497512438,1.24796007e-14,0
0.669,49.7512438,50,0.00497512438,1.24796007e-14,0
0.6691,49.7512438,50,0.00497512438,1.24943458e-14,0
0.6692,49.7512438,50,0.00497512438,1.24943458e-14,0
0.6693,49.7512438,50,0.00497512438,1.24943458e-14,0
0.6694,49.7512438,50,0.00497512438,1.24943458e-14,0
0.6695,49.7512438,50,0.00497512438,1.24943458e-14,0
0.6696,49.7512438,50,0.00497512438,1.24943458e-14,0
0.6697,49.7512438,50,0.00497512438,1.24943458e-14,0
0.6698,49.7512438,50,0.00497512438,1.24943458e-14,0
0.6699,49.7512438,50,0.00497512438,1.24943458e-14,0
0.67,49.7512438,50,0.00497512438,1.24943458e-14,0
0.6701,49.7512438,50,0.00497512438,1.2509091e-14,0
0.6702,49.7512438,50,0.00497512438,1.2509091e-14,0
0.6703,49.7512438,50,0.00497512438,1.2509091e-14,0
0.6704,49.7512438,50,0.00497512438,1.2509091e-14,0
0.6705,49.7512438,50,0.00497512438,1.2509091e-14,0
0.6706,49.7512438,50,0.00497512438,1.2509091e-14,0
0.6707,49.7512438,50,0.00497512438,1.2509091e-14,0
0.6708,49.7512438,50,0.00497512438,1.2509091e-14,0
0.6709,49.7512438,50,0.00497512438,1.2509091e-14,0
0.671,49.7512438,50,0.00497512438,1.2509091e-14,0
0.6711,49.7512438,50,0.00497512438,1.25238361e-14,0
0.6712,49.7512438,50,0.00497512438,1.25238361e-14,0
0.6713,49.7512438,50,0.00497512438,1.25238361e-14,0
0.6714,49.7512438,50,0.00497512438,1.25238361e-14,0
0.6715,49.7512438,50,0.00497512438,1.25238361e-14,0
0.6716,49.7512438,50,0.00497512438,1.25238361e-14,0
0.6717,49.7512438,50,0.00497512438,1.25238361e-14,0
0.6718,49.7512438,50,0.00497512438,1.25238361e-14,0
0.6719,49.7512438,50,0.00497512438,1.25238361e-14,0
0.672,49.7512438,50,0.00497512438,1.25238361e-14,0
0.6721,49.7512438,50,0.00497512438,1.25385813e-14,0
0.6722,49.7512438,50,0.00497512438,1.25385813e-14,0
0.6723,49.7512438,50,0.00497512438,1.25385813e-14,0
0.6724,49.7512438,50,0.00497512438,1.25385813e-14,0
0.6725,49.7512438,50,0.00497512438,1.25385813e-14,0
0.6726,49.7512438,50,0.00497512438,1.25385813e-14,0
0.6727,49.7512438,50,0.00497512438,1.25385813e-14,0
0.6728,49.7512438,50,0.00497512438,1.25385813e-14,0
0.6729,49.7512438,50,0.00497512438,1.25385813e-14,0
0.673,49.7512438,50,0.00497512438,1.25385813e-14,0
0.6731,49.7512438,50,0.00497512438,1.25533264e-14,0
0.6732,49.7512438,50,0.00497512438,1.25533264e-14,0
0.6733,49.7512438,50,0.00497512438,1.25533264e-14,0
0.6734,49.7512438,50,0.00497512438,1.25533264e-14,0
0.6735,49.7512438,50,0.00497512438,1.25533264e-14,0
0.6736,49.7512438,50,0.00497512438,1.25533264e-14,0
0.6737,49.7512438,50,0.00497512438,1.25533264e-14,0
0.6738,49.7512438,50,0.00497512438,1.25533264e-14,0
0.6739,49.7512438,50,0.00497512438,1.25533264e-14,0
0.674,49.7512438,50,0.00497512438,1.25533264e-14,0
0.6741,49.7512438,50,0.00497512438,1.25680716e-14,0
0.6742,49.7512438,50,0.00497512438,1.25680716e-14,0
0.6743,49.7512438,50,0.00497512438,1.25680716e-14,0
0.6744,49.7512438,50,0.00497512438,1.25680716e-14,0
0.6745,49.7512438,50,0.00497512438,1.25680716e-14,0
0.6746,49.7512438,50,0.00497512438,1.25680716e-14,0
0.6747,49.7512438,50,0.00497512438,1.25680716e-14,0
0.6748,49.7512438,50,0.00497512438,1.25680716e-14,0
0.6749,49.7512438,50,0.00497512438,1.25680716e-14,0
0.675,49.7512438,50,0.00497512438,1.25680716e-14,0
0.6751,49.7512438,50,0.00497512438,1.25828167e-14,0
0.6752,49.7512438,50,0.00497512438,1.25828167e-14,0
0.6753,49.7512438,50,0.00497512438,1.25828167e-14,0
0.6754,49.7512438,50,0.00497512438,1.25828167e-14,0
0.6755,49.7512438,50,0.00497512438,1.25828167e-14,0
0.6756,49.7512438,50,0.00497512438,1.25828167e-14,0
0.6757,49.7512438,50,0.00497512438,1.25828167e-14,0
0.6758,49.7512438,50,0.00497512438,1.25828167e-14,0
0.6759,49.7512438,50,0.00497512438,1.25828167e-14,0
0.676,49.7512438,50,0.00497512438,1.25828167e-14,0
0.6761,49.7512438,50,0.00497512438,1.25975619e-14,0
0.6762,49.7512438,50,0.00497512438,1.25975619e-14,0
0.6763,49.7512438,50,0.00497512438,1.25975619e-14,0
0.6764,49.7512438,50,0.00497512438,1.25975619e-14,0
0.6765,49.7512438,50,0.00497512438,1.25975619e-14,0
0.6766,49.7512438,50,0.00497512438,1.25975619e-14,0
0.6767,49.7512438,50,0.00497512438,1.25975619e-14,0
0.6768,49.7512438,50,0.00497512438,1.25975619e-14,0
0.6769,49.7512438,50,0.00497512438,1.25975619e-14,0
0.677,49.7512438,50,0.00497512438,1.25975619e-14,0
0.6771,49.7512438,50,0.00497512438,1.2612307e-14,0
0.6772,49.7512438,50,0.00497512438,1.2612307e-14,0
0.6773,49.7512438,50,0.00497512438,1.2612307e-14,0
0.6774,49.7512438,50,0.00497512438,1.2612307e-14,0
0.6775,49.7512438,50,0.00497512438,1.2612307e-14,0
0.6776,49.7512438,50,0.00497512438,1.2612307e-14,0
0.6777,49.7512438,50,0.00497512438,1.2612307e-14,0
0.6778,49.7512438,50,0.00497512438,1.2612307e-14,0
0.6779,49.7512438,50,0.00497512438,1.2612307e-14,0
0.678,49.7512438,50,0.00497512438,1.2612307e-14,0
0.6781,49.7512438,50,0.00497512438,1.26270522e-14,0
0.6782,49.7512438,50,0.00497512438,1.26270522e-14,0
0.6783,49.7512438,50,0.00497512438,1.26270522e-14,0
0.6784,49.7512438,50,0.00497512438,1.26270522e-14,0
0.6785,49.7512438,50,0.00497512438,1.26270522e-14,0
0.6786,49.7512438,50,0.00497512438,1.26270522e-14,0
0.6787,49.7512438,50,0.00497512438,1.26270522e-14,0
0.6788,49.7512438,50,0.00497512438,1.26270522e-14,0
0.6789,49.7512438,50,0.00497512438,1.26270522e-14,0
0.679,49.7512438,50,0.00497512438,1.26270522e-14,0
0.6791,49.7512438,50,0.00497512438,1.26417973e-14,0
0.6792,49.7512438,50,0.00497512438,1.26417973e-14,0
0.6793,49.7512438,50,0.00497512438,1.26417973e-14,0
0.6794,49.7512438,50,0.00497512438,1.26417973e-14,0
0.6795,49.7512438,50,0.00497512438,1.26417973e-14,0
0.6796,49.7512438,50,0.00497512438,1.26417973e-14,0
0.6797,49.7512438,50,0.00497512438,1.26417973e-14,0
0.6798,49.7512438,50,0.00497512438,1.26417973e-14,0
0.6799,49.7512438,50,0.00497512438,1.26417973e-14,0
0.68,49.7512438,50,0.00497512438,1.26417973e-14,0
0.6801,49.7512438,50,0.00497512438,1.26565425e-14,0
0.6802,49.7512438,50,0.00497512438,1.26565425e-14,0
0.6803,49.7512438,50,0.00497512438,1.26565425e-14,0
0.6804,49.7512438,50,0.00497512438,1.26565425e-14,0
0.6805,49.7512438,50,0.00497512438,1.26565425e-14,0
0.6806,49.7512438,50,0.00497512438,1.26565425e-14,0
0.6807,49.7512438,50,0.00497512438,1.26565425e-14,0
0.6808,49.7512438,50,0.00497512438,1.26565425e-14,0
0.6809,49.7512438,50,0.00497512438,1.26565425e-14,0
0.681,49.7512438,50,0.00497512438,1.26565425e-14,0
0.6811,49.7512438,50,0.00497512438,1.26712876e-14,0
0.6812,49.7512438,50,0.00497512438,1.26712876e-14,0
0.6813,49.7512438,50,0.00497512438,1.26712876e-14,0
0.6814,49.7512438,50,0.00497512438,1.26712876e-14,0
0.6815,49.7512438,50,0.00497512438,1.26712876e-14,0
0.6816,49.7512438,50,0.00497512438,1.26712876e-14,0
0.6817,49.7512438,50,0.00497512438,1.26712876e-14,0
0.6818,49.7512438,50,0.00497512438,1.26712876e-14,0
0.6819,49.7512438,50,0.00497512438,1.26712876e-14,0
0.682,49.7512438,50,0.00497512438,1.26712876e-14,0
0.6821,49.7512438,50,0.00497512438,1.26860328e-14,0
0.6822,49.7512438,50,0.00497512438,1.26860328e-14,0
0.6823,49.7512438,50,0.00497512438,1.26860328e-14,0
0.6824,49.7512438,50,0.00497512438,1.26860328e-14,0
0.6825,49.7512438,50,0.00497512438,1.26860328e-14,0
0.6826,49.7512438,50,0.00497512438,1.26860328e-14,0
0.6827,49.7512438,50,0.00497512438,1.26860328e-14,0
0.6828,49.7512438,50,0.00497512438,1.26860328e-14,0
0.6829,49.7512438,50,0.00497512438,1.26860328e-14,0
0.683,49.7512438,50,0.00497512438,1.26860328e-14,0
0.6831,49.7512438,50,0.00497512438,1.27007779e-14,0
0.6832,49.7512438,50,0.00497512438,1.27007779e-14,0
0.6833,49.7512438,50,0.00497512438,1.27007779e-14,0
0.6834,49.7512438,50,0.00497512438,1.27007779e-14,0
0.6835,49.7512438,50,0.00497512438,1.27007779e-14,0
0.6836,49.7512438,50,0.00497512438,1.27007779e-14,0
0.6837,49.7512438,50,0.00497512438,1.27007779e-14,0
0.6838,49.7512438,50,0.00497512438,1.27007779e-14,0
0.6839,49.7512438,50,0.00497512438,1.27007779e-14,0
0.684,49.7512438,50,0.00497512438,1.27007779e-14,0
0.6841,49.7512438,50,0.00497512438,1.27155231e-14,0
0.6842,49.7512438,50,0.00497512438,1.27155231e-14,0
0.6843,49.7512438,50,0.00497512438,1.27155231e-14,0
0.6844,49.7512438,50,0.00497512438,1.27155231e-14,0
0.6845,49.7512438,50,0.00497512438,1.27155231e-14,0
0.6846,49.7512438,50,0.00497512438,1.27155231e-14,0
0.6847,49.7512438,50,0.00497512438,1.27155231e-14,0
0.6848,49.7512438,50,0.00497512438,1.27155231e-14,0
0.6849,49.7512438,50,0.00497512438,1.27155231e-14,0
0.685,49.7512438,50,0.00497512438,1.27155231e-14,0
0.6851,49.7512438,50,0.00497512438,1.27302682e-14,0
0.6852,49.7512438,50,0.00497512438,1.27302682e-14,0
0.6853,49.7512438,50,0.00497512438,1.27302682e-14,0
0.6854,49.7512438,50,0.00497512438,1.27302682e-14,0
0.6855,49.7512438,50,0.00497512438,1.27302682e-14,0
0.6856,49.7512438,50,0.00497512438,1.27302682e-14,0
0.6857,49.7512438,50,0.00497512438,1.27302682e-14,0
0.6858,49.7512438,50,0.00497512438,1.27302682e-14,0
0.6859,49.7512438,50,0.00497512438,1.27302682e-14,0
0.686,49.7512438,50,0.00497512438,1.27302682e-14,0
0.6861,49.7512438,50,0.00497512438,1.27450134e-14,0
0.6862,49.7512438,50,0.00497512438,1.27450134e-14,0
0.6863,49.7512438,50,0.00497512438,1.27450134e-14,0
0.6864,49.7512438,50,0.00497512438,1.27450134e-14,0
0.6865,49.7512438,50,0.00497512438,1.27450134e-14,0
0.6866,49.7512438,50,0.00497512438,1.27450134e-14,0
0.6867,49.7512438,50,0.00497512438,1.27450134e-14,0
0.6868,49.7512438,50,0.00497512438,1.27450134e-14,0
0.6869,49.7512438,50,0.00497512438,1.27450134e-14,0
0.687,49.7512438,50,0.00497512438,1.27450134e-14,0
0.6871,49.7512438,50,0.00497512438,1.27597585e-14,0
0.6872,49.7512438,50,0.00497512438,1.27597585e-14,0
0.6873,49.7512438,50,0.00497512438,1.27597585e-14,0
0.6874,49.7512438,50,0.00497512438,1.27597585e-14,0
0.6875,49.7512438,50,0.00497512438,1.27597585e-14,0
0.6876,49.7512438,50,0.00497512438,1.27597585e-14,0
0.6877,49.7512438,50,0.00497512438,1.27597585e-14,0
0.6878,49.7512438,50,0.00497512438,1.27597585e-14,0
0.6879,49.7512438,50,0.00497512438,1.27597585e-14,0
0.688,49.7512438,50,0.00497512438,1.27597585e-14,0
0.6881,49.7512438,50,0.00497512438,1.27745037e-14,0
0.6882,49.7512438,50,0.00497512438,1.27745037e-14,0
0.6883,49.7512438,50,0.00497512438,1.27745037e-14,0
0.6884,49.7512438,50,0.00497512438,1.27745037e-14,0
0.6885,49.7512438,50,0.00497512438,1.27745037e-14,0
0.6886,49.7512438,50,0.00497512438,1.27745037e-14,0
0.6887,49.7512438,50,0.00497512438,1.27745037e-14,0
0.6888,49.7512438,50,0.00497512438,1.27745037e-14,0
0.6889,49.7512438,50,0.00497512438,1.27745037e-14,0
0.689,49.7512438,50,0.00497512438,1.27745037e-14,0
0.6891,49.7512438,50,0.00497512438,1.27892488e-14,0
0.6892,49.7512438,50,0.00497512438,1.27892488e-14,0
0.6893,49.7512438,50,0.00497512438,1.27892488e-14,0
0.6894,49.7512438,50,0.00497512438,1.27892488e-14,0
0.6895,49.7512438,50,0.00497512438,1.27892488e-14,0
0.6896,49.7512438,50,0.00497512438,1.27892488e-14,0
0.6897,49.7512438,50,0.00497512438,1.27892488e-14,0
0.6898,49.7512438,50,0.00497512438,1.27892488e-14,0
0.6899,49.7512438,50,0.00497512438,1.27892488e-14,0
0.69,49.7512438,50,0.00497512438,1.27892488e-14,0
0.6901,49.7512438,50,0.00497512438,1.2803994e-14,0
0.6902,49.7512438,50,0.00497512438,1.2803994e-14,0
0.6903,49.7512438,50,0.00497512438,1.2803994e-14,0
0.6904,49.7512438,50,0.00497512438,1.2803994e-14,0
0.6905,49.7512438,50,0.00497512438,1.2803994e-14,0
0.6906,49.7512438,50,0.00497512438,1.2803994e-14,0
0.6907,49.7512438,50,0.00497512438,1.2803994e-14,0
0.6908,49.7512438,50,0.00497512438,1.2803994e-14,0
0.6909,49.7512438,50,0.00497512438,1.2803994e-14,0
0.691,49.7512438,50,0.00497512438,1.2803994e-14,0
0.6911,49.7512438,50,0.00497512438,1.28187391e-14,0
0.6912,49.7512438,50,0.00497512438,1.28187391e-14,0
0.6913,49.7512438,50,0.00497512438,1.28187391e-14,0
0.6914,49.7512438,50,0.00497512438,1.28187391e-14,0
0.6915,49.7512438,50,0.00497512438,1.28187391e-14,0
0.6916,49.7512438,50,0.00497512438,1.28187391e-14,0
0.6917,49.7512438,50,0.00497512438,1.28187391e-14,0
0.6918,49.7512438,50,0.00497512438,1.28187391e-14,0
0.6919,49.7512438,50,0.00497512438,1.28187391e-14,0
0.692,49.7512438,50,0.00497512438,1.28187391e-14,0
0.6921,49.7512438,50,0.00497512438,1.28334843e-14,0
0.6922,49.7512438,50,0.00497512438,1.28334843e-14,0
0.6923,49.7512438,50,0.00497512438,1.28334843e-14,0
0.6924,49.7512438,50,0.00497512438,1.28334843e-14,0
0.6925,49.7512438,50,0.00497512438,1.28334843e-14,0
0.6926,49.7512438,50,0.00497512438,1.28334843e-14,0
0.6927,49.7512438,50,0.00497512438,1.28334843e-14,0
0.6928,49.7512438,50,0.00497512438,1.28334843e-14,0
0.6929,49.7512438,50,0.00497512438,1.28334843e-14,0
0.693,49.7512438,50,0.00497512438,1.28334843e-14,0
0.6931,49.7512438,50,0.00497512438,1.28482294e-14,0
0.6932,49.7512438,50,0.00497512438,1.28482294e-14,0
0.6933,49.7512438,50,0.00497512438,1.28482294e-14,0
0.6934,49.7512438,50,0.00497512438,1.28482294e-14,0
0.6935,49.7512438,50,0.00497512438,1.28482294e-14,0
0.6936,49.7512438,50,0.00497512438,1.28482294e-14,0
0.6937,49.7512438,50,0.00497512438,1.28482294e-14,0
0.6938,49.7512438,50,0.00497512438,1.28482294e-14,0
0.6939,49.7512438,50,0.00497512438,1.28482294e-14,0
0.694,49.7512438,50,0.00497512438,1.28482294e-14,0
0.6941,49.7512438,50,0.00497512438,1.28629746e-14,0
0.6942,49.7512438,50,0.00497512438,1.28629746e-14,0
0.6943,49.7512438,50,0.00497512438,1.28629746e-14,0
0.6944,49.7512438,50,0.00497512438,1.28629746e-14,0
0.6945,49.7512438,50,0.00497512438,1.28629746e-14,0
0.6946,49.7512438,50,0.00497512438,1.28629746e-14,0
0.6947,49.7512438,50,0.00497512438,1.28629746e-14,0
0.6948,49.7512438,50,0.00497512438,1.28629746e-14,0
0.6949,49.7512438,50,0.00497512438,1.28629746e-14,0
0.695,49.7512438,50,0.00497512438,1.28629746e-14,0
0.6951,49.7512438,50,0.00497512438,1.28777197e-14,0
0.6952,49.7512438,50,0.00497512438,1.28777197e-14,0
0.6953,49.7512438,50,0.00497512438,1.28777197e-14,0
0.6954,49.7512438,50,0.00497512438,1.28777197e-14,0
0.6955,49.7512438,50,0.00497512438,1.28777197e-14,0
0.6956,49.7512438,50,0.00497512438,1.28777197e-14,0
0.6957,49.7512438,50,0.00497512438,1.28777197e-14,0
0.6958,49.7512438,50,0.00497512438,1.28777197e-14,0
0.6959,49.7512438,50,0.00497512438,1.28777197e-14,0
0.696,49.7512438,50,0.00497512438,1.28777197e-14,0
0.6961,49.7512438,50,0.00497512438,9.65460351e-15,0
0.6962,49.7512438,50,0.00497512438,9.65460351e-15,0
0.6963,49.7512438,50,0.00497512438,9.65460351e-15,0
0.6964,49.7512438,50,0.00497512438,9.65460351e-15,0
0.6965,49.7512438,50,0.00497512438,9.65460351e-15,0
0.6966,49.7512438,50,0.00497512438,9.65460351e-15,0
0.6967,49.7512438,50,0.00497512438,9.65460351e-15,0
0.6968,49.7512438,50,0.00497512438,9.65460351e-15,0
0.6969,49.7512438,50,0.00497512438,9.65460351e-15,0
0.697,49.7512438,50,0.00497512438,9.65460351e-15,0
0.6971,49.7512438,50,0.00497512438,1.00275691e-14,0
0.6972,49.7512438,50,0.00497512438,1.00275691e-14,0
0.6973,49.7512438,50,0.00497512438,1.00275691e-14,0
0.6974,49.7512438,50,0.00497512438,1.00275691e-14,0
0.6975,49.7512438,50,0.00497512438,1.00275691e-14,0
0.6976,49.7512438,50,0.00497512438,1.00275691e-14,0
0.6977,49.7512438,50,0.00497512438,1.00275691e-14,0
0.6978,49.7512438,50,0.00497512438,1.00275691e-14,0
0.6979,49.7512438,50,0.00497512438,1.00275691e-14,0
0.698,49.7512438,50,0.00497512438,1.00275691e-14,0
0.6981,49.7512438,50,0.00497512438,9.79164666e-15,0
0.6982,49.7512438,50,0.00497512438,9.79164666e-15,0
0.6983,49.7512438,50,0.00497512438,9.79164666e-15,0
0.6984,49.7512438,50,0.00497512438,9.79164666e-15,0
0.6985,49.7512438,50,0.00497512438,9.79164666e-15,0
0.6986,49.7512438,50,0.00497512438,9.79164666e-15,0
0.6987,49.7512438,50,0.00497512438,9.79164666e-15,0
0.6988,49.7512438,50,0.00497512438,9.79164666e-15,0
0.6989,49.7512438,50,0.00497512438,9.79164666e-15,0
0.699,49.7512438,50,0.00497512438,9.79164666e-15,0
0.6991,49.7512438,50,0.00497512438,9.69276742e-15,0
0.6992,49.7512438,50,0.00497512438,9.69276742e-15,0
0.6993,49.7512438,50,0.00497512438,9.69276742e-15,0
0.6994,49.7512438,50,0.00497512438,9.69276742e-15,0
0.6995,49.7512438,50,0.00497512438,9.69276742e-15,0
0.6996,49.7512438,50,0.00497512438,9.69276742e-15,0
0.6997,49.7512438,50,0.00497512438,9.69276742e-15,0
0.6998,49.7512438,50,0.00497512438,9.69276742e-15,0
0.6999,49.7512438,50,0.00497512438,9.69276742e-15,0
0.7,49.7512438,50,0.00497512438,9.69276742e-15,0
0.7001,49.7512438,50,0.00497512438,9.6615424e-15,0
0.7002,49.7512438,50,0.00497512438,9.6615424e-15,0
0.7003,49.7512438,50,0.00497512438,9.6615424e-15,0
0.7004,49.7512438,50,0.00497512438,9.6615424e-15,0
0.7005,49.7512438,50,0.00497512438,9.6615424e-15,0
0.7006,49.7512438,50,0.00497512438,9.6615424e-15,0
0.7007,49.7512438,50,0.00497512438,9.6615424e-15,0
0.7008,49.7512438,50,0.00497512438,9.6615424e-15,0
0.7009,49.7512438,50,0.00497512438,9.6615424e-15,0
0.701,49.7512438,50,0.00497512438,9.6615424e-15,0
0.7011,49.7512438,50,0.00497512438,9.70404312e-15,0
0.7012,49.7512438,50,0.00497512438,9.70404312e-15,0
0.7013,49.7512438,50,0.00497512438,9.70404312e-15,0
0.7014,49.7512438,50,0.00497512438,9.70404312e-15,0
0.7015,49.7512438,50,0.00497512438,9.70404312e-15,0
0.7016,49.7512438,50,0.00497512438,9.70404312e-15,0
0.7017,49.7512438,50,0.00497512438,9.70404312e-15,0
0.7018,49.7512438,50,0.00497512438,9.70404312e-15,0
0.7019,49.7512438,50,0.00497512438,9.70404312e-15,0
0.702,49.7512438,50,0.00497512438,9.70404312e-15,0
0.7021,49.7512438,50,0.00497512438,9.82113696e-15,0
0.7022,49.7512438,50,0.00497512438,9.82113696e-15,0
0.7023,49.7512438,50,0.00497512438,9.82113696e-15,0
0.7024,49.7512438,50,0.00497512438,9.82113696e-15,0
0.7025,49.7512438,50,0.00497512438,9.82113696e-15,0
0.7026,49.7512438,50,0.00497512438,9.82113696e-15,0
0.7027,49.7512438,50,0.00497512438,9.82113696e-15,0
0.7028,49.7512438,50,0.00497512438,9.82113696e-15,0
0.7029,49.7512438,50,0.00497512438,9.82113696e-15,0
0.703,49.7512438,50,0.00497512438,9.82113696e-15,0
0.7031,49.7512438,50,0.00497512438,9.56873469e-15,0
0.7032,49.7512438,50,0.00497512438,9.56873469e-15,0
0.7033,49.7512438,50,0.00497512438,9.56873469e-15,0
0.7034,49.7512438,50,0.00497512438,9.56873469e-15,0
0.7035,49.7512438,50,0.00497512438,9.56873469e-15,0
0.7036,49.7512438,50,0.00497512438,9.56873469e-15,0
0.7037,49.7512438,50,0.00497512438,9.56873469e-15,0
0.7038,49.7512438,50,0.00497512438,9.56873469e-15,0
0.7039,49.7512438,50,0.00497512438,9.56873469e-15,0
0.704,49.7512438,50,0.00497512438,9.56873469e-15,0
0.7041,49.7512438,50,0.00497512438,9.34929217e-15,0
0.7042,49.7512438,50,0.00497512438,9.34929217e-15,0
0.7043,49.7512438,50,0.00497512438,9.34929217e-15,0
0.7044,49.7512438,50,0.00497512438,9.34929217e-15,0
0.7045,49.7512438,50,0.00497512438,9.34929217e-15,0
0.7046,49.7512438,50,0.00497512438,9.34929217e-15,0
0.7047,49.7512438,50,0.00497512438,9.34929217e-15,0
0.7048,49.7512438,50,0.00497512438,9.34929217e-15,0
0.7049,49.7512438,50,0.00497512438,9.34929217e-15,0
0.705,49.7512438,50,0.00497512438,9.34929217e-15,0
0.7051,49.7512438,50,0.00497512438,9.12638021e-15,0
0.7052,49.7512438,50,0.00497512438,9.12638021e-15,0
0.7053,49.7512438,50,0.00497512438,9.12638021e-15,0
0.7054,49.7512438,50,0.00497512438,9.12638021e-15,0
0.7055,49.7512438,50,0.00497512438,9.12638021e-15,0
0.7056,49.7512438,50,0.00497512438,9.12638021e-15,0
0.7057,49.7512438,50,0.00497512438,9.12638021e-15,0
0.7058,49.7512438,50,0.00497512438,9.12638021e-15,0
0.7059,49.7512438,50,0.00497512438,9.12638021e-15,0
0.706,49.7512438,50,0.00497512438,9.12638021e-15,0
0.7061,49.7512438,50,0.00497512438,8.9043356e-15,0
0.7062,49.7512438,50,0.00497512438,8.9043356e-15,0
0.7063,49.7512438,50,0.00497512438,8.9043356e-15,0
0.7064,49.7512438,50,0.00497512438,8.9043356e-15,0
0.7065,49.7512438,50,0.00497512438,8.9043356e-15,0
0.7066,49.7512438,50,0.00497512438,8.9043356e-15,0
0.7067,49.7512438,50,0.00497512438,8.9043356e-15,0
0.7068,49.7512438,50,0.00497512438,8.9043356e-15,0
0.7069,49.7512438,50,0.00497512438,8.9043356e-15,0
0.707,49.7512438,50,0.00497512438,8.9043356e-15,0
0.7071,49.7512438,50,0.00497512438,8.682291e-15,0
0.7072,49.7512438,50,0.00497512438,8.682291e-15,0
0.7073,49.7512438,50,0.00497512438,8.682291e-15,0
0.7074,49.7512438,50,0.00497512438,8.682291e-15,0
0.7075,49.7512438,50,0.00497512438,8.682291e-15,0
0.7076,49.7512438,50,0.00497512438,8.682291e-15,0
0.7077,49.7512438,50,0.00497512438,8.682291e-15,0
0.7078,49.7512438,50,0.00497512438,8.682291e-15,0
0.7079,49.7512438,50,0.00497512438,8.682291e-15,0
0.708,49.7512438,50,0.00497512438,8.682291e-15,0
0.7081,49.7512438,50,0.00497512438,8.46111375e-15,0
0.7082,49.7512438,50,0.00497512438,8.46111375e-15,0
0.7083,49.7512438,50,0.00497512438,8.46111375e-15,0
0.7084,49.7512438,50,0.00497512438,8.46111375e-15,0
0.7085,49.7512438,50,0.00497512438,8.46111375e-15,0
0.7086,49.7512438,50,0.00497512438,8.46111375e-15,0
0.7087,49.7512438,50,0.00497512438,8.46111375e-15,0
0.7088,49.7512438,50,0.00497512438,8.46111375e-15,0
0.7089,49.7512438,50,0.00497512438,8.46111375e-15,0
0.709,49.7512438,50,0.00497512438,8.46111375e-15,0
0.7091,49.7512438,50,0.00497512438,8.23906915e-15,0
0.7092,49.7512438,50,0.00497512438,8.23906915e-15,0
0.7093,49.7512438,50,0.00497512438,8.23906915e-15,0
0.7094,49.7512438,50,0.00497512438,8.23906915e-15,0
0.7095,49.7512438,50,0.00497512438,8.23906915e-15,0
0.7096,49.7512438,50,0.00497512438,8.23906915e-15,0
0.7097,49.7512438,50,0.00497512438,8.23906915e-15,0
0.7098,49.7512438,50,0.00497512438,8.23906915e-15,0
0.7099,49.7512438,50,0.00497512438,8.23906915e-15,0
0.71,49.7512438,50,0.00497512438,8.23906915e-15,0
0.7101,49.7512438,50,0.00497512438,8.01702454e-15,0
0.7102,49.7512438,50,0.00497512438,8.01702454e-15,0
0.7103,49.7512438,50,0.00497512438,8.01702454e-15,0
0.7104,49.7512438,50,0.00497512438,8.01702454e-15,0
0.7105,49.7512438,50,0.00497512438,8.01702454e-15,0
0.7106,49.7512438,50,0.00497512438,8.01702454e-15,0
0.7107,49.7512438,50,0.00497512438,8.01702454e-15,0
0.7108,49.7512438,50,0.00497512438,8.01702454e-15,0
0.7109,49.7512438,50,0.00497512438,8.01702454e-15,0
0.711,49.7512438,50,0.00497512438,8.01702454e-15,0
0.7111,49.7512438,50,0.00497512438,7.79497994e-15,0
0.7112,49.7512438,50,0.00497512438,7.79497994e-15,0
0.7113,49.7512438,50,0.00497512438,7.79497994e-15,0
0.7114,49.7512438,50,0.00497512438,7.79497994e-15,0
0.7115,49.7512438,50,0.00497512438,7.79497994e-15,0
0.7116,49.7512438,50,0.00497512438,7.79497994e-15,0
0.7117,49.7512438,50,0.00497512438,7.79497994e-15,0
0.7118,49.7512438,50,0.00497512438,7.79497994e-15,0
0.7119,49.7512438,50,0.00497512438,7.79497994e-15,0
0.712,49.7512438,50,0.00497512438,7.79497994e-15,0
0.7121,49.7512438,50,0.00497512438,7.5738027e-15,0
0.7122,49.7512438,50,0.00497512438,7.5738027e-15,0
0.7123,49.7512438,50,0.00497512438,7.5738027e-15,0
0.7124,49.7512438,50,0.00497512438,7.5738027e-15,0
0.7125,49.7512438,50,0.00497512438,7.5738027e-15,0
0.7126,49.7512438,50,0.00497512438,7.5738027e-15,0
0.7127,49.7512438,50,0.00497512438,7.5738027e-15,0
0.7128,49.7512438,50,0.00497512438,7.5738027e-15,0
0.7129,49.7512438,50,0.00497512438,7.5738027e-15,0
0.713,49.7512438,50,0.00497512438,7.5738027e-15,0
0.7131,49.7512438,50,0.00497512438,7.35175809e-15,0
0.7132,49.7512438,50,0.00497512438,7.35175809e-15,0
0.7133,49.7512438,50,0.00497512438,7.35175809e-15,0
0.7134,49.7512438,50,0.00497512438,7.35175809e-15,0
0.7135,49.7512438,50,0.00497512438,7.35175809e-15,0
0.7136,49.7512438,50,0.00497512438,7.35175809e-15,0
0.7137,49.7512438,50,0.00497512438,7.35175809e-15,0
0.7138,49.7512438,50,0.00497512438,7.35175809e-15,0
0.7139,49.7512438,50,0.00497512438,7.35175809e-15,0
0.714,49.7512438,50,0.00497512438,7.35175809e-15,0
0.7141,49.7512438,50,0.00497512438,7.12971349e-15,0
0.7142,49.7512438,50,0.00497512438,7.12971349e-15,0
0.7143,49.7512438,50,0.00497512438,7.12971349e-15,0
0.7144,49.7512438,50,0.00497512438,7.12971349e-15,0
0.7145,49.7512438,50,0.00497512438,7.12971349e-15,0
0.7146,49.7512438,50,0.00497512438,7.12971349e-15,0
0.7147,49.7512438,50,0.00497512438,7.12971349e-15,0
0.7148,49.7512438,50,0.00497512438,7.12971349e-15,0
0.7149,49.7512438,50,0.00497512438,7.12971349e-15,0
0.715,49.7512438,50,0.00497512438,7.12971349e-15,0
0.7151,49.7512438,50,0.00497512438,6.90766888e-15,0
0.7152,49.7512438,50,0.00497512438,6.90766888e-15,0
0.7153,49.7512438,50,0.00497512438,6.90766888e-15,0
0.7154,49.7512438,50,0.00497512438,6.90766888e-15,0
0.7155,49.7512438,50,0.00497512438,6.90766888e-15,0
0.7156,49.7512438,50,0.00497512438,6.90766888e-15,0
0.7157,49.7512438,50,0.00497512438,6.90766888e-15,0
0.7158,49.7512438,50,0.00497512438,6.90766888e-15,0
0.7159,49.7512438,50,0.00497512438,6.90766888e-15,0
0.716,49.7512438,50,0.00497512438,6.90766888e-15,0
0.7161,49.7512438,50,0.00497512438,6.68649164e-15,0
0.7162,49.7512438,50,0.00497512438,6.68649164e-15,0
0.7163,49.7512438,50,0.00497512438,6.68649164e-15,0
0.7164,49.7512438,50,0.00497512438,6.68649164e-15,0
0.7165,49.7512438,50,0.00497512438,6.68649164e-15,0
0.7166,49.7512438,50,0.00497512438,6.68649164e-15,0
0.7167,49.7512438,50,0.00497512438,6.68649164e-15,0
0.7168,49.7512438,50,0.00497512438,6.68649164e-15,0
0.7169,49.7512438,50,0.00497512438,6.68649164e-15,0
0.717,49.7512438,50,0.00497512438,6.68649164e-15,0
0.7171,49.7512438,50,0.00497512438,6.46444703e-15,0
0.7172,49.7512438,50,0.00497512438,6.46444703e-15,0
0.7173,49.7512438,50,0.00497512438,6.46444703e-15,0
0.7174,49.7512438,50,0.00497512438,6.46444703e-15,0
0.7175,49.7512438,50,0.00497512438,6.46444703e-15,0
0.7176,49.7512438,50,0.00497512438,6.46444703e-15,0
0.7177,49.7512438,50,0.00497512438,6.46444703e-15,0
0.7178,49.7512438,50,0.00497512438,6.46444703e-15,0
0.7179,49.7512438,50,0.00497512438,6.46444703e-15,0
0.718,49.7512438,50,0.00497512438,6.46444703e-15,0
0.7181,49.7512438,50,0.00497512438,6.24240243e-15,0
0.7182,49.7512438,50,0.00497512438,6.24240243e-15,0
0.7183,49.7512438,50,0.00497512438,6.24240243e-15,0
0.7184,49.7512438,50,0.00497512438,6.24240243e-15,0
0.7185,49.7512438,50,0.00497512438,6.24240243e-15,0
0.7186,49.7512438,50,0.00497512438,6.24240243e-15,0
0.7187,49.7512438,50,0.00497512438,6.24240243e-15,0
0.7188,49.7512438,50,0.00497512438,6.24240243e-15,0
0.7189,49.7512438,50,0.00497512438,6.24240243e-15,0
0.719,49.7512438,50,0.00497512438,6.24240243e-15,0
0.7191,49.7512438,50,0.00497512438,6.02035782e-15,0
0.7192,49.7512438,50,0.00497512438,6.02035782e-15,0
0.7193,49.7512438,50,0.00497512438,6.02035782e-15,0
0.7194,49.7512438,50,0.00497512438,6.02035782e-15,0
0.7195,49.7512438,50,0.00497512438,6.02035782e-15,0
0.7196,49.7512438,50,0.00497512438,6.02035782e-15,0
0.7197,49.7512438,50,0.00497512438,6.02035782e-15,0
0.7198,49.7512438,50,0.00497512438,6.02035782e-15,0
0.7199,49.7512438,50,0.00497512438,6.02035782e-15,0
0.72,49.7512438,50,0.00497512438,6.02035782e-15,0
0.7201,49.7512438,50,0.00497512438,5.79918058e-15,0
0.7202,49.7512438,50,0.00497512438,5.79918058e-15,0
0.7203,49.7512438,50,0.00497512438,5.79918058e-15,0
0.7204,49.7512438,50,0.00497512438,5.79918058e-15,0
0.7205,49.7512438,50,0.00497512438,5.79918058e-15,0
0.7206,49.7512438,50,0.00497512438,5.79918058e-15,0
0.7207,49.7512438,50,0.00497512438,5.79918058e-15,0
0.7208,49.7512438,50,0.00497512438,5.79918058e-15,0
0.7209,49.7512438,50,0.00497512438,5.79918058e-15,0
0.721,49.7512438,50,0.00497512438,5.79918058e-15,0
0.7211,49.7512438,50,0.00497512438,5.57713598e-15,0
0.7212,49.7512438,50,0.00497512438,5.57713598e-15,0
0.7213,49.7512438,50,0.00497512438,5.57713598e-15,0
0.7214,49.7512438,50,0.00497512438,5.57713598e-15,0
0.7215,49.7512438,50,0.00497512438,5.57713598e-15,0
0.7216,49.7512438,50,0.00497512438,5.57713598e-15,0
0.7217,49.7512438,50,0.00497512438,5.57713598e-15,0
0.7218,49.7512438,50,0.00497512438,5.57713598e-15,0
0.7219,49.7512438,50,0.00497512438,5.57713598e-15,0
0.722,49.7512438,50,0.00497512438,5.57713598e-15,0
0.7221,49.7512438,50,0.00497512438,5.35509137e-15,0
0.7222,49.7512438,50,0.00497512438,5.35509137e-15,0
0.7223,49.7512438,50,0.00497512438,5.35509137e-15,0
0.7224,49.7512438,50,0.00497512438,5.35509137e-15,0
0.7225,49.7512438,50,0.00497512438,5.35509137e-15,0
0.7226,49.7512438,50,0.00497512438,5.35509137e-15,0
0.7227,49.7512438,50,0.00497512438,5.35509137e-15,0
0.7228,49.7512438,50,0.00497512438,5.35509137e-15,0
0.7229,49.7512438,50,0.00497512438,5.35509137e-15,0
0.723,49.7512438,50,0.00497512438,5.35509137e-15,0
0.7231,49.7512438,50,0.00497512438,5.13304677e-15,0
0.7232,49.7512438,50,0.00497512438,5.13304677e-15,0
0.7233,49.7512438,50,0.00497512438,5.13304677e-15,0
0.7234,49.7512438,50,0.00497512438,5.13304677e-15,0
0.7235,49.7512438,50,0.00497512438,5.13304677e-15,0
0.7236,49.7512438,50,0.00497512438,5.13304677e-15,0
0.7237,49.7512438,50,0.00497512438,5.13304677e-15,0
0.7238,49.7512438,50,0.00497512438,5.13304677e-15,0
0.7239,49.7512438,50,0.00497512438,5.13304677e-15,0
0.724,49.7512438,50,0.00497512438,5.13304677e-15,0
0.7241,49.7512438,50,0.00497512438,4.91186952e-15,0
0.7242,49.7512438,50,0.00497512438,4.91186952e-15,0
0.7243,49.7512438,50,0.00497512438,4.91186952e-15,0
0.7244,49.7512438,50,0.00497512438,4.91186952e-15,0
0.7245,49.7512438,50,0.00497512438,4.91186952e-15,0
0.7246,49.7512438,50,0.00497512438,4.91186952e-15,0
0.7247,49.7512438,50,0.00497512438,4.91186952e-15,0
0.7248,49.7512438,50,0.00497512438,4.91186952e-15,0
0.7249,49.7512438,50,0.00497512438,4.91186952e-15,0
0.725,49.7512438,50,0.00497512438,4.91186952e-15,0
0.7251,49.7512438,50,0.00497512438,4.68982492e-15,0
0.7252,49.7512438,50,0.00497512438,4.68982492e-15,0
0.7253,49.7512438,50,0.00497512438,4.68982492e-15,0
0.7254,49.7512438,50,0.00497512438,4.68982492e-15,0
0.7255,49.7512438,50,0.00497512438,4.68982492e-15,0
0.7256,49.7512438,50,0.00497512438,4.68982492e-15,0
0.7257,49.7512438,50,0.00497512438,4.68982492e-15,0
0.7258,49.7512438,50,0.00497512438,4.68982492e-15,0
0.7259,49.7512438,50,0.00497512438,4.68982492e-15,0
0.726,49.7512438,50,0.00497512438,4.68982492e-15,0
0.7261,49.7512438,50,0.00497512438,4.46778031e-15,0
0.7262,49.7512438,50,0.00497512438,4.46778031e-15,0
0.7263,49.7512438,50,0.00497512438,4.46778031e-15,0
0.7264,49.7512438,50,0.00497512438,4.46778031e-15,0
0.7265,49.7512438,50,0.00497512438,4.46778031e-15,0
0.7266,49.7512438,50,0.00497512438,4.46778031e-15,0
0.7267,49.7512438,50,0.00497512438,4.46778031e-15,0
0.7268,49.7512438,50,0.00497512438,4.46778031e-15,0
0.7269,49.7512438,50,0.00497512438,4.46778031e-15,0
0.727,49.7512438,50,0.00497512438,4.46778031e-15,0
0.7271,49.7512438,50,0.00497512438,4.24573571e-15,0
0.7272,49.7512438,50,0.00497512438,4.24573571e-15,0
0.7273,49.7512438,50,0.00497512438,4.24573571e-15,0
0.7274,49.7512438,50,0.00497512438,4.24573571e-15,0
0.7275,49.7512438,50,0.00497512438,4.24573571e-15,0
0.7276,49.7512438,50,0.00497512438,4.24573571e-15,0
0.7277,49.7512438,50,0.00497512438,4.24573571e-15,0
0.7278,49.7512438,50,0.00497512438,4.24573571e-15,0
0.7279,49.7512438,50,0.00497512438,4.24573571e-15,0
0.728,49.7512438,50,0.00497512438,4.24573571e-15,0
0.7281,49.7512438,50,0.00497512438,4.02455846e-15,0
0.7282,49.7512438,50,0.00497512438,4.02455846e-15,0
0.7283,49.7512438,50,0.00497512438,4.02455846e-15,0
0.7284,49.7512438,50,0.00497512438,4.02455846e-15,0
0.7285,49.7512438,50,0.00497512438,4.02455846e-15,0
0.7286,49.7512438,50,0.00497512438,4.02455846e-15,0
0.7287,49.7512438,50,0.00497512438,4.02455846e-15,0
0.7288,49.7512438,50,0.00497512438,4.02455846e-15,0
0.7289,49.7512438,50,0.00497512438,4.02455846e-15,0
0.729,49.7512438,50,0.00497512438,4.02455846e-15,0
0.7291,49.7512438,50,0.00497512438,3.80251386e-15,0
0.7292,49.7512438,50,0.00497512438,3.80251386e-15,0
0.7293,49.7512438,50,0.00497512438,3.80251386e-15,0
0.7294,49.7512438,50,0.00497512438,3.80251386e-15,0
0.7295,49.7512438,50,0.00497512438,3.80251386e-15,0
0.7296,49.7512438,50,0.00497512438,3.80251386e-15,0
0.7297,49.7512438,50,0.00497512438,3.80251386e-15,0
0.7298,49.7512438,50,0.00497512438,3.80251386e-15,0
0.7299,49.7512438,50,0.00497512438,3.80251386e-15,0
0.73,49.7512438,50,0.00497512438,3.80251386e-15,0
0.7301,49.7512438,50,0.00497512438,3.58046925e-15,0
0.7302,49.7512438,50,0.00497512438,3.58046925e-15,0
0.7303,49.7512438,50,0.00497512438,3.58046925e-15,0
0.7304,49.7512438,50,0.00497512438,3.58046925e-15,0
0.7305,49.7512438,50,0.00497512438,3.58046925e-15,0
0.7306,49.7512438,50,0.00497512438,3.58046925e-15,0
0.7307,49.7512438,50,0.00497512438,3.58046925e-15,0
0.7308,49.7512438,50,0.00497512438,3.58046925e-15,0
0.7309,49.7512438,50,0.00497512438,3.58046925e-15,0
0.731,49.7512438,50,0.00497512438,3.58046925e-15,0
0.7311,49.7512438,50,0.00497512438,3.35842465e-15,0
0.7312,49.7512438,50,0.00497512438,3.35842465e-15,0
0.7313,49.7512438,50,0.00497512438,3.35842465e-15,0
0.7314,49.7512438,50,0.00497512438,3.35842465e-15,0
0.7315,49.7512438,50,0.00497512438,3.35842465e-15,0
0.7316,49.7512438,50,0.00497512438,3.35842465e-15,0
0.7317,49.7512438,50,0.00497512438,3.35842465e-15,0
0.7318,49.7512438,50,0.00497512438,3.35842465e-15,0
0.7319,49.7512438,50,0.00497512438,3.35842465e-15,0
0.732,49.7512438,50,0.00497512438,3.35842465e-15,0
0.7321,49.7512438,50,0.00497512438,3.13724741e-15,0
0.7322,49.7512438,50,0.00497512438,3.13724741e-15,0
0.7323,49.7512438,50,0.00497512438,3.13724741e-15,0
0.7324,49.7512438,50,0.00497512438,3.13724741e-15,0
0.7325,49.7512438,50,0.00497512438,3.13724741e-15,0
0.7326,49.7512438,50,0.00497512438,3.13724741e-15,0
0.7327,49.7512438,50,0.00497512438,3.13724741e-15,0
0.7328,49.7512438,50,0.00497512438,3.13724741e-15,0
0.7329,49.7512438,50,0.00497512438,3.13724741e-15,0
0.733,49.7512438,50,0.00497512438,3.13724741e-15,0
0.7331,49.7512438,50,0.00497512438,2.9152028e-15,0
0.7332,49.7512438,50,0.00497512438,2.9152028e-15,0
0.7333,49.7512438,50,0.00497512438,2.9152028e-15,0
0.7334,49.7512438,50,0.00497512438,2.9152028e-15,0
0.7335,49.7512438,50,0.00497512438,2.9152028e-15,0
0.7336,49.7512438,50,0.00497512438,2.9152028e-15,0
0.7337,49.7512438,50,0.00497512438,2.9152028e-15,0
0.7338,49.7512438,50,0.00497512438,2.9152028e-15,0
0.7339,49.7512438,50,0.00497512438,2.9152028e-15,0
0.734,49.7512438,50,0.00497512438,2.9152028e-15,0
0.7341,49.7512438,50,0.00497512438,2.6931582e-15,0
0.7342,49.7512438,50,0.00497512438,2.6931582e-15,0
0.7343,49.7512438,50,0.00497512438,2.6931582e-15,0
0.7344,49.7512438,50,0.00497512438,2.6931582e-15,0
0.7345,49.7512438,50,0.00497512438,2.6931582e-15,0
0.7346,49.7512438,50,0.00497512438,2.6931582e-15,0
0.7347,49.7512438,50,0.00497512438,2.6931582e-15,0
0.7348,49.7512438,50,0.00497512438,2.6931582e-15,0
0.7349,49.7512438,50,0.00497512438,2.6931582e-15,0
0.735,49.7512438,50,0.00497512438,2.6931582e-15,0
0.7351,49.7512438,50,0.00497512438,2.47111359e-15,0
0.7352,49.7512438,50,0.00497512438,2.47111359e-15,0
0.7353,49.7512438,50,0.00497512438,2.47111359e-15,0
0.7354,49.7512438,50,0.00497512438,2.47111359e-15,0
0.7355,49.7512438,50,0.00497512438,2.47111359e-15,0
0.7356,49.7512438,50,0.00497512438,2.47111359e-15,0
0.7357,49.7512438,50,0.00497512438,2.47111359e-15,0
0.7358,49.7512438,50,0.00497512438,2.47111359e-15,0
0.7359,49.7512438,50,0.00497512438,2.47111359e-15,0
0.736,49.7512438,50,0.00497512438,2.47111359e-15,0
0.7361,49.7512438,50,0.00497512438,2.24993635e-15,0
0.7362,49.7512438,50,0.00497512438,2.24993635e-15,0
0.7363,49.7512438,50,0.00497512438,2.24993635e-15,0
0.7364,49.7512438,50,0.00497512438,2.24993635e-15,0
0.7365,49.7512438,50,0.00497512438,2.24993635e-15,0
0.7366,49.7512438,50,0.00497512438,2.24993635e-15,0
0.7367,49.7512438,50,0.00497512438,2.24993635e-15,0
0.7368,49.7512438,50,0.00497512438,2.24993635e-15,0
0.7369,49.7512438,50,0.00497512438,2.24993635e-15,0
0.737,49.7512438,50,0.00497512438,2.24993635e-15,0
0.7371,49.7512438,50,0.00497512438,2.02789174e-15,0
0.7372,49.7512438,50,0.00497512438,2.02789174e-15,0
0.7373,49.7512438,50,0.00497512438,2.02789174e-15,0
0.7374,49.7512438,50,0.00497512438,2.02789174e-15,0
0.7375,49.7512438,50,0.00497512438,2.02789174e-15,0
0.7376,49.7512438,50,0.00497512438,2.02789174e-15,0
0.7377,49.7512438,50,0.00497512438,2.02789174e-15,0
0.7378,49.7512438,50,0.00497512438,2.02789174e-15,0
0.7379,49.7512438,50,0.00497512438,2.02789174e-15,0
0.738,49.7512438,50,0.00497512438,2.02789174e-15,0
0.7381,49.7512438,50,0.00497512438,1.80584714e-15,0
0.7382,49.7512438,50,0.00497512438,1.80584714e-15,0
0.7383,49.7512438,50,0.00497512438,1.80584714e-15,0
0.7384,49.7512438,50,0.00497512438,1.80584714e-15,0
0.7385,49.7512438,50,0.00497512438,1.80584714e-15,0
0.7386,49.7512438,50,0.00497512438,1.80584714e-15,0
0.7387,49.7512438,50,0.00497512438,1.80584714e-15,0
0.7388,49.7512438,50,0.00497512438,1.80584714e-15,0
0.7389,49.7512438,50,0.00497512438,1.80584714e-15,0
0.739,49.7512438,50,0.00497512438,1.80584714e-15,0
0.7391,49.7512438,50,0.00497512438,1.58380253e-15,0
0.7392,49.7512438,50,0.00497512438,1.58380253e-15,0
0.7393,49.7512438,50,0.00497512438,1.58380253e-15,0
0.7394,49.7512438,50,0.00497512438,1.58380253e-15,0
0.7395,49.7512438,50,0.00497512438,1.58380253e-15,0
0.7396,49.7512438,50,0.00497512438,1.58380253e-15,0
0.7397,49.7512438,50,0.00497512438,1.58380253e-15,0
0.7398,49.7512438,50,0.00497512438,1.58380253e-15,0
0.7399,49.7512438,50,0.00497512438,1.58380253e-15,0
0.74,49.7512438,50,0.00497512438,1.58380253e-15,0
0.7401,49.7512438,50,0.00497512438,1.36262529e-15,0
0.7402,49.7512438,50,0.00497512438,1.36262529e-15,0
0.7403,49.7512438,50,0.00497512438,1.36262529e-15,0
0.7404,49.7512438,50,0.00497512438,1.36262529e-15,0
0.7405,49.7512438,50,0.00497512438,1.36262529e-15,0
0.7406,49.7512438,50,0.00497512438,1.36262529e-15,0
0.7407,49.7512438,50,0.00497512438,1.36262529e-15,0
0.7408,49.7512438,50,0.00497512438,1.36262529e-15,0
0.7409,49.7512438,50,0.00497512438,1.36262529e-15,0
0.741,49.7512438,50,0.00497512438,1.36262529e-15,0
0.7411,49.7512438,50,0.00497512438,1.14058069e-15,0
0.7412,49.7512438,50,0.00497512438,1.14058069e-15,0
0.7413,49.7512438,50,0.00497512438,1.14058069e-15,0
0.7414,49.7512438,50,0.00497512438,1.14058069e-15,0
0.7415,49.7512438,50,0.00497512438,1.14058069e-15,0
0.7416,49.7512438,50,0.00497512438,1.14058069e-15,0
0.7417,49.7512438,50,0.00497512438,1.14058069e-15,0
0.7418,49.7512438,50,0.00497512438,1.14058069e-15,0
0.7419,49.7512438,50,0.00497512438,1.14058069e-15,0
0.742,49.7512438,50,0.00497512438,1.14058069e-15,0
0.7421,49.7512438,50,0.00497512438,9.18536081e-16,0
0.7422,49.7512438,50,0.00497512438,9.18536081e-16,0
0.7423,49.7512438,50,0.00497512438,9.18536081e-16,0
0.7424,49.7512438,50,0.00497512438,9.18536081e-16,0
0.7425,49.7512438,50,0.00497512438,9.18536081e-16,0
0.7426,49.7512438,50,0.00497512438,9.18536081e-16,0
0.7427,49.7512438,50,0.00497512438,9.18536081e-16,0
0.7428,49.7512438,50,0.00497512438,9.18536081e-16,0
0.7429,49.7512438,50,0.00497512438,9.18536081e-16,0
0.743,49.7512438,50,0.00497512438,9.18536081e-16,0
0.7431,49.7512438,50,0.00497512438,6.96491476e-16,0
0.7432,49.7512438,50,0.00497512438,6.96491476e-16,0
0.7433,49.7512438,50,0.00497512438,6.96491476e-16,0
0.7434,49.7512438,50,0.00497512438,6.96491476e-16,0
0.7435,49.7512438,50,0.00497512438,6.96491476e-16,0
0.7436,49.7512438,50,0.00497512438,6.96491476e-16,0
0.7437,49.7512438,50,0.00497512438,6.96491476e-16,0
0.7438,49.7512438,50,0.00497512438,6.96491476e-16,0
0.7439,49.7512438,50,0.00497512438,6.96491476e-16,0
0.744,49.7512438,50,0.00497512438,6.96491476e-16,0
0.7441,49.7512438,50,0.00497512438,4.75314232e-16,0
0.7442,49.7512438,50,0.00497512438,4.75314232e-16,0
0.7443,49.7512438,50,0.00497512438,4.75314232e-16,0
0.7444,49.7512438,50,0.00497512438,4.75314232e-16,0
0.7445,49.7512438,50,0.00497512438,4.75314232e-16,0
0.7446,49.7512438,50,0.00497512438,4.75314232e-16,0
0.7447,49.7512438,50,0.00497512438,4.75314232e-16,0
0.7448,49.7512438,50,0.00497512438,4.75314232e-16,0
0.7449,49.7512438,50,0.00497512438,4.75314232e-16,0
0.745,49.7512438,50,0.00497512438,4.75314232e-16,0
0.7451,49.7512438,50,0.00497512438,2.53269627e-16,0
0.7452,49.7512438,50,0.00497512438,2.53269627e-16,0
0.7453,49.7512438,50,0.00497512438,2.53269627e-16,0
0.7454,49.7512438,50,0.00497512438,2.53269627e-16,0
0.7455,49.7512438,50,0.00497512438,2.53269627e-16,0
0.7456,49.7512438,50,0.00497512438,2.53269627e-16,0
0.7457,49.7512438,50,0.00497512438,2.53269627e-16,0
0.7458,49.7512438,50,0.00497512438,2.53269627e-16,0
0.7459,49.7512438,50,0.00497512438,2.53269627e-16,0
0.746,49.7512438,50,0.00497512438,2.53269627e-16,0
0.7461,49.7512438,50,0.00497512438,3.12250226e-17,0
0.7462,49.7512438,50,0.00497512438,3.12250226e-17,0
0.7463,49.7512438,50,0.00497512438,3.12250226e-17,0
0.7464,49.7512438,50,0.00497512438,3.12250226e-17,0
0.7465,49.7512438,50,0.00497512438,3.12250226e-17,0
0.7466,49.7512438,50,0.00497512438,3.12250226e-17,0
0.7467,49.7512438,50,0.00497512438,3.12250226e-17,0
0.7468,49.7512438,50,0.00497512438,3.12250226e-17,0
0.7469,49.7512438,50,0.00497512438,3.12250226e-17,0
0.747,49.7512438,50,0.00497512438,3.12250226e-17,0
0.7471,49.7512438,50,0.00497512438,-1.90819582e-16,0
0.7472,49.7512438,50,0.00497512438,-1.90819582e-16,0
0.7473,49.7512438,50,0.00497512438,-1.90819582e-16,0
0.7474,49.7512438,50,0.00497512438,-1.90819582e-16,0
0.7475,49.7512438,50,0.00497512438,-1.90819582e-16,0
0.7476,49.7512438,50,0.00497512438,-1.90819582e-16,0
0.7477,49.7512438,50,0.00497512438,-1.90819582e-16,0
0.7478,49.7512438,50,0.00497512438,-1.90819582e-16,0
0.7479,49.7512438,50,0.00497512438,-1.90819582e-16,0
0.748,49.7512438,50,0.00497512438,-1.90819582e-16,0
0.7481,49.7512438,50,0.00497512438,-4.11996826e-16,0
0.7482,49.7512438,50,0.00497512438,-4.11996826e-16,0
0.7483,49.7512438,50,0.00497512438,-4.11996826e-16,0
0.7484,49.7512438,50,0.00497512438,-4.11996826e-16,0
0.7485,49.7512438,50,0.00497512438,-4.11996826e-16,0
0.7486,49.7512438,50,0.00497512438,-4.11996826e-16,0
0.7487,49.7512438,50,0.00497512438,-4.11996826e-16,0
0.7488,49.7512438,50,0.00497512438,-4.11996826e-16,0
0.7489,49.7512438,50,0.00497512438,-4.11996826e-16,0
0.749,49.7512438,50,0.00497512438,-4.11996826e-16,0
0.7491,49.7512438,50,0.00497512438,-6.3404143e-16,0
0.7492,49.7512438,50,0.00497512438,-6.3404143e-16,0
0.7493,49.7512438,50,0.00497512438,-6.3404143e-16,0
0.7494,49.7512438,50,0.00497512438,-6.3404143e-16,0
0.7495,49.7512438,50,0.00497512438,-6.3404143e-16,0
0.7496,49.7512438,50,0.00497512438,-6.3404143e-16,0
0.7497,49.7512438,50,0.00497512438,-6.3404143e-16,0
0.7498,49.7512438,50,0.00497512438,-6.3404143e-16,0
0.7499,49.7512438,50,0.00497512438,-6.3404143e-16,0
0.75,49.7512438,50,0.00497512438,-6.3404143e-16,0
0.7501,49.7512438,50,0.00497512438,-8.56086035e-16,0
0.7502,49.7512438,50,0.00497512438,-8.56086035e-16,0
0.7503,49.7512438,50,0.00497512438,-8.56086035e-16,0
0.7504,49.7512438,50,0.00497512438,-8.56086035e-16,0
0.7505,49.7512438,50,0.00497512438,-8.56086035e-16,0
0.7506,49.7512438,50,0.00497512438,-8.56086035e-16,0
0.7507,49.7512438,50,0.00497512438,-8.56086035e-16,0
0.7508,49.7512438,50,0.00497512438,-8.56086035e-16,0
0.7509,49.7512438,50,0.00497512438,-8.56086035e-16,0
0.751,49.7512438,50,0.00497512438,-8.56086035e-16,0
0.7511,49.7512438,50,0.00497512438,-1.07813064e-15,0
0.7512,49.7512438,50,0.00497512438,-1.07813064e-15,0
0.7513,49.7512438,50,0.00497512438,-1.07813064e-15,0
0.7514,49.7512438,50,0.00497512438,-1.07813064e-15,0
0.7515,49.7512438,50,0.00497512438,-1.07813064e-15,0
0.7516,49.7512438,50,0.00497512438,-1.07813064e-15,0
0.7517,49.7512438,50,0.00497512438,-1.07813064e-15,0
0.7518,49.7512438,50,0.00497512438,-1.07813064e-15,0
0.7519,49.7512438,50,0.00497512438,-1.07813064e-15,0
0.752,49.7512438,50,0.00497512438,-1.07813064e-15,0
0.7521,49.7512438,50,0.00497512438,-1.29930788e-15,0
0.7522,49.7512438,50,0.00497512438,-1.29930788e-15,0
0.7523,49.7512438,50,0.00497512438,-1.29930788e-15,0
0.7524,49.7512438,50,0.00497512438,-1.29930788e-15,0
0.7525,49.7512438,50,0.00497512438,-1.29930788e-15,0
0.7526,49.7512438,50,0.00497512438,-1.29930788e-15,0
0.7527,49.7512438,50,0.00497512438,-1.29930788e-15,0
0.7528,49.7512438,50,0.00497512438,-1.29930788e-15,0
0.7529,49.7512438,50,0.00497512438,-1.29930788e-15,0
0.753,49.7512438,50,0.00497512438,-1.29930788e-15,0
0.7531,49.7512438,50,0.00497512438,-1.52135249e-15,0
0.7532,49.7512438,50,0.00497512438,-1.52135249e-15,0
0.7533,49.7512438,50,0.00497512438,-1.52135249e-15,0
0.7534,49.7512438,50,0.00497512438,-1.52135249e-15,0
0.7535,49.7512438,50,0.00497512438,-1.52135249e-15,0
0.7536,49.7512438,50,0.00497512438,-1.52135249e-15,0
0.7537,49.7512438,50,0.00497512438,-1.52135249e-15,0
0.7538,49.7512438,50,0.00497512438,-1.52135249e-15,0
0.7539,49.7512438,50,0.00497512438,-1.52135249e-15,0
0.754,49.7512438,50,0.00497512438,-1.52135249e-15,0
0.7541,49.7512438,50,0.00497512438,-1.74339709e-15,0
0.7542,49.7512438,50,0.00497512438,-1.74339709e-15,0
0.7543,49.7512438,50,0.00497512438,-1.74339709e-15,0
0.7544,49.7512438,50,0.00497512438,-1.74339709e-15,0
0.7545,49.7512438,50,0.00497512438,-1.74339709e-15,0
0.7546,49.7512438,50,0.00497512438,-1.74339709e-15,0
0.7547,49.7512438,50,0.00497512438,-1.74339709e-15,0
0.7548,49.7512438,50,0.00497512438,-1.74339709e-15,0
0.7549,49.7512438,50,0.00497512438,-1.74339709e-15,0
0.755,49.7512438,50,0.00497512438,-1.74339709e-15,0
0.7551,49.7512438,50,0.00497512438,-1.9654417e-15,0
0.7552,49.7512438,50,0.00497512438,-1.9654417e-15,0
0.7553,49.7512438,50,0.00497512438,-1.9654417e-15,0
0.7554,49.7512438,50,0.00497512438,-1.9654417e-15,0
0.7555,49.7512438,50,0.00497512438,-1.9654417e-15,0
0.7556,49.7512438,50,0.00497512438,-1.9654417e-15,0
0.7557,49.7512438,50,0.00497512438,-1.9654417e-15,0
0.7558,49.7512438,50,0.00497512438,-1.9654417e-15,0
0.7559,49.7512438,50,0.00497512438,-1.9654417e-15,0
0.756,49.7512438,50,0.00497512438,-1.9654417e-15,0
0.7561,49.7512438,50,0.00497512438,-2.18661894e-15,0
0.7562,49.7512438,50,0.00497512438,-2.18661894e-15,0
0.7563,49.7512438,50,0.00497512438,-2.18661894e-15,0
0.7564,49.7512438,50,0.00497512438,-2.18661894e-15,0
0.7565,49.7512438,50,0.00497512438,-2.18661894e-15,0
0.7566,49.7512438,50,0.00497512438,-2.18661894e-15,0
0.7567,49.7512438,50,0.00497512438,-2.18661894e-15,0
0.7568,49.7512438,50,0.00497512438,-2.18661894e-15,0
0.7569,49.7512438,50,0.00497512438,-2.18661894e-15,0
0.757,49.7512438,50,0.00497512438,-2.18661894e-15,0
0.7571,49.7512438,50,0.00497512438,-2.40866355e-15,0
0.7572,49.7512438,50,0.00497512438,-2.40866355e-15,0
0.7573,49.7512438,50,0.00497512438,-2.40866355e-15,0
0.7574,49.7512438,50,0.00497512438,-2.40866355e-15,0
0.7575,49.7512438,50,0.00497512438,-2.40866355e-15,0
0.7576,49.7512438,50,0.00497512438,-2.40866355e-15,0
0.7577,49.7512438,50,0.00497512438,-2.40866355e-15,0
0.7578,49.7512438,50,0.00497512438,-2.40866355e-15,0
0.7579,49.7512438,50,0.00497512438,-2.40866355e-15,0
0.758,49.7512438,50,0.00497512438,-2.40866355e-15,0
0.7581,49.7512438,50,0.00497512438,-2.63070815e-15,0
0.7582,49.7512438,50,0.00497512438,-2.63070815e-15,0
0.7583,49.7512438,50,0.00497512438,-2.63070815e-15,0
0.7584,49.7512438,50,0.00497512438,-2.63070815e-15,0
0.7585,49.7512438,50,0.00497512438,-2.63070815e-15,0
0.7586,49.7512438,50,0.00497512438,-2.63070815e-15,0
0.7587,49.7512438,50,0.00497512438,-2.63070815e-15,0
0.7588,49.7512438,50,0.00497512438,-2.63070815e-15,0
0.7589,49.7512438,50,0.00497512438,-2.63070815e-15,0
0.759,49.7512438,50,0.00497512438,-2.63070815e-15,0
0.7591,49.7512438,50,0.00497512438,-2.85275276e-15,0
0.7592,49.7512438,50,0.00497512438,-2.85275276e-15,0
0.7593,49.7512438,50,0.00497512438,-2.85275276e-15,0
0.7594,49.7512438,50,0.00497512438,-2.85275276e-15,0
0.7595,49.7512438,50,0.00497512438,-2.85275276e-15,0
0.7596,49.7512438,50,0.00497512438,-2.85275276e-15,0
0.7597,49.7512438,50,0.00497512438,-2.85275276e-15,0
0.7598,49.7512438,50,0.00497512438,-2.85275276e-15,0
0.7599,49.7512438,50,0.00497512438,-2.85275276e-15,0
0.76,49.7512438,50,0.00497512438,-2.85275276e-15,0
0.7601,49.7512438,50,0.00497512438,-3.07393e-15,0
0.7602,49.7512438,50,0.00497512438,-3.07393e-15,0
0.7603,49.7512438,50,0.00497512438,-3.07393e-15,0
0.7604,49.7512438,50,0.00497512438,-3.07393e-15,0
0.7605,49.7512438,50,0.00497512438,-3.07393e-15,0
0.7606,49.7512438,50,0.00497512438,-3.07393e-15,0
0.7607,49.7512438,50,0.00497512438,-3.07393e-15,0
0.7608,49.7512438,50,0.00497512438,-3.07393e-15,0
0.7609,49.7512438,50,0.00497512438,-3.07393e-15,0
0.761,49.7512438,50,0.00497512438,-3.07393e-15,0
0.7611,49.7512438,50,0.00497512438,-3.2959746e-15,0
0.7612,49.7512438,50,0.00497512438,-3.2959746e-15,0
0.7613,49.7512438,50,0.00497512438,-3.2959746e-15,0
0.7614,49.7512438,50,0.00497512438,-3.2959746e-15,0
0.7615,49.7512438,50,0.00497512438,-3.2959746e-15,0
0.7616,49.7512438,50,0.00497512438,-3.2959746e-15,0
0.7617,49.7512438,50,0.00497512438,-3.2959746e-15,0
0.7618,49.7512438,50,0.00497512438,-3.2959746e-15,0
0.7619,49.7512438,50,0.00497512438,-3.2959746e-15,0
0.762,49.7512438,50,0.00497512438,-3.2959746e-15,0
0.7621,49.7512438,50,0.00497512438,-3.51801921e-15,0
0.7622,49.7512438,50,0.00497512438,-3.51801921e-15,0
0.7623,49.7512438,50,0.00497512438,-3.51801921e-15,0
0.7624,49.7512438,50,0.00497512438,-3.51801921e-15,0
0.7625,49.7512438,50,0.00497512438,-3.51801921e-15,0
0.7626,49.7512438,50,0.00497512438,-3.51801921e-15,0
0.7627,49.7512438,50,0.00497512438,-3.51801921e-15,0
0.7628,49.7512438,50,0.00497512438,-3.51801921e-15,0
0.7629,49.7512438,50,0.00497512438,-3.51801921e-15,0
0.763,49.7512438,50,0.00497512438,-3.51801921e-15,0
0.7631,49.7512438,50,0.00497512438,-3.74006381e-15,0
0.7632,49.7512438,50,0.00497512438,-3.74006381e-15,0
0.7633,49.7512438,50,0.00497512438,-3.74006381e-15,0
0.7634,49.7512438,50,0.00497512438,-3.74006381e-15,0
0.7635,49.7512438,50,0.00497512438,-3.74006381e-15,0
0.7636,49.7512438,50,0.00497512438,-3.74006381e-15,0
0.7637,49.7512438,50,0.00497512438,-3.74006381e-15,0
0.7638,49.7512438,50,0.00497512438,-3.74006381e-15,0
0.7639,49.7512438,50,0.00497512438,-3.74006381e-15,0
0.764,49.7512438,50,0.00497512438,-3.74006381e-15,0
0.7641,49.7512438,50,0.00497512438,-3.96124106e-15,0
0.7642,49.7512438,50,0.00497512438,-3.96124106e-15,0
0.7643,49.7512438,50,0.00497512438,-3.96124106e-15,0
0.7644,49.7512438,50,0.00497512438,-3.96124106e-15,0
0.7645,49.7512438,50,0.00497512438,-3.96124106e-15,0
0.7646,49.7512438,50,0.00497512438,-3.96124106e-15,0
0.7647,49.7512438,50,0.00497512438,-3.96124106e-15,0
0.7648,49.7512438,50,0.00497512438,-3.96124106e-15,0
0.7649,49.7512438,50,0.00497512438,-3.96124106e-15,0
0.765,49.7512438,50,0.00497512438,-3.96124106e-15,0
0.7651,49.7512438,50,0.00497512438,-4.18328566e-15,0
0.7652,49.7512438,50,0.00497512438,-4.18328566e-15,0
0.7653,49.7512438,50,0.00497512438,-4.18328566e-15,0
0.7654,49.7512438,50,0.00497512438,-4.18328566e-15,0
0.7655,49.7512438,50,0.00497512438,-4.18328566e-15,0
0.7656,49.7512438,50,0.00497512438,-4.18328566e-15,0
0.7657,49.7512438,50,0.00497512438,-4.18328566e-15,0
0.7658,49.7512438,50,0.00497512438,-4.18328566e-15,0
0.7659,49.7512438,50,0.00497512438,-4.18328566e-15,0
0.766,49.7512438,50,0.00497512438,-4.18328566e-15,0
0.7661,49.7512438,50,0.00497512438,-4.40533027e-15,0
0.7662,49.7512438,50,0.00497512438,-4.40533027e-15,0
0.7663,49.7512438,50,0.00497512438,-4.40533027e-15,0
0.7664,49.7512438,50,0.00497512438,-4.40533027e-15,0
0.7665,49.7512438,50,0.00497512438,-4.40533027e-15,0
0.7666,49.7512438,50,0.00497512438,-4.40533027e-15,0
0.7667,49.7512438,50,0.00497512438,-4.40533027e-15,0
0.7668,49.7512438,50,0.00497512438,-4.40533027e-15,0
0.7669,49.7512438,50,0.00497512438,-4.40533027e-15,0
0.767,49.7512438,50,0.00497512438,-4.40533027e-15,0
0.7671,49.7512438,50,0.00497512438,-4.62737487e-15,0
0.7672,49.7512438,50,0.00497512438,-4.62737487e-15,0
0.7673,49.7512438,50,0.00497512438,-4.62737487e-15,0
0.7674,49.7512438,50,0.00497512438,-4.62737487e-15,0
0.7675,49.7512438,50,0.00497512438,-4.62737487e-15,0
0.7676,49.7512438,50,0.00497512438,-4.62737487e-15,0
0.7677,49.7512438,50,0.00497512438,-4.62737487e-15,0
0.7678,49.7512438,50,0.00497512438,-4.62737487e-15,0
0.7679,49.7512438,50,0.00497512438,-4.62737487e-15,0
0.768,49.7512438,50,0.00497512438,-4.62737487e-15,0
0.7681,49.7512438,50,0.00497512438,-4.84855212e-15,0
0.7682,49.7512438,50,0.00497512438,-4.84855212e-15,0
0.7683,49.7512438,50,0.00497512438,-4.84855212e-15,0
0.7684,49.7512438,50,0.00497512438,-4.84855212e-15,0
0.7685,49.7512438,50,0.00497512438,-4.84855212e-15,0
0.7686,49.7512438,50,0.00497512438,-4.84855212e-15,0
0.7687,49.7512438,50,0.00497512438,-4.84855212e-15,0
0.7688,49.7512438,50,0.00497512438,-4.84855212e-15,0
0.7689,49.7512438,50,0.00497512438,-4.84855212e-15,0
0.769,49.7512438,50,0.00497512438,-4.84855212e-15,0
0.7691,49.7512438,50,0.00497512438,-5.07059672e-15,0
0.7692,49.7512438,50,0.00497512438,-5.07059672e-15,0
0.7693,49.7512438,50,0.00497512438,-5.07059672e-15,0
0.7694,49.7512438,50,0.00497512438,-5.07059672e-15,0
0.7695,49.7512438,50,0.00497512438,-5.07059672e-15,0
0.7696,49.7512438,50,0.00497512438,-5.07059672e-15,0
0.7697,49.7512438,50,0.00497512438,-5.07059672e-15,0
0.7698,49.7512438,50,0.00497512438,-5.07059672e-15,0
0.7699,49.7512438,50,0.00497512438,-5.07059672e-15,0
0.77,49.7512438,50,0.00497512438,-5.07059672e-15,0
0.7701,49.7512438,50,0.00497512438,-5.29264133e-15,0
0.7702,49.7512438,50,0.00497512438,-5.29264133e-15,0
0.7703,49.7512438,50,0.00497512438,-5.29264133e-15,0
0.7704,49.7512438,50,0.00497512438,-5.29264133e-15,0
0.7705,49.7512438,50,0.00497512438,-5.29264133e-15,0
0.7706,49.7512438,50,0.00497512438,-5.29264133e-15,0
0.7707,49.7512438,50,0.00497512438,-5.29264133e-15,0
0.7708,49.7512438,50,0.00497512438,-5.29264133e-15,0
0.7709,49.7512438,50,0.00497512438,-5.29264133e-15,0
0.771,49.7512438,50,0.00497512438,-5.29264133e-15,0
0.7711,49.7512438,50,0.00497512438,-5.51468593e-15,0
0.7712,49.7512438,50,0.00497512438,-5.51468593e-15,0
0.7713,49.7512438,50,0.00497512438,-5.51468593e-15,0
0.7714,49.7512438,50,0.00497512438,-5.51468593e-15,0
0.7715,49.7512438,50,0.00497512438,-5.51468593e-15,0
0.7716,49.7512438,50,0.00497512438,-5.51468593e-15,0
0.7717,49.7512438,50,0.00497512438,-5.51468593e-15,0
0.7718,49.7512438,50,0.00497512438,-5.51468593e-15,0
0.7719,49.7512438,50,0.00497512438,-5.51468593e-15,0
0.772,49.7512438,50,0.00497512438,-5.51468593e-15,0
0.7721,49.7512438,50,0.00497512438,-5.73586317e-15,0
0.7722,49.7512438,50,0.00497512438,-5.73586317e-15,0
0.7723,49.7512438,50,0.00497512438,-5.73586317e-15,0
0.7724,49.7512438,50,0.00497512438,-5.73586317e-15,0
0.7725,49.7512438,50,0.00497512438,-5.73586317e-15,0
0.7726,49.7512438,50,0.00497512438,-5.73586317e-15,0
0.7727,49.7512438,50,0.00497512438,-5.73586317e-15,0
0.7728,49.7512438,50,0.00497512438,-5.73586317e-15,0
0.7729,49.7512438,50,0.00497512438,-5.73586317e-15,0
0.773,49.7512438,50,0.00497512438,-5.73586317e-15,0
0.7731,49.7512438,50,0.00497512438,-5.95790778e-15,0
0.7732,49.7512438,50,0.00497512438,-5.95790778e-15,0
0.7733,49.7512438,50,0.00497512438,-5.95790778e-15,0
0.7734,49.7512438,50,0.00497512438,-5.95790778e-15,0
0.7735,49.7512438,50,0.00497512438,-5.95790778e-15,0
0.7736,49.7512438,50,0.00497512438,-5.95790778e-15,0
0.7737,49.7512438,50,0.00497512438,-5.95790778e-15,0
0.7738,49.7512438,50,0.00497512438,-5.95790778e-15,0
0.7739,49.7512438,50,0.00497512438,-5.95790778e-15,0
0.774,49.7512438,50,0.00497512438,-5.95790778e-15,0
0.7741,49.7512438,50,0.00497512438,-6.17995238e-15,0
0.7742,49.7512438,50,0.00497512438,-6.17995238e-15,0
0.7743,49.7512438,50,0.00497512438,-6.17995238e-15,0
0.7744,49.7512438,50,0.00497512438,-6.17995238e-15,0
0.7745,49.7512438,50,0.00497512438,-6.17995238e-15,0
0.7746,49.7512438,50,0.00497512438,-6.17995238e-15,0
0.7747,49.7512438,50,0.00497512438,-6.17995238e-15,0
0.7748,49.7512438,50,0.00497512438,-6.17995238e-15,0
0.7749,49.7512438,50,0.00497512438,-6.17995238e-15,0
0.775,49.7512438,50,0.00497512438,-6.17995238e-15,0
0.7751,49.7512438,50,0.00497512438,-6.40199699e-15,0
0.7752,49.7512438,50,0.00497512438,-6.40199699e-15,0
0.7753,49.7512438,50,0.00497512438,-6.40199699e-15,0
0.7754,49.7512438,50,0.00497512438,-6.40199699e-15,0
0.7755,49.7512438,50,0.00497512438,-6.40199699e-15,0
0.7756,49.7512438,50,0.00497512438,-6.40199699e-15,0
0.7757,49.7512438,50,0.00497512438,-6.40199699e-15,0
0.7758,49.7512438,50,0.00497512438,-6.40199699e-15,0
0.7759,49.7512438,50,0.00497512438,-6.40199699e-15,0
0.776,49.7512438,50,0.00497512438,-6.40199699e-15,0
0.7761,49.7512438,50,0.00497512438,-6.62317423e-15,0
0.7762,49.7512438,50,0.00497512438,-6.62317423e-15,0
0.7763,49.7512438,50,0.00497512438,-6.62317423e-15,0
0.7764,49.7512438,50,0.00497512438,-6.62317423e-15,0
0.7765,49.7512438,50,0.00497512438,-6.62317423e-15,0
0.7766,49.7512438,50,0.00497512438,-6.62317423e-15,0
0.7767,49.7512438,50,0.00497512438,-6.62317423e-15,0
0.7768,49.7512438,50,0.00497512438,-6.62317423e-15,0
0.7769,49.7512438,50,0.00497512438,-6.62317423e-15,0
0.777,49.7512438,50,0.00497512438,-6.62317423e-15,0
0.7771,49.7512438,50,0.00497512438,-6.84521884e-15,0
0.7772,49.7512438,50,0.00497512438,-6.84521884e-15,0
0.7773,49.7512438,50,0.00497512438,-6.84521884e-15,0
0.7774,49.7512438,50,0.00497512438,-6.84521884e-15,0
0.7775,49.7512438,50,0.00497512438,-6.84521884e-15,0
0.7776,49.7512438,50,0.00497512438,-6.84521884e-15,0
0.7777,49.7512438,50,0.00497512438,-6.84521884e-15,0
0.7778,49.7512438,50,0.00497512438,-6.84521884e-15,0
0.7779,49.7512438,50,0.00497512438,-6.84521884e-15,0
0.778,49.7512438,50,0.00497512438,-6.84521884e-15,0
0.7781,49.7512438,50,0.00497512438,-7.06726344e-15,0
0.7782,49.7512438,50,0.00497512438,-7.06726344e-15,0
0.7783,49.7512438,50,0.00497512438,-7.06726344e-15,0
0.7784,49.7512438,50,0.00497512438,-7.06726344e-15,0
0.7785,49.7512438,50,0.00497512438,-7.06726344e-15,0
0.7786,49.7512438,50,0.00497512438,-7.06726344e-15,0
0.7787,49.7512438,50,0.00497512438,-7.06726344e-15,0
0.7788,49.7512438,50,0.00497512438,-7.06726344e-15,0
0.7789,49.7512438,50,0.00497512438,-7.06726344e-15,0
0.779,49.7512438,50,0.00497512438,-7.06726344e-15,0
0.7791,49.7512438,50,0.00497512438,-7.28930805e-15,0
0.7792,49.7512438,50,0.00497512438,-7.28930805e-15,0
0.7793,49.7512438,50,0.00497512438,-7.28930805e-15,0
0.7794,49.7512438,50,0.00497512438,-7.28930805e-15,0
0.7795,49.7512438,50,0.00497512438,-7.28930805e-15,0
0.7796,49.7512438,50,0.00497512438,-7.28930805e-15,0
0.7797,49.7512438,50,0.00497512438,-7.28930805e-15,0
0.7798,49.7512438,50,0.00497512438,-7.28930805e-15,0
0.7799,49.7512438,50,0.00497512438,-7.28930805e-15,0
0.78,49.7512438,50,0.00497512438,-7.28930805e-15,0
0.7801,49.7512438,50,0.00497512438,-7.51048529e-15,0
0.7802,49.7512438,50,0.00497512438,-7.51048529e-15,0
0.7803,49.7512438,50,0.00497512438,-7.51048529e-15,0
0.7804,49.7512438,50,0.00497512438,-7.51048529e-15,0
0.7805,49.7512438,50,0.00497512438,-7.51048529e-15,0
0.7806,49.7512438,50,0.00497512438,-7.51048529e-15,0
0.7807,49.7512438,50,0.00497512438,-7.51048529e-15,0
0.7808,49.7512438,50,0.00497512438,-7.51048529e-15,0
0.7809,49.7512438,50,0.00497512438,-7.51048529e-15,0
0.781,49.7512438,50,0.00497512438,-7.51048529e-15,0
0.7811,49.7512438,50,0.00497512438,-7.73252989e-15,0
0.7812,49.7512438,50,0.00497512438,-7.73252989e-15,0
0.7813,49.7512438,50,0.00497512438,-7.73252989e-15,0
0.7814,49.7512438,50,0.00497512438,-7.73252989e-15,0
0.7815,49.7512438,50,0.00497512438,-7.73252989e-15,0
0.7816,49.7512438,50,0.00497512438,-7.73252989e-15,0
0.7817,49.7512438,50,0.00497512438,-7.73252989e-15,0
0.7818,49.7512438,50,0.00497512438,-7.73252989e-15,0
0.7819,49.7512438,50,0.00497512438,-7.73252989e-15,0
0.782,49.7512438,50,0.00497512438,-7.73252989e-15,0
0.7821,49.7512438,50,0.00497512438,-7.9545745e-15,0
0.7822,49.7512438,50,0.00497512438,-7.9545745e-15,0
0.7823,49.7512438,50,0.00497512438,-7.9545745e-15,0
0.7824,49.7512438,50,0.00497512438,-7.9545745e-15,0
0.7825,49.7512438,50,0.00497512438,-7.9545745e-15,0
0.7826,49.7512438,50,0.00497512438,-7.9545745e-15,0
0.7827,49.7512438,50,0.00497512438,-7.9545745e-15,0
0.7828,49.7512438,50,0.00497512438,-7.9545745e-15,0
0.7829,49.7512438,50,0.00497512438,-7.9545745e-15,0
0.783,49.7512438,50,0.00497512438,-7.9545745e-15,0
0.7831,49.7512438,50,0.00497512438,-8.1766191e-15,0
0.7832,49.7512438,50,0.00497512438,-8.1766191e-15,0
0.7833,49.7512438,50,0.00497512438,-8.1766191e-15,0
0.7834,49.7512438,50,0.00497512438,-8.1766191e-15,0
0.7835,49.7512438,50,0.00497512438,-8.1766191e-15,0
0.7836,49.7512438,50,0.00497512438,-8.1766191e-15,0
0.7837,49.7512438,50,0.00497512438,-8.1766191e-15,0
0.7838,49.7512438,50,0.00497512438,-8.1766191e-15,0
0.7839,49.7512438,50,0.00497512438,-8.1766191e-15,0
0.784,49.7512438,50,0.00497512438,-8.1766191e-15,0
0.7841,49.7512438,50,0.00497512438,-8.39779635e-15,0
0.7842,49.7512438,50,0.00497512438,-8.39779635e-15,0
0.7843,49.7512438,50,0.00497512438,-8.39779635e-15,0
0.7844,49.7512438,50,0.00497512438,-8.39779635e-15,0
0.7845,49.7512438,50,0.00497512438,-8.39779635e-15,0
0.7846,49.7512438,50,0.00497512438,-8.39779635e-15,0
0.7847,49.7512438,50,0.00497512438,-8.39779635e-15,0
0.7848,49.7512438,50,0.00497512438,-8.39779635e-15,0
0.7849,49.7512438,50,0.00497512438,-8.39779635e-15,0
0.785,49.7512438,50,0.00497512438,-8.39779635e-15,0
0.7851,49.7512438,50,0.00497512438,-8.61984095e-15,0
0.7852,49.7512438,50,0.00497512438,-8.61984095e-15,0
0.7853,49.7512438,50,0.00497512438,-8.61984095e-15,0
0.7854,49.7512438,50,0.00497512438,-8.61984095e-15,0
0.7855,49.7512438,50,0.00497512438,-8.61984095e-15,0
0.7856,49.7512438,50,0.00497512438,-8.61984095e-15,0
0.7857,49.7512438,50,0.00497512438,-8.61984095e-15,0
0.7858,49.7512438,50,0.00497512438,-8.61984095e-15,0
0.7859,49.7512438,50,0.00497512438,-8.61984095e-15,0
0.786,49.7512438,50,0.00497512438,-8.61984095e-15,0
0.7861,49.7512438,50,0.00497512438,-8.84188556e-15,0
0.7862,49.7512438,50,0.00497512438,-8.84188556e-15,0
0.7863,49.7512438,50,0.00497512438,-8.84188556e-15,0
0.7864,49.7512438,50,0.00497512438,-8.84188556e-15,0
0.7865,49.7512438,50,0.00497512438,-8.84188556e-15,0
0.7866,49.7512438,50,0.00497512438,-8.84188556e-15,0
0.7867,49.7512438,50,0.00497512438,-8.84188556e-15,0
0.7868,49.7512438,50,0.00497512438,-8.84188556e-15,0
0.7869,49.7512438,50,0.00497512438,-8.84188556e-15,0
0.787,49.7512438,50,0.00497512438,-8.84188556e-15,0
0.7871,49.7512438,50,0.00497512438,-9.06393016e-15,0
0.7872,49.7512438,50,0.00497512438,-9.06393016e-15,0
0.7873,49.7512438,50,0.00497512438,-9.06393016e-15,0
0.7874,49.7512438,50,0.00497512438,-9.06393016e-15,0
0.7875,49.7512438,50,0.00497512438,-9.06393016e-15,0
0.7876,49.7512438,50,0.00497512438,-9.06393016e-15,0
0.7877,49.7512438,50,0.00497512438,-9.06393016e-15,0
0.7878,49.7512438,50,0.00497512438,-9.06393016e-15,0
0.7879,49.7512438,50,0.00497512438,-9.06393016e-15,0
0.788,49.7512438,50,0.00497512438,-9.06393016e-15,0
0.7881,49.7512438,50,0.00497512438,-9.28510741e-15,0
0.7882,49.7512438,50,0.00497512438,-9.28510741e-15,0
0.7883,49.7512438,50,0.00497512438,-9.28510741e-15,0
0.7884,49.7512438,50,0.00497512438,-9.28510741e-15,0
0.7885,49.7512438,50,0.00497512438,-9.28510741e-15,0
0.7886,49.7512438,50,0.00497512438,-9.28510741e-15,0
0.7887,49.7512438,50,0.00497512438,-9.28510741e-15,0
0.7888,49.7512438,50,0.00497512438,-9.28510741e-15,0
0.7889,49.7512438,50,0.00497512438,-9.28510741e-15,0
0.789,49.7512438,50,0.00497512438,-9.28510741e-15,0
0.7891,49.7512438,50,0.00497512438,-9.50715201e-15,0
0.7892,49.7512438,50,0.00497512438,-9.50715201e-15,0
0.7893,49.7512438,50,0.00497512438,-9.50715201e-15,0
0.7894,49.7512438,50,0.00497512438,-9.50715201e-15,0
0.7895,49.7512438,50,0.00497512438,-9.50715201e-15,0
0.7896,49.7512438,50,0.00497512438,-9.50715201e-15,0
0.7897,49.7512438,50,0.00497512438,-9.50715201e-15,0
0.7898,49.7512438,50,0.00497512438,-9.50715201e-15,0
0.7899,49.7512438,50,0.00497512438,-9.50715201e-15,0
0.79,49.7512438,50,0.00497512438,-9.50715201e-15,0
0.7901,49.7512438,50,0.00497512438,-9.72919662e-15,0
0.7902,49.7512438,50,0.00497512438,-9.72919662e-15,0
0.7903,49.7512438,50,0.00497512438,-9.72919662e-15,0
0.7904,49.7512438,50,0.00497512438,-9.72919662e-15,0
0.7905,49.7512438,50,0.00497512438,-9.72919662e-15,0
0.7906,49.7512438,50,0.00497512438,-9.72919662e-15,0
0.7907,49.7512438,50,0.00497512438,-9.72919662e-15,0
0.7908,49.7512438,50,0.00497512438,-9.72919662e-15,0
0.7909,49.7512438,50,0.00497512438,-9.72919662e-15,0
0.791,49.7512438,50,0.00497512438,-9.72919662e-15,0
0.7911,49.7512438,50,0.00497512438,-9.95124122e-15,0
0.7912,49.7512438,50,0.00497512438,-9.95124122e-15,0
0.7913,49.7512438,50,0.00497512438,-9.95124122e-15,0
0.7914,49.7512438,50,0.00497512438,-9.95124122e-15,0
0.7915,49.7512438,50,0.00497512438,-9.95124122e-15,0
0.7916,49.7512438,50,0.00497512438,-9.95124122e-15,0
0.7917,49.7512438,50,0.00497512438,-9.95124122e-15,0
0.7918,49.7512438,50,0.00497512438,-9.95124122e-15,0
0.7919,49.7512438,50,0.00497512438,-9.95124122e-15,0
0.792,49.7512438,50,0.00497512438,-9.95124122e-15,0
0.7921,49.7512438,50,0.00497512438,-1.01724185e-14,0
0.7922,49.7512438,50,0.00497512438,-1.01724185e-14,0
0.7923,49.7512438,50,0.00497512438,-1.01724185e-14,0
0.7924,49.7512438,50,0.00497512438,-1.01724185e-14,0
0.7925,49.7512438,50,0.00497512438,-1.01724185e-14,0
0.7926,49.7512438,50,0.00497512438,-1.01724185e-14,0
0.7927,49.7512438,50,0.00497512438,-1.01724185e-14,0
0.7928,49.7512438,50,0.00497512438,-1.01724185e-14,0
0.7929,49.7512438,50,0.00497512438,-1.01724185e-14,0
0.793,49.7512438,50,0.00497512438,-1.01724185e-14,0
0.7931,49.7512438,50,0.00497512438,-1.03944631e-14,0
0.7932,49.7512438,50,0.00497512438,-1.03944631e-14,0
0.7933,49.7512438,50,0.00497512438,-1.03944631e-14,0
0.7934,49.7512438,50,0.00497512438,-1.03944631e-14,0
0.7935,49.7512438,50,0.00497512438,-1.03944631e-14,0
0.7936,49.7512438,50,0.00497512438,-1.03944631e-14,0
0.7937,49.7512438,50,0.00497512438,-1.03944631e-14,0
0.7938,49.7512438,50,0.00497512438,-1.03944631e-14,0
0.7939,49.7512438,50,0.00497512438,-1.03944631e-14,0
0.794,49.7512438,50,0.00497512438,-1.03944631e-14,0
0.7941,49.7512438,50,0.00497512438,-1.06165077e-14,0
0.7942,49.7512438,50,0.00497512438,-1.06165077e-14,0
0.7943,49.7512438,50,0.00497512438,-1.06165077e-14,0
0.7944,49.7512438,50,0.00497512438,-1.06165077e-14,0
0.7945,49.7512438,50,0.00497512438,-1.06165077e-14,0
0.7946,49.7512438,50,0.00497512438,-1.06165077e-14,0
0.7947,49.7512438,50,0.00497512438,-1.06165077e-14,0
0.7948,49.7512438,50,0.00497512438,-1.06165077e-14,0
0.7949,49.7512438,50,0.00497512438,-1.06165077e-14,0
0.795,49.7512438,50,0.00497512438,-1.06165077e-14,0
0.7951,49.7512438,50,0.00497512438,-1.08385523e-14,0
0.7952,49.7512438,50,0.00497512438,-1.08385523e-14,0
0.7953,49.7512438,50,0.00497512438,-1.08385523e-14,0
0.7954,49.7512438,50,0.00497512438,-1.08385523e-14,0
0.7955,49.7512438,50,0.00497512438,-1.08385523e-14,0
0.7956,49.7512438,50,0.00497512438,-1.08385523e-14,0
0.7957,49.7512438,50,0.00497512438,-1.08385523e-14,0
0.7958,49.7512438,50,0.00497512438,-1.08385523e-14,0
0.7959,49.7512438,50,0.00497512438,-1.08385523e-14,0
0.796,49.7512438,50,0.00497512438,-1.08385523e-14,0
0.7961,49.7512438,50,0.00497512438,-1.10597295e-14,0
0.7962,49.7512438,50,0.00497512438,-1.10597295e-14,0
0.7963,49.7512438,50,0.00497512438,-1.10597295e-14,0
0.7964,49.7512438,50,0.00497512438,-1.10597295e-14,0
0.7965,49.7512438,50,0.00497512438,-1.10597295e-14,0
0.7966,49.7512438,50,0.00497512438,-1.10597295e-14,0
0.7967,49.7512438,50,0.00497512438,-1.10597295e-14,0
0.7968,49.7512438,50,0.00497512438,-1.10597295e-14,0
0.7969,49.7512438,50,0.00497512438,-1.10597295e-14,0
0.797,49.7512438,50,0.00497512438,-1.10597295e-14,0
0.7971,49.7512438,50,0.00497512438,-1.12817741e-14,0
0.7972,49.7512438,50,0.00497512438,-1.12817741e-14,0
0.7973,49.7512438,50,0.00497512438,-1.12817741e-14,0
0.7974,49.7512438,50,0.00497512438,-1.12817741e-14,0
0.7975,49.7512438,50,0.00497512438,-1.12817741e-14,0
0.7976,49.7512438,50,0.00497512438,-1.12817741e-14,0
0.7977,49.7512438,50,0.00497512438,-1.12817741e-14,0
0.7978,49.7512438,50,0.00497512438,-1.12817741e-14,0
0.7979,49.7512438,50,0.00497512438,-1.12817741e-14,0
0.798,49.7512438,50,0.00497512438,-1.12817741e-14,0
0.7981,49.7512438,50,0.00497512438,-1.15038187e-14,0
0.7982,49.7512438,50,0.00497512438,-1.15038187e-14,0
0.7983,49.7512438,50,0.00497512438,-1.15038187e-14,0
0.7984,49.7512438,50,0.00497512438,-1.15038187e-14,0
0.7985,49.7512438,50,0.00497512438,-1.15038187e-14,0
0.7986,49.7512438,50,0.00497512438,-1.15038187e-14,0
0.7987,49.7512438,50,0.00497512438,-1.15038187e-14,0
0.7988,49.7512438,50,0.00497512438,-1.15038187e-14,0
0.7989,49.7512438,50,0.00497512438,-1.15038187e-14,0
0.799,49.7512438,50,0.00497512438,-1.15038187e-14,0
0.7991,49.7512438,50,0.00497512438,-1.17258633e-14,0
0.7992,49.7512438,50,0.00497512438,-1.17258633e-14,0
0.7993,49.7512438,50,0.00497512438,-1.17258633e-14,0
0.7994,49.7512438,50,0.00497512438,-1.17258633e-14,0
0.7995,49.7512438,50,0.00497512438,-1.17258633e-14,0
0.7996,49.7512438,50,0.00497512438,-1.17258633e-14,0
0.7997,49.7512438,50,0.00497512438,-1.17258633e-14,0
0.7998,49.7512438,50,0.00497512438,-1.17258633e-14,0
0.7999,49.7512438,50,0.00497512438,-1.17258633e-14,0
0.8,49.7512438,50,0.00497512438,-1.17258633e-14,0
0.8001,49.7512438,50,0.00497512438,-1.19470406e-14,0
0.8002,49.7512438,50,0.00497512438,-1.19470406e-14,0
0.8003,49.7512438,50,0.00497512438,-1.19470406e-14,0
0.8004,49.7512438,50,0.00497512438,-1.19470406e-14,0
0.8005,49.7512438,50,0.00497512438,-1.19470406e-14,0
0.8006,49.7512438,50,0.00497512438,-1.19470406e-14,0
0.8007,49.7512438,50,0.00497512438,-1.19470406e-14,0
0.8008,49.7512438,50,0.00497512438,-1.19470406e-14,0
0.8009,49.7512438,50,0.00497512438,-1.19470406e-14,0
0.801,49.7512438,50,0.00497512438,-1.19470406e-14,0
0.8011,49.7512438,50,0.00497512438,-1.21690852e-14,0
0.8012,49.7512438,50,0.00497512438,-1.21690852e-14,0
0.8013,49.7512438,50,0.00497512438,-1.21690852e-14,0
0.8014,49.7512438,50,0.00497512438,-1.21690852e-14,0
0.8015,49.7512438,50,0.00497512438,-1.21690852e-14,0
0.8016,49.7512438,50,0.00497512438,-1.21690852e-14,0
0.8017,49.7512438,50,0.00497512438,-1.21690852e-14,0
0.8018,49.7512438,50,0.00497512438,-1.21690852e-14,0
0.8019,49.7512438,50,0.00497512438,-1.21690852e-14,0
0.802,49.7512438,50,0.00497512438,-1.21690852e-14,0
0.8021,49.7512438,50,0.00497512438,-1.23911298e-14,0
0.8022,49.7512438,50,0.00497512438,-1.23911298e-14,0
0.8023,49.7512438,50,0.00497512438,-1.23911298e-14,0
0.8024,49.7512438,50,0.00497512438,-1.23911298e-14,0
0.8025,49.7512438,50,0.00497512438,-1.23911298e-14,0
0.8026,49.7512438,50,0.00497512438,-1.23911298e-14,0
0.8027,49.7512438,50,0.00497512438,-1.23911298e-14,0
0.8028,49.7512438,50,0.00497512438,-1.23911298e-14,0
0.8029,49.7512438,50,0.00497512438,-1.23911298e-14,0
0.803,49.7512438,50,0.00497512438,-1.23911298e-14,0
0.8031,49.7512438,50,0.00497512438,-1.26131744e-14,0
0.8032,49.7512438,50,0.00497512438,-1.26131744e-14,0
0.8033,49.7512438,50,0.00497512438,-1.26131744e-14,0
0.8034,49.7512438,50,0.00497512438,-1.26131744e-14,0
0.8035,49.7512438,50,0.00497512438,-1.26131744e-14,0
0.8036,49.7512438,50,0.00497512438,-1.26131744e-14,0
0.8037,49.7512438,50,0.00497512438,-1.26131744e-14,0
0.8038,49.7512438,50,0.00497512438,-1.26131744e-14,0
0.8039,49.7512438,50,0.00497512438,-1.26131744e-14,0
0.804,49.7512438,50,0.00497512438,-1.26131744e-14,0
0.8041,49.7512438,50,0.00497512438,-1.28343516e-14,0
0.8042,49.7512438,50,0.00497512438,-1.28343516e-14,0
0.8043,49.7512438,50,0.00497512438,-1.28343516e-14,0
0.8044,49.7512438,50,0.00497512438,-1.28343516e-14,0
0.8045,49.7512438,50,0.00497512438,-1.28343516e-14,0
0.8046,49.7512438,50,0.00497512438,-1.28343516e-14,0
0.8047,49.7512438,50,0.00497512438,-1.28343516e-14,0
0.8048,49.7512438,50,0.00497512438,-1.28343516e-14,0
0.8049,49.7512438,50,0.00497512438,-1.28343516e-14,0
0.805,49.7512438,50,0.00497512438,-1.28343516e-14,0
0.8051,49.7512438,50,0.00497512438,-1.30563962e-14,0
0.8052,49.7512438,50,0.00497512438,-1.30563962e-14,0
0.8053,49.7512438,50,0.00497512438,-1.30563962e-14,0
0.8054,49.7512438,50,0.00497512438,-1.30563962e-14,0
0.8055,49.7512438,50,0.00497512438,-1.30563962e-14,0
0.8056,49.7512438,50,0.00497512438,-1.30563962e-14,0
0.8057,49.7512438,50,0.00497512438,-1.30563962e-14,0
0.8058,49.7512438,50,0.00497512438,-1.30563962e-14,0
0.8059,49.7512438,50,0.00497512438,-1.30563962e-14,0
0.806,49.7512438,50,0.00497512438,-1.30563962e-14,0
0.8061,49.7512438,50,0.00497512438,-1.32784408e-14,0
0.8062,49.7512438,50,0.00497512438,-1.32784408e-14,0
0.8063,49.7512438,50,0.00497512438,-1.32784408e-14,0
0.8064,49.7512438,50,0.00497512438,-1.32784408e-14,0
0.8065,49.7512438,50,0.00497512438,-1.32784408e-14,0
0.8066,49.7512438,50,0.00497512438,-1.32784408e-14,0
0.8067,49.7512438,50,0.00497512438,-1.32784408e-14,0
0.8068,49.7512438,50,0.00497512438,-1.32784408e-14,0
0.8069,49.7512438,50,0.00497512438,-1.32784408e-14,0
0.807,49.7512438,50,0.00497512438,-1.32784408e-14,0
0.8071,49.7512438,50,0.00497512438,-1.35004855e-14,0
0.8072,49.7512438,50,0.00497512438,-1.35004855e-14,0
0.8073,49.7512438,50,0.00497512438,-1.35004855e-14,0
0.8074,49.7512438,50,0.00497512438,-1.35004855e-14,0
0.8075,49.7512438,50,0.00497512438,-1.35004855e-14,0
0.8076,49.7512438,50,0.00497512438,-1.35004855e-14,0
0.8077,49.7512438,50,0.00497512438,-1.35004855e-14,0
0.8078,49.7512438,50,0.00497512438,-1.35004855e-14,0
0.8079,49.7512438,50,0.00497512438,-1.35004855e-14,0
0.808,49.7512438,50,0.00497512438,-1.35004855e-14,0
0.8081,49.7512438,50,0.00497512438,-1.37216627e-14,0
0.8082,49.7512438,50,0.00497512438,-1.37216627e-14,0
0.8083,49.7512438,50,0.00497512438,-1.37216627e-14,0
0.8084,49.7512438,50,0.00497512438,-1.37216627e-14,0
0.8085,49.7512438,50,0.00497512438,-1.37216627e-14,0
0.8086,49.7512438,50,0.00497512438,-1.37216627e-14,0
0.8087,49.7512438,50,0.00497512438,-1.37216627e-14,0
0.8088,49.7512438,50,0.00497512438,-1.37216627e-14,0
0.8089,49.7512438,50,0.00497512438,-1.37216627e-14,0
0.809,49.7512438,50,0.00497512438,-1.37216627e-14,0
0.8091,49.7512438,50,0.00497512438,-1.39437073e-14,0
0.8092,49.7512438,50,0.00497512438,-1.39437073e-14,0
0.8093,49.7512438,50,0.00497512438,-1.39437073e-14,0
0.8094,49.7512438,50,0.00497512438,-1.39437073e-14,0
0.8095,49.7512438,50,0.00497512438,-1.39437073e-14,0
0.8096,49.7512438,50,0.00497512438,-1.39437073e-14,0
0.8097,49.7512438,50,0.00497512438,-1.39437073e-14,0
0.8098,49.7512438,50,0.00497512438,-1.39437073e-14,0
0.8099,49.7512438,50,0.00497512438,-1.39437073e-14,0
0.81,49.7512438,50,0.00497512438,-1.39437073e-14,0
0.8101,49.7512438,50,0.00497512438,-1.41657519e-14,0
0.8102,49.7512438,50,0.00497512438,-1.41657519e-14,0
0.8103,49.7512438,50,0.00497512438,-1.41657519e-14,0
0.8104,49.7512438,50,0.00497512438,-1.41657519e-14,0
0.8105,49.7512438,50,0.00497512438,-1.41657519e-14,0
0.8106,49.7512438,50,0.00497512438,-1.41657519e-14,0
0.8107,49.7512438,50,0.00497512438,-1.41657519e-14,0
0.8108,49.7512438,50,0.00497512438,-1.41657519e-14,0
0.8109,49.7512438,50,0.00497512438,-1.41657519e-14,0
0.811,49.7512438,50,0.00497512438,-1.41657519e-14,0
0.8111,49.7512438,50,0.00497512438,-1.43877965e-14,0
0.8112,49.7512438,50,0.00497512438,-1.43877965e-14,0
0.8113,49.7512438,50,0.00497512438,-1.43877965e-14,0
0.8114,49.7512438,50,0.00497512438,-1.43877965e-14,0
0.8115,49.7512438,50,0.00497512438,-1.43877965e-14,0
0.8116,49.7512438,50,0.00497512438,-1.43877965e-14,0
0.8117,49.7512438,50,0.00497512438,-1.43877965e-14,0
0.8118,49.7512438,50,0.00497512438,-1.43877965e-14,0
0.8119,49.7512438,50,0.00497512438,-1.43877965e-14,0
0.812,49.7512438,50,0.00497512438,-1.43877965e-14,0
0.8121,49.7512438,50,0.00497512438,-1.46089738e-14,0
0.8122,49.7512438,50,0.00497512438,-1.46089738e-14,0
0.8123,49.7512438,50,0.00497512438,-1.46089738e-14,0
0.8124,49.7512438,50,0.00497512438,-1.46089738e-14,0
0.8125,49.7512438,50,0.00497512438,-1.46089738e-14,0
0.8126,49.7512438,50,0.00497512438,-1.46089738e-14,0
0.8127,49.7512438,50,0.00497512438,-1.46089738e-14,0
0.8128,49.7512438,50,0.00497512438,-1.46089738e-14,0
0.8129,49.7512438,50,0.00497512438,-1.46089738e-14,0
0.813,49.7512438,50,0.00497512438,-1.46089738e-14,0
0.8131,49.7512438,50,0.00497512438,-1.48310184e-14,0
0.8132,49.7512438,50,0.00497512438,-1.48310184e-14,0
0.8133,49.7512438,50,0.00497512438,-1.48310184e-14,0
0.8134,49.7512438,50,0.00497512438,-1.48310184e-14,0
0.8135,49.7512438,50,0.00497512438,-1.48310184e-14,0
0.8136,49.7512438,50,0.00497512438,-1.48310184e-14,0
0.8137,49.7512438,50,0.00497512438,-1.48310184e-14,0
0.8138,49.7512438,50,0.00497512438,-1.48310184e-14,0
0.8139,49.7512438,50,0.00497512438,-1.48310184e-14,0
0.814,49.7512438,50,0.00497512438,-1.48310184e-14,0
0.8141,49.7512438,50,0.00497512438,-1.5053063e-14,0
0.8142,49.7512438,50,0.00497512438,-1.5053063e-14,0
0.8143,49.7512438,50,0.00497512438,-1.5053063e-14,0
0.8144,49.7512438,50,0.00497512438,-1.5053063e-14,0
0.8145,49.7512438,50,0.00497512438,-1.5053063e-14,0
0.8146,49.7512438,50,0.00497512438,-1.5053063e-14,0
0.8147,49.7512438,50,0.00497512438,-1.5053063e-14,0
0.8148,49.7512438,50,0.00497512438,-1.5053063e-14,0
0.8149,49.7512438,50,0.00497512438,-1.5053063e-14,0
0.815,49.7512438,50,0.00497512438,-1.5053063e-14,0
0.8151,49.7512438,50,0.00497512438,-1.52751076e-14,0
0.8152,49.7512438,50,0.00497512438,-1.52751076e-14,0
0.8153,49.7512438,50,0.00497512438,-1.52751076e-14,0
0.8154,49.7512438,50,0.00497512438,-1.52751076e-14,0
0.8155,49.7512438,50,0.00497512438,-1.52751076e-14,0
0.8156,49.7512438,50,0.00497512438,-1.52751076e-14,0
0.8157,49.7512438,50,0.00497512438,-1.52751076e-14,0
0.8158,49.7512438,50,0.00497512438,-1.52751076e-14,0
0.8159,49.7512438,50,0.00497512438,-1.52751076e-14,0
0.816,49.7512438,50,0.00497512438,-1.52751076e-14,0
0.8161,49.7512438,50,0.00497512438,-1.54962848e-14,0
0.8162,49.7512438,50,0.00497512438,-1.54962848e-14,0
0.8163,49.7512438,50,0.00497512438,-1.54962848e-14,0
0.8164,49.7512438,50,0.00497512438,-1.54962848e-14,0
0.8165,49.7512438,50,0.00497512438,-1.54962848e-14,0
0.8166,49.7512438,50,0.00497512438,-1.54962848e-14,0
0.8167,49.7512438,50,0.00497512438,-1.54962848e-14,0
0.8168,49.7512438,50,0.00497512438,-1.54962848e-14,0
0.8169,49.7512438,50,0.00497512438,-1.54962848e-14,0
0.817,49.7512438,50,0.00497512438,-1.54962848e-14,0
0.8171,49.7512438,50,0.00497512438,-1.57183294e-14,0
0.8172,49.7512438,50,0.00497512438,-1.57183294e-14,0
0.8173,49.7512438,50,0.00497512438,-1.57183294e-14,0
0.8174,49.7512438,50,0.00497512438,-1.57183294e-14,0
0.8175,49.7512438,50,0.00497512438,-1.57183294e-14,0
0.8176,49.7512438,50,0.00497512438,-1.57183294e-14,0
0.8177,49.7512438,50,0.00497512438,-1.57183294e-14,0
0.8178,49.7512438,50,0.00497512438,-1.57183294e-14,0
0.8179,49.7512438,50,0.00497512438,-1.57183294e-14,0
0.818,49.7512438,50,0.00497512438,-1.57183294e-14,0
0.8181,49.7512438,50,0.00497512438,-1.5940374e-14,0
0.8182,49.7512438,50,0.00497512438,-1.5940374e-14,0
0.8183,49.7512438,50,0.00497512438,-1.5940374e-14,0
0.8184,49.7512438,50,0.00497512438,-1.5940374e-14,0
0.8185,49.7512438,50,0.00497512438,-1.5940374e-14,0
0.8186,49.7512438,50,0.00497512438,-1.5940374e-14,0
0.8187,49.7512438,50,0.00497512438,-1.5940374e-14,0
0.8188,49.7512438,50,0.00497512438,-1.5940374e-14,0
0.8189,49.7512438,50,0.00497512438,-1.5940374e-14,0
0.819,49.7512438,50,0.00497512438,-1.5940374e-14,0
0.8191,49.7512438,50,0.00497512438,-1.61624186e-14,0
0.8192,49.7512438,50,0.00497512438,-1.61624186e-14,0
0.8193,49.7512438,50,0.00497512438,-1.61624186e-14,0
0.8194,49.7512438,50,0.00497512438,-1.61624186e-14,0
0.8195,49.7512438,50,0.00497512438,-1.61624186e-14,0
0.8196,49.7512438,50,0.00497512438,-1.61624186e-14,0
0.8197,49.7512438,50,0.00497512438,-1.61624186e-14,0
0.8198,49.7512438,50,0.00497512438,-1.61624186e-14,0
0.8199,49.7512438,50,0.00497512438,-1.61624186e-14,0
0.82,49.7512438,50,0.00497512438,-1.61624186e-14,0
0.8201,49.7512438,50,0.00497512438,-1.63835959e-14,0
0.8202,49.7512438,50,0.00497512438,-1.63835959e-14,0
0.8203,49.7512438,50,0.00497512438,-1.63835959e-14,0
0.8204,49.7512438,50,0.00497512438,-1.63835959e-14,0
0.8205,49.7512438,50,0.00497512438,-1.63835959e-14,0
0.8206,49.7512438,50,0.00497512438,-1.63835959e-14,0
0.8207,49.7512438,50,0.00497512438,-1.63835959e-14,0
0.8208,49.7512438,50,0.00497512438,-1.63835959e-14,0
0.8209,49.7512438,50,0.00497512438,-1.63835959e-14,0
0.821,49.7512438,50,0.00497512438,-1.63835959e-14,0
0.8211,49.7512438,50,0.00497512438,-1.66056405e-14,0
0.8212,49.7512438,50,0.00497512438,-1.66056405e-14,0
0.8213,49.7512438,50,0.00497512438,-1.66056405e-14,0
0.8214,49.7512438,50,0.00497512438,-1.66056405e-14,0
0.8215,49.7512438,50,0.00497512438,-1.66056405e-14,0
0.8216,49.7512438,50,0.00497512438,-1.66056405e-14,0
0.8217,49.7512438,50,0.00497512438,-1.66056405e-14,0
0.8218,49.7512438,50,0.00497512438,-1.66056405e-14,0
0.8219,49.7512438,50,0.00497512438,-1.66056405e-14,0
0.822,49.7512438,50,0.00497512438,-1.66056405e-14,0
0.8221,49.7512438,50,0.00497512438,-1.68276851e-14,0
0.8222,49.7512438,50,0.00497512438,-1.68276851e-14,0
0.8223,49.7512438,50,0.00497512438,-1.68276851e-14,0
0.8224,49.7512438,50,0.00497512438,-1.68276851e-14,0
0.8225,49.7512438,50,0.00497512438,-1.68276851e-14,0
0.8226,49.7512438,50,0.00497512438,-1.68276851e-14,0
0.8227,49.7512438,50,0.00497512438,-1.68276851e-14,0
0.8228,49.7512438,50,0.00497512438,-1.68276851e-14,0
0.8229,49.7512438,50,0.00497512438,-1.68276851e-14,0
0.823,49.7512438,50,0.00497512438,-1.68276851e-14,0
0.8231,49.7512438,50,0.00497512438,-1.70497297e-14,0
0.8232,49.7512438,50,0.00497512438,-1.70497297e-14,0
0.8233,49.7512438,50,0.00497512438,-1.70497297e-14,0
0.8234,49.7512438,50,0.00497512438,-1.70497297e-14,0
0.8235,49.7512438,50,0.00497512438,-1.70497297e-14,0
0.8236,49.7512438,50,0.00497512438,-1.70497297e-14,0
0.8237,49.7512438,50,0.00497512438,-1.70497297e-14,0
0.8238,49.7512438,50,0.00497512438,-1.70497297e-14,0
0.8239,49.7512438,50,0.00497512438,-1.70497297e-14,0
0.824,49.7512438,50,0.00497512438,-1.70497297e-14,0
0.8241,49.7512438,50,0.00497512438,-1.72709069e-14,0
0.8242,49.7512438,50,0.00497512438,-1.72709069e-14,0
0.8243,49.7512438,50,0.00497512438,-1.72709069e-14,0
0.8244,49.7512438,50,0.00497512438,-1.72709069e-14,0
0.8245,49.7512438,50,0.00497512438,-1.72709069e-14,0
0.8246,49.7512438,50,0.00497512438,-1.72709069e-14,0
0.8247,49.7512438,50,0.00497512438,-1.72709069e-14,0
0.8248,49.7512438,50,0.00497512438,-1.72709069e-14,0
0.8249,49.7512438,50,0.00497512438,-1.72709069e-14,0
0.825,49.7512438,50,0.00497512438,-1.72709069e-14,0
0.8251,49.7512438,50,0.00497512438,-1.74929515e-14,0
0.8252,49.7512438,50,0.00497512438,-1.74929515e-14,0
0.8253,49.7512438,50,0.00497512438,-1.74929515e-14,0
0.8254,49.7512438,50,0.00497512438,-1.74929515e-14,0
0.8255,49.7512438,50,0.00497512438,-1.74929515e-14,0
0.8256,49.7512438,50,0.00497512438,-1.74929515e-14,0
0.8257,49.7512438,50,0.00497512438,-1.74929515e-14,0
0.8258,49.7512438,50,0.00497512438,-1.74929515e-14,0
0.8259,49.7512438,50,0.00497512438,-1.74929515e-14,0
0.826,49.7512438,50,0.00497512438,-1.74929515e-14,0
0.8261,49.7512438,50,0.00497512438,-1.77149961e-14,0
0.8262,49.7512438,50,0.00497512438,-1.77149961e-14,0
0.8263,49.7512438,50,0.00497512438,-1.77149961e-14,0
0.8264,49.7512438,50,0.00497512438,-1.77149961e-14,0
0.8265,49.7512438,50,0.00497512438,-1.77149961e-14,0
0.8266,49.7512438,50,0.00497512438,-1.77149961e-14,0
0.8267,49.7512438,50,0.00497512438,-1.77149961e-14,0
0.8268,49.7512438,50,0.00497512438,-1.77149961e-14,0
0.8269,49.7512438,50,0.00497512438,-1.77149961e-14,0
0.827,49.7512438,50,0.00497512438,-1.77149961e-14,0
0.8271,49.7512438,50,0.00497512438,-1.79370407e-14,0
0.8272,49.7512438,50,0.00497512438,-1.79370407e-14,0
0.8273,49.7512438,50,0.00497512438,-1.79370407e-14,0
0.8274,49.7512438,50,0.00497512438,-1.79370407e-14,0
0.8275,49.7512438,50,0.00497512438,-1.79370407e-14,0
0.8276,49.7512438,50,0.00497512438,-1.79370407e-14,0
0.8277,49.7512438,50,0.00497512438,-1.79370407e-14,0
0.8278,49.7512438,50,0.00497512438,-1.79370407e-14,0
0.8279,49.7512438,50,0.00497512438,-1.79370407e-14,0
0.828,49.7512438,50,0.00497512438,-1.79370407e-14,0
0.8281,49.7512438,50,0.00497512438,-1.8158218e-14,0
0.8282,49.7512438,50,0.00497512438,-1.8158218e-14,0
0.8283,49.7512438,50,0.00497512438,-1.8158218e-14,0
0.8284,49.7512438,50,0.00497512438,-1.8158218e-14,0
0.8285,49.7512438,50,0.00497512438,-1.8158218e-14,0
0.8286,49.7512438,50,0.00497512438,-1.8158218e-14,0
0.8287,49.7512438,50,0.00497512438,-1.8158218e-14,0
0.8288,49.7512438,50,0.00497512438,-1.8158218e-14,0
0.8289,49.7512438,50,0.00497512438,-1.8158218e-14,0
0.829,49.7512438,50,0.00497512438,-1.8158218e-14,0
0.8291,49.7512438,50,0.00497512438,-1.83802626e-14,0
0.8292,49.7512438,50,0.00497512438,-1.83802626e-14,0
0.8293,49.7512438,50,0.00497512438,-1.83802626e-14,0
0.8294,49.7512438,50,0.00497512438,-1.83802626e-14,0
0.8295,49.7512438,50,0.00497512438,-1.83802626e-14,0
0.8296,49.7512438,50,0.00497512438,-1.83802626e-14,0
0.8297,49.7512438,50,0.00497512438,-1.83802626e-14,0
0.8298,49.7512438,50,0.00497512438,-1.83802626e-14,0
0.8299,49.7512438,50,0.00497512438,-1.83802626e-14,0
0.83,49.7512438,50,0.00497512438,-1.83802626e-14,0
0.8301,49.7512438,50,0.00497512438,-1.86023072e-14,0
0.8302,49.7512438,50,0.00497512438,-1.86023072e-14,0
0.8303,49.7512438,50,0.00497512438,-1.86023072e-14,0
0.8304,49.7512438,50,0.00497512438,-1.86023072e-14,0
0.8305,49.7512438,50,0.00497512438,-1.86023072e-14,0
0.8306,49.7512438,50,0.00497512438,-1.86023072e-14,0
0.8307,49.7512438,50,0.00497512438,-1.86023072e-14,0
0.8308,49.7512438,50,0.00497512438,-1.86023072e-14,0
0.8309,49.7512438,50,0.00497512438,-1.86023072e-14,0
0.831,49.7512438,50,0.00497512438,-1.86023072e-14,0
0.8311,49.7512438,50,0.00497512438,-1.88243518e-14,0
0.8312,49.7512438,50,0.00497512438,-1.88243518e-14,0
0.8313,49.7512438,50,0.00497512438,-1.88243518e-14,0
0.8314,49.7512438,50,0.00497512438,-1.88243518e-14,0
0.8315,49.7512438,50,0.00497512438,-1.88243518e-14,0
0.8316,49.7512438,50,0.00497512438,-1.88243518e-14,0
0.8317,49.7512438,50,0.00497512438,-1.88243518e-14,0
0.8318,49.7512438,50,0.00497512438,-1.88243518e-14,0
0.8319,49.7512438,50,0.00497512438,-1.88243518e-14,0
0.832,49.7512438,50,0.00497512438,-1.88243518e-14,0
0.8321,49.7512438,50,0.00497512438,-1.9045529e-14,0
0.8322,49.7512438,50,0.00497512438,-1.9045529e-14,0
0.8323,49.7512438,50,0.00497512438,-1.9045529e-14,0
0.8324,49.7512438,50,0.00497512438,-1.9045529e-14,0
0.8325,49.7512438,50,0.00497512438,-1.9045529e-14,0
0.8326,49.7512438,50,0.00497512438,-1.9045529e-14,0
0.8327,49.7512438,50,0.00497512438,-1.9045529e-14,0
0.8328,49.7512438,50,0.00497512438,-1.9045529e-14,0
0.8329,49.7512438,50,0.00497512438,-1.9045529e-14,0
0.833,49.7512438,50,0.00497512438,-1.9045529e-14,0
0.8331,49.7512438,50,0.00497512438,-1.92675736e-14,0
0.8332,49.7512438,50,0.00497512438,-1.92675736e-14,0
0.8333,49.7512438,50,0.00497512438,-1.92675736e-14,0
0.8334,49.7512438,50,0.00497512438,-1.92675736e-14,0
0.8335,49.7512438,50,0.00497512438,-1.92675736e-14,0
0.8336,49.7512438,50,0.00497512438,-1.92675736e-14,0
0.8337,49.7512438,50,0.00497512438,-1.92675736e-14,0
0.8338,49.7512438,50,0.00497512438,-1.92675736e-14,0
0.8339,49.7512438,50,0.00497512438,-1.92675736e-14,0
0.834,49.7512438,50,0.00497512438,-1.92675736e-14,0
0.8341,49.7512438,50,0.00497512438,-1.94896183e-14,0
0.8342,49.7512438,50,0.00497512438,-1.94896183e-14,0
0.8343,49.7512438,50,0.00497512438,-1.94896183e-14,0
0.8344,49.7512438,50,0.00497512438,-1.94896183e-14,0
0.8345,49.7512438,50,0.00497512438,-1.94896183e-14,0
0.8346,49.7512438,50,0.00497512438,-1.94896183e-14,0
0.8347,49.7512438,50,0.00497512438,-1.94896183e-14,0
0.8348,49.7512438,50,0.00497512438,-1.94896183e-14,0
0.8349,49.7512438,50,0.00497512438,-1.94896183e-14,0
0.835,49.7512438,50,0.00497512438,-1.94896183e-14,0
0.8351,49.7512438,50,0.00497512438,-1.97116629e-14,0
0.8352,49.7512438,50,0.00497512438,-1.97116629e-14,0
0.8353,49.7512438,50,0.00497512438,-1.97116629e-14,0
0.8354,49.7512438,50,0.00497512438,-1.97116629e-14,0
0.8355,49.7512438,50,0.00497512438,-1.97116629e-14,0
0.8356,49.7512438,50,0.00497512438,-1.97116629e-14,0
0.8357,49.7512438,50,0.00497512438,-1.97116629e-14,0
0.8358,49.7512438,50,0.00497512438,-1.97116629e-14,0
0.8359,49.7512438,50,0.00497512438,-1.97116629e-14,0
0.836,49.7512438,50,0.00497512438,-1.97116629e-14,0
0.8361,49.7512438,50,0.00497512438,-1.99328401e-14,0
0.8362,49.7512438,50,0.00497512438,-1.99328401e-14,0
0.8363,49.7512438,50,0.00497512438,-1.99328401e-14,0
0.8364,49.7512438,50,0.00497512438,-1.99328401e-14,0
0.8365,49.7512438,50,0.00497512438,-1.99328401e-14,0
0.8366,49.7512438,50,0.00497512438,-1.99328401e-14,0
0.8367,49.7512438,50,0.00497512438,-1.99328401e-14,0
0.8368,49.7512438,50,0.00497512438,-1.99328401e-14,0
0.8369,49.7512438,50,0.00497512438,-1.99328401e-14,0
0.837,49.7512438,50,0.00497512438,-1.99328401e-14,0
0.8371,49.7512438,50,0.00497512438,-2.01548847e-14,0
0.8372,49.7512438,50,0.00497512438,-2.01548847e-14,0
0.8373,49.7512438,50,0.00497512438,-2.01548847e-14,0
0.8374,49.7512438,50,0.00497512438,-2.01548847e-14,0
0.8375,49.7512438,50,0.00497512438,-2.01548847e-14,0
0.8376,49.7512438,50,0.00497512438,-2.01548847e-14,0
0.8377,49.7512438,50,0.00497512438,-2.01548847e-14,0
0.8378,49.7512438,50,0.00497512438,-2.01548847e-14,0
0.8379,49.7512438,50,0.00497512438,-2.01548847e-14,0
0.838,49.7512438,50,0.00497512438,-2.01548847e-14,0
0.8381,49.7512438,50,0.00497512438,-2.03769293e-14,0
0.8382,49.7512438,50,0.00497512438,-2.03769293e-14,0
0.8383,49.7512438,50,0.00497512438,-2.03769293e-14,0
0.8384,49.7512438,50,0.00497512438,-2.03769293e-14,0
0.8385,49.7512438,50,0.00497512438,-2.03769293e-14,0
0.8386,49.7512438,50,0.00497512438,-2.03769293e-14,0
0.8387,49.7512438,50,0.00497512438,-2.03769293e-14,0
0.8388,49.7512438,50,0.00497512438,-2.03769293e-14,0
0.8389,49.7512438,50,0.00497512438,-2.03769293e-14,0
0.839,49.7512438,50,0.00497512438,-2.03769293e-14,0
0.8391,49.7512438,50,0.00497512438,-2.05989739e-14,0
0.8392,49.7512438,50,0.00497512438,-2.05989739e-14,0
0.8393,49.7512438,50,0.00497512438,-2.05989739e-14,0
0.8394,49.7512438,50,0.00497512438,-2.05989739e-14,0
0.8395,49.7512438,50,0.00497512438,-2.05989739e-14,0
0.8396,49.7512438,50,0.00497512438,-2.05989739e-14,0
0.8397,49.7512438,50,0.00497512438,-2.05989739e-14,0
0.8398,49.7512438,50,0.00497512438,-2.05989739e-14,0
0.8399,49.7512438,50,0.00497512438,-2.05989739e-14,0
0.84,49.7512438,50,0.00497512438,-2.05989739e-14,0
0.8401,49.7512438,50,0.00497512438,-2.08201512e-14,0
0.8402,49.7512438,50,0.00497512438,-2.08201512e-14,0
0.8403,49.7512438,50,0.00497512438,-2.08201512e-14,0
0.8404,49.7512438,50,0.00497512438,-2.08201512e-14,0
0.8405,49.7512438,50,0.00497512438,-2.08201512e-14,0
0.8406,49.7512438,50,0.00497512438,-2.08201512e-14,0
0.8407,49.7512438,50,0.00497512438,-2.08201512e-14,0
0.8408,49.7512438,50,0.00497512438,-2.08201512e-14,0
0.8409,49.7512438,50,0.00497512438,-2.08201512e-14,0
0.841,49.7512438,50,0.00497512438,-2.08201512e-14,0
0.8411,49.7512438,50,0.00497512438,-2.10421958e-14,0
0.8412,49.7512438,50,0.00497512438,-2.10421958e-14,0
0.8413,49.7512438,50,0.00497512438,-2.10421958e-14,0
0.8414,49.7512438,50,0.00497512438,-2.10421958e-14,0
0.8415,49.7512438,50,0.00497512438,-2.10421958e-14,0
0.8416,49.7512438,50,0.00497512438,-2.10421958e-14,0
0.8417,49.7512438,50,0.00497512438,-2.10421958e-14,0
0.8418,49.7512438,50,0.00497512438,-2.10421958e-14,0
0.8419,49.7512438,50,0.00497512438,-2.10421958e-14,0
0.842,49.7512438,50,0.00497512438,-2.10421958e-14,0
0.8421,49.7512438,50,0.00497512438,-2.12642404e-14,0
0.8422,49.7512438,50,0.00497512438,-2.12642404e-14,0
0.8423,49.7512438,50,0.00497512438,-2.12642404e-14,0
0.8424,49.7512438,50,0.00497512438,-2.12642404e-14,0
0.8425,49.7512438,50,0.00497512438,-2.12642404e-14,0
0.8426,49.7512438,50,0.00497512438,-2.12642404e-14,0
0.8427,49.7512438,50,0.00497512438,-2.12642404e-14,0
0.8428,49.7512438,50,0.00497512438,-2.12642404e-14,0
0.8429,49.7512438,50,0.00497512438,-2.12642404e-14,0
0.843,49.7512438,50,0.00497512438,-2.12642404e-14,0
0.8431,49.7512438,50,0.00497512438,-2.1486285e-14,0
0.8432,49.7512438,50,0.00497512438,-2.1486285e-14,0
0.8433,49.7512438,50,0.00497512438,-2.1486285e-14,0
0.8434,49.7512438,50,0.00497512438,-2.1486285e-14,0
0.8435,49.7512438,50,0.00497512438,-2.1486285e-14,0
0.8436,49.7512438,50,0.00497512438,-2.1486285e-14,0
0.8437,49.7512438,50,0.00497512438,-2.1486285e-14,0
0.8438,49.7512438,50,0.00497512438,-2.1486285e-14,0
0.8439,49.7512438,50,0.00497512438,-2.1486285e-14,0
0.844,49.7512438,50,0.00497512438,-2.1486285e-14,0
0.8441,49.7512438,50,0.00497512438,-1.84704682e-14,0
0.8442,49.7512438,50,0.00497512438,-1.84704682e-14,0
0.8443,49.7512438,50,0.00497512438,-1.84704682e-14,0
0.8444,49.7512438,50,0.00497512438,-1.84704682e-14,0
0.8445,49.7512438,50,0.00497512438,-1.84704682e-14,0
0.8446,49.7512438,50,0.00497512438,-1.84704682e-14,0
0.8447,49.7512438,50,0.00497512438,-1.84704682e-14,0
0.8448,49.7512438,50,0.00497512438,-1.84704682e-14,0
0.8449,49.7512438,50,0.00497512438,-1.84704682e-14,0
0.845,49.7512438,50,0.00497512438,-1.84704682e-14,0
0.8451,49.7512438,50,0.00497512438,-1.86075114e-14,0
0.8452,49.7512438,50,0.00497512438,-1.86075114e-14,0
0.8453,49.7512438,50,0.00497512438,-1.86075114e-14,0
0.8454,49.7512438,50,0.00497512438,-1.86075114e-14,0
0.8455,49.7512438,50,0.00497512438,-1.86075114e-14,0
0.8456,49.7512438,50,0.00497512438,-1.86075114e-14,0
0.8457,49.7512438,50,0.00497512438,-1.86075114e-14,0
0.8458,49.7512438,50,0.00497512438,-1.86075114e-14,0
0.8459,49.7512438,50,0.00497512438,-1.86075114e-14,0
0.846,49.7512438,50,0.00497512438,-1.86075114e-14,0
0.8461,49.7512438,50,0.00497512438,-1.85381224e-14,0
0.8462,49.7512438,50,0.00497512438,-1.85381224e-14,0
0.8463,49.7512438,50,0.00497512438,-1.85381224e-14,0
0.8464,49.7512438,50,0.00497512438,-1.85381224e-14,0
0.8465,49.7512438,50,0.00497512438,-1.85381224e-14,0
0.8466,49.7512438,50,0.00497512438,-1.85381224e-14,0
0.8467,49.7512438,50,0.00497512438,-1.85381224e-14,0
0.8468,49.7512438,50,0.00497512438,-1.85381224e-14,0
0.8469,49.7512438,50,0.00497512438,-1.85381224e-14,0
0.847,49.7512438,50,0.00497512438,-1.85381224e-14,0
0.8471,49.7512438,50,0.00497512438,-1.81252582e-14,0
0.8472,49.7512438,50,0.00497512438,-1.81252582e-14,0
0.8473,49.7512438,50,0.00497512438,-1.81252582e-14,0
0.8474,49.7512438,50,0.00497512438,-1.81252582e-14,0
0.8475,49.7512438,50,0.00497512438,-1.81252582e-14,0
0.8476,49.7512438,50,0.00497512438,-1.81252582e-14,0
0.8477,49.7512438,50,0.00497512438,-1.81252582e-14,0
0.8478,49.7512438,50,0.00497512438,-1.81252582e-14,0
0.8479,49.7512438,50,0.00497512438,-1.81252582e-14,0
0.848,49.7512438,50,0.00497512438,-1.81252582e-14,0
0.8481,49.7512438,50,0.00497512438,-1.77427517e-14,0
0.8482,49.7512438,50,0.00497512438,-1.77427517e-14,0
0.8483,49.7512438,50,0.00497512438,-1.77427517e-14,0
0.8484,49.7512438,50,0.00497512438,-1.77427517e-14,0
0.8485,49.7512438,50,0.00497512438,-1.77427517e-14,0
0.8486,49.7512438,50,0.00497512438,-1.77427517e-14,0
0.8487,49.7512438,50,0.00497512438,-1.77427517e-14,0
0.8488,49.7512438,50,0.00497512438,-1.77427517e-14,0
0.8489,49.7512438,50,0.00497512438,-1.77427517e-14,0
0.849,49.7512438,50,0.00497512438,-1.77427517e-14,0
0.8491,49.7512438,50,0.00497512438,-1.73576431e-14,0
0.8492,49.7512438,50,0.00497512438,-1.73576431e-14,0
0.8493,49.7512438,50,0.00497512438,-1.73576431e-14,0
0.8494,49.7512438,50,0.00497512438,-1.73576431e-14,0
0.8495,49.7512438,50,0.00497512438,-1.73576431e-14,0
0.8496,49.7512438,50,0.00497512438,-1.73576431e-14,0
0.8497,49.7512438,50,0.00497512438,-1.73576431e-14,0
0.8498,49.7512438,50,0.00497512438,-1.73576431e-14,0
0.8499,49.7512438,50,0.00497512438,-1.73576431e-14,0
0.85,49.7512438,50,0.00497512438,-1.73576431e-14,0
0.8501,49.7512438,50,0.00497512438,-1.69725345e-14,0
0.8502,49.7512438,50,0.00497512438,-1.69725345e-14,0
0.8503,49.7512438,50,0.00497512438,-1.69725345e-14,0
0.8504,49.7512438,50,0.00497512438,-1.69725345e-14,0
0.8505,49.7512438,50,0.00497512438,-1.69725345e-14,0
0.8506,49.7512438,50,0.00497512438,-1.69725345e-14,0
0.8507,49.7512438,50,0.00497512438,-1.69725345e-14,0
0.8508,49.7512438,50,0.00497512438,-1.69725345e-14,0
0.8509,49.7512438,50,0.00497512438,-1.69725345e-14,0
0.851,49.7512438,50,0.00497512438,-1.69725345e-14,0
0.8511,49.7512438,50,0.00497512438,-1.65874259e-14,0
0.8512,49.7512438,50,0.00497512438,-1.65874259e-14,0
0.8513,49.7512438,50,0.00497512438,-1.65874259e-14,0
0.8514,49.7512438,50,0.00497512438,-1.65874259e-14,0
0.8515,49.7512438,50,0.00497512438,-1.65874259e-14,0
0.8516,49.7512438,50,0.00497512438,-1.65874259e-14,0
0.8517,49.7512438,50,0.00497512438,-1.65874259e-14,0
0.8518,49.7512438,50,0.00497512438,-1.65874259e-14,0
0.8519,49.7512438,50,0.00497512438,-1.65874259e-14,0
0.852,49.7512438,50,0.00497512438,-1.65874259e-14,0
0.8521,49.7512438,50,0.00497512438,-1.62023173e-14,0
0.8522,49.7512438,50,0.00497512438,-1.62023173e-14,0
0.8523,49.7512438,50,0.00497512438,-1.62023173e-14,0
0.8524,49.7512438,50,0.00497512438,-1.62023173e-14,0
0.8525,49.7512438,50,0.00497512438,-1.62023173e-14,0
0.8526,49.7512438,50,0.00497512438,-1.62023173e-14,0
0.8527,49.7512438,50,0.00497512438,-1.62023173e-14,0
0.8528,49.7512438,50,0.00497512438,-1.62023173e-14,0
0.8529,49.7512438,50,0.00497512438,-1.62023173e-14,0
0.853,49.7512438,50,0.00497512438,-1.62023173e-14,0
0.8531,49.7512438,50,0.00497512438,-1.5818076e-14,0
0.8532,49.7512438,50,0.00497512438,-1.5818076e-14,0
0.8533,49.7512438,50,0.00497512438,-1.5818076e-14,0
0.8534,49.7512438,50,0.00497512438,-1.5818076e-14,0
0.8535,49.7512438,50,0.00497512438,-1.5818076e-14,0
0.8536,49.7512438,50,0.00497512438,-1.5818076e-14,0
0.8537,49.7512438,50,0.00497512438,-1.5818076e-14,0
0.8538,49.7512438,50,0.00497512438,-1.5818076e-14,0
0.8539,49.7512438,50,0.00497512438,-1.5818076e-14,0
0.854,49.7512438,50,0.00497512438,-1.5818076e-14,0
0.8541,49.7512438,50,0.00497512438,-1.54329674e-14,0
0.8542,49.7512438,50,0.00497512438,-1.54329674e-14,0
0.8543,49.7512438,50,0.00497512438,-1.54329674e-14,0
0.8544,49.7512438,50,0.00497512438,-1.54329674e-14,0
0.8545,49.7512438,50,0.00497512438,-1.54329674e-14,0
0.8546,49.7512438,50,0.00497512438,-1.54329674e-14,0
0.8547,49.7512438,50,0.00497512438,-1.54329674e-14,0
0.8548,49.7512438,50,0.00497512438,-1.54329674e-14,0
0.8549,49.7512438,50,0.00497512438,-1.54329674e-14,0
0.855,49.7512438,50,0.00497512438,-1.54329674e-14,0
0.8551,49.7512438,50,0.00497512438,-1.50478588e-14,0
0.8552,49.7512438,50,0.00497512438,-1.50478588e-14,0
0.8553,49.7512438,50,0.00497512438,-1.50478588e-14,0
0.8554,49.7512438,50,0.00497512438,-1.50478588e-14,0
0.8555,49.7512438,50,0.00497512438,-1.50478588e-14,0
0.8556,49.7512438,50,0.00497512438,-1.50478588e-14,0
0.8557,49.7512438,50,0.00497512438,-1.50478588e-14,0
0.8558,49.7512438,50,0.00497512438,-1.50478588e-14,0
0.8559,49.7512438,50,0.00497512438,-1.50478588e-14,0
0.856,49.7512438,50,0.00497512438,-1.50478588e-14,0
0.8561,49.7512438,50,0.00497512438,-1.46636175e-14,0
0.8562,49.7512438,50,0.00497512438,-1.46636175e-14,0
0.8563,49.7512438,50,0.00497512438,-1.46636175e-14,0
0.8564,49.7512438,50,0.00497512438,-1.46636175e-14,0
0.8565,49.7512438,50,0.00497512438,-1.46636175e-14,0
0.8566,49.7512438,50,0.00497512438,-1.46636175e-14,0
0.8567,49.7512438,50,0.00497512438,-1.46636175e-14,0
0.8568,49.7512438,50,0.00497512438,-1.46636175e-14,0
0.8569,49.7512438,50,0.00497512438,-1.46636175e-14,0
0.857,49.7512438,50,0.00497512438,-1.46636175e-14,0
0.8571,49.7512438,50,0.00497512438,-1.42785089e-14,0
0.8572,49.7512438,50,0.00497512438,-1.42785089e-14,0
0.8573,49.7512438,50,0.00497512438,-1.42785089e-14,0
0.8574,49.7512438,50,0.00497512438,-1.42785089e-14,0
0.8575,49.7512438,50,0.00497512438,-1.42785089e-14,0
0.8576,49.7512438,50,0.00497512438,-1.42785089e-14,0
0.8577,49.7512438,50,0.00497512438,-1.42785089e-14,0
0.8578,49.7512438,50,0.00497512438,-1.42785089e-14,0
0.8579,49.7512438,50,0.00497512438,-1.42785089e-14,0
0.858,49.7512438,50,0.00497512438,-1.42785089e-14,0
0.8581,49.7512438,50,0.00497512438,-1.38934003e-14,0
0.8582,49.7512438,50,0.00497512438,-1.38934003e-14,0
0.8583,49.7512438,50,0.00497512438,-1.38934003e-14,0
0.8584,49.7512438,50,0.00497512438,-1.38934003e-14,0
0.8585,49.7512438,50,0.00497512438,-1.38934003e-14,0
0.8586,49.7512438,50,0.00497512438,-1.38934003e-14,0
0.8587,49.7512438,50,0.00497512438,-1.38934003e-14,0
0.8588,49.7512438,50,0.00497512438,-1.38934003e-14,0
0.8589,49.7512438,50,0.00497512438,-1.38934003e-14,0
0.859,49.7512438,50,0.00497512438,-1.38934003e-14,0
0.8591,49.7512438,50,0.00497512438,-1.35091591e-14,0
0.8592,49.7512438,50,0.00497512438,-1.35091591e-14,0
0.8593,49.7512438,50,0.00497512438,-1.35091591e-14,0
0.8594,49.7512438,50,0.00497512438,-1.35091591e-14,0
0.8595,49.7512438,50,0.00497512438,-1.35091591e-14,0
0.8596,49.7512438,50,0.00497512438,-1.35091591e-14,0
0.8597,49.7512438,50,0.00497512438,-1.35091591e-14,0
0.8598,49.7512438,50,0.00497512438,-1.35091591e-14,0
0.8599,49.7512438,50,0.00497512438,-1.35091591e-14,0
0.86,49.7512438,50,0.00497512438,-1.35091591e-14,0
0.8601,49.7512438,50,0.00497512438,-1.31240505e-14,0
0.8602,49.7512438,50,0.00497512438,-1.31240505e-14,0
0.8603,49.7512438,50,0.00497512438,-1.31240505e-14,0
0.8604,49.7512438,50,0.00497512438,-1.31240505e-14,0
0.8605,49.7512438,50,0.00497512438,-1.31240505e-14,0
0.8606,49.7512438,50,0.00497512438,-1.31240505e-14,0
0.8607,49.7512438,50,0.00497512438,-1.31240505e-14,0
0.8608,49.7512438,50,0.00497512438,-1.31240505e-14,0
0.8609,49.7512438,50,0.00497512438,-1.31240505e-14,0
0.861,49.7512438,50,0.00497512438,-1.31240505e-14,0
0.8611,49.7512438,50,0.00497512438,-1.27389418e-14,0
0.8612,49.7512438,50,0.00497512438,-1.27389418e-14,0
0.8613,49.7512438,50,0.00497512438,-1.27389418e-14,0
0.8614,49.7512438,50,0.00497512438,-1.27389418e-14,0
0.8615,49.7512438,50,0.00497512438,-1.27389418e-14,0
0.8616,49.7512438,50,0.00497512438,-1.27389418e-14,0
0.8617,49.7512438,50,0.00497512438,-1.27389418e-14,0
0.8618,49.7512438,50,0.00497512438,-1.27389418e-14,0
0.8619,49.7512438,50,0.00497512438,-1.27389418e-14,0
0.862,49.7512438,50,0.00497512438,-1.27389418e-14,0
0.8621,49.7512438,50,0.00497512438,-1.23547006e-14,0
0.8622,49.7512438,50,0.00497512438,-1.23547006e-14,0
0.8623,49.7512438,50,0.00497512438,-1.23547006e-14,0
0.8624,49.7512438,50,0.00497512438,-1.23547006e-14,0
0.8625,49.7512438,50,0.00497512438,-1.23547006e-14,0
0.8626,49.7512438,50,0.00497512438,-1.23547006e-14,0
0.8627,49.7512438,50,0.00497512438,-1.23547006e-14,0
0.8628,49.7512438,50,0.00497512438,-1.23547006e-14,0
0.8629,49.7512438,50,0.00497512438,-1.23547006e-14,0
0.863,49.7512438,50,0.00497512438,-1.23547006e-14,0
0.8631,49.7512438,50,0.00497512438,-1.1969592e-14,0
0.8632,49.7512438,50,0.00497512438,-1.1969592e-14,0
0.8633,49.7512438,50,0.00497512438,-1.1969592e-14,0
0.8634,49.7512438,50,0.00497512438,-1.1969592e-14,0
0.8635,49.7512438,50,0.00497512438,-1.1969592e-14,0
0.8636,49.7512438,50,0.00497512438,-1.1969592e-14,0
0.8637,49.7512438,50,0.00497512438,-1.1969592e-14,0
0.8638,49.7512438,50,0.00497512438,-1.1969592e-14,0
0.8639,49.7512438,50,0.00497512438,-1.1969592e-14,0
0.864,49.7512438,50,0.00497512438,-1.1969592e-14,0
0.8641,49.7512438,50,0.00497512438,-1.15844834e-14,0
0.8642,49.7512438,50,0.00497512438,-1.15844834e-14,0
0.8643,49.7512438,50,0.00497512438,-1.15844834e-14,0
0.8644,49.7512438,50,0.00497512438,-1.15844834e-14,0
0.8645,49.7512438,50,0.00497512438,-1.15844834e-14,0
0.8646,49.7512438,50,0.00497512438,-1.15844834e-14,0
0.8647,49.7512438,50,0.00497512438,-1.15844834e-14,0
0.8648,49.7512438,50,0.00497512438,-1.15844834e-14,0
0.8649,49.7512438,50,0.00497512438,-1.15844834e-14,0
0.865,49.7512438,50,0.00497512438,-1.15844834e-14,0
0.8651,49.7512438,50,0.00497512438,-1.12002421e-14,0
0.8652,49.7512438,50,0.00497512438,-1.12002421e-14,0
0.8653,49.7512438,50,0.00497512438,-1.12002421e-14,0
0.8654,49.7512438,50,0.00497512438,-1.12002421e-14,0
0.8655,49.7512438,50,0.00497512438,-1.12002421e-14,0
0.8656,49.7512438,50,0.00497512438,-1.12002421e-14,0
0.8657,49.7512438,50,0.00497512438,-1.12002421e-14,0
0.8658,49.7512438,50,0.00497512438,-1.12002421e-14,0
0.8659,49.7512438,50,0.00497512438,-1.12002421e-14,0
0.866,49.7512438,50,0.00497512438,-1.12002421e-14,0
0.8661,49.7512438,50,0.00497512438,-1.08151335e-14,0
0.8662,49.7512438,50,0.00497512438,-1.08151335e-14,0
0.8663,49.7512438,50,0.00497512438,-1.08151335e-14,0
0.8664,49.7512438,50,0.00497512438,-1.08151335e-14,0
0.8665,49.7512438,50,0.00497512438,-1.08151335e-14,0
0.8666,49.7512438,50,0.00497512438,-1.08151335e-14,0
0.8667,49.7512438,50,0.00497512438,-1.08151335e-14,0
0.8668,49.7512438,50,0.00497512438,-1.08151335e-14,0
0.8669,49.7512438,50,0.00497512438,-1.08151335e-14,0
0.867,49.7512438,50,0.00497512438,-1.08151335e-14,0
0.8671,49.7512438,50,0.00497512438,-1.04300249e-14,0
0.8672,49.7512438,50,0.00497512438,-1.04300249e-14,0
0.8673,49.7512438,50,0.00497512438,-1.04300249e-14,0
0.8674,49.7512438,50,0.00497512438,-1.04300249e-14,0
0.8675,49.7512438,50,0.00497512438,-1.04300249e-14,0
0.8676,49.7512438,50,0.00497512438,-1.04300249e-14,0
0.8677,49.7512438,50,0.00497512438,-1.04300249e-14,0
0.8678,49.7512438,50,0.00497512438,-1.04300249e-14,0
0.8679,49.7512438,50,0.00497512438,-1.04300249e-14,0
0.868,49.7512438,50,0.00497512438,-1.04300249e-14,0
0.8681,49.7512438,50,0.00497512438,-1.00457836e-14,0
0.8682,49.7512438,50,0.00497512438,-1.00457836e-14,0
0.8683,49.7512438,50,0.00497512438,-1.00457836e-14,0
0.8684,49.7512438,50,0.00497512438,-1.00457836e-14,0
0.8685,49.7512438,50,0.00497512438,-1.00457836e-14,0
0.8686,49.7512438,50,0.00497512438,-1.00457836e-14,0
0.8687,49.7512438,50,0.00497512438,-1.00457836e-14,0
0.8688,49.7512438,50,0.00497512438,-1.00457836e-14,0
0.8689,49.7512438,50,0.00497512438,-1.00457836e-14,0
0.869,49.7512438,50,0.00497512438,-1.00457836e-14,0
0.8691,49.7512438,50,0.00497512438,-9.66067504e-15,0
0.8692,49.7512438,50,0.00497512438,-9.66067504e-15,0
0.8693,49.7512438,50,0.00497512438,-9.66067504e-15,0
0.8694,49.7512438,50,0.00497512438,-9.66067504e-15,0
0.8695,49.7512438,50,0.00497512438,-9.66067504e-15,0
0.8696,49.7512438,50,0.00497512438,-9.66067504e-15,0
0.8697,49.7512438,50,0.00497512438,-9.66067504e-15,0
0.8698,49.7512438,50,0.00497512438,-9.66067504e-15,0
0.8699,49.7512438,50,0.00497512438,-9.66067504e-15,0
0.87,49.7512438,50,0.00497512438,-9.66067504e-15,0
0.8701,49.7512438,50,0.00497512438,-9.27556643e-15,0
0.8702,49.7512438,50,0.00497512438,-9.27556643e-15,0
0.8703,49.7512438,50,0.00497512438,-9.27556643e-15,0
0.8704,49.7512438,50,0.00497512438,-9.27556643e-15,0
0.8705,49.7512438,50,0.00497512438,-9.27556643e-15,0
0.8706,49.7512438,50,0.00497512438,-9.27556643e-15,0
0.8707,49.7512438,50,0.00497512438,-9.27556643e-15,0
0.8708,49.7512438,50,0.00497512438,-9.27556643e-15,0
0.8709,49.7512438,50,0.00497512438,-9.27556643e-15,0
0.871,49.7512438,50,0.00497512438,-9.27556643e-15,0
0.8711,49.7512438,50,0.00497512438,-8.89132518e-15,0
0.8712,49.7512438,50,0.00497512438,-8.89132518e-15,0
0.8713,49.7512438,50,0.00497512438,-8.89132518e-15,0
0.8714,49.7512438,50,0.00497512438,-8.89132518e-15,0
0.8715,49.7512438,50,0.00497512438,-8.89132518e-15,0
0.8716,49.7512438,50,0.00497512438,-8.89132518e-15,0
0.8717,49.7512438,50,0.00497512438,-8.89132518e-15,0
0.8718,49.7512438,50,0.00497512438,-8.89132518e-15,0
0.8719,49.7512438,50,0.00497512438,-8.89132518e-15,0
0.872,49.7512438,50,0.00497512438,-8.89132518e-15,0
0.8721,49.7512438,50,0.00497512438,-8.50621656e-15,0
0.8722,49.7512438,50,0.00497512438,-8.50621656e-15,0
0.8723,49.7512438,50,0.00497512438,-8.50621656e-15,0
0.8724,49.7512438,50,0.00497512438,-8.50621656e-15,0
0.8725,49.7512438,50,0.00497512438,-8.50621656e-15,0
0.8726,49.7512438,50,0.00497512438,-8.50621656e-15,0
0.8727,49.7512438,50,0.00497512438,-8.50621656e-15,0
0.8728,49.7512438,50,0.00497512438,-8.50621656e-15,0
0.8729,49.7512438,50,0.00497512438,-8.50621656e-15,0
0.873,49.7512438,50,0.00497512438,-8.50621656e-15,0
0.8731,49.7512438,50,0.00497512438,-8.12110795e-15,0
0.8732,49.7512438,50,0.00497512438,-8.12110795e-15,0
0.8733,49.7512438,50,0.00497512438,-8.12110795e-15,0
0.8734,49.7512438,50,0.00497512438,-8.12110795e-15,0
0.8735,49.7512438,50,0.00497512438,-8.12110795e-15,0
0.8736,49.7512438,50,0.00497512438,-8.12110795e-15,0
0.8737,49.7512438,50,0.00497512438,-8.12110795e-15,0
0.8738,49.7512438,50,0.00497512438,-8.12110795e-15,0
0.8739,49.7512438,50,0.00497512438,-8.12110795e-15,0
0.874,49.7512438,50,0.00497512438,-8.12110795e-15,0
0.8741,49.7512438,50,0.00497512438,-7.7368667e-15,0
0.8742,49.7512438,50,0.00497512438,-7.7368667e-15,0
0.8743,49.7512438,50,0.00497512438,-7.7368667e-15,0
0.8744,49.7512438,50,0.00497512438,-7.7368667e-15,0
0.8745,49.7512438,50,0.00497512438,-7.7368667e-15,0
0.8746,49.7512438,50,0.00497512438,-7.7368667e-15,0
0.8747,49.7512438,50,0.00497512438,-7.7368667e-15,0
0.8748,49.7512438,50,0.00497512438,-7.7368667e-15,0
0.8749,49.7512438,50,0.00497512438,-7.7368667e-15,0
0.875,49.7512438,50,0.00497512438,-7.7368667e-15,0
0.8751,49.7512438,50,0.00497512438,-7.35175809e-15,0
0.8752,49.7512438,50,0.00497512438,-7.35175809e-15,0
0.8753,49.7512438,50,0.00497512438,-7.35175809e-15,0
0.8754,49.7512438,50,0.00497512438,-7.35175809e-15,0
0.8755,49.7512438,50,0.00497512438,-7.35175809e-15,0
0.8756,49.7512438,50,0.00497512438,-7.35175809e-15,0
0.8757,49.7512438,50,0.00497512438,-7.35175809e-15,0
0.8758,49.7512438,50,0.00497512438,-7.35175809e-15,0
0.8759,49.7512438,50,0.00497512438,-7.35175809e-15,0
0.876,49.7512438,50,0.00497512438,-7.35175809e-15,0
0.8761,49.7512438,50,0.00497512438,-6.96664948e-15,0
0.8762,49.7512438,50,0.00497512438,-6.96664948e-15,0
0.8763,49.7512438,50,0.00497512438,-6.96664948e-15,0
0.8764,49.7512438,50,0.00497512438,-6.96664948e-15,0
0.8765,49.7512438,50,0.00497512438,-6.96664948e-15,0
0.8766,49.7512438,50,0.00497512438,-6.96664948e-15,0
0.8767,49.7512438,50,0.00497512438,-6.96664948e-15,0
0.8768,49.7512438,50,0.00497512438,-6.96664948e-15,0
0.8769,49.7512438,50,0.00497512438,-6.96664948e-15,0
0.877,49.7512438,50,0.00497512438,-6.96664948e-15,0
0.8771,49.7512438,50,0.00497512438,-6.58240823e-15,0
0.8772,49.7512438,50,0.00497512438,-6.58240823e-15,0
0.8773,49.7512438,50,0.00497512438,-6.58240823e-15,0
0.8774,49.7512438,50,0.00497512438,-6.58240823e-15,0
0.8775,49.7512438,50,0.00497512438,-6.58240823e-15,0
0.8776,49.7512438,50,0.00497512438,-6.58240823e-15,0
0.8777,49.7512438,50,0.00497512438,-6.58240823e-15,0
0.8778,49.7512438,50,0.00497512438,-6.58240823e-15,0
0.8779,49.7512438,50,0.00497512438,-6.58240823e-15,0
0.878,49.7512438,50,0.00497512438,-6.58240823e-15,0
0.8781,49.7512438,50,0.00497512438,-6.19729962e-15,0
0.8782,49.7512438,50,0.00497512438,-6.19729962e-15,0
0.8783,49.7512438,50,0.00497512438,-6.19729962e-15,0
0.8784,49.7512438,50,0.00497512438,-6.19729962e-15,0
0.8785,49.7512438,50,0.00497512438,-6.19729962e-15,0
0.8786,49.7512438,50,0.00497512438,-6.19729962e-15,0
0.8787,49.7512438,50,0.00497512438,-6.19729962e-15,0
0.8788,49.7512438,50,0.00497512438,-6.19729962e-15,0
0.8789,49.7512438,50,0.00497512438,-6.19729962e-15,0
0.879,49.7512438,50,0.00497512438,-6.19729962e-15,0
0.8791,49.7512438,50,0.00497512438,-5.81219101e-15,0
0.8792,49.7512438,50,0.00497512438,-5.81219101e-15,0
0.8793,49.7512438,50,0.00497512438,-5.81219101e-15,0
0.8794,49.7512438,50,0.00497512438,-5.81219101e-15,0
0.8795,49.7512438,50,0.00497512438,-5.81219101e-15,0
0.8796,49.7512438,50,0.00497512438,-5.81219101e-15,0
0.8797,49.7512438,50,0.00497512438,-5.81219101e-15,0
0.8798,49.7512438,50,0.00497512438,-5.81219101e-15,0
0.8799,49.7512438,50,0.00497512438,-5.81219101e-15,0
0.88,49.7512438,50,0.00497512438,-5.81219101e-15,0
0.8801,49.7512438,50,0.00497512438,-5.42794976e-15,0
0.8802,49.7512438,50,0.00497512438,-5.42794976e-15,0
0.8803,49.7512438,50,0.00497512438,-5.42794976e-15,0
0.8804,49.7512438,50,0.00497512438,-5.42794976e-15,0
0.8805,49.7512438,50,0.00497512438,-5.42794976e-15,0
0.8806,49.7512438,50,0.00497512438,-5.42794976e-15,0
0.8807,49.7512438,50,0.00497512438,-5.42794976e-15,0
0.8808,49.7512438,50,0.00497512438,-5.42794976e-15,0
0.8809,49.7512438,50,0.00497512438,-5.42794976e-15,0
0.881,49.7512438,50,0.00497512438,-5.42794976e-15,0
0.8811,49.7512438,50,0.00497512438,-5.04284114e-15,0
0.8812,49.7512438,50,0.00497512438,-5.04284114e-15,0
0.8813,49.7512438,50,0.00497512438,-5.04284114e-15,0
0.8814,49.7512438,50,0.00497512438,-5.04284114e-15,0
0.8815,49.7512438,50,0.00497512438,-5.04284114e-15,0
0.8816,49.7512438,50,0.00497512438,-5.04284114e-15,0
0.8817,49.7512438,50,0.00497512438,-5.04284114e-15,0
0.8818,49.7512438,50,0.00497512438,-5.04284114e-15,0
0.8819,49.7512438,50,0.00497512438,-5.04284114e-15,0
0.882,49.7512438,50,0.00497512438,-5.04284114e-15,0
0.8821,49.7512438,50,0.00497512438,-4.65773253e-15,0
0.8822,49.7512438,50,0.00497512438,-4.65773253e-15,0
0.8823,49.7512438,50,0.00497512438,-4.65773253e-15,0
0.8824,49.7512438,50,0.00497512438,-4.65773253e-15,0
0.8825,49.7512438,50,0.00497512438,-4.65773253e-15,0
0.8826,49.7512438,50,0.00497512438,-4.65773253e-15,0
0.8827,49.7512438,50,0.00497512438,-4.65773253e-15,0
0.8828,49.7512438,50,0.00497512438,-4.65773253e-15,0
0.8829,49.7512438,50,0.00497512438,-4.65773253e-15,0
0.883,49.7512438,50,0.00497512438,-4.65773253e-15,0
0.8831,49.7512438,50,0.00497512438,-4.27349128e-15,0
0.8832,49.7512438,50,0.00497512438,-4.27349128e-15,0
0.8833,49.7512438,50,0.00497512438,-4.27349128e-15,0
0.8834,49.7512438,50,0.00497512438,-4.27349128e-15,0
0.8835,49.7512438,50,0.00497512438,-4.27349128e-15,0
0.8836,49.7512438,50,0.00497512438,-4.27349128e-15,0
0.8837,49.7512438,50,0.00497512438,-4.27349128e-15,0
0.8838,49.7512438,50,0.00497512438,-4.27349128e-15,0
0.8839,49.7512438,50,0.00497512438,-4.27349128e-15,0
0.884,49.7512438,50,0.00497512438,-4.27349128e-15,0
0.8841,49.7512438,50,0.00497512438,-3.88838267e-15,0
0.8842,49.7512438,50,0.00497512438,-3.88838267e-15,0
0.8843,49.7512438,50,0.00497512438,-3.88838267e-15,0
0.8844,49.7512438,50,0.00497512438,-3.88838267e-15,0
0.8845,49.7512438,50,0.00497512438,-3.88838267e-15,0
0.8846,49.7512438,50,0.00497512438,-3.88838267e-15,0
0.8847,49.7512438,50,0.00497512438,-3.88838267e-15,0
0.8848,49.7512438,50,0.00497512438,-3.88838267e-15,0
0.8849,49.7512438,50,0.00497512438,-3.88838267e-15,0
0.885,49.7512438,50,0.00497512438,-3.88838267e-15,0
0.8851,49.7512438,50,0.00497512438,-3.50327406e-15,0
0.8852,49.7512438,50,0.00497512438,-3.50327406e-15,0
0.8853,49.7512438,50,0.00497512438,-3.50327406e-15,0
0.8854,49.7512438,50,0.00497512438,-3.50327406e-15,0
0.8855,49.7512438,50,0.00497512438,-3.50327406e-15,0
0.8856,49.7512438,50,0.00497512438,-3.50327406e-15,0
0.8857,49.7512438,50,0.00497512438,-3.50327406e-15,0
0.8858,49.7512438,50,0.00497512438,-3.50327406e-15,0
0.8859,49.7512438,50,0.00497512438,-3.50327406e-15,0
0.886,49.7512438,50,0.00497512438,-3.50327406e-15,0
0.8861,49.7512438,50,0.00497512438,-3.11903281e-15,0
0.8862,49.7512438,50,0.00497512438,-3.11903281e-15,0
0.8863,49.7512438,50,0.00497512438,-3.11903281e-15,0
0.8864,49.7512438,50,0.00497512438,-3.11903281e-15,0
0.8865,49.7512438,50,0.00497512438,-3.11903281e-15,0
0.8866,49.7512438,50,0.00497512438,-3.11903281e-15,0
0.8867,49.7512438,50,0.00497512438,-3.11903281e-15,0
0.8868,49.7512438,50,0.00497512438,-3.11903281e-15,0
0.8869,49.7512438,50,0.00497512438,-3.11903281e-15,0
0.887,49.7512438,50,0.00497512438,-3.11903281e-15,0
0.8871,49.7512438,50,0.00497512438,-2.7339242e-15,0
0.8872,49.7512438,50,0.00497512438,-2.7339242e-15,0
0.8873,49.7512438,50,0.00497512438,-2.7339242e-15,0
0.8874,49.7512438,50,0.00497512438,-2.7339242e-15,0
0.8875,49.7512438,50,0.00497512438,-2.7339242e-15,0
0.8876,49.7512438,50,0.00497512438,-2.7339242e-15,0
0.8877,49.7512438,50,0.00497512438,-2.7339242e-15,0
0.8878,49.7512438,50,0.00497512438,-2.7339242e-15,0
0.8879,49.7512438,50,0.00497512438,-2.7339242e-15,0
0.888,49.7512438,50,0.00497512438,-2.7339242e-15,0
0.8881,49.7512438,50,0.00497512438,-2.34881559e-15,0
0.8882,49.7512438,50,0.00497512438,-2.34881559e-15,0
0.8883,49.7512438,50,0.00497512438,-2.34881559e-15,0
0.8884,49.7512438,50,0.00497512438,-2.34881559e-15,0
0.8885,49.7512438,50,0.00497512438,-2.34881559e-15,0
0.8886,49.7512438,50,0.00497512438,-2.34881559e-15,0
0.8887,49.7512438,50,0.00497512438,-2.34881559e-15,0
0.8888,49.7512438,50,0.00497512438,-2.34881559e-15,0
0.8889,49.7512438,50,0.00497512438,-2.34881559e-15,0
0.889,49.7512438,50,0.00497512438,-2.34881559e-15,0
0.8891,49.7512438,50,0.00497512438,-1.96457434e-15,0
0.8892,49.7512438,50,0.00497512438,-1.96457434e-15,0
0.8893,49.7512438,50,0.00497512438,-1.96457434e-15,0
0.8894,49.7512438,50,0.00497512438,-1.96457434e-15,0
0.8895,49.7512438,50,0.00497512438,-1.96457434e-15,0
0.8896,49.7512438,50,0.00497512438,-1.96457434e-15,0
0.8897,49.7512438,50,0.00497512438,-1.96457434e-15,0
0.8898,49.7512438,50,0.00497512438,-1.96457434e-15,0
0.8899,49.7512438,50,0.00497512438,-1.96457434e-15,0
0.89,49.7512438,50,0.00497512438,-1.96457434e-15,0
0.8901,49.7512438,50,0.00497512438,-1.57946572e-15,0
0.8902,49.7512438,50,0.00497512438,-1.57946572e-15,0
0.8903,49.7512438,50,0.00497512438,-1.57946572e-15,0
0.8904,49.7512438,50,0.00497512438,-1.57946572e-15,0
0.8905,49.7512438,50,0.00497512438,-1.57946572e-15,0
0.8906,49.7512438,50,0.00497512438,-1.57946572e-15,0
0.8907,49.7512438,50,0.00497512438,-1.57946572e-15,0
0.8908,49.7512438,50,0.00497512438,-1.57946572e-15,0
0.8909,49.7512438,50,0.00497512438,-1.57946572e-15,0
0.891,49.7512438,50,0.00497512438,-1.57946572e-15,0
0.8911,49.7512438,50,0.00497512438,-1.19435711e-15,0
0.8912,49.7512438,50,0.00497512438,-1.19435711e-15,0
0.8913,49.7512438,50,0.00497512438,-1.19435711e-15,0
0.8914,49.7512438,50,0.00497512438,-1.19435711e-15,0
0.8915,49.7512438,50,0.00497512438,-1.19435711e-15,0
0.8916,49.7512438,50,0.00497512438,-1.19435711e-15,0
0.8917,49.7512438,50,0.00497512438,-1.19435711e-15,0
0.8918,49.7512438,50,0.00497512438,-1.19435711e-15,0
0.8919,49.7512438,50,0.00497512438,-1.19435711e-15,0
0.892,49.7512438,50,0.00497512438,-1.19435711e-15,0
0.8921,49.7512438,50,0.00497512438,-8.10115863e-16,0
0.8922,49.7512438,50,0.00497512438,-8.10115863e-16,0
0.8923,49.7512438,50,0.00497512438,-8.10115863e-16,0
0.8924,49.7512438,50,0.00497512438,-8.10115863e-16,0
0.8925,49.7512438,50,0.00497512438,-8.10115863e-16,0
0.8926,49.7512438,50,0.00497512438,-8.10115863e-16,0
0.8927,49.7512438,50,0.00497512438,-8.10115863e-16,0
0.8928,49.7512438,50,0.00497512438,-8.10115863e-16,0
0.8929,49.7512438,50,0.00497512438,-8.10115863e-16,0
0.893,49.7512438,50,0.00497512438,-8.10115863e-16,0
0.8931,49.7512438,50,0.00497512438,-4.25007252e-16,0
0.8932,49.7512438,50,0.00497512438,-4.25007252e-16,0
0.8933,49.7512438,50,0.00497512438,-4.25007252e-16,0
0.8934,49.7512438,50,0.00497512438,-4.25007252e-16,0
0.8935,49.7512438,50,0.00497512438,-4.25007252e-16,0
0.8936,49.7512438,50,0.00497512438,-4.25007252e-16,0
0.8937,49.7512438,50,0.00497512438,-4.25007252e-16,0
0.8938,49.7512438,50,0.00497512438,-4.25007252e-16,0
0.8939,49.7512438,50,0.00497512438,-4.25007252e-16,0
0.894,49.7512438,50,0.00497512438,-4.25007252e-16,0
0.8941,49.7512438,50,0.00497512438,-3.98986399e-17,0
0.8942,49.7512438,50,0.00497512438,-3.98986399e-17,0
0.8943,49.7512438,50,0.00497512438,-3.98986399e-17,0
0.8944,49.7512438,50,0.00497512438,-3.98986399e-17,0
0.8945,49.7512438,50,0.00497512438,-3.98986399e-17,0
0.8946,49.7512438,50,0.00497512438,-3.98986399e-17,0
0.8947,49.7512438,50,0.00497512438,-3.98986399e-17,0
0.8948,49.7512438,50,0.00497512438,-3.98986399e-17,0
0.8949,49.7512438,50,0.00497512438,-3.98986399e-17,0
0.895,49.7512438,50,0.00497512438,-3.98986399e-17,0
0.8951,49.7512438,50,0.00497512438,3.4434261e-16,0
0.8952,49.7512438,50,0.00497512438,3.4434261e-16,0
0.8953,49.7512438,50,0.00497512438,3.4434261e-16,0
0.8954,49.7512438,50,0.00497512438,3.4434261e-16,0
0.8955,49.7512438,50,0.00497512438,3.4434261e-16,0
0.8956,49.7512438,50,0.00497512438,3.4434261e-16,0
0.8957,49.7512438,50,0.00497512438,3.4434261e-16,0
0.8958,49.7512438,50,0.00497512438,3.4434261e-16,0
0.8959,49.7512438,50,0.00497512438,3.4434261e-16,0
0.896,49.7512438,50,0.00497512438,3.4434261e-16,0
0.8961,49.7512438,50,0.00497512438,7.29451222e-16,0
0.8962,49.7512438,50,0.00497512438,7.29451222e-16,0
0.8963,49.7512438,50,0.00497512438,7.29451222e-16,0
0.8964,49.7512438,50,0.00497512438,7.29451222e-16,0
0.8965,49.7512438,50,0.00497512438,7.29451222e-16,0
0.8966,49.7512438,50,0.00497512438,7.29451222e-16,0
0.8967,49.7512438,50,0.00497512438,7.29451222e-16,0
0.8968,49.7512438,50,0.00497512438,7.29451222e-16,0
0.8969,49.7512438,50,0.00497512438,7.29451222e-16,0
0.897,49.7512438,50,0.00497512438,7.29451222e-16,0
0.8971,49.7512438,50,0.00497512438,1.11455983e-15,0
0.8972,49.7512438,50,0.00497512438,1.11455983e-15,0
0.8973,49.7512438,50,0.00497512438,1.11455983e-15,0
0.8974,49.7512438,50,0.00497512438,1.11455983e-15,0
0.8975,49.7512438,50,0.00497512438,1.11455983e-15,0
0.8976,49.7512438,50,0.00497512438,1.11455983e-15,0
0.8977,49.7512438,50,0.00497512438,1.11455983e-15,0
0.8978,49.7512438,50,0.00497512438,1.11455983e-15,0
0.8979,49.7512438,50,0.00497512438,1.11455983e-15,0
0.898,49.7512438,50,0.00497512438,1.11455983e-15,0
0.8981,49.7512438,50,0.00497512438,1.49880108e-15,0
0.8982,49.7512438,50,0.00497512438,1.49880108e-15,0
0.8983,49.7512438,50,0.00497512438,1.49880108e-15,0
0.8984,49.7512438,50,0.00497512438,1.49880108e-15,0
0.8985,49.7512438,50,0.00497512438,1.49880108e-15,0
0.8986,49.7512438,50,0.00497512438,1.49880108e-15,0
0.8987,49.7512438,50,0.00497512438,1.49880108e-15,0
0.8988,49.7512438,50,0.00497512438,1.49880108e-15,0
0.8989,49.7512438,50,0.00497512438,1.49880108e-15,0
0.899,49.7512438,50,0.00497512438,1.49880108e-15,0
0.8991,49.7512438,50,0.00497512438,1.88390969e-15,0
0.8992,49.7512438,50,0.00497512438,1.88390969e-15,0
0.8993,49.7512438,50,0.00497512438,1.88390969e-15,0
0.8994,49.7512438,50,0.00497512438,1.88390969e-15,0
0.8995,49.7512438,50,0.00497512438,1.88390969e-15,0
0.8996,49.7512438,50,0.00497512438,1.88390969e-15,0
0.8997,49.7512438,50,0.00497512438,1.88390969e-15,0
0.8998,49.7512438,50,0.00497512438,1.88390969e-15,0
0.8999,49.7512438,50,0.00497512438,1.88390969e-15,0
0.9,49.7512438,50,0.00497512438,1.88390969e-15,0
0.9001,49.7512438,50,0.00497512438,2.26901831e-15,0
0.9002,49.7512438,50,0.00497512438,2.26901831e-15,0
0.9003,49.7512438,50,0.00497512438,2.26901831e-15,0
0.9004,49.7512438,50,0.00497512438,2.26901831e-15,0
0.9005,49.7512438,50,0.00497512438,2.26901831e-15,0
0.9006,49.7512438,50,0.00497512438,2.26901831e-15,0
0.9007,49.7512438,50,0.00497512438,2.26901831e-15,0
0.9008,49.7512438,50,0.00497512438,2.26901831e-15,0
0.9009,49.7512438,50,0.00497512438,2.26901831e-15,0
0.901,49.7512438,50,0.00497512438,2.26901831e-15,0
0.9011,49.7512438,50,0.00497512438,2.65325956e-15,0
0.9012,49.7512438,50,0.00497512438,2.65325956e-15,0
0.9013,49.7512438,50,0.00497512438,2.65325956e-15,0
0.9014,49.7512438,50,0.00497512438,2.65325956e-15,0
0.9015,49.7512438,50,0.00497512438,2.65325956e-15,0
0.9016,49.7512438,50,0.00497512438,2.65325956e-15,0
0.9017,49.7512438,50,0.00497512438,2.65325956e-15,0
0.9018,49.7512438,50,0.00497512438,2.65325956e-15,0
0.9019,49.7512438,50,0.00497512438,2.65325956e-15,0
0.902,49.7512438,50,0.00497512438,2.65325956e-15,0
0.9021,49.7512438,50,0.00497512438,3.03836817e-15,0
0.9022,49.7512438,50,0.00497512438,3.03836817e-15,0
0.9023,49.7512438,50,0.00497512438,3.03836817e-15,0
0.9024,49.7512438,50,0.00497512438,3.03836817e-15,0
0.9025,49.7512438,50,0.00497512438,3.03836817e-15,0
0.9026,49.7512438,50,0.00497512438,3.03836817e-15,0
0.9027,49.7512438,50,0.00497512438,3.03836817e-15,0
0.9028,49.7512438,50,0.00497512438,3.03836817e-15,0
0.9029,49.7512438,50,0.00497512438,3.03836817e-15,0
0.903,49.7512438,50,0.00497512438,3.03836817e-15,0
0.9031,49.7512438,50,0.00497512438,3.42347678e-15,0
0.9032,49.7512438,50,0.00497512438,3.42347678e-15,0
0.9033,49.7512438,50,0.00497512438,3.42347678e-15,0
0.9034,49.7512438,50,0.00497512438,3.42347678e-15,0
0.9035,49.7512438,50,0.00497512438,3.42347678e-15,0
0.9036,49.7512438,50,0.00497512438,3.42347678e-15,0
0.9037,49.7512438,50,0.00497512438,3.42347678e-15,0
0.9038,49.7512438,50,0.00497512438,3.42347678e-15,0
0.9039,49.7512438,50,0.00497512438,3.42347678e-15,0
0.904,49.7512438,50,0.00497512438,3.42347678e-15,0
0.9041,49.7512438,50,0.00497512438,3.80771803e-15,0
0.9042,49.7512438,50,0.00497512438,3.80771803e-15,0
0.9043,49.7512438,50,0.00497512438,3.80771803e-15,0
0.9044,49.7512438,50,0.00497512438,3.80771803e-15,0
0.9045,49.7512438,50,0.00497512438,3.80771803e-15,0
0.9046,49.7512438,50,0.00497512438,3.80771803e-15,0
0.9047,49.7512438,50,0.00497512438,3.80771803e-15,0
0.9048,49.7512438,50,0.00497512438,3.80771803e-15,0
0.9049,49.7512438,50,0.00497512438,3.80771803e-15,0
0.905,49.7512438,50,0.00497512438,3.80771803e-15,0
0.9051,49.7512438,50,0.00497512438,4.19282664e-15,0
0.9052,49.7512438,50,0.00497512438,4.19282664e-15,0
0.9053,49.7512438,50,0.00497512438,4.19282664e-15,0
0.9054,49.7512438,50,0.00497512438,4.19282664e-15,0
0.9055,49.7512438,50,0.00497512438,4.19282664e-15,0
0.9056,49.7512438,50,0.00497512438,4.19282664e-15,0
0.9057,49.7512438,50,0.00497512438,4.19282664e-15,0
0.9058,49.7512438,50,0.00497512438,4.19282664e-15,0
0.9059,49.7512438,50,0.00497512438,4.19282664e-15,0
0.906,49.7512438,50,0.00497512438,4.19282664e-15,0
0.9061,49.7512438,50,0.00497512438,4.57793525e-15,0
0.9062,49.7512438,50,0.00497512438,4.57793525e-15,0
0.9063,49.7512438,50,0.00497512438,4.57793525e-15,0
0.9064,49.7512438,50,0.00497512438,4.57793525e-15,0
0.9065,49.7512438,50,0.00497512438,4.57793525e-15,0
0.9066,49.7512438,50,0.00497512438,4.57793525e-15,0
0.9067,49.7512438,50,0.00497512438,4.57793525e-15,0
0.9068,49.7512438,50,0.00497512438,4.57793525e-15,0
0.9069,49.7512438,50,0.00497512438,4.57793525e-15,0
0.907,49.7512438,50,0.00497512438,4.57793525e-15,0
0.9071,49.7512438,50,0.00497512438,4.9621765e-15,0
0.9072,49.7512438,50,0.00497512438,4.9621765e-15,0
0.9073,49.7512438,50,0.00497512438,4.9621765e-15,0
0.9074,49.7512438,50,0.00497512438,4.9621765e-15,0
0.9075,49.7512438,50,0.00497512438,4.9621765e-15,0
0.9076,49.7512438,50,0.00497512438,4.9621765e-15,0
0.9077,49.7512438,50,0.00497512438,4.9621765e-15,0
0.9078,49.7512438,50,0.00497512438,4.9621765e-15,0
0.9079,49.7512438,50,0.00497512438,4.9621765e-15,0
0.908,49.7512438,50,0.00497512438,4.9621765e-15,0
0.9081,49.7512438,50,0.00497512438,5.34728511e-15,0
0.9082,49.7512438,50,0.00497512438,5.34728511e-15,0
0.9083,49.7512438,50,0.00497512438,5.34728511e-15,0
0.9084,49.7512438,50,0.00497512438,5.34728511e-15,0
0.9085,49.7512438,50,0.00497512438,5.34728511e-15,0
0.9086,49.7512438,50,0.00497512438,5.34728511e-15,0
0.9087,49.7512438,50,0.00497512438,5.34728511e-15,0
0.9088,49.7512438,50,0.00497512438,5.34728511e-15,0
0.9089,49.7512438,50,0.00497512438,5.34728511e-15,0
0.909,49.7512438,50,0.00497512438,5.34728511e-15,0
0.9091,49.7512438,50,0.00497512438,5.73239373e-15,0
0.9092,49.7512438,50,0.00497512438,5.73239373e-15,0
0.9093,49.7512438,50,0.00497512438,5.73239373e-15,0
0.9094,49.7512438,50,0.00497512438,5.73239373e-15,0
0.9095,49.7512438,50,0.00497512438,5.73239373e-15,0
0.9096,49.7512438,50,0.00497512438,5.73239373e-15,0
0.9097,49.7512438,50,0.00497512438,5.73239373e-15,0
0.9098,49.7512438,50,0.00497512438,5.73239373e-15,0
0.9099,49.7512438,50,0.00497512438,5.73239373e-15,0
0.91,49.7512438,50,0.00497512438,5.73239373e-15,0
0.9101,49.7512438,50,0.00497512438,6.11663498e-15,0
0.9102,49.7512438,50,0.00497512438,6.11663498e-15,0
0.9103,49.7512438,50,0.00497512438,6.11663498e-15,0
0.9104,49.7512438,50,0.00497512438,6.11663498e-15,0
0.9105,49.7512438,50,0.00497512438,6.11663498e-15,0
0.9106,49.7512438,50,0.00497512438,6.11663498e-15,0
0.9107,49.7512438,50,0.00497512438,6.11663498e-15,0
0.9108,49.7512438,50,0.00497512438,6.11663498e-15,0
0.9109,49.7512438,50,0.00497512438,6.11663498e-15,0
0.911,49.7512438,50,0.00497512438,6.11663498e-15,0
0.9111,49.7512438,50,0.00497512438,6.50174359e-15,0
0.9112,49.7512438,50,0.00497512438,6.50174359e-15,0
0.9113,49.7512438,50,0.00497512438,6.50174359e-15,0
0.9114,49.7512438,50,0.00497512438,6.50174359e-15,0
0.9115,49.7512438,50,0.00497512438,6.50174359e-15,0
0.9116,49.7512438,50,0.00497512438,6.50174359e-15,0
0.9117,49.7512438,50,0.00497512438,6.50174359e-15,0
0.9118,49.7512438,50,0.00497512438,6.50174359e-15,0
0.9119,49.7512438,50,0.00497512438,6.50174359e-15,0
0.912,49.7512438,50,0.00497512438,6.50174359e-15,0
0.9121,49.7512438,50,0.00497512438,6.8868522e-15,0
0.9122,49.7512438,50,0.00497512438,6.8868522e-15,0
0.9123,49.7512438,50,0.00497512438,6.8868522e-15,0
0.9124,49.7512438,50,0.00497512438,6.8868522e-15,0
0.9125,49.7512438,50,0.00497512438,6.8868522e-15,0
0.9126,49.7512438,50,0.00497512438,6.8868522e-15,0
0.9127,49.7512438,50,0.00497512438,6.8868522e-15,0
0.9128,49.7512438,50,0.00497512438,6.8868522e-15,0
0.9129,49.7512438,50,0.00497512438,6.8868522e-15,0
0.913,49.7512438,50,0.00497512438,6.8868522e-15,0
0.9131,49.7512438,50,0.00497512438,7.27109345e-15,0
0.9132,49.7512438,50,0.00497512438,7.27109345e-15,0
0.9133,49.7512438,50,0.00497512438,7.27109345e-15,0
0.9134,49.7512438,50,0.00497512438,7.27109345e-15,0
0.9135,49.7512438,50,0.00497512438,7.27109345e-15,0
0.9136,49.7512438,50,0.00497512438,7.27109345e-15,0
0.9137,49.7512438,50,0.00497512438,7.27109345e-15,0
0.9138,49.7512438,50,0.00497512438,7.27109345e-15,0
0.9139,49.7512438,50,0.00497512438,7.27109345e-15,0
0.914,49.7512438,50,0.00497512438,7.27109345e-15,0
0.9141,49.7512438,50,0.00497512438,7.65620206e-15,0
0.9142,49.7512438,50,0.00497512438,7.65620206e-15,0
0.9143,49.7512438,50,0.00497512438,7.65620206e-15,0
0.9144,49.7512438,50,0.00497512438,7.65620206e-15,0
0.9145,49.7512438,50,0.00497512438,7.65620206e-15,0
0.9146,49.7512438,50,0.00497512438,7.65620206e-15,0
0.9147,49.7512438,50,0.00497512438,7.65620206e-15,0
0.9148,49.7512438,50,0.00497512438,7.65620206e-15,0
0.9149,49.7512438,50,0.00497512438,7.65620206e-15,0
0.915,49.7512438,50,0.00497512438,7.65620206e-15,0
0.9151,49.7512438,50,0.00497512438,8.04131067e-15,0
0.9152,49.7512438,50,0.00497512438,8.04131067e-15,0
0.9153,49.7512438,50,0.00497512438,8.04131067e-15,0
0.9154,49.7512438,50,0.00497512438,8.04131067e-15,0
0.9155,49.7512438,50,0.00497512438,8.04131067e-15,0
0.9156,49.7512438,50,0.00497512438,8.04131067e-15,0
0.9157,49.7512438,50,0.00497512438,8.04131067e-15,0
0.9158,49.7512438,50,0.00497512438,8.04131067e-15,0
0.9159,49.7512438,50,0.00497512438,8.04131067e-15,0
0.916,49.7512438,50,0.00497512438,8.04131067e-15,0
0.9161,49.7512438,50,0.00497512438,8.42555192e-15,0
0.9162,49.7512438,50,0.00497512438,8.42555192e-15,0
0.9163,49.7512438,50,0.00497512438,8.42555192e-15,0
0.9164,49.7512438,50,0.00497512438,8.42555192e-15,0
0.9165,49.7512438,50,0.00497512438,8.42555192e-15,0
0.9166,49.7512438,50,0.00497512438,8.42555192e-15,0
0.9167,49.7512438,50,0.00497512438,8.42555192e-15,0
0.9168,49.7512438,50,0.00497512438,8.42555192e-15,0
0.9169,49.7512438,50,0.00497512438,8.42555192e-15,0
0.917,49.7512438,50,0.00497512438,8.42555192e-15,0
0.9171,49.7512438,50,0.00497512438,8.81066053e-15,0
0.9172,49.7512438,50,0.00497512438,8.81066053e-15,0
0.9173,49.7512438,50,0.00497512438,8.81066053e-15,0
0.9174,49.7512438,50,0.00497512438,8.81066053e-15,0
0.9175,49.7512438,50,0.00497512438,8.81066053e-15,0
0.9176,49.7512438,50,0.00497512438,8.81066053e-15,0
0.9177,49.7512438,50,0.00497512438,8.81066053e-15,0
0.9178,49.7512438,50,0.00497512438,8.81066053e-15,0
0.9179,49.7512438,50,0.00497512438,8.81066053e-15,0
0.918,49.7512438,50,0.00497512438,8.81066053e-15,0
0.9181,49.7512438,50,0.00497512438,9.19576915e-15,0
0.9182,49.7512438,50,0.00497512438,9.19576915e-15,0
0.9183,49.7512438,50,0.00497512438,9.19576915e-15,0
0.9184,49.7512438,50,0.00497512438,9.19576915e-15,0
0.9185,49.7512438,50,0.00497512438,9.19576915e-15,0
0.9186,49.7512438,50,0.00497512438,9.19576915e-15,0
0.9187,49.7512438,50,0.00497512438,9.19576915e-15,0
0.9188,49.7512438,50,0.00497512438,9.19576915e-15,0
0.9189,49.7512438,50,0.00497512438,9.19576915e-15,0
0.919,49.7512438,50,0.00497512438,9.19576915e-15,0
0.9191,49.7512438,50,0.00497512438,9.5800104e-15,0
0.9192,49.7512438,50,0.00497512438,9.5800104e-15,0
0.9193,49.7512438,50,0.00497512438,9.5800104e-15,0
0.9194,49.7512438,50,0.00497512438,9.5800104e-15,0
0.9195,49.7512438,50,0.00497512438,9.5800104e-15,0
0.9196,49.7512438,50,0.00497512438,9.5800104e-15,0
0.9197,49.7512438,50,0.00497512438,9.5800104e-15,0
0.9198,49.7512438,50,0.00497512438,9.5800104e-15,0
0.9199,49.7512438,50,0.00497512438,9.5800104e-15,0
0.92,49.7512438,50,0.00497512438,9.5800104e-15,0
0.9201,49.7512438,50,0.00497512438,9.96511901e-15,0
0.9202,49.7512438,50,0.00497512438,9.96511901e-15,0
0.9203,49.7512438,50,0.00497512438,9.96511901e-15,0
0.9204,49.7512438,50,0.00497512438,9.96511901e-15,0
0.9205,49.7512438,50,0.00497512438,9.96511901e-15,0
0.9206,49.7512438,50,0.00497512438,9.96511901e-15,0
0.9207,49.7512438,50,0.00497512438,9.96511901e-15,0
0.9208,49.7512438,50,0.00497512438,9.96511901e-15,0
0.9209,49.7512438,50,0.00497512438,9.96511901e-15,0
0.921,49.7512438,50,0.00497512438,9.96511901e-15,0
0.9211,49.7512438,50,0.00497512438,1.03502276e-14,0
0.9212,49.7512438,50,0.00497512438,1.03502276e-14,0
0.9213,49.7512438,50,0.00497512438,1.03502276e-14,0
0.9214,49.7512438,50,0.00497512438,1.03502276e-14,0
0.9215,49.7512438,50,0.00497512438,1.03502276e-14,0
0.9216,49.7512438,50,0.00497512438,1.03502276e-14,0
0.9217,49.7512438,50,0.00497512438,1.03502276e-14,0
0.9218,49.7512438,50,0.00497512438,1.03502276e-14,0
0.9219,49.7512438,50,0.00497512438,1.03502276e-14,0
0.922,49.7512438,50,0.00497512438,1.03502276e-14,0
0.9221,49.7512438,50,0.00497512438,1.07344689e-14,0
0.9222,49.7512438,50,0.00497512438,1.07344689e-14,0
0.9223,49.7512438,50,0.00497512438,1.07344689e-14,0
0.9224,49.7512438,50,0.00497512438,1.07344689e-14,0
0.9225,49.7512438,50,0.00497512438,1.07344689e-14,0
0.9226,49.7512438,50,0.00497512438,1.07344689e-14,0
0.9227,49.7512438,50,0.00497512438,1.07344689e-14,0
0.9228,49.7512438,50,0.00497512438,1.07344689e-14,0
0.9229,49.7512438,50,0.00497512438,1.07344689e-14,0
0.923,49.7512438,50,0.00497512438,1.07344689e-14,0
0.9231,49.7512438,50,0.00497512438,1.11195775e-14,0
0.9232,49.7512438,50,0.00497512438,1.11195775e-14,0
0.9233,49.7512438,50,0.00497512438,1.11195775e-14,0
0.9234,49.7512438,50,0.00497512438,1.11195775e-14,0
0.9235,49.7512438,50,0.00497512438,1.11195775e-14,0
0.9236,49.7512438,50,0.00497512438,1.11195775e-14,0
0.9237,49.7512438,50,0.00497512438,1.11195775e-14,0
0.9238,49.7512438,50,0.00497512438,1.11195775e-14,0
0.9239,49.7512438,50,0.00497512438,1.11195775e-14,0
0.924,49.7512438,50,0.00497512438,1.11195775e-14,0
0.9241,49.7512438,50,0.00497512438,1.15046861e-14,0
0.9242,49.7512438,50,0.00497512438,1.15046861e-14,0
0.9243,49.7512438,50,0.00497512438,1.15046861e-14,0
0.9244,49.7512438,50,0.00497512438,1.15046861e-14,0
0.9245,49.7512438,50,0.00497512438,1.15046861e-14,0
0.9246,49.7512438,50,0.00497512438,1.15046861e-14,0
0.9247,49.7512438,50,0.00497512438,1.15046861e-14,0
0.9248,49.7512438,50,0.00497512438,1.15046861e-14,0
0.9249,49.7512438,50,0.00497512438,1.15046861e-14,0
0.925,49.7512438,50,0.00497512438,1.15046861e-14,0
0.9251,49.7512438,50,0.00497512438,1.18889273e-14,0
0.9252,49.7512438,50,0.00497512438,1.18889273e-14,0
0.9253,49.7512438,50,0.00497512438,1.18889273e-14,0
0.9254,49.7512438,50,0.00497512438,1.18889273e-14,0
0.9255,49.7512438,50,0.00497512438,1.18889273e-14,0
0.9256,49.7512438,50,0.00497512438,1.18889273e-14,0
0.9257,49.7512438,50,0.00497512438,1.18889273e-14,0
0.9258,49.7512438,50,0.00497512438,1.18889273e-14,0
0.9259,49.7512438,50,0.00497512438,1.18889273e-14,0
0.926,49.7512438,50,0.00497512438,1.18889273e-14,0
0.9261,49.7512438,50,0.00497512438,1.2274036e-14,0
0.9262,49.7512438,50,0.00497512438,1.2274036e-14,0
0.9263,49.7512438,50,0.00497512438,1.2274036e-14,0
0.9264,49.7512438,50,0.00497512438,1.2274036e-14,0
0.9265,49.7512438,50,0.00497512438,1.2274036e-14,0
0.9266,49.7512438,50,0.00497512438,1.2274036e-14,0
0.9267,49.7512438,50,0.00497512438,1.2274036e-14,0
0.9268,49.7512438,50,0.00497512438,1.2274036e-14,0
0.9269,49.7512438,50,0.00497512438,1.2274036e-14,0
0.927,49.7512438,50,0.00497512438,1.2274036e-14,0
0.9271,49.7512438,50,0.00497512438,1.26591446e-14,0
0.9272,49.7512438,50,0.00497512438,1.26591446e-14,0
0.9273,49.7512438,50,0.00497512438,1.26591446e-14,0
0.9274,49.7512438,50,0.00497512438,1.26591446e-14,0
0.9275,49.7512438,50,0.00497512438,1.26591446e-14,0
0.9276,49.7512438,50,0.00497512438,1.26591446e-14,0
0.9277,49.7512438,50,0.00497512438,1.26591446e-14,0
0.9278,49.7512438,50,0.00497512438,1.26591446e-14,0
0.9279,49.7512438,50,0.00497512438,1.26591446e-14,0
0.928,49.7512438,50,0.00497512438,1.26591446e-14,0
0.9281,49.7512438,50,0.00497512438,1.30433858e-14,0
0.9282,49.7512438,50,0.00497512438,1.30433858e-14,0
0.9283,49.7512438,50,0.00497512438,1.30433858e-14,0
0.9284,49.7512438,50,0.00497512438,1.30433858e-14,0
0.9285,49.7512438,50,0.00497512438,1.30433858e-14,0
0.9286,49.7512438,50,0.00497512438,1.30433858e-14,0
0.9287,49.7512438,50,0.00497512438,1.30433858e-14,0
0.9288,49.7512438,50,0.00497512438,1.30433858e-14,0
0.9289,49.7512438,50,0.00497512438,1.30433858e-14,0
0.929,49.7512438,50,0.00497512438,1.30433858e-14,0
0.9291,49.7512438,50,0.00497512438,1.34284944e-14,0
0.9292,49.7512438,50,0.00497512438,1.34284944e-14,0
0.9293,49.7512438,50,0.00497512438,1.34284944e-14,0
0.9294,49.7512438,50,0.00497512438,1.34284944e-14,0
0.9295,49.7512438,50,0.00497512438,1.34284944e-14,0
0.9296,49.7512438,50,0.00497512438,1.34284944e-14,0
0.9297,49.7512438,50,0.00497512438,1.34284944e-14,0
0.9298,49.7512438,50,0.00497512438,1.34284944e-14,0
0.9299,49.7512438,50,0.00497512438,1.34284944e-14,0
0.93,49.7512438,50,0.00497512438,1.34284944e-14,0
0.9301,49.7512438,50,0.00497512438,1.05757417e-14,0
0.9302,49.7512438,50,0.00497512438,1.05757417e-14,0
0.9303,49.7512438,50,0.00497512438,1.05757417e-14,0
0.9304,49.7512438,50,0.00497512438,1.05757417e-14,0
0.9305,49.7512438,50,0.00497512438,1.05757417e-14,0
0.9306,49.7512438,50,0.00497512438,1.05757417e-14,0
0.9307,49.7512438,50,0.00497512438,1.05757417e-14,0
0.9308,49.7512438,50,0.00497512438,1.05757417e-14,0
0.9309,49.7512438,50,0.00497512438,1.05757417e-14,0
0.931,49.7512438,50,0.00497512438,1.05757417e-14,0
0.9311,49.7512438,50,0.00497512438,1.08758488e-14,0
0.9312,49.7512438,50,0.00497512438,1.08758488e-14,0
0.9313,49.7512438,50,0.00497512438,1.08758488e-14,0
0.9314,49.7512438,50,0.00497512438,1.08758488e-14,0
0.9315,49.7512438,50,0.00497512438,1.08758488e-14,0
0.9316,49.7512438,50,0.00497512438,1.08758488e-14,0
0.9317,49.7512438,50,0.00497512438,1.08758488e-14,0
0.9318,49.7512438,50,0.00497512438,1.08758488e-14,0
0.9319,49.7512438,50,0.00497512438,1.08758488e-14,0
0.932,49.7512438,50,0.00497512438,1.08758488e-14,0
0.9321,49.7512438,50,0.00497512438,1.09695239e-14,0
0.9322,49.7512438,50,0.00497512438,1.09695239e-14,0
0.9323,49.7512438,50,0.00497512438,1.09695239e-14,0
0.9324,49.7512438,50,0.00497512438,1.09695239e-14,0
0.9325,49.7512438,50,0.00497512438,1.09695239e-14,0
0.9326,49.7512438,50,0.00497512438,1.09695239e-14,0
0.9327,49.7512438,50,0.00497512438,1.09695239e-14,0
0.9328,49.7512438,50,0.00497512438,1.09695239e-14,0
0.9329,49.7512438,50,0.00497512438,1.09695239e-14,0
0.933,49.7512438,50,0.00497512438,1.09695239e-14,0
0.9331,49.7512438,50,0.00497512438,1.0717989e-14,0
0.9332,49.7512438,50,0.00497512438,1.0717989e-14,0
0.9333,49.7512438,50,0.00497512438,1.0717989e-14,0
0.9334,49.7512438,50,0.00497512438,1.0717989e-14,0
0.9335,49.7512438,50,0.00497512438,1.0717989e-14,0
0.9336,49.7512438,50,0.00497512438,1.0717989e-14,0
0.9337,49.7512438,50,0.00497512438,1.0717989e-14,0
0.9338,49.7512438,50,0.00497512438,1.0717989e-14,0
0.9339,49.7512438,50,0.00497512438,1.0717989e-14,0
0.934,49.7512438,50,0.00497512438,1.0717989e-14,0
0.9341,49.7512438,50,0.00497512438,1.04985465e-14,0
0.9342,49.7512438,50,0.00497512438,1.04985465e-14,0
0.9343,49.7512438,50,0.00497512438,1.04985465e-14,0
0.9344,49.7512438,50,0.00497512438,1.04985465e-14,0
0.9345,49.7512438,50,0.00497512438,1.04985465e-14,0
0.9346,49.7512438,50,0.00497512438,1.04985465e-14,0
0.9347,49.7512438,50,0.00497512438,1.04985465e-14,0
0.9348,49.7512438,50,0.00497512438,1.04985465e-14,0
0.9349,49.7512438,50,0.00497512438,1.04985465e-14,0
0.935,49.7512438,50,0.00497512438,1.04985465e-14,0
0.9351,49.7512438,50,0.00497512438,1.02765019e-14,0
0.9352,49.7512438,50,0.00497512438,1.02765019e-14,0
0.9353,49.7512438,50,0.00497512438,1.02765019e-14,0
0.9354,49.7512438,50,0.00497512438,1.02765019e-14,0
0.9355,49.7512438,50,0.00497512438,1.02765019e-14,0
0.9356,49.7512438,50,0.00497512438,1.02765019e-14,0
0.9357,49.7512438,50,0.00497512438,1.02765019e-14,0
0.9358,49.7512438,50,0.00497512438,1.02765019e-14,0
0.9359,49.7512438,50,0.00497512438,1.02765019e-14,0
0.936,49.7512438,50,0.00497512438,1.02765019e-14,0
0.9361,49.7512438,50,0.00497512438,1.00544573e-14,0
0.9362,49.7512438,50,0.00497512438,1.00544573e-14,0
0.9363,49.7512438,50,0.00497512438,1.00544573e-14,0
0.9364,49.7512438,50,0.00497512438,1.00544573e-14,0
0.9365,49.7512438,50,0.00497512438,1.00544573e-14,0
0.9366,49.7512438,50,0.00497512438,1.00544573e-14,0
0.9367,49.7512438,50,0.00497512438,1.00544573e-14,0
0.9368,49.7512438,50,0.00497512438,1.00544573e-14,0
0.9369,49.7512438,50,0.00497512438,1.00544573e-14,0
0.937,49.7512438,50,0.00497512438,1.00544573e-14,0
0.9371,49.7512438,50,0.00497512438,9.83241266e-15,0
0.9372,49.7512438,50,0.00497512438,9.83241266e-15,0
0.9373,49.7512438,50,0.00497512438,9.83241266e-15,0
0.9374,49.7512438,50,0.00497512438,9.83241266e-15,0
0.9375,49.7512438,50,0.00497512438,9.83241266e-15,0
0.9376,49.7512438,50,0.00497512438,9.83241266e-15,0
0.9377,49.7512438,50,0.00497512438,9.83241266e-15,0
0.9378,49.7512438,50,0.00497512438,9.83241266e-15,0
0.9379,49.7512438,50,0.00497512438,9.83241266e-15,0
0.938,49.7512438,50,0.00497512438,9.83241266e-15,0
0.9381,49.7512438,50,0.00497512438,9.61036806e-15,0
0.9382,49.7512438,50,0.00497512438,9.61036806e-15,0
0.9383,49.7512438,50,0.00497512438,9.61036806e-15,0
0.9384,49.7512438,50,0.00497512438,9.61036806e-15,0
0.9385,49.7512438,50,0.00497512438,9.61036806e-15,0
0.9386,49.7512438,50,0.00497512438,9.61036806e-15,0
0.9387,49.7512438,50,0.00497512438,9.61036806e-15,0
0.9388,49.7512438,50,0.00497512438,9.61036806e-15,0
0.9389,49.7512438,50,0.00497512438,9.61036806e-15,0
0.939,49.7512438,50,0.00497512438,9.61036806e-15,0
0.9391,49.7512438,50,0.00497512438,9.38832345e-15,0
0.9392,49.7512438,50,0.00497512438,9.38832345e-15,0
0.9393,49.7512438,50,0.00497512438,9.38832345e-15,0
0.9394,49.7512438,50,0.00497512438,9.38832345e-15,0
0.9395,49.7512438,50,0.00497512438,9.38832345e-15,0
0.9396,49.7512438,50,0.00497512438,9.38832345e-15,0
0.9397,49.7512438,50,0.00497512438,9.38832345e-15,0
0.9398,49.7512438,50,0.00497512438,9.38832345e-15,0
0.9399,49.7512438,50,0.00497512438,9.38832345e-15,0
0.94,49.7512438,50,0.00497512438,9.38832345e-15,0
0.9401,49.7512438,50,0.00497512438,9.16714621e-15,0
0.9402,49.7512438,50,0.00497512438,9.16714621e-15,0
0.9403,49.7512438,50,0.00497512438,9.16714621e-15,0
0.9404,49.7512438,50,0.00497512438,9.16714621e-15,0
0.9405,49.7512438,50,0.00497512438,9.16714621e-15,0
0.9406,49.7512438,50,0.00497512438,9.16714621e-15,0
0.9407,49.7512438,50,0.00497512438,9.16714621e-15,0
0.9408,49.7512438,50,0.00497512438,9.16714621e-15,0
0.9409,49.7512438,50,0.00497512438,9.16714621e-15,0
0.941,49.7512438,50,0.00497512438,9.16714621e-15,0
0.9411,49.7512438,50,0.00497512438,8.9451016e-15,0
0.9412,49.7512438,50,0.00497512438,8.9451016e-15,0
0.9413,49.7512438,50,0.00497512438,8.9451016e-15,0
0.9414,49.7512438,50,0.00497512438,8.9451016e-15,0
0.9415,49.7512438,50,0.00497512438,8.9451016e-15,0
0.9416,49.7512438,50,0.00497512438,8.9451016e-15,0
0.9417,49.7512438,50,0.00497512438,8.9451016e-15,0
0.9418,49.7512438,50,0.00497512438,8.9451016e-15,0
0.9419,49.7512438,50,0.00497512438,8.9451016e-15,0
0.942,49.7512438,50,0.00497512438,8.9451016e-15,0
0.9421,49.7512438,50,0.00497512438,8.723057e-15,0
0.9422,49.7512438,50,0.00497512438,8.723057e-15,0
0.9423,49.7512438,50,0.00497512438,8.723057e-15,0
0.9424,49.7512438,50,0.00497512438,8.723057e-15,0
0.9425,49.7512438,50,0.00497512438,8.723057e-15,0
0.9426,49.7512438,50,0.00497512438,8.723057e-15,0
0.9427,49.7512438,50,0.00497512438,8.723057e-15,0
0.9428,49.7512438,50,0.00497512438,8.723057e-15,0
0.9429,49.7512438,50,0.00497512438,8.723057e-15,0
0.943,49.7512438,50,0.00497512438,8.723057e-15,0
0.9431,49.7512438,50,0.00497512438,8.50101239e-15,0
0.9432,49.7512438,50,0.00497512438,8.50101239e-15,0
0.9433,49.7512438,50,0.00497512438,8.50101239e-15,0
0.9434,49.7512438,50,0.00497512438,8.50101239e-15,0
0.9435,49.7512438,50,0.00497512438,8.50101239e-15,0
0.9436,49.7512438,50,0.00497512438,8.50101239e-15,0
0.9437,49.7512438,50,0.00497512438,8.50101239e-15,0
0.9438,49.7512438,50,0.00497512438,8.50101239e-15,0
0.9439,49.7512438,50,0.00497512438,8.50101239e-15,0
0.944,49.7512438,50,0.00497512438,8.50101239e-15,0
0.9441,49.7512438,50,0.00497512438,8.27983515e-15,0
0.9442,49.7512438,50,0.00497512438,8.27983515e-15,0
0.9443,49.7512438,50,0.00497512438,8.27983515e-15,0
0.9444,49.7512438,50,0.00497512438,8.27983515e-15,0
0.9445,49.7512438,50,0.00497512438,8.27983515e-15,0
0.9446,49.7512438,50,0.00497512438,8.27983515e-15,0
0.9447,49.7512438,50,0.00497512438,8.27983515e-15,0
0.9448,49.7512438,50,0.00497512438,8.27983515e-15,0
0.9449,49.7512438,50,0.00497512438,8.27983515e-15,0
0.945,49.7512438,50,0.00497512438,8.27983515e-15,0
0.9451,49.7512438,50,0.00497512438,8.05779055e-15,0
0.9452,49.7512438,50,0.00497512438,8.05779055e-15,0
0.9453,49.7512438,50,0.00497512438,8.05779055e-15,0
0.9454,49.7512438,50,0.00497512438,8.05779055e-15,0
0.9455,49.7512438,50,0.00497512438,8.05779055e-15,0
0.9456,49.7512438,50,0.00497512438,8.05779055e-15,0
0.9457,49.7512438,50,0.00497512438,8.05779055e-15,0
0.9458,49.7512438,50,0.00497512438,8.05779055e-15,0
0.9459,49.7512438,50,0.00497512438,8.05779055e-15,0
0.946,49.7512438,50,0.00497512438,8.05779055e-15,0
0.9461,49.7512438,50,0.00497512438,7.83574594e-15,0
0.9462,49.7512438,50,0.00497512438,7.83574594e-15,0
0.9463,49.7512438,50,0.00497512438,7.83574594e-15,0
0.9464,49.7512438,50,0.00497512438,7.83574594e-15,0
0.9465,49.7512438,50,0.00497512438,7.83574594e-15,0
0.9466,49.7512438,50,0.00497512438,7.83574594e-15,0
0.9467,49.7512438,50,0.00497512438,7.83574594e-15,0
0.9468,49.7512438,50,0.00497512438,7.83574594e-15,0
0.9469,49.7512438,50,0.00497512438,7.83574594e-15,0
0.947,49.7512438,50,0.00497512438,7.83574594e-15,0
0.9471,49.7512438,50,0.00497512438,7.61370134e-15,0
0.9472,49.7512438,50,0.00497512438,7.61370134e-15,0
0.9473,49.7512438,50,0.00497512438,7.61370134e-15,0
0.9474,49.7512438,50,0.00497512438,7.61370134e-15,0
0.9475,49.7512438,50,0.00497512438,7.61370134e-15,0
0.9476,49.7512438,50,0.00497512438,7.61370134e-15,0
0.9477,49.7512438,50,0.00497512438,7.61370134e-15,0
0.9478,49.7512438,50,0.00497512438,7.61370134e-15,0
0.9479,49.7512438,50,0.00497512438,7.61370134e-15,0
0.948,49.7512438,50,0.00497512438,7.61370134e-15,0
0.9481,49.7512438,50,0.00497512438,7.39252409e-15,0
0.9482,49.7512438,50,0.00497512438,7.39252409e-15,0
0.9483,49.7512438,50,0.00497512438,7.39252409e-15,0
0.9484,49.7512438,50,0.00497512438,7.39252409e-15,0
0.9485,49.7512438,50,0.00497512438,7.39252409e-15,0
0.9486,49.7512438,50,0.00497512438,7.39252409e-15,0
0.9487,49.7512438,50,0.00497512438,7.39252409e-15,0
0.9488,49.7512438,50,0.00497512438,7.39252409e-15,0
0.9489,49.7512438,50,0.00497512438,7.39252409e-15,0
0.949,49.7512438,50,0.00497512438,7.39252409e-15,0
0.9491,49.7512438,50,0.00497512438,7.17047949e-15,0
0.9492,49.7512438,50,0.00497512438,7.17047949e-15,0
0.9493,49.7512438,50,0.00497512438,7.17047949e-15,0
0.9494,49.7512438,50,0.00497512438,7.17047949e-15,0
0.9495,49.7512438,50,0.00497512438,7.17047949e-15,0
0.9496,49.7512438,50,0.00497512438,7.17047949e-15,0
0.9497,49.7512438,50,0.00497512438,7.17047949e-15,0
0.9498,49.7512438,50,0.00497512438,7.17047949e-15,0
0.9499,49.7512438,50,0.00497512438,7.17047949e-15,0
0.95,49.7512438,50,0.00497512438,7.17047949e-15,0
0.9501,49.7512438,50,0.00497512438,6.94843488e-15,0
0.9502,49.7512438,50,0.00497512438,6.94843488e-15,0
0.9503,49.7512438,50,0.00497512438,6.94843488e-15,0
0.9504,49.7512438,50,0.00497512438,6.94843488e-15,0
0.9505,49.7512438,50,0.00497512438,6.94843488e-15,0
0.9506,49.7512438,50,0.00497512438,6.94843488e-15,0
0.9507,49.7512438,50,0.00497512438,6.94843488e-15,0
0.9508,49.7512438,50,0.00497512438,6.94843488e-15,0
0.9509,49.7512438,50,0.00497512438,6.94843488e-15,0
0.951,49.7512438,50,0.00497512438,6.94843488e-15,0
0.9511,49.7512438,50,0.00497512438,6.72639028e-15,0
0.9512,49.7512438,50,0.00497512438,6.72639028e-15,0
0.9513,49.7512438,50,0.00497512438,6.72639028e-15,0
0.9514,49.7512438,50,0.00497512438,6.72639028e-15,0
0.9515,49.7512438,50,0.00497512438,6.72639028e-15,0
0.9516,49.7512438,50,0.00497512438,6.72639028e-15,0
0.9517,49.7512438,50,0.00497512438,6.72639028e-15,0
0.9518,49.7512438,50,0.00497512438,6.72639028e-15,0
0.9519,49.7512438,50,0.00497512438,6.72639028e-15,0
0.952,49.7512438,50,0.00497512438,6.72639028e-15,0
0.9521,49.7512438,50,0.00497512438,6.50521303e-15,0
0.9522,49.7512438,50,0.00497512438,6.50521303e-15,0
0.9523,49.7512438,50,0.00497512438,6.50521303e-15,0
0.9524,49.7512438,50,0.00497512438,6.50521303e-15,0
0.9525,49.7512438,50,0.00497512438,6.50521303e-15,0
0.9526,49.7512438,50,0.00497512438,6.50521303e-15,0
0.9527,49.7512438,50,0.00497512438,6.50521303e-15,0
0.9528,49.7512438,50,0.00497512438,6.50521303e-15,0
0.9529,49.7512438,50,0.00497512438,6.50521303e-15,0
0.953,49.7512438,50,0.00497512438,6.50521303e-15,0
0.9531,49.7512438,50,0.00497512438,6.28316843e-15,0
0.9532,49.7512438,50,0.00497512438,6.28316843e-15,0
0.9533,49.7512438,50,0.00497512438,6.28316843e-15,0
0.9534,49.7512438,50,0.00497512438,6.28316843e-15,0
0.9535,49.7512438,50,0.00497512438,6.28316843e-15,0
0.9536,49.7512438,50,0.00497512438,6.28316843e-15,0
0.9537,49.7512438,50,0.00497512438,6.28316843e-15,0
0.9538,49.7512438,50,0.00497512438,6.28316843e-15,0
0.9539,49.7512438,50,0.00497512438,6.28316843e-15,0
0.954,49.7512438,50,0.00497512438,6.28316843e-15,0
0.9541,49.7512438,50,0.00497512438,6.06112383e-15,0
0.9542,49.7512438,50,0.00497512438,6.06112383e-15,0
0.9543,49.7512438,50,0.00497512438,6.06112383e-15,0
0.9544,49.7512438,50,0.00497512438,6.06112383e-15,0
0.9545,49.7512438,50,0.00497512438,6.06112383e-15,0
0.9546,49.7512438,50,0.00497512438,6.06112383e-15,0
0.9547,49.7512438,50,0.00497512438,6.06112383e-15,0
0.9548,49.7512438,50,0.00497512438,6.06112383e-15,0
0.9549,49.7512438,50,0.00497512438,6.06112383e-15,0
0.955,49.7512438,50,0.00497512438,6.06112383e-15,0
0.9551,49.7512438,50,0.00497512438,5.83907922e-15,0
0.9552,49.7512438,50,0.00497512438,5.83907922e-15,0
0.9553,49.7512438,50,0.00497512438,5.83907922e-15,0
0.9554,49.7512438,50,0.00497512438,5.83907922e-15,0
0.9555,49.7512438,50,0.00497512438,5.83907922e-15,0
0.9556,49.7512438,50,0.00497512438,5.83907922e-15,0
0.9557,49.7512438,50,0.00497512438,5.83907922e-15,0
0.9558,49.7512438,50,0.00497512438,5.83907922e-15,0
0.9559,49.7512438,50,0.00497512438,5.83907922e-15,0
0.956,49.7512438,50,0.00497512438,5.83907922e-15,0
0.9561,49.7512438,50,0.00497512438,5.61790198e-15,0
0.9562,49.7512438,50,0.00497512438,5.61790198e-15,0
0.9563,49.7512438,50,0.00497512438,5.61790198e-15,0
0.9564,49.7512438,50,0.00497512438,5.61790198e-15,0
0.9565,49.7512438,50,0.00497512438,5.61790198e-15,0
0.9566,49.7512438,50,0.00497512438,5.61790198e-15,0
0.9567,49.7512438,50,0.00497512438,5.61790198e-15,0
0.9568,49.7512438,50,0.00497512438,5.61790198e-15,0
0.9569,49.7512438,50,0.00497512438,5.61790198e-15,0
0.957,49.7512438,50,0.00497512438,5.61790198e-15,0
0.9571,49.7512438,50,0.00497512438,5.39585737e-15,0
0.9572,49.7512438,50,0.00497512438,5.39585737e-15,0
0.9573,49.7512438,50,0.00497512438,5.39585737e-15,0
0.9574,49.7512438,50,0.00497512438,5.39585737e-15,0
0.9575,49.7512438,50,0.00497512438,5.39585737e-15,0
0.9576,49.7512438,50,0.00497512438,5.39585737e-15,0
0.9577,49.7512438,50,0.00497512438,5.39585737e-15,0
0.9578,49.7512438,50,0.00497512438,5.39585737e-15,0
0.9579,49.7512438,50,0.00497512438,5.39585737e-15,0
0.958,49.7512438,50,0.00497512438,5.39585737e-15,0
0.9581,49.7512438,50,0.00497512438,5.17381277e-15,0
0.9582,49.7512438,50,0.00497512438,5.17381277e-15,0
0.9583,49.7512438,50,0.00497512438,5.17381277e-15,0
0.9584,49.7512438,50,0.00497512438,5.17381277e-15,0
0.9585,49.7512438,50,0.00497512438,5.17381277e-15,0
0.9586,49.7512438,50,0.00497512438,5.17381277e-15,0
0.9587,49.7512438,50,0.00497512438,5.17381277e-15,0
0.9588,49.7512438,50,0.00497512438,5.17381277e-15,0
0.9589,49.7512438,50,0.00497512438,5.17381277e-15,0
0.959,49.7512438,50,0.00497512438,5.17381277e-15,0
0.9591,49.7512438,50,0.00497512438,4.95176816e-15,0
0.9592,49.7512438,50,0.00497512438,4.95176816e-15,0
0.9593,49.7512438,50,0.00497512438,4.95176816e-15,0
0.9594,49.7512438,50,0.00497512438,4.95176816e-15,0
0.9595,49.7512438,50,0.00497512438,4.95176816e-15,0
0.9596,49.7512438,50,0.00497512438,4.95176816e-15,0
0.9597,49.7512438,50,0.00497512438,4.95176816e-15,0
0.9598,49.7512438,50,0.00497512438,4.95176816e-15,0
0.9599,49.7512438,50,0.00497512438,4.95176816e-15,0
0.96,49.7512438,50,0.00497512438,4.95176816e-15,0
0.9601,49.7512438,50,0.00497512438,4.73059092e-15,0
0.9602,49.7512438,50,0.00497512438,4.73059092e-15,0
0.9603,49.7512438,50,0.00497512438,4.73059092e-15,0
0.9604,49.7512438,50,0.00497512438,4.73059092e-15,0
0.9605,49.7512438,50,0.00497512438,4.73059092e-15,0
0.9606,49.7512438,50,0.00497512438,4.73059092e-15,0
0.9607,49.7512438,50,0.00497512438,4.73059092e-15,0
0.9608,49.7512438,50,0.00497512438,4.73059092e-15,0
0.9609,49.7512438,50,0.00497512438,4.73059092e-15,0
0.961,49.7512438,50,0.00497512438,4.73059092e-15,0
0.9611,49.7512438,50,0.00497512438,4.50854631e-15,0
0.9612,49.7512438,50,0.00497512438,4.50854631e-15,0
0.9613,49.7512438,50,0.00497512438,4.50854631e-15,0
0.9614,49.7512438,50,0.00497512438,4.50854631e-15,0
0.9615,49.7512438,50,0.00497512438,4.50854631e-15,0
0.9616,49.7512438,50,0.00497512438,4.50854631e-15,0
0.9617,49.7512438,50,0.00497512438,4.50854631e-15,0
0.9618,49.7512438,50,0.00497512438,4.50854631e-15,0
0.9619,49.7512438,50,0.00497512438,4.50854631e-15,0
0.962,49.7512438,50,0.00497512438,4.50854631e-15,0
0.9621,49.7512438,50,0.00497512438,4.28650171e-15,0
0.9622,49.7512438,50,0.00497512438,4.28650171e-15,0
0.9623,49.7512438,50,0.00497512438,4.28650171e-15,0
0.9624,49.7512438,50,0.00497512438,4.28650171e-15,0
0.9625,49.7512438,50,0.00497512438,4.28650171e-15,0
0.9626,49.7512438,50,0.00497512438,4.28650171e-15,0
0.9627,49.7512438,50,0.00497512438,4.28650171e-15,0
0.9628,49.7512438,50,0.00497512438,4.28650171e-15,0
0.9629,49.7512438,50,0.00497512438,4.28650171e-15,0
0.963,49.7512438,50,0.00497512438,4.28650171e-15,0
0.9631,49.7512438,50,0.00497512438,4.0644571e-15,0
0.9632,49.7512438,50,0.00497512438,4.0644571e-15,0
0.9633,49.7512438,50,0.00497512438,4.0644571e-15,0
0.9634,49.7512438,50,0.00497512438,4.0644571e-15,0
0.9635,49.7512438,50,0.00497512438,4.0644571e-15,0
0.9636,49.7512438,50,0.00497512438,4.0644571e-15,0
0.9637,49.7512438,50,0.00497512438,4.0644571e-15,0
0.9638,49.7512438,50,0.00497512438,4.0644571e-15,0
0.9639,49.7512438,50,0.00497512438,4.0644571e-15,0
0.964,49.7512438,50,0.00497512438,4.0644571e-15,0
0.9641,49.7512438,50,0.00497512438,3.84327986e-15,0
0.9642,49.7512438,50,0.00497512438,3.84327986e-15,0
0.9643,49.7512438,50,0.00497512438,3.84327986e-15,0
0.9644,49.7512438,50,0.00497512438,3.84327986e-15,0
0.9645,49.7512438,50,0.00497512438,3.84327986e-15,0
0.9646,49.7512438,50,0.00497512438,3.84327986e-15,0
0.9647,49.7512438,50,0.00497512438,3.84327986e-15,0
0.9648,49.7512438,50,0.00497512438,3.84327986e-15,0
0.9649,49.7512438,50,0.00497512438,3.84327986e-15,0
0.965,49.7512438,50,0.00497512438,3.84327986e-15,0
0.9651,49.7512438,50,0.00497512438,3.62123526e-15,0
0.9652,49.7512438,50,0.00497512438,3.62123526e-15,0
0.9653,49.7512438,50,0.00497512438,3.62123526e-15,0
0.9654,49.7512438,50,0.00497512438,3.62123526e-15,0
0.9655,49.7512438,50,0.00497512438,3.62123526e-15,0
0.9656,49.7512438,50,0.00497512438,3.62123526e-15,0
0.9657,49.7512438,50,0.00497512438,3.62123526e-15,0
0.9658,49.7512438,50,0.00497512438,3.62123526e-15,0
0.9659,49.7512438,50,0.00497512438,3.62123526e-15,0
0.966,49.7512438,50,0.00497512438,3.62123526e-15,0
0.9661,49.7512438,50,0.00497512438,3.39919065e-15,0
0.9662,49.7512438,50,0.00497512438,3.39919065e-15,0
0.9663,49.7512438,50,0.00497512438,3.39919065e-15,0
0.9664,49.7512438,50,0.00497512438,3.39919065e-15,0
0.9665,49.7512438,50,0.00497512438,3.39919065e-15,0
0.9666,49.7512438,50,0.00497512438,3.39919065e-15,0
0.9667,49.7512438,50,0.00497512438,3.39919065e-15,0
0.9668,49.7512438,50,0.00497512438,3.39919065e-15,0
0.9669,49.7512438,50,0.00497512438,3.39919065e-15,0
0.967,49.7512438,50,0.00497512438,3.39919065e-15,0
0.9671,49.7512438,50,0.00497512438,3.17714605e-15,0
0.9672,49.7512438,50,0.00497512438,3.17714605e-15,0
0.9673,49.7512438,50,0.00497512438,3.17714605e-15,0
0.9674,49.7512438,50,0.00497512438,3.17714605e-15,0
0.9675,49.7512438,50,0.00497512438,3.17714605e-15,0
0.9676,49.7512438,50,0.00497512438,3.17714605e-15,0
0.9677,49.7512438,50,0.00497512438,3.17714605e-15,0
0.9678,49.7512438,50,0.00497512438,3.17714605e-15,0
0.9679,49.7512438,50,0.00497512438,3.17714605e-15,0
0.968,49.7512438,50,0.00497512438,3.17714605e-15,0
0.9681,49.7512438,50,0.00497512438,2.9559688e-15,0
0.9682,49.7512438,50,0.00497512438,2.9559688e-15,0
0.9683,49.7512438,50,0.00497512438,2.9559688e-15,0
0.9684,49.7512438,50,0.00497512438,2.9559688e-15,0
0.9685,49.7512438,50,0.00497512438,2.9559688e-15,0
0.9686,49.7512438,50,0.00497512438,2.9559688e-15,0
0.9687,49.7512438,50,0.00497512438,2.9559688e-15,0
0.9688,49.7512438,50,0.00497512438,2.9559688e-15,0
0.9689,49.7512438,50,0.00497512438,2.9559688e-15,0
0.969,49.7512438,50,0.00497512438,2.9559688e-15,0
0.9691,49.7512438,50,0.00497512438,2.7339242e-15,0
0.9692,49.7512438,50,0.00497512438,2.7339242e-15,0
0.9693,49.7512438,50,0.00497512438,2.7339242e-15,0
0.9694,49.7512438,50,0.00497512438,2.7339242e-15,0
0.9695,49.7512438,50,0.00497512438,2.7339242e-15,0
0.9696,49.7512438,50,0.00497512438,2.7339242e-15,0
0.9697,49.7512438,50,0.00497512438,2.7339242e-15,0
0.9698,49.7512438,50,0.00497512438,2.7339242e-15,0
0.9699,49.7512438,50,0.00497512438,2.7339242e-15,0
0.97,49.7512438,50,0.00497512438,2.7339242e-15,0
0.9701,49.7512438,50,0.00497512438,2.51187959e-15,0
0.9702,49.7512438,50,0.00497512438,2.51187959e-15,0
0.9703,49.7512438,50,0.00497512438,2.51187959e-15,0
0.9704,49.7512438,50,0.00497512438,2.51187959e-15,0
0.9705,49.7512438,50,0.00497512438,2.51187959e-15,0
0.9706,49.7512438,50,0.00497512438,2.51187959e-15,0
0.9707,49.7512438,50,0.00497512438,2.51187959e-15,0
0.9708,49.7512438,50,0.00497512438,2.51187959e-15,0
0.9709,49.7512438,50,0.00497512438,2.51187959e-15,0
0.971,49.7512438,50,0.00497512438,2.51187959e-15,0
0.9711,49.7512438,50,0.00497512438,2.28983499e-15,0
0.9712,49.7512438,50,0.00497512438,2.28983499e-15,0
0.9713,49.7512438,50,0.00497512438,2.28983499e-15,0
0.9714,49.7512438,50,0.00497512438,2.28983499e-15,0
0.9715,49.7512438,50,0.00497512438,2.28983499e-15,0
0.9716,49.7512438,50,0.00497512438,2.28983499e-15,0
0.9717,49.7512438,50,0.00497512438,2.28983499e-15,0
0.9718,49.7512438,50,0.00497512438,2.28983499e-15,0
0.9719,49.7512438,50,0.00497512438,2.28983499e-15,0
0.972,49.7512438,50,0.00497512438,2.28983499e-15,0
0.9721,49.7512438,50,0.00497512438,2.06865775e-15,0
0.9722,49.7512438,50,0.00497512438,2.06865775e-15,0
0.9723,49.7512438,50,0.00497512438,2.06865775e-15,0
0.9724,49.7512438,50,0.00497512438,2.06865775e-15,0
0.9725,49.7512438,50,0.00497512438,2.06865775e-15,0
0.9726,49.7512438,50,0.00497512438,2.06865775e-15,0
0.9727,49.7512438,50,0.00497512438,2.06865775e-15,0
0.9728,49.7512438,50,0.00497512438,2.06865775e-15,0
0.9729,49.7512438,50,0.00497512438,2.06865775e-15,0
0.973,49.7512438,50,0.00497512438,2.06865775e-15,0
0.9731,49.7512438,50,0.00497512438,1.84661314e-15,0
0.9732,49.7512438,50,0.00497512438,1.84661314e-15,0
0.9733,49.7512438,50,0.00497512438,1.84661314e-15,0
0.9734,49.7512438,50,0.00497512438,1.84661314e-15,0
0.9735,49.7512438,50,0.00497512438,1.84661314e-15,0
0.9736,49.7512438,50,0.00497512438,1.84661314e-15,0
0.9737,49.7512438,50,0.00497512438,1.84661314e-15,0
0.9738,49.7512438,50,0.00497512438,1.84661314e-15,0
0.9739,49.7512438,50,0.00497512438,1.84661314e-15,0
0.974,49.7512438,50,0.00497512438,1.84661314e-15,0
0.9741,49.7512438,50,0.00497512438,1.62456854e-15,0
0.9742,49.7512438,50,0.00497512438,1.62456854e-15,0
0.9743,49.7512438,50,0.00497512438,1.62456854e-15,0
0.9744,49.7512438,50,0.00497512438,1.62456854e-15,0
0.9745,49.7512438,50,0.00497512438,1.62456854e-15,0
0.9746,49.7512438,50,0.00497512438,1.62456854e-15,0
0.9747,49.7512438,50,0.00497512438,1.62456854e-15,0
0.9748,49.7512438,50,0.00497512438,1.62456854e-15,0
0.9749,49.7512438,50,0.00497512438,1.62456854e-15,0
0.975,49.7512438,50,0.00497512438,1.62456854e-15,0
0.9751,49.7512438,50,0.00497512438,1.40252393e-15,0
0.9752,49.7512438,50,0.00497512438,1.40252393e-15,0
0.9753,49.7512438,50,0.00497512438,1.40252393e-15,0
0.9754,49.7512438,50,0.00497512438,1.40252393e-15,0
0.9755,49.7512438,50,0.00497512438,1.40252393e-15,0
0.9756,49.7512438,50,0.00497512438,1.40252393e-15,0
0.9757,49.7512438,50,0.00497512438,1.40252393e-15,0
0.9758,49.7512438,50,0.00497512438,1.40252393e-15,0
0.9759,49.7512438,50,0.00497512438,1.40252393e-15,0
0.976,49.7512438,50,0.00497512438,1.40252393e-15,0
0.9761,49.7512438,50,0.00497512438,1.18134669e-15,0
0.9762,49.7512438,50,0.00497512438,1.18134669e-15,0
0.9763,49.7512438,50,0.00497512438,1.18134669e-15,0
0.9764,49.7512438,50,0.00497512438,1.18134669e-15,0
0.9765,49.7512438,50,0.00497512438,1.18134669e-15,0
0.9766,49.7512438,50,0.00497512438,1.18134669e-15,0
0.9767,49.7512438,50,0.00497512438,1.18134669e-15,0
0.9768,49.7512438,50,0.00497512438,1.18134669e-15,0
0.9769,49.7512438,50,0.00497512438,1.18134669e-15,0
0.977,49.7512438,50,0.00497512438,1.18134669e-15,0
0.9771,49.7512438,50,0.00497512438,9.59302082e-16,0
0.9772,49.7512438,50,0.00497512438,9.59302082e-16,0
0.9773,49.7512438,50,0.00497512438,9.59302082e-16,0
0.9774,49.7512438,50,0.00497512438,9.59302082e-16,0
0.9775,49.7512438,50,0.00497512438,9.59302082e-16,0
0.9776,49.7512438,50,0.00497512438,9.59302082e-16,0
0.9777,49.7512438,50,0.00497512438,9.59302082e-16,0
0.9778,49.7512438,50,0.00497512438,9.59302082e-16,0
0.9779,49.7512438,50,0.00497512438,9.59302082e-16,0
0.978,49.7512438,50,0.00497512438,9.59302082e-16,0
0.9781,49.7512438,50,0.00497512438,7.37257477e-16,0
0.9782,49.7512438,50,0.00497512438,7.37257477e-16,0
0.9783,49.7512438,50,0.00497512438,7.37257477e-16,0
0.9784,49.7512438,50,0.00497512438,7.37257477e-16,0
0.9785,49.7512438,50,0.00497512438,7.37257477e-16,0
0.9786,49.7512438,50,0.00497512438,7.37257477e-16,0
0.9787,49.7512438,50,0.00497512438,7.37257477e-16,0
0.9788,49.7512438,50,0.00497512438,7.37257477e-16,0
0.9789,49.7512438,50,0.00497512438,7.37257477e-16,0
0.979,49.7512438,50,0.00497512438,7.37257477e-16,0
0.9791,49.7512438,50,0.00497512438,5.15212872e-16,0
0.9792,49.7512438,50,0.00497512438,5.15212872e-16,0
0.9793,49.7512438,50,0.00497512438,5.15212872e-16,0
0.9794,49.7512438,50,0.00497512438,5.15212872e-16,0
0.9795,49.7512438,50,0.00497512438,5.15212872e-16,0
0.9796,49.7512438,50,0.00497512438,5.15212872e-16,0
0.9797,49.7512438,50,0.00497512438,5.15212872e-16,0
0.9798,49.7512438,50,0.00497512438,5.15212872e-16,0
0.9799,49.7512438,50,0.00497512438,5.15212872e-16,0
0.98,49.7512438,50,0.00497512438,5.15212872e-16,0
0.9801,49.7512438,50,0.00497512438,2.94035629e-16,0
0.9802,49.7512438,50,0.00497512438,2.94035629e-16,0
0.9803,49.7512438,50,0.00497512438,2.94035629e-16,0
0.9804,49.7512438,50,0.00497512438,2.94035629e-16,0
0.9805,49.7512438,50,0.00497512438,2.94035629e-16,0
0.9806,49.7512438,50,0.00497512438,2.94035629e-16,0
0.9807,49.7512438,50,0.00497512438,2.94035629e-16,0
0.9808,49.7512438,50,0.00497512438,2.94035629e-16,0
0.9809,49.7512438,50,0.00497512438,2.94035629e-16,0
0.981,49.7512438,50,0.00497512438,2.94035629e-16,0
0.9811,49.7512438,50,0.00497512438,7.19910243e-17,0
0.9812,49.7512438,50,0.00497512438,7.19910243e-17,0
0.9813,49.7512438,50,0.00497512438,7.19910243e-17,0
0.9814,49.7512438,50,0.00497512438,7.19910243e-17,0
0.9815,49.7512438,50,0.00497512438,7.19910243e-17,0
0.9816,49.7512438,50,0.00497512438,7.19910243e-17,0
0.9817,49.7512438,50,0.00497512438,7.19910243e-17,0
0.9818,49.7512438,50,0.00497512438,7.19910243e-17,0
0.9819,49.7512438,50,0.00497512438,7.19910243e-17,0
0.982,49.7512438,50,0.00497512438,7.19910243e-17,0
0.9821,49.7512438,50,0.00497512438,-1.50053581e-16,0
0.9822,49.7512438,50,0.00497512438,-1.50053581e-16,0
0.9823,49.7512438,50,0.00497512438,-1.50053581e-16,0
0.9824,49.7512438,50,0.00497512438,-1.50053581e-16,0
0.9825,49.7512438,50,0.00497512438,-1.50053581e-16,0
0.9826,49.7512438,50,0.00497512438,-1.50053581e-16,0
0.9827,49.7512438,50,0.00497512438,-1.50053581e-16,0
0.9828,49.7512438,50,0.00497512438,-1.50053581e-16,0
0.9829,49.7512438,50,0.00497512438,-1.50053581e-16,0
0.983,49.7512438,50,0.00497512438,-1.50053581e-16,0
0.9831,49.7512438,50,0.00497512438,-3.72098186e-16,0
0.9832,49.7512438,50,0.00497512438,-3.72098186e-16,0
0.9833,49.7512438,50,0.00497512438,-3.72098186e-16,0
0.9834,49.7512438,50,0.00497512438,-3.72098186e-16,0
0.9835,49.7512438,50,0.00497512438,-3.72098186e-16,0
0.9836,49.7512438,50,0.00497512438,-3.72098186e-16,0
0.9837,49.7512438,50,0.00497512438,-3.72098186e-16,0
0.9838,49.7512438,50,0.00497512438,-3.72098186e-16,0
0.9839,49.7512438,50,0.00497512438,-3.72098186e-16,0
0.984,49.7512438,50,0.00497512438,-3.72098186e-16,0
0.9841,49.7512438,50,0.00497512438,-5.93275429e-16,0
0.9842,49.7512438,50,0.00497512438,-5.93275429e-16,0
0.9843,49.7512438,50,0.00497512438,-5.93275429e-16,0
0.9844,49.7512438,50,0.00497512438,-5.93275429e-16,0
0.9845,49.7512438,50,0.00497512438,-5.93275429e-16,0
0.9846,49.7512438,50,0.00497512438,-5.93275429e-16,0
0.9847,49.7512438,50,0.00497512438,-5.93275429e-16,0
0.9848,49.7512438,50,0.00497512438,-5.93275429e-16,0
0.9849,49.7512438,50,0.00497512438,-5.93275429e-16,0
0.985,49.7512438,50,0.00497512438,-5.93275429e-16,0
0.9851,49.7512438,50,0.00497512438,-8.15320034e-16,0
0.9852,49.7512438,50,0.00497512438,-8.15320034e-16,0
0.9853,49.7512438,50,0.00497512438,-8.15320034e-16,0
0.9854,49.7512438,50,0.00497512438,-8.15320034e-16,0
0.9855,49.7512438,50,0.00497512438,-8.15320034e-16,0
0.9856,49.7512438,50,0.00497512438,-8.15320034e-16,0
0.9857,49.7512438,50,0.00497512438,-8.15320034e-16,0
0.9858,49.7512438,50,0.00497512438,-8.15320034e-16,0
0.9859,49.7512438,50,0.00497512438,-8.15320034e-16,0
0.986,49.7512438,50,0.00497512438,-8.15320034e-16,0
0.9861,49.7512438,50,0.00497512438,-1.03736464e-15,0
0.9862,49.7512438,50,0.00497512438,-1.03736464e-15,0
0.9863,49.7512438,50,0.00497512438,-1.03736464e-15,0
0.9864,49.7512438,50,0.00497512438,-1.03736464e-15,0
0.9865,49.7512438,50,0.00497512438,-1.03736464e-15,0
0.9866,49.7512438,50,0.00497512438,-1.03736464e-15,0
0.9867,49.7512438,50,0.00497512438,-1.03736464e-15,0
0.9868,49.7512438,50,0.00497512438,-1.03736464e-15,0
0.9869,49.7512438,50,0.00497512438,-1.03736464e-15,0
0.987,49.7512438,50,0.00497512438,-1.03736464e-15,0
0.9871,49.7512438,50,0.00497512438,-1.25940924e-15,0
0.9872,49.7512438,50,0.00497512438,-1.25940924e-15,0
0.9873,49.7512438,50,0.00497512438,-1.25940924e-15,0
0.9874,49.7512438,50,0.00497512438,-1.25940924e-15,0
0.9875,49.7512438,50,0.00497512438,-1.25940924e-15,0
0.9876,49.7512438,50,0.00497512438,-1.25940924e-15,0
0.9877,49.7512438,50,0.00497512438,-1.25940924e-15,0
0.9878,49.7512438,50,0.00497512438,-1.25940924e-15,0
0.9879,49.7512438,50,0.00497512438,-1.25940924e-15,0
0.988,49.7512438,50,0.00497512438,-1.25940924e-15,0
0.9881,49.7512438,50,0.00497512438,-1.48058649e-15,0
0.9882,49.7512438,50,0.00497512438,-1.48058649e-15,0
0.9883,49.7512438,50,0.00497512438,-1.48058649e-15,0
0.9884,49.7512438,50,0.00497512438,-1.48058649e-15,0
0.9885,49.7512438,50,0.00497512438,-1.48058649e-15,0
0.9886,49.7512438,50,0.00497512438,-1.48058649e-15,0
0.9887,49.7512438,50,0.00497512438,-1.48058649e-15,0
0.9888,49.7512438,50,0.00497512438,-1.48058649e-15,0
0.9889,49.7512438,50,0.00497512438,-1.48058649e-15,0
0.989,49.7512438,50,0.00497512438,-1.48058649e-15,0
0.9891,49.7512438,50,0.00497512438,-1.70263109e-15,0
0.9892,49.7512438,50,0.00497512438,-1.70263109e-15,0
0.9893,49.7512438,50,0.00497512438,-1.70263109e-15,0
0.9894,49.7512438,50,0.00497512438,-1.70263109e-15,0
0.9895,49.7512438,50,0.00497512438,-1.70263109e-15,0
0.9896,49.7512438,50,0.00497512438,-1.70263109e-15,0
0.9897,49.7512438,50,0.00497512438,-1.70263109e-15,0
0.9898,49.7512438,50,0.00497512438,-1.70263109e-15,0
0.9899,49.7512438,50,0.00497512438,-1.70263109e-15,0
0.99,49.7512438,50,0.00497512438,-1.70263109e-15,0
0.9901,49.7512438,50,0.00497512438,-1.9246757e-15,0
0.9902,49.7512438,50,0.00497512438,-1.9246757e-15,0
0.9903,49.7512438,50,0.00497512438,-1.9246757e-15,0
0.9904,49.7512438,50,0.00497512438,-1.9246757e-15,0
0.9905,49.7512438,50,0.00497512438,-1.9246757e-15,0
0.9906,49.7512438,50,0.00497512438,-1.9246757e-15,0
0.9907,49.7512438,50,0.00497512438,-1.9246757e-15,0
0.9908,49.7512438,50,0.00497512438,-1.9246757e-15,0
0.9909,49.7512438,50,0.00497512438,-1.9246757e-15,0
0.991,49.7512438,50,0.00497512438,-1.9246757e-15,0
0.9911,49.7512438,50,0.00497512438,-2.1467203e-15,0
0.9912,49.7512438,50,0.00497512438,-2.1467203e-15,0
0.9913,49.7512438,50,0.00497512438,-2.1467203e-15,0
0.9914,49.7512438,50,0.00497512438,-2.1467203e-15,0
0.9915,49.7512438,50,0.00497512438,-2.1467203e-15,0
0.9916,49.7512438,50,0.00497512438,-2.1467203e-15,0
0.9917,49.7512438,50,0.00497512438,-2.1467203e-15,0
0.9918,49.7512438,50,0.00497512438,-2.1467203e-15,0
0.9919,49.7512438,50,0.00497512438,-2.1467203e-15,0
0.992,49.7512438,50,0.00497512438,-2.1467203e-15,0
0.9921,49.7512438,50,0.00497512438,-2.36789754e-15,0
0.9922,49.7512438,50,0.00497512438,-2.36789754e-15,0
0.9923,49.7512438,50,0.00497512438,-2.36789754e-15,0
0.9924,49.7512438,50,0.00497512438,-2.36789754e-15,0
0.9925,49.7512438,50,0.00497512438,-2.36789754e-15,0
0.9926,49.7512438,50,0.00497512438,-2.36789754e-15,0
0.9927,49.7512438,50,0.00497512438,-2.36789754e-15,0
0.9928,49.7512438,50,0.00497512438,-2.36789754e-15,0
0.9929,49.7512438,50,0.00497512438,-2.36789754e-15,0
0.993,49.7512438,50,0.00497512438,-2.36789754e-15,0
0.9931,49.7512438,50,0.00497512438,-2.58994215e-15,0
0.9932,49.7512438,50,0.00497512438,-2.58994215e-15,0
0.9933,49.7512438,50,0.00497512438,-2.58994215e-15,0
0.9934,49.7512438,50,0.00497512438,-2.58994215e-15,0
0.9935,49.7512438,50,0.00497512438,-2.58994215e-15,0
0.9936,49.7512438,50,0.00497512438,-2.58994215e-15,0
0.9937,49.7512438,50,0.00497512438,-2.58994215e-15,0
0.9938,49.7512438,50,0.00497512438,-2.58994215e-15,0
0.9939,49.7512438,50,0.00497512438,-2.58994215e-15,0
0.994,49.7512438,50,0.00497512438,-2.58994215e-15,0
0.9941,49.7512438,50,0.00497512438,-2.81198675e-15,0
0.9942,49.7512438,50,0.00497512438,-2.81198675e-15,0
0.9943,49.7512438,50,0.00497512438,-2.81198675e-15,0
0.9944,49.7512438,50,0.00497512438,-2.81198675e-15,0
0.9945,49.7512438,50,0.00497512438,-2.81198675e-15,0
0.9946,49.7512438,50,0.00497512438,-2.81198675e-15,0
0.9947,49.7512438,50,0.00497512438,-2.81198675e-15,0
0.9948,49.7512438,50,0.00497512438,-2.81198675e-15,0
0.9949,49.7512438,50,0.00497512438,-2.81198675e-15,0
0.995,49.7512438,50,0.00497512438,-2.81198675e-15,0
0.9951,49.7512438,50,0.00497512438,-3.03403136e-15,0
0.9952,49.7512438,50,0.00497512438,-3.03403136e-15,0
0.9953,49.7512438,50,0.00497512438,-3.03403136e-15,0
0.9954,49.7512438,50,0.00497512438,-3.03403136e-15,0
0.9955,49.7512438,50,0.00497512438,-3.03403136e-15,0
0.9956,49.7512438,50,0.00497512438,-3.03403136e-15,0
0.9957,49.7512438,50,0.00497512438,-3.03403136e-15,0
0.9958,49.7512438,50,0.00497512438,-3.03403136e-15,0
0.9959,49.7512438,50,0.00497512438,-3.03403136e-15,0
0.996,49.7512438,50,0.00497512438,-3.03403136e-15,0
0.9961,49.7512438,50,0.00497512438,-3.2552086e-15,0
0.9962,49.7512438,50,0.00497512438,-3.2552086e-15,0
0.9963,49.7512438,50,0.00497512438,-3.2552086e-15,0
0.9964,49.7512438,50,0.00497512438,-3.2552086e-15,0
0.9965,49.7512438,50,0.00497512438,-3.2552086e-15,0
0.9966,49.7512438,50,0.00497512438,-3.2552086e-15,0
0.9967,49.7512438,50,0.00497512438,-3.2552086e-15,0
0.9968,49.7512438,50,0.00497512438,-3.2552086e-15,0
0.9969,49.7512438,50,0.00497512438,-3.2552086e-15,0
0.997,49.7512438,50,0.00497512438,-3.2552086e-15,0
0.9971,49.7512438,50,0.00497512438,-3.47725321e-15,0
0.9972,49.7512438,50,0.00497512438,-3.47725321e-15,0
0.9973,49.7512438,50,0.00497512438,-3.47725321e-15,0
0.9974,49.7512438,50,0.00497512438,-3.47725321e-15,0
0.9975,49.7512438,50,0.00497512438,-3.47725321e-15,0
0.9976,49.7512438,50,0.00497512438,-3.47725321e-15,0
0.9977,49.7512438,50,0.00497512438,-3.47725321e-15,0
0.9978,49.7512438,50,0.00497512438,-3.47725321e-15,0
0.9979,49.7512438,50,0.00497512438,-3.47725321e-15,0
0.998,49.7512438,50,0.00497512438,-3.47725321e-15,0
0.9981,49.7512438,50,0.00497512438,-3.69929781e-15,0
0.9982,49.7512438,50,0.00497512438,-3.69929781e-15,0
0.9983,49.7512438,50,0.00497512438,-3.69929781e-15,0
0.9984,49.7512438,50,0.00497512438,-3.69929781e-15,0
0.9985,49.7512438,50,0.00497512438,-3.69929781e-15,0
0.9986,49.7512438,50,0.00497512438,-3.69929781e-15,0
0.9987,49.7512438,50,0.00497512438,-3.69929781e-15,0
0.9988,49.7512438,50,0.00497512438,-3.69929781e-15,0
0.9989,49.7512438,50,0.00497512438,-3.69929781e-15,0
0.999,49.7512438,50,0.00497512438,-3.69929781e-15,0
0.9991,49.7512438,50,0.00497512438,-3.92134242e-15,0
0.9992,49.7512438,50,0.00497512438,-3.92134242e-15,0
0.9993,49.7512438,50,0.00497512438,-3.92134242e-15,0
0.9994,49.7512438,50,0.00497512438,-3.92134242e-15,0
0.9995,49.7512438,50,0.00497512438,-3.92134242e-15,0
0.9996,49.7512438,50,0.00497512438,-3.92134242e-15,0
0.9997,49.7512438,50,0.00497512438,-3.92134242e-15,0
0.9998,49.7512438,50,0.00497512438,-3.92134242e-15,0
0.9999,49.7512438,50,0.00497512438,-3.92134242e-15,0
1,49.7512438,50,0.00497512438,-3.92134242e-15,0
1.0001,49.8512428,50,0.00497512438,-4.14251966e-15,0.5
1.0002,49.9512398,50,0.00497512438,-4.14251966e-15,0.5
1.0003,50.0512348,50,0.00497512438,-4.14251966e-15,0.5
1.0004,50.1512278,50,0.00497512438,-4.14251966e-15,0.5
1.0005,50.2512188,50,0.00497512438,-4.14251966e-15,0.5
1.0006,50.3512078,50,0.00497512438,-4.14251966e-15,0.5
1.0007,50.4511948,50,0.00497512438,-4.14251966e-15,0.5
1.0008,50.5511798,50,0.00497512438,-4.14251966e-15,0.5
1.0009,50.6511628,50,0.00497512438,-4.14251966e-15,0.5
1.001,50.7511438,50,0.00497512438,-4.14251966e-15,0.5
1.0011,50.8471232,50,-0.0150228758,0.0472770903,0.5
1.0012,50.9431008,50,-0.0150228758,0.0472770903,0.5
1.0013,51.0390764,50,-0.0150228758,0.0472770903,0.5
1.0014,51.13505,50,-0.0150228758,0.0472770903,0.5
1.0015,51.2310218,50,-0.0150228758,0.0472770903,0.5
1.0016,51.3269916,50,-0.0150228758,0.0472770903,0.5
1.0017,51.4229596,50,-0.0150228758,0.0472770903,0.5
1.0018,51.5189256,50,-0.0150228758,0.0472770903,0.5
1.0019,51.6148897,50,-0.0150228758,0.0472770903,0.5
1.002,51.7108518,50,-0.0150228758,0.0472770903,0.5
1.0021,51.793518,50,-0.081494127,0.0920100944,0.5
1.0022,51.8761824,50,-0.081494127,0.0920100944,0.5
1.0023,51.9588453,50,-0.081494127,0.0920100944,0.5
1.0024,52.0415064,50,-0.081494127,0.0920100944,0.5
1.0025,52.124166,50,-0.081494127,0.0920100944,0.5
1.0026,52.2068238,50,-0.081494127,0.0920100944,0.5
1.0027,52.28948,50,-0.081494127,0.0920100944,0.5
1.0028,52.3721346,50,-0.081494127,0.0920100944,0.5
1.0029,52.4547875,50,-0.081494127,0.0920100944,0.5
1.003,52.5374387,50,-0.081494127,0.0920100944,0.5
1.0031,52.6078355,50,-0.142758869,0.134187467,0.5
1.0032,52.6782309,50,-0.142758869,0.134187467,0.5
1.0033,52.7486248,50,-0.142758869,0.134187467,0.5
1.0034,52.8190174,50,-0.142758869,0.134187467,0.5
1.0035,52.8894085,50,-0.142758869,0.134187467,0.5
1.0036,52.9597983,50,-0.142758869,0.134187467,0.5
1.0037,53.0301866,50,-0.142758869,0.134187467,0.5
1.0038,53.1005735,50,-0.142758869,0.134187467,0.5
1.0039,53.170959,50,-0.142758869,0.134187467,0.5
1.004,53.2413431,50,-0.142758869,0.134187467,0.5
1.0041,53.3004748,50,-0.199014329,0.173817315,0.5
1.0042,53.3596054,50,-0.199014329,0.173817315,0.5
1.0043,53.4187347,50,-0.199014329,0.173817315,0.5
1.0044,53.4778629,50,-0.199014329,0.173817315,0.5
1.0045,53.5369899,50,-0.199014329,0.173817315,0.5
1.0046,53.5961157,50,-0.199014329,0.173817315,0.5
1.0047,53.6552403,50,-0.199014329,0.173817315,0.5
1.0048,53.7143637,50,-0.199014329,0.173817315,0.5
1.0049,53.773486,50,-0.199014329,0.173817315,0.5
1.005,53.8326071,50,-0.199014329,0.173817315,0.5
1.0051,53.881436,50,-0.250469457,0.210925363,0.5
1.0052,53.930264,50,-0.250469457,0.210925363,0.5
1.0053,53.979091,50,-0.250469457,0.210925363,0.5
1.0054,54.0279171,50,-0.250469457,0.210925363,0.5
1.0055,54.0767421,50,-0.250469457,0.210925363,0.5
1.0056,54.1255662,50,-0.250469457,0.210925363,0.5
1.0057,54.1743893,50,-0.250469457,0.210925363,0.5
1.0058,54.2232115,50,-0.250469457,0.210925363,0.5
1.0059,54.2720326,50,-0.250469457,0.210925363,0.5
1.006,54.3208528,50,-0.250469457,0.210925363,0.5
1.0061,54.3602975,50,-0.297342419,0.245552578,0.5
1.0062,54.3997414,50,-0.297342419,0.245552578,0.5
1.0063,54.4391846,50,-0.297342419,0.245552578,0.5
1.0064,54.4786269,50,-0.297342419,0.245552578,0.5
1.0065,54.5180684,50,-0.297342419,0.245552578,0.5
1.0066,54.5575092,50,-0.297342419,0.245552578,0.5
1.0067,54.5969492,50,-0.297342419,0.245552578,0.5
1.0068,54.6363884,50,-0.297342419,0.245552578,0.5
1.0069,54.6758268,50,-0.297342419,0.245552578,0.5
1.007,54.7152644,50,-0.297342419,0.245552578,0.5
1.0071,54.7461982,50,-0.339857865,0.277752988,0.5
1.0072,54.7771314,50,-0.339857865,0.277752988,0.5
1.0073,54.8080639,50,-0.339857865,0.277752988,0.5
1.0074,54.8389959,50,-0.339857865,0.277752988,0.5
1.0075,54.8699272,50,-0.339857865,0.277752988,0.5
1.0076,54.900858,50,-0.339857865,0.277752988,0.5
1.0077,54.9317881,50,-0.339857865,0.277752988,0.5
1.0078,54.9627175,50,-0.339857865,0.277752988,0.5
1.0079,54.9936464,50,-0.339857865,0.277752988,0.5
1.008,55.0245746,50,-0.339857865,0.277752988,0.5
1.0081,55.047825,50,-0.378244481,0.30759167,0.5
1.0082,55.0710749,50,-0.378244481,0.30759167,0.5
1.0083,55.0943244,50,-0.378244481,0.30759167,0.5
1.0084,55.1175734,50,-0.378244481,0.30759167,0.5
1.0085,55.1408219,50,-0.378244481,0.30759167,0.5
1.0086,55.16407,50,-0.378244481,0.30759167,0.5
1.0087,55.1873175,50,-0.378244481,0.30759167,0.5
1.0088,55.2105647,50,-0.378244481,0.30759167,0.5
1.0089,55.2338113,50,-0.378244481,0.30759167,0.5
1.009,55.2570575,50,-0.378244481,0.30759167,0.5
1.0091,55.2734057,50,-0.41273282,0.335142903,0.5
1.0092,55.2897535,50,-0.41273282,0.335142903,0.5
1.0093,55.3061009,50,-0.41273282,0.335142903,0.5
1.0094,55.3224481,50,-0.41273282,0.335142903,0.5
1.0095,55.3387949,50,-0.41273282,0.335142903,0.5
1.0096,55.3551414,50,-0.41273282,0.335142903,0.5
1.0097,55.3714876,50,-0.41273282,0.335142903,0.5
1.0098,55.3878334,50,-0.41273282,0.335142903,0.5
1.0099,55.4041789,50,-0.41273282,0.335142903,0.5
1.01,55.4205241,50,-0.41273282,0.335142903,0.5
1.0101,55.4307049,50,-0.443553385,0.36048849,0.5
1.0102,55.4408855,50,-0.443553385,0.36048849,0.5
1.0103,55.4510659,50,-0.443553385,0.36048849,0.5
1.0104,55.4612461,50,-0.443553385,0.36048849,0.5
1.0105,55.4714261,50,-0.443553385,0.36048849,0.5
1.0106,55.4816059,50,-0.443553385,0.36048849,0.5
1.0107,55.4917855,50,-0.443553385,0.36048849,0.5
1.0108,55.5019649,50,-0.443553385,0.36048849,0.5
1.0109,55.5121441,50,-0.443553385,0.36048849,0.5
1.011,55.5223231,50,-0.443553385,0.36048849,0.5
1.0111,55.5270256,50,-0.470934951,0.383716227,0.5
1.0112,55.531728,50,-0.470934951,0.383716227,0.5
1.0113,55.5364303,50,-0.470934951,0.383716227,0.5
1.0114,55.5411326,50,-0.470934951,0.383716227,0.5
1.0115,55.5458347,50,-0.470934951,0.383716227,0.5
1.0116,55.5505368,50,-0.470934951,0.383716227,0.5
1.0117,55.5552387,50,-0.470934951,0.383716227,0.5
1.0118,55.5599406,50,-0.470934951,0.383716227,0.5
1.0119,55.5646423,50,-0.470934951,0.383716227,0.5
1.012,55.569344,50,-0.470934951,0.383716227,0.5
1.0121,55.569212,50,-0.495103107,0.404918521,0.5
1.0122,55.56908,50,-0.495103107,0.404918521,0.5
1.0123,55.568948,50,-0.495103107,0.404918521,0.5
1.0124,55.568816,50,-0.495103107,0.404918521,0.5
1.0125,55.568684,50,-0.495103107,0.404918521,0.5
1.0126,55.568552,50,-0.495103107,0.404918521,0.5
1.0127,55.56842,50,-0.495103107,0.404918521,0.5
1.0128,55.568288,50,-0.495103107,0.404918521,0.5
1.0129,55.568156,50,-0.495103107,0.404918521,0.5
1.013,55.568024,50,-0.495103107,0.404918521,0.5
1.0131,55.5636569,50,-0.516279002,0.424191142,0.5
1.0132,55.5592899,50,-0.516279002,0.424191142,0.5
1.0133,55.554923,50,-0.516279002,0.424191142,0.5
1.0134,55.5505561,50,-0.516279002,0.424191142,0.5
1.0135,55.5461893,50,-0.516279002,0.424191142,0.5
1.0136,55.5418227,50,-0.516279002,0.424191142,0.5
1.0137,55.5374561,50,-0.516279002,0.424191142,0.5
1.0138,55.5330896,50,-0.516279002,0.424191142,0.5
1.0139,55.5287231,50,-0.516279002,0.424191142,0.5
1.014,55.5243568,50,-0.516279002,0.424191142,0.5
1.0141,55.5163107,50,-0.534678278,0.441632107,0.5
1.0142,55.5082648,50,-0.534678278,0.441632107,0.5
1.0143,55.5002191,50,-0.534678278,0.441632107,0.5
1.0144,55.4921735,50,-0.534678278,0.441632107,0.5
1.0145,55.4841281,50,-0.534678278,0.441632107,0.5
1.0146,55.4760828,50,-0.534678278,0.441632107,0.5
1.0147,55.4680377,50,-0.534678278,0.441632107,0.5
1.0148,55.4599928,50,-0.534678278,0.441632107,0.5
1.0149,55.451948,50,-0.534678278,0.441632107,0.5
1.015,55.4439034,50,-0.534678278,0.441632107,0.5
1.0151,55.4326926,50,-0.550510175,0.457340687,0.5
1.0152,55.421482,50,-0.550510175,0.457340687,0.5
1.0153,55.4102717,50,-0.550510175,0.457340687,0.5
1.0154,55.3990616,50,-0.550510175,0.457340687,0.5
1.0155,55.3878517,50,-0.550510175,0.457340687,0.5
1.0156,55.376642,50,-0.550510175,0.457340687,0.5
1.0157,55.3654325,50,-0.550510175,0.457340687,0.5
1.0158,55.3542233,50,-0.550510175,0.457340687,0.5
1.0159,55.3430143,50,-0.550510175,0.457340687,0.5
1.016,55.3318055,50,-0.550510175,0.457340687,0.5
1.0161,55.3179036,50,-0.563976797,0.471416524,0.5
1.0162,55.3040021,50,-0.563976797,0.471416524,0.5
1.0163,55.2901008,50,-0.563976797,0.471416524,0.5
1.0164,55.2761997,50,-0.563976797,0.471416524,0.5
1.0165,55.262299,50,-0.563976797,0.471416524,0.5
1.0166,55.2483985,50,-0.563976797,0.471416524,0.5
1.0167,55.2344983,50,-0.563976797,0.471416524,0.5
1.0168,55.2205984,50,-0.563976797,0.471416524,0.5
1.0169,55.2066988,50,-0.563976797,0.471416524,0.5
1.017,55.1927994,50,-0.563976797,0.471416524,0.5
1.0171,55.1766413,50,-0.575272513,0.48395886,0.5
1.0172,55.1604834,50,-0.575272513,0.48395886,0.5
1.0173,55.1443258,50,-0.575272513,0.48395886,0.5
1.0174,55.1281686,50,-0.575272513,0.48395886,0.5
1.0175,55.1120117,50,-0.575272513,0.48395886,0.5
1.0176,55.0958551,50,-0.575272513,0.48395886,0.5
1.0177,55.0796989,50,-0.575272513,0.48395886,0.5
1.0178,55.0635429,50,-0.575272513,0.48395886,0.5
1.0179,55.0473873,50,-0.575272513,0.48395886,0.5
1.018,55.031232,50,-0.575272513,0.48395886,0.5
1.0181,55.0132149,50,-0.5845835,0.495065858,0.5
1.0182,54.9951981,50,-0.5845835,0.495065858,0.5
1.0183,54.9771817,50,-0.5845835,0.495065858,0.5
1.0184,54.9591656,50,-0.5845835,0.495065858,0.5
1.0185,54.9411499,50,-0.5845835,0.495065858,0.5
1.0186,54.9231346,50,-0.5845835,0.495065858,0.5
1.0187,54.9051196,50,-0.5845835,0.495065858,0.5
1.0188,54.887105,50,-0.5845835,0.495065858,0.5
1.0189,54.8690907,50,-0.5845835,0.495065858,0.5
1.019,54.8510768,50,-0.5845835,0.495065858,0.5
1.0191,54.8315625,50,-0.592087394,0.504834021,0.5
1.0192,54.8120486,50,-0.592087394,0.504834021,0.5
1.0193,54.792535,50,-0.592087394,0.504834021,0.5
1.0194,54.7730219,50,-0.592087394,0.504834021,0.5
1.0195,54.7535092,50,-0.592087394,0.504834021,0.5
1.0196,54.7339968,50,-0.592087394,0.504834021,0.5
1.0197,54.7144848,50,-0.592087394,0.504834021,0.5
1.0198,54.6949733,50,-0.592087394,0.504834021,0.5
1.0199,54.6754621,50,-0.592087394,0.504834021,0.5
1.02,54.6559513,50,-0.592087394,0.504834021,0.5
1.0201,54.6352678,50,-0.597953047,0.51335769,0.5
1.0202,54.6145847,50,-0.597953047,0.51335769,0.5
1.0203,54.593902,50,-0.597953047,0.51335769,0.5
1.0204,54.5732197,50,-0.597953047,0.51335769,0.5
1.0205,54.5525378,50,-0.597953047,0.51335769,0.5
1.0206,54.5318564,50,-0.597953047,0.51335769,0.5
1.0207,54.5111753,50,-0.597953047,0.51335769,0.5
1.0208,54.4904947,50,-0.597953047,0.51335769,0.5
1.0209,54.4698145,50,-0.597953047,0.51335769,0.5
1.021,54.4491347,50,-0.597953047,0.51335769,0.5
1.0211,54.4275779,50,-0.602340384,0.520728623,0.5
1.0212,54.4060214,50,-0.602340384,0.520728623,0.5
1.0213,54.3844655,50,-0.602340384,0.520728623,0.5
1.0214,54.3629099,50,-0.602340384,0.520728623,0.5
1.0215,54.3413548,50,-0.602340384,0.520728623,0.5
1.0216,54.3198001,50,-0.602340384,0.520728623,0.5
1.0217,54.2982458,50,-0.602340384,0.520728623,0.5
1.0218,54.276692,50,-0.602340384,0.520728623,0.5
1.0219,54.2551386,50,-0.602340384,0.520728623,0.5
1.022,54.2335857,50,-0.602340384,0.520728623,0.5
1.0221,54.2114211,50,-0.605400336,0.527035643,0.5
1.0222,54.1892571,50,-0.605400336,0.527035643,0.5
1.0223,54.1670934,50,-0.605400336,0.527035643,0.5
1.0224,54.1449302,50,-0.605400336,0.527035643,0.5
1.0225,54.1227675,50,-0.605400336,0.527035643,0.5
1.0226,54.1006052,50,-0.605400336,0.527035643,0.5
1.0227,54.0784433,50,-0.605400336,0.527035643,0.5
1.0228,54.0562819,50,-0.605400336,0.527035643,0.5
1.0229,54.034121,50,-0.605400336,0.527035643,0.5
1.023,54.0119604,50,-0.605400336,0.527035643,0.5
1.0231,53.9894254,50,-0.607274852,0.532364356,0.5
1.0232,53.9668909,50,-0.607274852,0.532364356,0.5
1.0233,53.9443568,50,-0.607274852,0.532364356,0.5
1.0234,53.9218232,50,-0.607274852,0.532364356,0.5
1.0235,53.89929,50,-0.607274852,0.532364356,0.5
1.0236,53.8767573,50,-0.607274852,0.532364356,0.5
1.0237,53.854225,50,-0.607274852,0.532364356,0.5
1.0238,53.8316932,50,-0.607274852,0.532364356,0.5
1.0239,53.8091618,50,-0.607274852,0.532364356,0.5
1.024,53.7866309,50,-0.607274852,0.532364356,0.5
1.0241,53.763936,50,-0.608096974,0.536796919,0.5
1.0242,53.7412415,50,-0.608096974,0.536796919,0.5
1.0243,53.7185475,50,-0.608096974,0.536796919,0.5
1.0244,53.695854,50,-0.608096974,0.536796919,0.5
1.0245,53.6731609,50,-0.608096974,0.536796919,0.5
1.0246,53.6504683,50,-0.608096974,0.536796919,0.5
1.0247,53.6277761,50,-0.608096974,0.536796919,0.5
1.0248,53.6050844,50,-0.608096974,0.536796919,0.5
1.0249,53.5823931,50,-0.608096974,0.536796919,0.5
1.025,53.5597023,50,-0.608096974,0.536796919,0.5
1.0251,53.5370331,50,-0.607990965,0.540411868,0.5
1.0252,53.5143644,50,-0.607990965,0.540411868,0.5
1.0253,53.4916962,50,-0.607990965,0.540411868,0.5
1.0254,53.4690284,50,-0.607990965,0.540411868,0.5
1.0255,53.446361,50,-0.607990965,0.540411868,0.5
1.0256,53.4236941,50,-0.607990965,0.540411868,0.5
1.0257,53.4010277,50,-0.607990965,0.540411868,0.5
1.0258,53.3783617,50,-0.607990965,0.540411868,0.5
1.0259,53.3556962,50,-0.607990965,0.540411868,0.5
1.026,53.3330311,50,-0.607990965,0.540411868,0.5
1.0261,53.3105502,50,-0.60707249,0.543283995,0.5
1.0262,53.2880697,50,-0.60707249,0.543283995,0.5
1.0263,53.2655896,50,-0.60707249,0.543283995,0.5
1.0264,53.2431101,50,-0.60707249,0.543283995,0.5
1.0265,53.2206309,50,-0.60707249,0.543283995,0.5
1.0266,53.1981522,50,-0.60707249,0.543283995,0.5
1.0267,53.175674,50,-0.60707249,0.543283995,0.5
1.0268,53.1531962,50,-0.60707249,0.543283995,0.5
1.0269,53.1307189,50,-0.60707249,0.543283995,0.5
1.027,53.108242,50,-0.60707249,0.543283995,0.5
1.0271,53.0860903,50,-0.605448834,0.545484259,0.5
1.0272,53.063939,50,-0.605448834,0.545484259,0.5
1.0273,53.0417882,50,-0.605448834,0.545484259,0.5
1.0274,53.0196378,50,-0.605448834,0.545484259,0.5
1.0275,52.9974879,50,-0.605448834,0.545484259,0.5
1.0276,52.9753384,50,-0.605448834,0.545484259,0.5
1.0277,52.9531893,50,-0.605448834,0.545484259,0.5
1.0278,52.9310407,50,-0.605448834,0.545484259,0.5
1.0279,52.9088925,50,-0.605448834,0.545484259,0.5
1.028,52.8867448,50,-0.605448834,0.545484259,0.5
1.0281,52.8650435,50,-0.603219156,0.547079749,0.5
1.0282,52.8433426,50,-0.603219156,0.547079749,0.5
1.0283,52.8216421,50,-0.603219156,0.547079749,0.5
1.0284,52.799942,50,-0.603219156,0.547079749,0.5
1.0285,52.7782424,50,-0.603219156,0.547079749,0.5
1.0286,52.7565432,50,-0.603219156,0.547079749,0.5
1.0287,52.7348445,50,-0.603219156,0.547079749,0.5
1.0288,52.7131462,50,-0.603219156,0.547079749,0.5
1.0289,52.6914483,50,-0.603219156,0.547079749,0.5
1.029,52.6697509,50,-0.603219156,0.547079749,0.5
1.0291,52.6486027,50,-0.600474766,0.548133667,0.5
1.0292,52.627455,50,-0.600474766,0.548133667,0.5
1.0293,52.6063077,50,-0.600474766,0.548133667,0.5
1.0294,52.5851608,50,-0.600474766,0.548133667,0.5
1.0295,52.5640144,50,-0.600474766,0.548133667,0.5
1.0296,52.5428684,50,-0.600474766,0.548133667,0.5
1.0297,52.5217228,50,-0.600474766,0.548133667,0.5
1.0298,52.5005776,50,-0.600474766,0.548133667,0.5
1.0299,52.4794328,50,-0.600474766,0.548133667,0.5
1.03,52.4582885,50,-0.600474766,0.548133667,0.5
1.0301,52.4377797,50,-0.597299437,0.548705349,0.5
1.0302,52.4172712,50,-0.597299437,0.548705349,0.5
1.0303,52.3967632,50,-0.597299437,0.548705349,0.5
1.0304,52.3762556,50,-0.597299437,0.548705349,0.5
1.0305,52.3557484,50,-0.597299437,0.548705349,0.5
1.0306,52.3352416,50,-0.597299437,0.548705349,0.5
1.0307,52.3147352,50,-0.597299437,0.548705349,0.5
1.0308,52.2942292,50,-0.597299437,0.548705349,0.5
1.0309,52.2737237,50,-0.597299437,0.548705349,0.5
1.031,52.2532185,50,-0.597299437,0.548705349,0.5
1.0311,52.2334197,50,-0.593769719,0.548850312,0.5
1.0312,52.2136213,50,-0.593769719,0.548850312,0.5
1.0313,52.1938233,50,-0.593769719,0.548850312,0.5
1.0314,52.1740256,50,-0.593769719,0.548850312,0.5
1.0315,52.1542284,50,-0.593769719,0.548850312,0.5
1.0316,52.1344316,50,-0.593769719,0.548850312,0.5
1.0317,52.1146351,50,-0.593769719,0.548850312,0.5
1.0318,52.0948391,50,-0.593769719,0.548850312,0.5
1.0319,52.0750435,50,-0.593769719,0.548850312,0.5
1.032,52.0552482,50,-0.593769719,0.548850312,0.5
1.0321,52.0362162,50,-0.589955277,0.548620319,0.5
1.0322,52.0171847,50,-0.589955277,0.548620319,0.5
1.0323,51.9981534,50,-0.589955277,0.548620319,0.5
1.0324,51.9791226,50,-0.589955277,0.548620319,0.5
1.0325,51.9600922,50,-0.589955277,0.548620319,0.5
1.0326,51.9410621,50,-0.589955277,0.548620319,0.5
1.0327,51.9220324,50,-0.589955277,0.548620319,0.5
1.0328,51.9030031,50,-0.589955277,0.548620319,0.5
1.0329,51.8839742,50,-0.589955277,0.548620319,0.5
1.033,51.8649456,50,-0.589955277,0.548620319,0.5
1.0331,51.8467247,50,-0.585919232,0.548063465,0.5
1.0332,51.8285041,50,-0.585919232,0.548063465,0.5
1.0333,51.8102838,50,-0.585919232,0.548063465,0.5
1.0334,51.792064,50,-0.585919232,0.548063465,0.5
1.0335,51.7738445,50,-0.585919232,0.548063465,0.5
1.0336,51.7556253,50,-0.585919232,0.548063465,0.5
1.0337,51.7374066,50,-0.585919232,0.548063465,0.5
1.0338,51.7191881,50,-0.585919232,0.548063465,0.5
1.0339,51.7009701,50,-0.585919232,0.548063465,0.5
1.034,51.6827524,50,-0.585919232,0.548063465,0.5
1.0341,51.6653752,50,-0.581718513,0.54722428,0.5
1.0342,51.6479984,50,-0.581718513,0.54722428,0.5
1.0343,51.6306219,50,-0.581718513,0.54722428,0.5
1.0344,51.6132458,50,-0.581718513,0.54722428,0.5
1.0345,51.59587,50,-0.581718513,0.54722428,0.5
1.0346,51.5784945,50,-0.581718513,0.54722428,0.5
1.0347,51.5611194,50,-0.581718513,0.54722428,0.5
1.0348,51.5437447,50,-0.581718513,0.54722428,0.5
1.0349,51.5263703,50,-0.581718513,0.54722428,0.5
1.035,51.5089962,50,-0.581718513,0.54722428,0.5
1.0351,51.4924854,50,-0.577404204,0.546143847,0.5
1.0352,51.4759748,50,-0.577404204,0.546143847,0.5
1.0353,51.4594646,50,-0.577404204,0.546143847,0.5
1.0354,51.4429548,50,-0.577404204,0.546143847,0.5
1.0355,51.4264452,50,-0.577404204,0.546143847,0.5
1.0356,51.409936,50,-0.577404204,0.546143847,0.5
1.0357,51.3934272,50,-0.577404204,0.546143847,0.5
1.0358,51.3769186,50,-0.577404204,0.546143847,0.5
1.0359,51.3604104,50,-0.577404204,0.546143847,0.5
1.036,51.3439025,50,-0.577404204,0.546143847,0.5
1.0361,51.3282714,50,-0.573021897,0.544859924,0.5
1.0362,51.3126406,50,-0.573021897,0.544859924,0.5
1.0363,51.2970101,50,-0.573021897,0.544859924,0.5
1.0364,51.28138,50,-0.573021897,0.544859924,0.5
1.0365,51.2657501,50,-0.573021897,0.544859924,0.5
1.0366,51.2501206,50,-0.573021897,0.544859924,0.5
1.0367,51.2344914,50,-0.573021897,0.544859924,0.5
1.0368,51.2188625,50,-0.573021897,0.544859924,0.5
1.0369,51.2032339,50,-0.573021897,0.544859924,0.5
1.037,51.1876056,50,-0.573021897,0.544859924,0.5
1.0371,51.1728596,50,-0.568612035,0.543407084,0.5
1.0372,51.1581138,50,-0.568612035,0.543407084,0.5
1.0373,51.1433684,50,-0.568612035,0.543407084,0.5
1.0374,51.1286233,50,-0.568612035,0.543407084,0.5
1.0375,51.1138785,50,-0.568612035,0.543407084,0.5
1.0376,51.0991339,50,-0.568612035,0.543407084,0.5
1.0377,51.0843897,50,-0.568612035,0.543407084,0.5
1.0378,51.0696457,50,-0.568612035,0.543407084,0.5
1.0379,51.0549021,50,-0.568612035,0.543407084,0.5
1.038,51.0401587,50,-0.568612035,0.543407084,0.5
1.0381,51.026296,50,-0.564210259,0.541816855,0.5
1.0382,51.0124336,50,-0.564210259,0.541816855,0.5
1.0383,50.9985714,50,-0.564210259,0.541816855,0.5
1.0384,50.9847095,50,-0.564210259,0.541816855,0.5
1.0385,50.9708479,50,-0.564210259,0.541816855,0.5
1.0386,50.9569866,50,-0.564210259,0.541816855,0.5
1.0387,50.9431255,50,-0.564210259,0.541816855,0.5
1.0388,50.9292648,50,-0.564210259,0.541816855,0.5
1.0389,50.9154043,50,-0.564210259,0.541816855,0.5
1.039,50.901544,50,-0.564210259,0.541816855,0.5
1.0391,50.8885566,50,-0.559847736,0.540117865,0.5
1.0392,50.8755694,50,-0.559847736,0.540117865,0.5
1.0393,50.8625825,50,-0.559847736,0.540117865,0.5
1.0394,50.8495958,50,-0.559847736,0.540117865,0.5
1.0395,50.8366094,50,-0.559847736,0.540117865,0.5
1.0396,50.8236232,50,-0.559847736,0.540117865,0.5
1.0397,50.8106373,50,-0.559847736,0.540117865,0.5
1.0398,50.7976517,50,-0.559847736,0.540117865,0.5
1.0399,50.7846663,50,-0.559847736,0.540117865,0.5
1.04,50.7716812,50,-0.559847736,0.540117865,0.5
1.0401,50.7595556,50,-0.55555149,0.538335994,0.5
1.0402,50.7474303,50,-0.55555149,0.538335994,0.5
1.0403,50.7353051,50,-0.55555149,0.538335994,0.5
1.0404,50.7231803,50,-0.55555149,0.538335994,0.5
1.0405,50.7110556,50,-0.55555149,0.538335994,0.5
1.0406,50.6989312,50,-0.55555149,0.538335994,0.5
1.0407,50.6868071,50,-0.55555149,0.538335994,0.5
1.0408,50.6746831,50,-0.55555149,0.538335994,0.5
1.0409,50.6625595,50,-0.55555149,0.538335994,0.5
1.041,50.650436,50,-0.55555149,0.538335994,0.5
1.0411,50.6391542,50,-0.551344715,0.536494525,0.5
1.0412,50.6278726,50,-0.551344715,0.536494525,0.5
1.0413,50.6165912,50,-0.551344715,0.536494525,0.5
1.0414,50.60531,50,-0.551344715,0.536494525,0.5
1.0415,50.5940291,50,-0.551344715,0.536494525,0.5
1.0416,50.5827484,50,-0.551344715,0.536494525,0.5
1.0417,50.5714679,50,-0.551344715,0.536494525,0.5
1.0418,50.5601877,50,-0.551344715,0.536494525,0.5
1.0419,50.5489076,50,-0.551344715,0.536494525,0.5
1.042,50.5376278,50,-0.551344715,0.536494525,0.5
1.0421,50.5271677,50,-0.547247081,0.534614291,0.5
1.0422,50.5167079,50,-0.547247081,0.534614291,0.5
1.0423,50.5062482,50,-0.547247081,0.534614291,0.5
1.0424,50.4957888,50,-0.547247081,0.534614291,0.5
1.0425,50.4853296,50,-0.547247081,0.534614291,0.5
1.0426,50.4748706,50,-0.547247081,0.534614291,0.5
1.0427,50.4644118,50,-0.547247081,0.534614291,0.5
1.0428,50.4539532,50,-0.547247081,0.534614291,0.5
1.0429,50.4434948,50,-0.547247081,0.534614291,0.5
1.043,50.4330366,50,-0.547247081,0.534614291,0.5
1.0431,50.423373,50,-0.543275023,0.532713834,0.5
1.0432,50.4137096,50,-0.543275023,0.532713834,0.5
1.0433,50.4040465,50,-0.543275023,0.532713834,0.5
1.0434,50.3943835,50,-0.543275023,0.532713834,0.5
1.0435,50.3847207,50,-0.543275023,0.532713834,0.5
1.0436,50.3750581,50,-0.543275023,0.532713834,0.5
1.0437,50.3653957,50,-0.543275023,0.532713834,0.5
1.0438,50.3557334,50,-0.543275023,0.532713834,0.5
1.0439,50.3460714,50,-0.543275023,0.532713834,0.5
1.044,50.3364096,50,-0.543275023,0.532713834,0.5
1.0441,50.3275145,50,-0.539442026,0.530809546,0.5
1.0442,50.3186197,50,-0.539442026,0.530809546,0.5
1.0443,50.309725,50,-0.539442026,0.530809546,0.5
1.0444,50.3008305,50,-0.539442026,0.530809546,0.5
1.0445,50.2919361,50,-0.539442026,0.530809546,0.5
1.0446,50.283042,50,-0.539442026,0.530809546,0.5
1.0447,50.274148,50,-0.539442026,0.530809546,0.5
1.0448,50.2652542,50,-0.539442026,0.530809546,0.5
1.0449,50.2563606,50,-0.539442026,0.530809546,0.5
1.045,50.2474672,50,-0.539442026,0.530809546,0.5
1.0451,50.2393105,50,-0.535758889,0.528915818,0.5
1.0452,50.231154,50,-0.535758889,0.528915818,0.5
1.0453,50.2229977,50,-0.535758889,0.528915818,0.5
1.0454,50.2148415,50,-0.535758889,0.528915818,0.5
1.0455,50.2066856,50,-0.535758889,0.528915818,0.5
1.0456,50.1985297,50,-0.535758889,0.528915818,0.5
1.0457,50.1903741,50,-0.535758889,0.528915818,0.5
1.0458,50.1822186,50,-0.535758889,0.528915818,0.5
1.0459,50.1740632,50,-0.535758889,0.528915818,0.5
1.046,50.165908,50,-0.535758889,0.528915818,0.5
1.0461,50.158458,50,-0.532233979,0.527045183,0.5
1.0462,50.1510081,50,-0.532233979,0.527045183,0.5
1.0463,50.1435584,50,-0.532233979,0.527045183,0.5
1.0464,50.1361088,50,-0.532233979,0.527045183,0.5
1.0465,50.1286593,50,-0.532233979,0.527045183,0.5
1.0466,50.12121,50,-0.532233979,0.527045183,0.5
1.0467,50.1137609,50,-0.532233979,0.527045183,0.5
1.0468,50.1063119,50,-0.532233979,0.527045183,0.5
1.0469,50.098863,50,-0.532233979,0.527045183,0.5
1.047,50.0914143,50,-0.532233979,0.527045183,0.5
1.0471,50.0846379,50,-0.52887347,0.525208453,0.5
1.0472,50.0778616,50,-0.52887347,0.525208453,0.5
1.0473,50.0710854,50,-0.52887347,0.525208453,0.5
1.0474,50.0643093,50,-0.52887347,0.525208453,0.5
1.0475,50.0575334,50,-0.52887347,0.525208453,0.5
1.0476,50.0507577,50,-0.52887347,0.525208453,0.5
1.0477,50.043982,50,-0.52887347,0.525208453,0.5
1.0478,50.0372065,50,-0.52887347,0.525208453,0.5
1.0479,50.0304311,50,-0.52887347,0.525208453,0.5
1.048,50.0236559,50,-0.52887347,0.525208453,0.5
1.0481,50.0175192,50,-0.525681571,0.523414855,0.5
1.0482,50.0113826,50,-0.525681571,0.523414855,0.5
1.0483,50.0052461,50,-0.525681571,0.523414855,0.5
1.0484,49.9991097,50,-0.525681571,0.523414855,0.5
1.0485,49.9929735,50,-0.525681571,0.523414855,0.5
1.0486,49.9868374,50,-0.525681571,0.523414855,0.5
1.0487,49.9807014,50,-0.525681571,0.523414855,0.5
1.0488,49.9745655,50,-0.525681571,0.523414855,0.5
1.0489,49.9684298,50,-0.525681571,0.523414855,0.5
1.049,49.9622942,50,-0.525681571,0.523414855,0.5
1.0491,49.9567628,50,-0.522660738,0.521672157,0.5
1.0492,49.9512316,50,-0.522660738,0.521672157,0.5
1.0493,49.9457005,50,-0.522660738,0.521672157,0.5
1.0494,49.9401695,50,-0.522660738,0.521672157,0.5
1.0495,49.9346386,50,-0.522660738,0.521672157,0.5
1.0496,49.9291078,50,-0.522660738,0.521672157,0.5
1.0497,49.9235771,50,-0.522660738,0.521672157,0.5
1.0498,49.9180466,50,-0.522660738,0.521672157,0.5
1.0499,49.9125161,50,-0.522660738,0.521672157,0.5
1.05,49.9069858,50,-0.522660738,0.521672157,0.5
1.0501,49.9020253,50,-0.519811872,0.519986795,0.5
1.0502,49.8970649,50,-0.519811872,0.519986795,0.5
1.0503,49.8921047,50,-0.519811872,0.519986795,0.5
1.0504,49.8871445,50,-0.519811872,0.519986795,0.5
1.0505,49.8821844,50,-0.519811872,0.519986795,0.5
1.0506,49.8772245,50,-0.519811872,0.519986795,0.5
1.0507,49.8722646,50,-0.519811872,0.519986795,0.5
1.0508,49.8673048,50,-0.519811872,0.519986795,0.5
1.0509,49.8623452,50,-0.519811872,0.519986795,0.5
1.051,49.8573856,50,-0.519811872,0.519986795,0.5
1.0511,49.8529616,50,-0.517134507,0.518363989,0.5
1.0512,49.8485377,50,-0.517134507,0.518363989,0.5
1.0513,49.8441138,50,-0.517134507,0.518363989,0.5
1.0514,49.8396901,50,-0.517134507,0.518363989,0.5
1.0515,49.8352664,50,-0.517134507,0.518363989,0.5
1.0516,49.8308429,50,-0.517134507,0.518363989,0.5
1.0517,49.8264194,50,-0.517134507,0.518363989,0.5
1.0518,49.821996,50,-0.517134507,0.518363989,0.5
1.0519,49.8175727,50,-0.517134507,0.518363989,0.5
1.052,49.8131495,50,-0.517134507,0.518363989,0.5
1.0521,49.8092279,50,-0.51462698,0.516807856,0.5
1.0522,49.8053064,50,-0.51462698,0.516807856,0.5
1.0523,49.8013849,50,-0.51462698,0.516807856,0.5
1.0524,49.7974635,50,-0.51462698,0.516807856,0.5
1.0525,49.7935422,50,-0.51462698,0.516807856,0.5
1.0526,49.789621,50,-0.51462698,0.516807856,0.5
1.0527,49.7856998,50,-0.51462698,0.516807856,0.5
1.0528,49.7817788,50,-0.51462698,0.516807856,0.5
1.0529,49.7778578,50,-0.51462698,0.516807856,0.5
1.053,49.7739368,50,-0.51462698,0.516807856,0.5
1.0531,49.7704841,50,-0.512286592,0.515321513,0.5
1.0532,49.7670314,50,-0.512286592,0.515321513,0.5
1.0533,49.7635788,50,-0.512286592,0.515321513,0.5
1.0534,49.7601262,50,-0.512286592,0.515321513,0.5
1.0535,49.7566737,50,-0.512286592,0.515321513,0.5
1.0536,49.7532213,50,-0.512286592,0.515321513,0.5
1.0537,49.749769,50,-0.512286592,0.515321513,0.5
1.0538,49.7463167,50,-0.512286592,0.515321513,0.5
1.0539,49.7428645,50,-0.512286592,0.515321513,0.5
1.054,49.7394123,50,-0.512286592,0.515321513,0.5
1.0541,49.7363956,50,-0.51010976,0.513907186,0.5
1.0542,49.733379,50,-0.51010976,0.513907186,0.5
1.0543,49.7303624,50,-0.51010976,0.513907186,0.5
1.0544,49.7273458,50,-0.51010976,0.513907186,0.5
1.0545,49.7243294,50,-0.51010976,0.513907186,0.5
1.0546,49.721313,50,-0.51010976,0.513907186,0.5
1.0547,49.7182966,50,-0.51010976,0.513907186,0.5
1.0548,49.7152803,50,-0.51010976,0.513907186,0.5
1.0549,49.7122641,50,-0.51010976,0.513907186,0.5
1.055,49.7092479,50,-0.51010976,0.513907186,0.5
1.0551,49.7066354,50,-0.508092145,0.512566296,0.5
1.0552,49.7040228,50,-0.508092145,0.512566296,0.5
1.0553,49.7014103,50,-0.508092145,0.512566296,0.5
1.0554,49.6987979,50,-0.508092145,0.512566296,0.5
1.0555,49.6961855,50,-0.508092145,0.512566296,0.5
1.0556,49.6935732,50,-0.508092145,0.512566296,0.5
1.0557,49.6909609,50,-0.508092145,0.512566296,0.5
1.0558,49.6883487,50,-0.508092145,0.512566296,0.5
1.0559,49.6857365,50,-0.508092145,0.512566296,0.5
1.056,49.6831244,50,-0.508092145,0.512566296,0.5
1.0561,49.680885,50,-0.506228784,0.511299551,0.5
1.0562,49.6786457,50,-0.506228784,0.511299551,0.5
1.0563,49.6764064,50,-0.506228784,0.511299551,0.5
1.0564,49.6741671,50,-0.506228784,0.511299551,0.5
1.0565,49.6719279,50,-0.506228784,0.511299551,0.5
1.0566,49.6696887,50,-0.506228784,0.511299551,0.5
1.0567,49.6674496,50,-0.506228784,0.511299551,0.5
1.0568,49.6652105,50,-0.506228784,0.511299551,0.5
1.0569,49.6629715,50,-0.506228784,0.511299551,0.5
1.057,49.6607325,50,-0.506228784,0.511299551,0.5
1.0571,49.6588364,50,-0.5045142,0.510107032,0.5
1.0572,49.6569404,50,-0.5045142,0.510107032,0.5
1.0573,49.6550445,50,-0.5045142,0.510107032,0.5
1.0574,49.6531485,50,-0.5045142,0.510107032,0.5
1.0575,49.6512527,50,-0.5045142,0.510107032,0.5
1.0576,49.6493568,50,-0.5045142,0.510107032,0.5
1.0577,49.647461,50,-0.5045142,0.510107032,0.5
1.0578,49.6455652,50,-0.5045142,0.510107032,0.5
1.0579,49.6436695,50,-0.5045142,0.510107032,0.5
1.058,49.6417738,50,-0.5045142,0.510107032,0.5
1.0581,49.6401925,50,-0.502942508,0.508988266,0.5
1.0582,49.6386112,50,-0.502942508,0.508988266,0.5
1.0583,49.6370299,50,-0.502942508,0.508988266,0.5
1.0584,49.6354487,50,-0.502942508,0.508988266,0.5
1.0585,49.6338675,50,-0.502942508,0.508988266,0.5
1.0586,49.6322864,50,-0.502942508,0.508988266,0.5
1.0587,49.6307052,50,-0.502942508,0.508988266,0.5
1.0588,49.6291241,50,-0.502942508,0.508988266,0.5
1.0589,49.6275431,50,-0.502942508,0.508988266,0.5
1.059,49.625962,50,-0.502942508,0.508988266,0.5
1.0591,49.624668,50,-0.501507506,0.507942299,0.5
1.0592,49.623374,50,-0.501507506,0.507942299,0.5
1.0593,49.6220801,50,-0.501507506,0.507942299,0.5
1.0594,49.6207861,50,-0.501507506,0.507942299,0.5
1.0595,49.6194922,50,-0.501507506,0.507942299,0.5
1.0596,49.6181984,50,-0.501507506,0.507942299,0.5
1.0597,49.6169045,50,-0.501507506,0.507942299,0.5
1.0598,49.6156107,50,-0.501507506,0.507942299,0.5
1.0599,49.6143169,50,-0.501507506,0.507942299,0.5
1.06,49.6130231,50,-0.501507506,0.507942299,0.5
1.0601,49.6119903,50,-0.500202761,0.506967763,0.5
1.0602,49.6109575,50,-0.500202761,0.506967763,0.5
1.0603,49.6099248,50,-0.500202761,0.506967763,0.5
1.0604,49.608892,50,-0.500202761,0.506967763,0.5
1.0605,49.6078593,50,-0.500202761,0.506967763,0.5
1.0606,49.6068266,50,-0.500202761,0.506967763,0.5
1.0607,49.6057939,50,-0.500202761,0.506967763,0.5
1.0608,49.6047613,50,-0.500202761,0.506967763,0.5
1.0609,49.6037286,50,-0.500202761,0.506967763,0.5
1.061,49.602696,50,-0.500202761,0.506967763,0.5
1.0611,49.6018996,50,-0.499021684,0.50606294,0.5
1.0612,49.6011033,50,-0.499021684,0.50606294,0.5
1.0613,49.6003069,50,-0.499021684,0.50606294,0.5
1.0614,49.5995106,50,-0.499021684,0.50606294,0.5
1.0615,49.5987143,50,-0.499021684,0.50606294,0.5
1.0616,49.597918,50,-0.499021684,0.50606294,0.5
1.0617,49.5971217,50,-0.499021684,0.50606294,0.5
1.0618,49.5963254,50,-0.499021684,0.50606294,0.5
1.0619,49.5955291,50,-0.499021684,0.50606294,0.5
1.062,49.5947329,50,-0.499021684,0.50606294,0.5
1.0621,49.5941495,50,-0.497957598,0.505225812,0.5
1.0622,49.5935661,50,-0.497957598,0.505225812,0.5
1.0623,49.5929827,50,-0.497957598,0.505225812,0.5
1.0624,49.5923993,50,-0.497957598,0.505225812,0.5
1.0625,49.591816,50,-0.497957598,0.505225812,0.5
1.0626,49.5912326,50,-0.497957598,0.505225812,0.5
1.0627,49.5906493,50,-0.497957598,0.505225812,0.5
1.0628,49.590066,50,-0.497957598,0.505225812,0.5
1.0629,49.5894826,50,-0.497957598,0.505225812,0.5
1.063,49.5888993,50,-0.497957598,0.505225812,0.5
1.0631,49.5885068,50,-0.497003799,0.504454117,0.5
1.0632,49.5881143,50,-0.497003799,0.504454117,0.5
1.0633,49.5877218,50,-0.497003799,0.504454117,0.5
1.0634,49.5873293,50,-0.497003799,0.504454117,0.5
1.0635,49.5869368,50,-0.497003799,0.504454117,0.5
1.0636,49.5865443,50,-0.497003799,0.504454117,0.5
1.0637,49.5861518,50,-0.497003799,0.504454117,0.5
1.0638,49.5857593,50,-0.497003799,0.504454117,0.5
1.0639,49.5853668,50,-0.497003799,0.504454117,0.5
1.064,49.5849744,50,-0.497003799,0.504454117,0.5
1.0641,49.5847519,50,-0.496153604,0.503745396,0.5
1.0642,49.5845295,50,-0.496153604,0.503745396,0.5
1.0643,49.5843071,50,-0.496153604,0.503745396,0.5
1.0644,49.5840847,50,-0.496153604,0.503745396,0.5
1.0645,49.5838623,50,-0.496153604,0.503745396,0.5
1.0646,49.5836399,50,-0.496153604,0.503745396,0.5
1.0647,49.5834175,50,-0.496153604,0.503745396,0.5
1.0648,49.5831951,50,-0.496153604,0.503745396,0.5
1.0649,49.5829728,50,-0.496153604,0.503745396,0.5
1.065,49.5827504,50,-0.496153604,0.503745396,0.5
1.0651,49.5826786,50,-0.495400403,0.503097032,0.5
1.0652,49.5826069,50,-0.495400403,0.503097032,0.5
1.0653,49.5825352,50,-0.495400403,0.503097032,0.5
1.0654,49.5824634,50,-0.495400403,0.503097032,0.5
1.0655,49.5823917,50,-0.495400403,0.503097032,0.5
1.0656,49.58232,50,-0.495400403,0.503097032,0.5
1.0657,49.5822483,50,-0.495400403,0.503097032,0.5
1.0658,49.5821765,50,-0.495400403,0.503097032,0.5
1.0659,49.5821048,50,-0.495400403,0.503097032,0.5
1.066,49.5820331,50,-0.495400403,0.503097032,0.5
1.0661,49.5820939,50,-0.494737694,0.502506293,0.5
1.0662,49.5821547,50,-0.494737694,0.502506293,0.5
1.0663,49.5822155,50,-0.494737694,0.502506293,0.5
1.0664,49.5822764,50,-0.494737694,0.502506293,0.5
1.0665,49.5823372,50,-0.494737694,0.502506293,0.5
1.0666,49.582398,50,-0.494737694,0.502506293,0.5
1.0667,49.5824588,50,-0.494737694,0.502506293,0.5
1.0668,49.5825196,50,-0.494737694,0.502506293,0.5
1.0669,49.5825804,50,-0.494737694,0.502506293,0.5
1.067,49.5826412,50,-0.494737694,0.502506293,0.5
1.0671,49.5828178,50,-0.494159117,0.501970362,0.5
1.0672,49.5829943,50,-0.494159117,0.501970362,0.5
1.0673,49.5831708,50,-0.494159117,0.501970362,0.5
1.0674,49.5833473,50,-0.494159117,0.501970362,0.5
1.0675,49.5835238,50,-0.494159117,0.501970362,0.5
1.0676,49.5837003,50,-0.494159117,0.501970362,0.5
1.0677,49.5838768,50,-0.494159117,0.501970362,0.5
1.0678,49.5840533,50,-0.494159117,0.501970362,0.5
1.0679,49.5842298,50,-0.494159117,0.501970362,0.5
1.068,49.5844063,50,-0.494159117,0.501970362,0.5
1.0681,49.5846829,50,-0.493658488,0.501486373,0.5
1.0682,49.5849595,50,-0.493658488,0.501486373,0.5
1.0683,49.5852361,50,-0.493658488,0.501486373,0.5
1.0684,49.5855127,50,-0.493658488,0.501486373,0.5
1.0685,49.5857893,50,-0.493658488,0.501486373,0.5
1.0686,49.5860659,50,-0.493658488,0.501486373,0.5
1.0687,49.5863425,50,-0.493658488,0.501486373,0.5
1.0688,49.586619,50,-0.493658488,0.501486373,0.5
1.0689,49.5868956,50,-0.493658488,0.501486373,0.5
1.069,49.5871722,50,-0.493658488,0.501486373,0.5
1.0691,49.5875345,50,-0.493229816,0.501051432,0.5
1.0692,49.5878967,50,-0.493229816,0.501051432,0.5
1.0693,49.588259,50,-0.493229816,0.501051432,0.5
1.0694,49.5886213,50,-0.493229816,0.501051432,0.5
1.0695,49.5889835,50,-0.493229816,0.501051432,0.5
1.0696,49.5893458,50,-0.493229816,0.501051432,0.5
1.0697,49.589708,50,-0.493229816,0.501051432,0.5
1.0698,49.5900703,50,-0.493229816,0.501051432,0.5
1.0699,49.5904325,50,-0.493229816,0.501051432,0.5
1.07,49.5907947,50,-0.493229816,0.501051432,0.5
1.0701,49.5912294,50,-0.492867327,0.500662646,0.5
1.0702,49.5916642,50,-0.492867327,0.500662646,0.5
1.0703,49.5920989,50,-0.492867327,0.500662646,0.5
1.0704,49.5925335,50,-0.492867327,0.500662646,0.5
1.0705,49.5929682,50,-0.492867327,0.500662646,0.5
1.0706,49.5934029,50,-0.492867327,0.500662646,0.5
1.0707,49.5938376,50,-0.492867327,0.500662646,0.5
1.0708,49.5942722,50,-0.492867327,0.500662646,0.5
1.0709,49.5947069,50,-0.492867327,0.500662646,0.5
1.071,49.5951415,50,-0.492867327,0.500662646,0.5
1.0711,49.5956365,50,-0.492565476,0.500317145,0.5
1.0712,49.5961315,50,-0.492565476,0.500317145,0.5
1.0713,49.5966264,50,-0.492565476,0.500317145,0.5
1.0714,49.5971214,50,-0.492565476,0.500317145,0.5
1.0715,49.5976164,50,-0.492565476,0.500317145,0.5
1.0716,49.5981113,50,-0.492565476,0.500317145,0.5
1.0717,49.5986063,50,-0.492565476,0.500317145,0.5
1.0718,49.5991012,50,-0.492565476,0.500317145,0.5
1.0719,49.5995961,50,-0.492565476,0.500317145,0.5
1.072,49.600091,50,-0.492565476,0.500317145,0.5
1.0721,49.6006352,50,-0.492318965,0.500012093,0.5
1.0722,49.6011794,50,-0.492318965,0.500012093,0.5
1.0723,49.6017236,50,-0.492318965,0.500012093,0.5
1.0724,49.6022677,50,-0.492318965,0.500012093,0.5
1.0725,49.6028119,50,-0.492318965,0.500012093,0.5
1.0726,49.603356,50,-0.492318965,0.500012093,0.5
1.0727,49.6039002,50,-0.492318965,0.500012093,0.5
1.0728,49.6044443,50,-0.492318965,0.500012093,0.5
1.0729,49.6049884,50,-0.492318965,0.500012093,0.5
1.073,49.6055325,50,-0.492318965,0.500012093,0.5
1.0731,49.6061159,50,-0.492122744,0.499744715,0.5
1.0732,49.6066992,50,-0.492122744,0.499744715,0.5
1.0733,49.6072825,50,-0.492122744,0.499744715,0.5
1.0734,49.6078658,50,-0.492122744,0.499744715,0.5
1.0735,49.6084491,50,-0.492122744,0.499744715,0.5
1.0736,49.6090324,50,-0.492122744,0.499744715,0.5
1.0737,49.6096156,50,-0.492122744,0.499744715,0.5
1.0738,49.6101989,50,-0.492122744,0.499744715,0.5
1.0739,49.6107821,50,-0.492122744,0.499744715,0.5
1.074,49.6113653,50,-0.492122744,0.499744715,0.5
1.0741,49.6119787,50,-0.491972022,0.4995123,0.5
1.0742,49.6125921,50,-0.491972022,0.4995123,0.5
1.0743,49.6132054,50,-0.491972022,0.4995123,0.5
1.0744,49.6138187,50,-0.491972022,0.4995123,0.5
1.0745,49.614432,50,-0.491972022,0.4995123,0.5
1.0746,49.6150453,50,-0.491972022,0.4995123,0.5
1.0747,49.6156586,50,-0.491972022,0.4995123,0.5
1.0748,49.6162719,50,-0.491972022,0.4995123,0.5
1.0749,49.6168852,50,-0.491972022,0.4995123,0.5
1.075,49.6174984,50,-0.491972022,0.4995123,0.5
1.0751,49.6181336,50,-0.491862269,0.499312219,0.5
1.0752,49.6187688,50,-0.491862269,0.499312219,0.5
1.0753,49.6194039,50,-0.491862269,0.499312219,0.5
1.0754,49.6200391,50,-0.491862269,0.499312219,0.5
1.0755,49.6206742,50,-0.491862269,0.499312219,0.5
1.0756,49.6213094,50,-0.491862269,0.499312219,0.5
1.0757,49.6219445,50,-0.491862269,0.499312219,0.5
1.0758,49.6225796,50,-0.491862269,0.499312219,0.5
1.0759,49.6232147,50,-0.491862269,0.499312219,0.5
1.076,49.6238497,50,-0.491862269,0.499312219,0.5
1.0761,49.6244994,50,-0.491789214,0.499141932,0.5
1.0762,49.6251491,50,-0.491789214,0.499141932,0.5
1.0763,49.6257987,50,-0.491789214,0.499141932,0.5
1.0764,49.6264484,50,-0.491789214,0.499141932,0.5
1.0765,49.627098,50,-0.491789214,0.499141932,0.5
1.0766,49.6277476,50,-0.491789214,0.499141932,0.5
1.0767,49.6283972,50,-0.491789214,0.499141932,0.5
1.0768,49.6290468,50,-0.491789214,0.499141932,0.5
1.0769,49.6296963,50,-0.491789214,0.499141932,0.5
1.077,49.6303459,50,-0.491789214,0.499141932,0.5
1.0771,49.6310035,50,-0.49174885,0.498998996,0.5
1.0772,49.6316611,50,-0.49174885,0.498998996,0.5
1.0773,49.6323187,50,-0.49174885,0.498998996,0.5
1.0774,49.6329763,50,-0.49174885,0.498998996,0.5
1.0775,49.6336338,50,-0.49174885,0.498998996,0.5
1.0776,49.6342914,50,-0.49174885,0.498998996,0.5
1.0777,49.6349489,50,-0.49174885,0.498998996,0.5
1.0778,49.6356065,50,-0.49174885,0.498998996,0.5
1.0779,49.636264,50,-0.49174885,0.498998996,0.5
1.078,49.6369215,50,-0.49174885,0.498998996,0.5
1.0781,49.6375812,50,-0.491737425,0.498881068,0.5
1.0782,49.638241,50,-0.491737425,0.498881068,0.5
1.0783,49.6389007,50,-0.491737425,0.498881068,0.5
1.0784,49.6395605,50,-0.491737425,0.498881068,0.5
1.0785,49.6402202,50,-0.491737425,0.498881068,0.5
1.0786,49.6408799,50,-0.491737425,0.498881068,0.5
1.0787,49.6415396,50,-0.491737425,0.498881068,0.5
1.0788,49.6421993,50,-0.491737425,0.498881068,0.5
1.0789,49.6428589,50,-0.491737425,0.498881068,0.5
1.079,49.6435186,50,-0.491737425,0.498881068,0.5
1.0791,49.6441754,50,-0.49175144,0.498785916,0.5
1.0792,49.6448322,50,-0.49175144,0.498785916,0.5
1.0793,49.645489,50,-0.49175144,0.498785916,0.5
1.0794,49.6461458,50,-0.49175144,0.498785916,0.5
1.0795,49.6468026,50,-0.49175144,0.498785916,0.5
1.0796,49.6474594,50,-0.49175144,0.498785916,0.5
1.0797,49.6481161,50,-0.49175144,0.498785916,0.5
1.0798,49.6487729,50,-0.49175144,0.498785916,0.5
1.0799,49.6494296,50,-0.49175144,0.498785916,0.5
1.08,49.6500863,50,-0.49175144,0.498785916,0.5
1.0801,49.6507358,50,-0.491787643,0.498711415,0.5
1.0802,49.6513852,50,-0.491787643,0.498711415,0.5
1.0803,49.6520347,50,-0.491787643,0.498711415,0.5
1.0804,49.6526841,50,-0.491787643,0.498711415,0.5
1.0805,49.6533335,50,-0.491787643,0.498711415,0.5
1.0806,49.6539829,50,-0.491787643,0.498711415,0.5
1.0807,49.6546323,50,-0.491787643,0.498711415,0.5
1.0808,49.6552817,50,-0.491787643,0.498711415,0.5
1.0809,49.655931,50,-0.491787643,0.498711415,0.5
1.081,49.6565804,50,-0.491787643,0.498711415,0.5
1.0811,49.6572186,50,-0.491843023,0.498655554,0.5
1.0812,49.6578569,50,-0.491843023,0.498655554,0.5
1.0813,49.6584951,50,-0.491843023,0.498655554,0.5
1.0814,49.6591333,50,-0.491843023,0.498655554,0.5
1.0815,49.6597715,50,-0.491843023,0.498655554,0.5
1.0816,49.6604097,50,-0.491843023,0.498655554,0.5
1.0817,49.6610479,50,-0.491843023,0.498655554,0.5
1.0818,49.6616861,50,-0.491843023,0.498655554,0.5
1.0819,49.6623242,50,-0.491843023,0.498655554,0.5
1.082,49.6629624,50,-0.491843023,0.498655554,0.5
1.0821,49.6635862,50,-0.491914801,0.498616433,0.5
1.0822,49.6642099,50,-0.491914801,0.498616433,0.5
1.0823,49.6648337,50,-0.491914801,0.498616433,0.5
1.0824,49.6654574,50,-0.491914801,0.498616433,0.5
1.0825,49.6660811,50,-0.491914801,0.498616433,0.5
1.0826,49.6667048,50,-0.491914801,0.498616433,0.5
1.0827,49.6673285,50,-0.491914801,0.498616433,0.5
1.0828,49.6679522,50,-0.491914801,0.498616433,0.5
1.0829,49.6685759,50,-0.491914801,0.498616433,0.5
1.083,49.6691996,50,-0.491914801,0.498616433,0.5
1.0831,49.6698061,50,-0.492000424,0.498592266,0.5
1.0832,49.6704126,50,-0.492000424,0.498592266,0.5
1.0833,49.6710191,50,-0.492000424,0.498592266,0.5
1.0834,49.6716256,50,-0.492000424,0.498592266,0.5
1.0835,49.6722321,50,-0.492000424,0.498592266,0.5
1.0836,49.6728385,50,-0.492000424,0.498592266,0.5
1.0837,49.673445,50,-0.492000424,0.498592266,0.5
1.0838,49.6740514,50,-0.492000424,0.498592266,0.5
1.0839,49.6746579,50,-0.492000424,0.498592266,0.5
1.084,49.6752643,50,-0.492000424,0.498592266,0.5
1.0841,49.6758512,50,-0.492097552,0.498581379,0.5
1.0842,49.6764382,50,-0.492097552,0.498581379,0.5
1.0843,49.6770252,50,-0.492097552,0.498581379,0.5
1.0844,49.6776121,50,-0.492097552,0.498581379,0.5
1.0845,49.678199,50,-0.492097552,0.498581379,0.5
1.0846,49.678786,50,-0.492097552,0.498581379,0.5
1.0847,49.6793729,50,-0.492097552,0.498581379,0.5
1.0848,49.6799598,50,-0.492097552,0.498581379,0.5
1.0849,49.6805467,50,-0.492097552,0.498581379,0.5
1.085,49.6811335,50,-0.492097552,0.498581379,0.5
1.0851,49.6816991,50,-0.49220405,0.498582207,0.5
1.0852,49.6822646,50,-0.49220405,0.498582207,0.5
1.0853,49.6828302,50,-0.49220405,0.498582207,0.5
1.0854,49.6833957,50,-0.49220405,0.498582207,0.5
1.0855,49.6839612,50,-0.49220405,0.498582207,0.5
1.0856,49.6845267,50,-0.49220405,0.498582207,0.5
1.0857,49.6850922,50,-0.49220405,0.498582207,0.5
1.0858,49.6856577,50,-0.49220405,0.498582207,0.5
1.0859,49.6862232,50,-0.49220405,0.498582207,0.5
1.086,49.6867886,50,-0.49220405,0.498582207,0.5
1.0861,49.6873313,50,-0.49231798,0.498593295,0.5
1.0862,49.6878739,50,-0.49231798,0.498593295,0.5
1.0863,49.6884166,50,-0.49231798,0.498593295,0.5
1.0864,49.6889592,50,-0.49231798,0.498593295,0.5
1.0865,49.6895018,50,-0.49231798,0.498593295,0.5
1.0866,49.6900444,50,-0.49231798,0.498593295,0.5
1.0867,49.690587,50,-0.49231798,0.498593295,0.5
1.0868,49.6911296,50,-0.49231798,0.498593295,0.5
1.0869,49.6916722,50,-0.49231798,0.498593295,0.5
1.087,49.6922148,50,-0.49231798,0.498593295,0.5
1.0871,49.6927334,50,-0.49243759,0.49861329,0.5
1.0872,49.693252,50,-0.49243759,0.49861329,0.5
1.0873,49.6937706,50,-0.49243759,0.49861329,0.5
1.0874,49.6942892,50,-0.49243759,0.49861329,0.5
1.0875,49.6948078,50,-0.49243759,0.49861329,0.5
1.0876,49.6953264,50,-0.49243759,0.49861329,0.5
1.0877,49.695845,50,-0.49243759,0.49861329,0.5
1.0878,49.6963635,50,-0.49243759,0.49861329,0.5
1.0879,49.6968821,50,-0.49243759,0.49861329,0.5
1.088,49.6974006,50,-0.49243759,0.49861329,0.5
1.0881,49.6978944,50,-0.492561303,0.498640945,0.5
1.0882,49.6983882,50,-0.492561303,0.498640945,0.5
1.0883,49.698882,50,-0.492561303,0.498640945,0.5
1.0884,49.6993757,50,-0.492561303,0.498640945,0.5
1.0885,49.6998695,50,-0.492561303,0.498640945,0.5
1.0886,49.7003632,50,-0.492561303,0.498640945,0.5
1.0887,49.7008569,50,-0.492561303,0.498640945,0.5
1.0888,49.7013506,50,-0.492561303,0.498640945,0.5
1.0889,49.7018444,50,-0.492561303,0.498640945,0.5
1.089,49.702338,50,-0.492561303,0.498640945,0.5
1.0891,49.7028065,50,-0.492687706,0.498675109,0.5
1.0892,49.7032749,50,-0.492687706,0.498675109,0.5
1.0893,49.7037432,50,-0.492687706,0.498675109,0.5
1.0894,49.7042116,50,-0.492687706,0.498675109,0.5
1.0895,49.70468,50,-0.492687706,0.498675109,0.5
1.0896,49.7051484,50,-0.492687706,0.498675109,0.5
1.0897,49.7056167,50,-0.492687706,0.498675109,0.5
1.0898,49.706085,50,-0.492687706,0.498675109,0.5
1.0899,49.7065534,50,-0.492687706,0.498675109,0.5
1.09,49.7070217,50,-0.492687706,0.498675109,0.5
1.0901,49.7074644,50,-0.492815543,0.498714727,0.5
1.0902,49.7079072,50,-0.492815543,0.498714727,0.5
1.0903,49.7083499,50,-0.492815543,0.498714727,0.5
1.0904,49.7087926,50,-0.492815543,0.498714727,0.5
1.0905,49.7092353,50,-0.492815543,0.498714727,0.5
1.0906,49.709678,50,-0.492815543,0.498714727,0.5
1.0907,49.7101207,50,-0.492815543,0.498714727,0.5
1.0908,49.7105634,50,-0.492815543,0.498714727,0.5
1.0909,49.7110061,50,-0.492815543,0.498714727,0.5
1.091,49.7114488,50,-0.492815543,0.498714727,0.5
1.0911,49.7118658,50,-0.492943702,0.498758833,0.5
1.0912,49.7122828,50,-0.492943702,0.498758833,0.5
1.0913,49.7126998,50,-0.492943702,0.498758833,0.5
1.0914,49.7131168,50,-0.492943702,0.498758833,0.5
1.0915,49.7135338,50,-0.492943702,0.498758833,0.5
1.0916,49.7139508,50,-0.492943702,0.498758833,0.5
1.0917,49.7143678,50,-0.492943702,0.498758833,0.5
1.0918,49.7147847,50,-0.492943702,0.498758833,0.5
1.0919,49.7152017,50,-0.492943702,0.498758833,0.5
1.092,49.7156187,50,-0.492943702,0.498758833,0.5
1.0921,49.7160101,50,-0.493071206,0.498806551,0.5
1.0922,49.7164015,50,-0.493071206,0.498806551,0.5
1.0923,49.716793,50,-0.493071206,0.498806551,0.5
1.0924,49.7171844,50,-0.493071206,0.498806551,0.5
1.0925,49.7175758,50,-0.493071206,0.498806551,0.5
1.0926,49.7179672,50,-0.493071206,0.498806551,0.5
1.0927,49.7183586,50,-0.493071206,0.498806551,0.5
1.0928,49.71875,50,-0.493071206,0.498806551,0.5
1.0929,49.7191414,50,-0.493071206,0.498806551,0.5
1.093,49.7195327,50,-0.493071206,0.498806551,0.5
1.0931,49.7198989,50,-0.493197205,0.498857084,0.5
1.0932,49.7202651,50,-0.493197205,0.498857084,0.5
1.0933,49.7206312,50,-0.493197205,0.498857084,0.5
1.0934,49.7209973,50,-0.493197205,0.498857084,0.5
1.0935,49.7213635,50,-0.493197205,0.498857084,0.5
1.0936,49.7217296,50,-0.493197205,0.498857084,0.5
1.0937,49.7220957,50,-0.493197205,0.498857084,0.5
1.0938,49.7224618,50,-0.493197205,0.498857084,0.5
1.0939,49.7228279,50,-0.493197205,0.498857084,0.5
1.094,49.723194,50,-0.493197205,0.498857084,0.5
1.0941,49.7235354,50,-0.493320965,0.498909714,0.5
1.0942,49.7238767,50,-0.493320965,0.498909714,0.5
1.0943,49.724218,50,-0.493320965,0.498909714,0.5
1.0944,49.7245594,50,-0.493320965,0.498909714,0.5
1.0945,49.7249007,50,-0.493320965,0.498909714,0.5
1.0946,49.725242,50,-0.493320965,0.498909714,0.5
1.0947,49.7255833,50,-0.493320965,0.498909714,0.5
1.0948,49.7259246,50,-0.493320965,0.498909714,0.5
1.0949,49.7262659,50,-0.493320965,0.498909714,0.5
1.095,49.7266071,50,-0.493320965,0.498909714,0.5
1.0951,49.7269242,50,-0.493441857,0.498963797,0.5
1.0952,49.7272413,50,-0.493441857,0.498963797,0.5
1.0953,49.7275584,50,-0.493441857,0.498963797,0.5
1.0954,49.7278755,50,-0.493441857,0.498963797,0.5
1.0955,49.7281925,50,-0.493441857,0.498963797,0.5
1.0956,49.7285096,50,-0.493441857,0.498963797,0.5
1.0957,49.7288267,50,-0.493441857,0.498963797,0.5
1.0958,49.7291437,50,-0.493441857,0.498963797,0.5
1.0959,49.7294607,50,-0.493441857,0.498963797,0.5
1.096,49.7297778,50,-0.493441857,0.498963797,0.5
1.0961,49.7300713,50,-0.493559353,0.499018759,0.5
1.0962,49.7303648,50,-0.493559353,0.499018759,0.5
1.0963,49.7306584,50,-0.493559353,0.499018759,0.5
1.0964,49.7309519,50,-0.493559353,0.499018759,0.5
1.0965,49.7312454,50,-0.493559353,0.499018759,0.5
1.0966,49.7315389,50,-0.493559353,0.499018759,0.5
1.0967,49.7318324,50,-0.493559353,0.499018759,0.5
1.0968,49.7321259,50,-0.493559353,0.499018759,0.5
1.0969,49.7324194,50,-0.493559353,0.499018759,0.5
1.097,49.7327128,50,-0.493559353,0.499018759,0.5
1.0971,49.7329836,50,-0.493673016,0.499074088,0.5
1.0972,49.7332543,50,-0.493673016,0.499074088,0.5
1.0973,49.733525,50,-0.493673016,0.499074088,0.5
1.0974,49.7337958,50,-0.493673016,0.499074088,0.5
1.0975,49.7340665,50,-0.493673016,0.499074088,0.5
1.0976,49.7343372,50,-0.493673016,0.499074088,0.5
1.0977,49.7346079,50,-0.493673016,0.499074088,0.5
1.0978,49.7348786,50,-0.493673016,0.499074088,0.5
1.0979,49.7351493,50,-0.493673016,0.499074088,0.5
1.098,49.73542,50,-0.493673016,0.499074088,0.5
1.0981,49.7356688,50,-0.493782488,0.499129335,0.5
1.0982,49.7359176,50,-0.493782488,0.499129335,0.5
1.0983,49.7361663,50,-0.493782488,0.499129335,0.5
1.0984,49.7364151,50,-0.493782488,0.499129335,0.5
1.0985,49.7366639,50,-0.493782488,0.499129335,0.5
1.0986,49.7369127,50,-0.493782488,0.499129335,0.5
1.0987,49.7371614,50,-0.493782488,0.499129335,0.5
1.0988,49.7374102,50,-0.493782488,0.499129335,0.5
1.0989,49.7376589,50,-0.493782488,0.499129335,0.5
1.099,49.7379077,50,-0.493782488,0.499129335,0.5
1.0991,49.7381354,50,-0.493887489,0.499184107,0.5
1.0992,49.7383632,50,-0.493887489,0.499184107,0.5
1.0993,49.7385909,50,-0.493887489,0.499184107,0.5
1.0994,49.7388186,50,-0.493887489,0.499184107,0.5
1.0995,49.7390463,50,-0.493887489,0.499184107,0.5
1.0996,49.7392741,50,-0.493887489,0.499184107,0.5
1.0997,49.7395018,50,-0.493887489,0.499184107,0.5
1.0998,49.7397295,50,-0.493887489,0.499184107,0.5
1.0999,49.7399572,50,-0.493887489,0.499184107,0.5
1.1,49.7401849,50,-0.493887489,0.499184107,0.5
1.1001,49.7403925,50,-0.493987805,0.499238061,0.5
1.1002,49.7406002,50,-0.493987805,0.499238061,0.5
1.1003,49.7408078,50,-0.493987805,0.499238061,0.5
1.1004,49.7410154,50,-0.493987805,0.499238061,0.5
1.1005,49.741223,50,-0.493987805,0.499238061,0.5
1.1006,49.7414306,50,-0.493987805,0.499238061,0.5
1.1007,49.7416382,50,-0.493987805,0.499238061,0.5
1.1008,49.7418458,50,-0.493987805,0.499238061,0.5
1.1009,49.7420534,50,-0.493987805,0.499238061,0.5
1.101,49.742261,50,-0.493987805,0.499238061,0.5
1.1011,49.7424495,50,-0.494083282,0.499290905,0.5
1.1012,49.742638,50,-0.494083282,0.499290905,0.5
1.1013,49.7428265,50,-0.494083282,0.499290905,0.5
1.1014,49.743015,50,-0.494083282,0.499290905,0.5
1.1015,49.7432035,50,-0.494083282,0.499290905,0.5
1.1016,49.743392,50,-0.494083282,0.499290905,0.5
1.1017,49.7435804,50,-0.494083282,0.499290905,0.5
1.1018,49.7437689,50,-0.494083282,0.499290905,0.5
1.1019,49.7439574,50,-0.494083282,0.499290905,0.5
1.102,49.7441458,50,-0.494083282,0.499290905,0.5
1.1021,49.7443162,50,-0.494173821,0.499342389,0.5
1.1022,49.7444865,50,-0.494173821,0.499342389,0.5
1.1023,49.7446569,50,-0.494173821,0.499342389,0.5
1.1024,49.7448272,50,-0.494173821,0.499342389,0.5
1.1025,49.7449976,50,-0.494173821,0.499342389,0.5
1.1026,49.7451679,50,-0.494173821,0.499342389,0.5
1.1027,49.7453382,50,-0.494173821,0.499342389,0.5
1.1028,49.7455085,50,-0.494173821,0.499342389,0.5
1.1029,49.7456789,50,-0.494173821,0.499342389,0.5
1.103,49.7458492,50,-0.494173821,0.499342389,0.5
1.1031,49.7460024,50,-0.494259373,0.499392307,0.5
1.1032,49.7461556,50,-0.494259373,0.499392307,0.5
1.1033,49.7463088,50,-0.494259373,0.499392307,0.5
1.1034,49.746462,50,-0.494259373,0.499392307,0.5
1.1035,49.7466152,50,-0.494259373,0.499392307,0.5
1.1036,49.7467684,50,-0.494259373,0.499392307,0.5
1.1037,49.7469216,50,-0.494259373,0.499392307,0.5
1.1038,49.7470748,50,-0.494259373,0.499392307,0.5
1.1039,49.7472279,50,-0.494259373,0.499392307,0.5
1.104,49.7473811,50,-0.494259373,0.499392307,0.5
1.1041,49.7475182,50,-0.49433993,0.499440487,0.5
1.1042,49.7476552,50,-0.49433993,0.499440487,0.5
1.1043,49.7477923,50,-0.49433993,0.499440487,0.5
1.1044,49.7479294,50,-0.49433993,0.499440487,0.5
1.1045,49.7480664,50,-0.49433993,0.499440487,0.5
1.1046,49.7482035,50,-0.49433993,0.499440487,0.5
1.1047,49.7483405,50,-0.49433993,0.499440487,0.5
1.1048,49.7484776,50,-0.49433993,0.499440487,0.5
1.1049,49.7486146,50,-0.49433993,0.499440487,0.5
1.105,49.7487516,50,-0.49433993,0.499440487,0.5
1.1051,49.7488736,50,-0.49441552,0.499486792,0.5
1.1052,49.7489955,50,-0.49441552,0.499486792,0.5
1.1053,49.7491174,50,-0.49441552,0.499486792,0.5
1.1054,49.7492393,50,-0.49441552,0.499486792,0.5
1.1055,49.7493612,50,-0.49441552,0.499486792,0.5
1.1056,49.7494831,50,-0.49441552,0.499486792,0.5
1.1057,49.749605,50,-0.49441552,0.499486792,0.5
1.1058,49.7497269,50,-0.49441552,0.499486792,0.5
1.1059,49.7498488,50,-0.49441552,0.499486792,0.5
1.106,49.7499707,50,-0.49441552,0.499486792,0.5
1.1061,49.7500785,50,-0.494486206,0.499531115,0.5
1.1062,49.7501862,50,-0.494486206,0.499531115,0.5
1.1063,49.750294,50,-0.494486206,0.499531115,0.5
1.1064,49.7504018,50,-0.494486206,0.499531115,0.5
1.1065,49.7505095,50,-0.494486206,0.499531115,0.5
1.1066,49.7506173,50,-0.494486206,0.499531115,0.5
1.1067,49.750725,50,-0.494486206,0.499531115,0.5
1.1068,49.7508327,50,-0.494486206,0.499531115,0.5
1.1069,49.7509405,50,-0.494486206,0.499531115,0.5
1.107,49.7510482,50,-0.494486206,0.499531115,0.5
1.1071,49.7511428,50,-0.49455208,0.499573379,0.5
1.1072,49.7512373,50,-0.49455208,0.499573379,0.5
1.1073,49.7513319,50,-0.49455208,0.499573379,0.5
1.1074,49.7514265,50,-0.49455208,0.499573379,0.5
1.1075,49.751521,50,-0.49455208,0.499573379,0.5
1.1076,49.7516156,50,-0.49455208,0.499573379,0.5
1.1077,49.7517101,50,-0.49455208,0.499573379,0.5
1.1078,49.7518047,50,-0.49455208,0.499573379,0.5
1.1079,49.7518992,50,-0.49455208,0.499573379,0.5
1.108,49.7519938,50,-0.49455208,0.499573379,0.5
1.1081,49.7520761,50,-0.494613254,0.499613529,0.5
1.1082,49.7521584,50,-0.494613254,0.499613529,0.5
1.1083,49.7522407,50,-0.494613254,0.499613529,0.5
1.1084,49.752323,50,-0.494613254,0.499613529,0.5
1.1085,49.7524053,50,-0.494613254,0.499613529,0.5
1.1086,49.7524876,50,-0.494613254,0.499613529,0.5
1.1087,49.7525699,50,-0.494613254,0.499613529,0.5
1.1088,49.7526522,50,-0.494613254,0.499613529,0.5
1.1089,49.7527345,50,-0.494613254,0.499613529,0.5
1.109,49.7528168,50,-0.494613254,0.499613529,0.5
1.1091,49.7528877,50,-0.494669864,0.499651533,0.5
1.1092,49.7529587,50,-0.494669864,0.499651533,0.5
1.1093,49.7530297,50,-0.494669864,0.499651533,0.5
1.1094,49.7531006,50,-0.494669864,0.499651533,0.5
1.1095,49.7531716,50,-0.494669864,0.499651533,0.5
1.1096,49.7532426,50,-0.494669864,0.499651533,0.5
1.1097,49.7533135,50,-0.494669864,0.499651533,0.5
1.1098,49.7533845,50,-0.494669864,0.499651533,0.5
1.1099,49.7534554,50,-0.494669864,0.499651533,0.5
1.11,49.7535264,50,-0.494669864,0.499651533,0.5
1.1101,49.7535869,50,-0.494722061,0.49968738,0.5
1.1102,49.7536474,50,-0.494722061,0.49968738,0.5
1.1103,49.753708,50,-0.494722061,0.49968738,0.5
1.1104,49.7537685,50,-0.494722061,0.49968738,0.5
1.1105,49.753829,50,-0.494722061,0.49968738,0.5
1.1106,49.7538895,50,-0.494722061,0.49968738,0.5
1.1107,49.75395,50,-0.494722061,0.49968738,0.5
1.1108,49.7540105,50,-0.494722061,0.49968738,0.5
1.1109,49.754071,50,-0.494722061,0.49968738,0.5
1.111,49.7541315,50,-0.494722061,0.49968738,0.5
1.1111,49.7541824,50,-0.49477001,0.499721074,0.5
1.1112,49.7542333,50,-0.49477001,0.499721074,0.5
1.1113,49.7542843,50,-0.49477001,0.499721074,0.5
1.1114,49.7543352,50,-0.49477001,0.499721074,0.5
1.1115,49.7543861,50,-0.49477001,0.499721074,0.5
1.1116,49.754437,50,-0.49477001,0.499721074,0.5
1.1117,49.7544879,50,-0.49477001,0.499721074,0.5
1.1118,49.7545388,50,-0.49477001,0.499721074,0.5
1.1119,49.7545897,50,-0.49477001,0.499721074,0.5
1.112,49.7546406,50,-0.49477001,0.499721074,0.5
1.1121,49.7546828,50,-0.494813886,0.499752635,0.5
1.1122,49.7547249,50,-0.494813886,0.499752635,0.5
1.1123,49.754767,50,-0.494813886,0.499752635,0.5
1.1124,49.7548091,50,-0.494813886,0.499752635,0.5
1.1125,49.7548513,50,-0.494813886,0.499752635,0.5
1.1126,49.7548934,50,-0.494813886,0.499752635,0.5
1.1127,49.7549355,50,-0.494813886,0.499752635,0.5
1.1128,49.7549776,50,-0.494813886,0.499752635,0.5
1.1129,49.7550198,50,-0.494813886,0.499752635,0.5
1.113,49.7550619,50,-0.494813886,0.499752635,0.5
1.1131,49.755096,50,-0.494853873,0.499782098,0.5
1.1132,49.7551301,50,-0.494853873,0.499782098,0.5
1.1133,49.7551642,50,-0.494853873,0.499782098,0.5
1.1134,49.7551984,50,-0.494853873,0.499782098,0.5
1.1135,49.7552325,50,-0.494853873,0.499782098,0.5
1.1136,49.7552666,50,-0.494853873,0.499782098,0.5
1.1137,49.7553007,50,-0.494853873,0.499782098,0.5
1.1138,49.7553349,50,-0.494853873,0.499782098,0.5
1.1139,49.755369,50,-0.494853873,0.499782098,0.5
1.114,49.7554031,50,-0.494853873,0.499782098,0.5
1.1141,49.7554299,50,-0.494890159,0.499809506,0.5
1.1142,49.7554568,50,-0.494890159,0.499809506,0.5
1.1143,49.7554837,50,-0.494890159,0.499809506,0.5
1.1144,49.7555105,50,-0.494890159,0.499809506,0.5
1.1145,49.7555374,50,-0.494890159,0.499809506,0.5
1.1146,49.7555642,50,-0.494890159,0.499809506,0.5
1.1147,49.7555911,50,-0.494890159,0.499809506,0.5
1.1148,49.755618,50,-0.494890159,0.499809506,0.5
1.1149,49.7556448,50,-0.494890159,0.499809506,0.5
1.115,49.7556717,50,-0.494890159,0.499809506,0.5
1.1151,49.755692,50,-0.494922939,0.499834913,0.5
1.1152,49.7557123,50,-0.494922939,0.499834913,0.5
1.1153,49.7557326,50,-0.494922939,0.499834913,0.5
1.1154,49.7557529,50,-0.494922939,0.499834913,0.5
1.1155,49.7557731,50,-0.494922939,0.499834913,0.5
1.1156,49.7557934,50,-0.494922939,0.499834913,0.5
1.1157,49.7558137,50,-0.494922939,0.499834913,0.5
1.1158,49.755834,50,-0.494922939,0.499834913,0.5
1.1159,49.7558543,50,-0.494922939,0.499834913,0.5
1.116,49.7558746,50,-0.494922939,0.499834913,0.5
1.1161,49.755889,50,-0.494952406,0.499858382,0.5
1.1162,49.7559034,50,-0.494952406,0.499858382,0.5
1.1163,49.7559178,50,-0.494952406,0.499858382,0.5
1.1164,49.7559322,50,-0.494952406,0.499858382,0.5
1.1165,49.7559466,50,-0.494952406,0.499858382,0.5
1.1166,49.755961,50,-0.494952406,0.499858382,0.5
1.1167,49.7559754,50,-0.494952406,0.499858382,0.5
1.1168,49.7559898,50,-0.494952406,0.499858382,0.5
1.1169,49.7560042,50,-0.494952406,0.499858382,0.5
1.117,49.7560186,50,-0.494952406,0.499858382,0.5
1.1171,49.7560278,50,-0.494978754,0.49987998,0.5
1.1172,49.7560369,50,-0.494978754,0.49987998,0.5
1.1173,49.756046,50,-0.494978754,0.49987998,0.5
1.1174,49.7560551,50,-0.494978754,0.49987998,0.5
1.1175,49.7560643,50,-0.494978754,0.49987998,0.5
1.1176,49.7560734,50,-0.494978754,0.49987998,0.5
1.1177,49.7560825,50,-0.494978754,0.49987998,0.5
1.1178,49.7560917,50,-0.494978754,0.49987998,0.5
1.1179,49.7561008,50,-0.494978754,0.49987998,0.5
1.118,49.7561099,50,-0.494978754,0.49987998,0.5
1.1181,49.7561143,50,-0.495002179,0.499899783,0.5
1.1182,49.7561188,50,-0.495002179,0.499899783,0.5
1.1183,49.7561232,50,-0.495002179,0.499899783,0.5
1.1184,49.7561277,50,-0.495002179,0.499899783,0.5
1.1185,49.7561321,50,-0.495002179,0.499899783,0.5
1.1186,49.7561366,50,-0.495002179,0.499899783,0.5
1.1187,49.756141,50,-0.495002179,0.499899783,0.5
1.1188,49.7561454,50,-0.495002179,0.499899783,0.5
1.1189,49.7561499,50,-0.495002179,0.499899783,0.5
1.119,49.7561543,50,-0.495002179,0.499899783,0.5
1.1191,49.7561546,50,-0.495022869,0.499917866,0.5
1.1192,49.7561549,50,-0.495022869,0.499917866,0.5
1.1193,49.7561552,50,-0.495022869,0.499917866,0.5
1.1194,49.7561555,50,-0.495022869,0.499917866,0.5
1.1195,49.7561558,50,-0.495022869,0.499917866,0.5
1.1196,49.7561561,50,-0.495022869,0.499917866,0.5
1.1197,49.7561564,50,-0.495022869,0.499917866,0.5
1.1198,49.7561567,50,-0.495022869,0.499917866,0.5
1.1199,49.7561571,50,-0.495022869,0.499917866,0.5
1.12,49.7561574,50,-0.495022869,0.499917866,0.5
1.1201,49.756154,50,-0.495041013,0.499934311,0.5
1.1202,49.7561507,50,-0.495041013,0.499934311,0.5
1.1203,49.7561474,50,-0.495041013,0.499934311,0.5
1.1204,49.7561441,50,-0.495041013,0.499934311,0.5
1.1205,49.7561407,50,-0.495041013,0.499934311,0.5
1.1206,49.7561374,50,-0.495041013,0.499934311,0.5
1.1207,49.7561341,50,-0.495041013,0.499934311,0.5
1.1208,49.7561307,50,-0.495041013,0.499934311,0.5
1.1209,49.7561274,50,-0.495041013,0.499934311,0.5
1.121,49.7561241,50,-0.495041013,0.499934311,0.5
1.1211,49.7561176,50,-0.495056793,0.499949201,0.5
1.1212,49.7561111,50,-0.495056793,0.499949201,0.5
1.1213,49.7561047,50,-0.495056793,0.499949201,0.5
1.1214,49.7560982,50,-0.495056793,0.499949201,0.5
1.1215,49.7560917,50,-0.495056793,0.499949201,0.5
1.1216,49.7560852,50,-0.495056793,0.499949201,0.5
1.1217,49.7560787,50,-0.495056793,0.499949201,0.5
1.1218,49.7560723,50,-0.495056793,0.499949201,0.5
1.1219,49.7560658,50,-0.495056793,0.499949201,0.5
1.122,49.7560593,50,-0.495056793,0.499949201,0.5
1.1221,49.7560501,50,-0.495070387,0.499962618,0.5
1.1222,49.7560409,50,-0.495070387,0.499962618,0.5
1.1223,49.7560317,50,-0.495070387,0.499962618,0.5
1.1224,49.7560225,50,-0.495070387,0.499962618,0.5
1.1225,49.7560133,50,-0.495070387,0.499962618,0.5
1.1226,49.7560041,50,-0.495070387,0.499962618,0.5
1.1227,49.7559949,50,-0.495070387,0.499962618,0.5
1.1228,49.7559857,50,-0.495070387,0.499962618,0.5
1.1229,49.7559765,50,-0.495070387,0.499962618,0.5
1.123,49.7559673,50,-0.495070387,0.499962618,0.5
1.1231,49.7559558,50,-0.495081965,0.499974648,0.5
1.1232,49.7559443,50,-0.495081965,0.499974648,0.5
1.1233,49.7559328,50,-0.495081965,0.499974648,0.5
1.1234,49.7559213,50,-0.495081965,0.499974648,0.5
1.1235,49.7559098,50,-0.495081965,0.499974648,0.5
1.1236,49.7558982,50,-0.495081965,0.499974648,0.5
1.1237,49.7558867,50,-0.495081965,0.499974648,0.5
1.1238,49.7558752,50,-0.495081965,0.499974648,0.5
1.1239,49.7558637,50,-0.495081965,0.499974648,0.5
1.124,49.7558522,50,-0.495081965,0.499974648,0.5
1.1241,49.7558388,50,-0.495091692,0.499985374,0.5
1.1242,49.7558253,50,-0.495091692,0.499985374,0.5
1.1243,49.7558118,50,-0.495091692,0.499985374,0.5
1.1244,49.7557984,50,-0.495091692,0.499985374,0.5
1.1245,49.7557849,50,-0.495091692,0.499985374,0.5
1.1246,49.7557715,50,-0.495091692,0.499985374,0.5
1.1247,49.755758,50,-0.495091692,0.499985374,0.5
1.1248,49.7557446,50,-0.495091692,0.499985374,0.5
1.1249,49.7557311,50,-0.495091692,0.499985374,0.5
1.125,49.7557177,50,-0.495091692,0.499985374,0.5
1.1251,49.7557026,50,-0.495099728,0.49999488,0.5
1.1252,49.7556875,50,-0.495099728,0.49999488,0.5
1.1253,49.7556725,50,-0.495099728,0.49999488,0.5
1.1254,49.7556574,50,-0.495099728,0.49999488,0.5
1.1255,49.7556424,50,-0.495099728,0.49999488,0.5
1.1256,49.7556273,50,-0.495099728,0.49999488,0.5
1.1257,49.7556123,50,-0.495099728,0.49999488,0.5
1.1258,49.7555972,50,-0.495099728,0.49999488,0.5
1.1259,49.7555821,50,-0.495099728,0.49999488,0.5
1.126,49.7555671,50,-0.495099728,0.49999488,0.5
1.1261,49.7555507,50,-0.495106221,0.500003246,0.5
1.1262,49.7555344,50,-0.495106221,0.500003246,0.5
1.1263,49.755518,50,-0.495106221,0.500003246,0.5
1.1264,49.7555017,50,-0.495106221,0.500003246,0.5
1.1265,49.7554853,50,-0.495106221,0.500003246,0.5
1.1266,49.755469,50,-0.495106221,0.500003246,0.5
1.1267,49.7554526,50,-0.495106221,0.500003246,0.5
1.1268,49.7554362,50,-0.495106221,0.500003246,0.5
1.1269,49.7554199,50,-0.495106221,0.500003246,0.5
1.127,49.7554035,50,-0.495106221,0.500003246,0.5
1.1271,49.7553862,50,-0.495111316,0.500010552,0.5
1.1272,49.7553688,50,-0.495111316,0.500010552,0.5
1.1273,49.7553514,50,-0.495111316,0.500010552,0.5
1.1274,49.7553341,50,-0.495111316,0.500010552,0.5
1.1275,49.7553167,50,-0.495111316,0.500010552,0.5
1.1276,49.7552993,50,-0.495111316,0.500010552,0.5
1.1277,49.755282,50,-0.495111316,0.500010552,0.5
1.1278,49.7552646,50,-0.495111316,0.500010552,0.5
1.1279,49.7552472,50,-0.495111316,0.500010552,0.5
1.128,49.7552298,50,-0.495111316,0.500010552,0.5
1.1281,49.7552117,50,-0.495115149,0.500016877,0.5
1.1282,49.7551936,50,-0.495115149,0.500016877,0.5
1.1283,49.7551754,50,-0.495115149,0.500016877,0.5
1.1284,49.7551573,50,-0.495115149,0.500016877,0.5
1.1285,49.7551392,50,-0.495115149,0.500016877,0.5
1.1286,49.755121,50,-0.495115149,0.500016877,0.5
1.1287,49.7551029,50,-0.495115149,0.500016877,0.5
1.1288,49.7550848,50,-0.495115149,0.500016877,0.5
1.1289,49.7550667,50,-0.495115149,0.500016877,0.5
1.129,49.7550485,50,-0.495115149,0.500016877,0.5
1.1291,49.7550298,50,-0.495117848,0.500022296,0.5
1.1292,49.7550112,50,-0.495117848,0.500022296,0.5
1.1293,49.7549925,50,-0.495117848,0.500022296,0.5
1.1294,49.7549738,50,-0.495117848,0.500022296,0.5
1.1295,49.7549552,50,-0.495117848,0.500022296,0.5
1.1296,49.7549365,50,-0.495117848,0.500022296,0.5
1.1297,49.7549178,50,-0.495117848,0.500022296,0.5
1.1298,49.7548992,50,-0.495117848,0.500022296,0.5
1.1299,49.7548805,50,-0.495117848,0.500022296,0.5
1.13,49.7548618,50,-0.495117848,0.500022296,0.5
1.1301,49.7548428,50,-0.495119533,0.500026881,0.5
1.1302,49.7548238,50,-0.495119533,0.500026881,0.5
1.1303,49.7548048,50,-0.495119533,0.500026881,0.5
1.1304,49.7547858,50,-0.495119533,0.500026881,0.5
1.1305,49.7547668,50,-0.495119533,0.500026881,0.5
1.1306,49.7547478,50,-0.495119533,0.500026881,0.5
1.1307,49.7547288,50,-0.495119533,0.500026881,0.5
1.1308,49.7547098,50,-0.495119533,0.500026881,0.5
1.1309,49.7546908,50,-0.495119533,0.500026881,0.5
1.131,49.7546718,50,-0.495119533,0.500026881,0.5
1.1311,49.7546527,50,-0.495120318,0.500030702,0.5
1.1312,49.7546335,50,-0.495120318,0.500030702,0.5
1.1313,49.7546143,50,-0.495120318,0.500030702,0.5
1.1314,49.7545952,50,-0.495120318,0.500030702,0.5
1.1315,49.754576,50,-0.495120318,0.500030702,0.5
1.1316,49.7545569,50,-0.495120318,0.500030702,0.5
1.1317,49.7545377,50,-0.495120318,0.500030702,0.5
1.1318,49.7545186,50,-0.495120318,0.500030702,0.5
1.1319,49.7544994,50,-0.495120318,0.500030702,0.5
1.132,49.7544803,50,-0.495120318,0.500030702,0.5
1.1321,49.7544611,50,-0.495120308,0.500033826,0.5
1.1322,49.754442,50,-0.495120308,0.500033826,0.5
1.1323,49.7544228,50,-0.495120308,0.500033826,0.5
1.1324,49.7544037,50,-0.495120308,0.500033826,0.5
1.1325,49.7543845,50,-0.495120308,0.500033826,0.5
1.1326,49.7543654,50,-0.495120308,0.500033826,0.5
1.1327,49.7543462,50,-0.495120308,0.500033826,0.5
1.1328,49.7543271,50,-0.495120308,0.500033826,0.5
1.1329,49.7543079,50,-0.495120308,0.500033826,0.5
1.133,49.7542888,50,-0.495120308,0.500033826,0.5
1.1331,49.7542698,50,-0.495119601,0.500036316,0.5
1.1332,49.7542508,50,-0.495119601,0.500036316,0.5
1.1333,49.7542318,50,-0.495119601,0.500036316,0.5
1.1334,49.7542127,50,-0.495119601,0.500036316,0.5
1.1335,49.7541937,50,-0.495119601,0.500036316,0.5
1.1336,49.7541747,50,-0.495119601,0.500036316,0.5
1.1337,49.7541557,50,-0.495119601,0.500036316,0.5
1.1338,49.7541367,50,-0.495119601,0.500036316,0.5
1.1339,49.7541177,50,-0.495119601,0.500036316,0.5
1.134,49.7540987,50,-0.495119601,0.500036316,0.5
1.1341,49.75408,50,-0.49511829,0.500038232,0.5
1.1342,49.7540612,50,-0.49511829,0.500038232,0.5
1.1343,49.7540425,50,-0.49511829,0.500038232,0.5
1.1344,49.7540238,50,-0.49511829,0.500038232,0.5
1.1345,49.754005,50,-0.49511829,0.500038232,0.5
1.1346,49.7539863,50,-0.49511829,0.500038232,0.5
1.1347,49.7539676,50,-0.49511829,0.500038232,0.5
1.1348,49.7539488,50,-0.49511829,0.500038232,0.5
1.1349,49.7539301,50,-0.49511829,0.500038232,0.5
1.135,49.7539113,50,-0.49511829,0.500038232,0.5
1.1351,49.753893,50,-0.495116459,0.500039632,0.5
1.1352,49.7538746,50,-0.495116459,0.500039632,0.5
1.1353,49.7538562,50,-0.495116459,0.500039632,0.5
1.1354,49.7538379,50,-0.495116459,0.500039632,0.5
1.1355,49.7538195,50,-0.495116459,0.500039632,0.5
1.1356,49.7538011,50,-0.495116459,0.500039632,0.5
1.1357,49.7537828,50,-0.495116459,0.500039632,0.5
1.1358,49.7537644,50,-0.495116459,0.500039632,0.5
1.1359,49.753746,50,-0.495116459,0.500039632,0.5
1.136,49.7537277,50,-0.495116459,0.500039632,0.5
1.1361,49.7537098,50,-0.495114185,0.500040568,0.5
1.1362,49.7536918,50,-0.495114185,0.500040568,0.5
1.1363,49.7536739,50,-0.495114185,0.500040568,0.5
1.1364,49.753656,50,-0.495114185,0.500040568,0.5
1.1365,49.7536381,50,-0.495114185,0.500040568,0.5
1.1366,49.7536202,50,-0.495114185,0.500040568,0.5
1.1367,49.7536023,50,-0.495114185,0.500040568,0.5
1.1368,49.7535844,50,-0.495114185,0.500040568,0.5
1.1369,49.7535665,50,-0.495114185,0.500040568,0.5
1.137,49.7535486,50,-0.495114185,0.500040568,0.5
1.1371,49.7535312,50,-0.49511154,0.500041093,0.5
1.1372,49.7535138,50,-0.49511154,0.500041093,0.5
1.1373,49.7534964,50,-0.49511154,0.500041093,0.5
1.1374,49.7534791,50,-0.49511154,0.500041093,0.5
1.1375,49.7534617,50,-0.49511154,0.500041093,0.5
1.1376,49.7534443,50,-0.49511154,0.500041093,0.5
1.1377,49.7534269,50,-0.49511154,0.500041093,0.5
1.1378,49.7534095,50,-0.49511154,0.500041093,0.5
1.1379,49.7533922,50,-0.49511154,0.500041093,0.5
1.138,49.7533748,50,-0.49511154,0.500041093,0.5
1.1381,49.753358,50,-0.495108589,0.500041252,0.5
1.1382,49.7533412,50,-0.495108589,0.500041252,0.5
1.1383,49.7533244,50,-0.495108589,0.500041252,0.5
1.1384,49.7533077,50,-0.495108589,0.500041252,0.5
1.1385,49.7532909,50,-0.495108589,0.500041252,0.5
1.1386,49.7532741,50,-0.495108589,0.500041252,0.5
1.1387,49.7532573,50,-0.495108589,0.500041252,0.5
1.1388,49.7532405,50,-0.495108589,0.500041252,0.5
1.1389,49.7532237,50,-0.495108589,0.500041252,0.5
1.139,49.753207,50,-0.495108589,0.500041252,0.5
1.1391,49.7531908,50,-0.495105391,0.50004109,0.5
1.1392,49.7531747,50,-0.495105391,0.50004109,0.5
1.1393,49.7531585,50,-0.495105391,0.50004109,0.5
1.1394,49.7531424,50,-0.495105391,0.50004109,0.5
1.1395,49.7531263,50,-0.495105391,0.50004109,0.5
1.1396,49.7531101,50,-0.495105391,0.50004109,0.5
1.1397,49.753094,50,-0.495105391,0.50004109,0.5
1.1398,49.7530778,50,-0.495105391,0.50004109,0.5
1.1399,49.7530617,50,-0.495105391,0.50004109,0.5
1.14,49.7530456,50,-0.495105391,0.50004109,0.5
1.1401,49.7530301,50,-0.495102001,0.500040647,0.5
1.1402,49.7530146,50,-0.495102001,0.500040647,0.5
1.1403,49.7529992,50,-0.495102001,0.500040647,0.5
1.1404,49.7529837,50,-0.495102001,0.500040647,0.5
1.1405,49.7529683,50,-0.495102001,0.500040647,0.5
1.1406,49.7529528,50,-0.495102001,0.500040647,0.5
1.1407,49.7529373,50,-0.495102001,0.500040647,0.5
1.1408,49.7529219,50,-0.495102001,0.500040647,0.5
1.1409,49.7529064,50,-0.495102001,0.500040647,0.5
1.141,49.752891,50,-0.495102001,0.500040647,0.5
1.1411,49.7528762,50,-0.495098466,0.500039963,0.5
1.1412,49.7528615,50,-0.495098466,0.500039963,0.5
1.1413,49.7528467,50,-0.495098466,0.500039963,0.5
1.1414,49.752832,50,-0.495098466,0.500039963,0.5
1.1415,49.7528172,50,-0.495098466,0.500039963,0.5
1.1416,49.7528025,50,-0.495098466,0.500039963,0.5
1.1417,49.7527877,50,-0.495098466,0.500039963,0.5
1.1418,49.752773,50,-0.495098466,0.500039963,0.5
1.1419,49.7527582,50,-0.495098466,0.500039963,0.5
1.142,49.7527435,50,-0.495098466,0.500039963,0.5
1.1421,49.7527294,50,-0.495094832,0.500039071,0.5
1.1422,49.7527154,50,-0.495094832,0.500039071,0.5
1.1423,49.7527014,50,-0.495094832,0.500039071,0.5
1.1424,49.7526874,50,-0.495094832,0.500039071,0.5
1.1425,49.7526734,50,-0.495094832,0.500039071,0.5
1.1426,49.7526593,50,-0.495094832,0.500039071,0.5
1.1427,49.7526453,50,-0.495094832,0.500039071,0.5
1.1428,49.7526313,50,-0.495094832,0.500039071,0.5
1.1429,49.7526173,50,-0.495094832,0.500039071,0.5
1.143,49.7526033,50,-0.495094832,0.500039071,0.5
1.1431,49.75259,50,-0.495091136,0.500038003,0.5
1.1432,49.7525767,50,-0.495091136,0.500038003,0.5
1.1433,49.7525634,50,-0.495091136,0.500038003,0.5
1.1434,49.7525501,50,-0.495091136,0.500038003,0.5
1.1435,49.7525369,50,-0.495091136,0.500038003,0.5
1.1436,49.7525236,50,-0.495091136,0.500038003,0.5
1.1437,49.7525103,50,-0.495091136,0.500038003,0.5
1.1438,49.752497,50,-0.495091136,0.500038003,0.5
1.1439,49.7524838,50,-0.495091136,0.500038003,0.5
1.144,49.7524705,50,-0.495091136,0.500038003,0.5
1.1441,49.752458,50,-0.495087413,0.500036791,0.5
1.1442,49.7524454,50,-0.495087413,0.500036791,0.5
1.1443,49.7524329,50,-0.495087413,0.500036791,0.5
1.1444,49.7524204,50,-0.495087413,0.500036791,0.5
1.1445,49.7524078,50,-0.495087413,0.500036791,0.5
1.1446,49.7523953,50,-0.495087413,0.500036791,0.5
1.1447,49.7523828,50,-0.495087413,0.500036791,0.5
1.1448,49.7523702,50,-0.495087413,0.500036791,0.5
1.1449,49.7523577,50,-0.495087413,0.500036791,0.5
1.145,49.7523452,50,-0.495087413,0.500036791,0.5
1.1451,49.7523334,50,-0.495083694,0.500035459,0.5
1.1452,49.7523216,50,-0.495083694,0.500035459,0.5
1.1453,49.7523098,50,-0.495083694,0.500035459,0.5
1.1454,49.752298,50,-0.495083694,0.500035459,0.5
1.1455,49.7522863,50,-0.495083694,0.500035459,0.5
1.1456,49.7522745,50,-0.495083694,0.500035459,0.5
1.1457,49.7522627,50,-0.495083694,0.500035459,0.5
1.1458,49.7522509,50,-0.495083694,0.500035459,0.5
1.1459,49.7522391,50,-0.495083694,0.500035459,0.5
1.146,49.7522273,50,-0.495083694,0.500035459,0.5
1.1461,49.7522163,50,-0.495080006,0.500034033,0.5
1.1462,49.7522052,50,-0.495080006,0.500034033,0.5
1.1463,49.7521942,50,-0.495080006,0.500034033,0.5
1.1464,49.7521832,50,-0.495080006,0.500034033,0.5
1.1465,49.7521721,50,-0.495080006,0.500034033,0.5
1.1466,49.7521611,50,-0.495080006,0.500034033,0.5
1.1467,49.75215,50,-0.495080006,0.500034033,0.5
1.1468,49.752139,50,-0.495080006,0.500034033,0.5
1.1469,49.7521279,50,-0.495080006,0.500034033,0.5
1.147,49.7521169,50,-0.495080006,0.500034033,0.5
1.1471,49.7521066,50,-0.495076371,0.500032535,0.5
1.1472,49.7520963,50,-0.495076371,0.500032535,0.5
1.1473,49.7520859,50,-0.495076371,0.500032535,0.5
1.1474,49.7520756,50,-0.495076371,0.500032535,0.5
1.1475,49.7520653,50,-0.495076371,0.500032535,0.5
1.1476,49.752055,50,-0.495076371,0.500032535,0.5
1.1477,49.7520447,50,-0.495076371,0.500032535,0.5
1.1478,49.7520344,50,-0.495076371,0.500032535,0.5
1.1479,49.752024,50,-0.495076371,0.500032535,0.5
1.148,49.7520137,50,-0.495076371,0.500032535,0.5
1.1481,49.7520041,50,-0.49507281,0.500030985,0.5
1.1482,49.7519945,50,-0.49507281,0.500030985,0.5
1.1483,49.7519849,50,-0.49507281,0.500030985,0.5
1.1484,49.7519753,50,-0.49507281,0.500030985,0.5
1.1485,49.7519657,50,-0.49507281,0.500030985,0.5
1.1486,49.7519561,50,-0.49507281,0.500030985,0.5
1.1487,49.7519465,50,-0.49507281,0.500030985,0.5
1.1488,49.7519369,50,-0.49507281,0.500030985,0.5
1.1489,49.7519273,50,-0.49507281,0.500030985,0.5
1.149,49.7519177,50,-0.49507281,0.500030985,0.5
1.1491,49.7519088,50,-0.495069339,0.5000294,0.5
1.1492,49.7518999,50,-0.495069339,0.5000294,0.5
1.1493,49.751891,50,-0.495069339,0.5000294,0.5
1.1494,49.7518821,50,-0.495069339,0.5000294,0.5
1.1495,49.7518732,50,-0.495069339,0.5000294,0.5
1.1496,49.7518643,50,-0.495069339,0.5000294,0.5
1.1497,49.7518554,50,-0.495069339,0.5000294,0.5
1.1498,49.7518465,50,-0.495069339,0.5000294,0.5
1.1499,49.7518376,50,-0.495069339,0.5000294,0.5
1.15,49.7518287,50,-0.495069339,0.5000294,0.5
1.1501,49.7518204,50,-0.495065973,0.500027796,0.5
1.1502,49.7518122,50,-0.495065973,0.500027796,0.5
1.1503,49.751804,50,-0.495065973,0.500027796,0.5
1.1504,49.7517957,50,-0.495065973,0.500027796,0.5
1.1505,49.7517875,50,-0.495065973,0.500027796,0.5
1.1506,49.7517793,50,-0.495065973,0.500027796,0.5
1.1507,49.751771,50,-0.495065973,0.500027796,0.5
1.1508,49.7517628,50,-0.495065973,0.500027796,0.5
1.1509,49.7517546,50,-0.495065973,0.500027796,0.5
1.151,49.7517464,50,-0.495065973,0.500027796,0.5
1.1511,49.7517388,50,-0.495062724,0.500026188,0.5
1.1512,49.7517312,50,-0.495062724,0.500026188,0.5
1.1513,49.7517236,50,-0.495062724,0.500026188,0.5
1.1514,49.751716,50,-0.495062724,0.500026188,0.5
1.1515,49.7517085,50,-0.495062724,0.500026188,0.5
1.1516,49.7517009,50,-0.495062724,0.500026188,0.5
1.1517,49.7516933,50,-0.495062724,0.500026188,0.5
1.1518,49.7516857,50,-0.495062724,0.500026188,0.5
1.1519,49.7516781,50,-0.495062724,0.500026188,0.5
1.152,49.7516706,50,-0.495062724,0.500026188,0.5
1.1521,49.7516636,50,-0.4950596,0.500024588,0.5
1.1522,49.7516567,50,-0.4950596,0.500024588,0.5
1.1523,49.7516497,50,-0.4950596,0.500024588,0.5
1.1524,49.7516428,50,-0.4950596,0.500024588,0.5
1.1525,49.7516358,50,-0.4950596,0.500024588,0.5
1.1526,49.7516289,50,-0.4950596,0.500024588,0.5
1.1527,49.7516219,50,-0.4950596,0.500024588,0.5
1.1528,49.7516149,50,-0.4950596,0.500024588,0.5
1.1529,49.751608,50,-0.4950596,0.500024588,0.5
1.153,49.751601,50,-0.4950596,0.500024588,0.5
1.1531,49.7515947,50,-0.495056609,0.500023006,0.5
1.1532,49.7515883,50,-0.495056609,0.500023006,0.5
1.1533,49.751582,50,-0.495056609,0.500023006,0.5
1.1534,49.7515756,50,-0.495056609,0.500023006,0.5
1.1535,49.7515693,50,-0.495056609,0.500023006,0.5
1.1536,49.7515629,50,-0.495056609,0.500023006,0.5
1.1537,49.7515566,50,-0.495056609,0.500023006,0.5
1.1538,49.7515502,50,-0.495056609,0.500023006,0.5
1.1539,49.7515439,50,-0.495056609,0.500023006,0.5
1.154,49.7515375,50,-0.495056609,0.500023006,0.5
1.1541,49.7515317,50,-0.495053756,0.500021451,0.5
1.1542,49.7515259,50,-0.495053756,0.500021451,0.5
1.1543,49.7515202,50,-0.495053756,0.500021451,0.5
1.1544,49.7515144,50,-0.495053756,0.500021451,0.5
1.1545,49.7515086,50,-0.495053756,0.500021451,0.5
1.1546,49.7515028,50,-0.495053756,0.500021451,0.5
1.1547,49.751497,50,-0.495053756,0.500021451,0.5
1.1548,49.7514913,50,-0.495053756,0.500021451,0.5
1.1549,49.7514855,50,-0.495053756,0.500021451,0.5
1.155,49.7514797,50,-0.495053756,0.500021451,0.5
1.1551,49.7514745,50,-0.495051045,0.500019932,0.5
1.1552,49.7514692,50,-0.495051045,0.500019932,0.5
1.1553,49.751464,50,-0.495051045,0.500019932,0.5
1.1554,49.7514587,50,-0.495051045,0.500019932,0.5
1.1555,49.7514535,50,-0.495051045,0.500019932,0.5
1.1556,49.7514483,50,-0.495051045,0.500019932,0.5
1.1557,49.751443,50,-0.495051045,0.500019932,0.5
1.1558,49.7514378,50,-0.495051045,0.500019932,0.5
1.1559,49.7514326,50,-0.495051045,0.500019932,0.5
1.156,49.7514273,50,-0.495051045,0.500019932,0.5
1.1561,49.7514226,50,-0.495048479,0.500018456,0.5
1.1562,49.7514179,50,-0.495048479,0.500018456,0.5
1.1563,49.7514131,50,-0.495048479,0.500018456,0.5
1.1564,49.7514084,50,-0.495048479,0.500018456,0.5
1.1565,49.7514037,50,-0.495048479,0.500018456,0.5
1.1566,49.751399,50,-0.495048479,0.500018456,0.5
1.1567,49.7513943,50,-0.495048479,0.500018456,0.5
1.1568,49.7513895,50,-0.495048479,0.500018456,0.5
1.1569,49.7513848,50,-0.495048479,0.500018456,0.5
1.157,49.7513801,50,-0.495048479,0.500018456,0.5
1.1571,49.7513758,50,-0.495046058,0.500017027,0.5
1.1572,49.7513716,50,-0.495046058,0.500017027,0.5
1.1573,49.7513674,50,-0.495046058,0.500017027,0.5
1.1574,49.7513631,50,-0.495046058,0.500017027,0.5
1.1575,49.7513589,50,-0.495046058,0.500017027,0.5
1.1576,49.7513546,50,-0.495046058,0.500017027,0.5
1.1577,49.7513504,50,-0.495046058,0.500017027,0.5
1.1578,49.7513462,50,-0.495046058,0.500017027,0.5
1.1579,49.7513419,50,-0.495046058,0.500017027,0.5
1.158,49.7513377,50,-0.495046058,0.500017027,0.5
1.1581,49.7513339,50,-0.495043781,0.500015651,0.5
1.1582,49.7513301,50,-0.495043781,0.500015651,0.5
1.1583,49.7513263,50,-0.495043781,0.500015651,0.5
1.1584,49.7513226,50,-0.495043781,0.500015651,0.5
1.1585,49.7513188,50,-0.495043781,0.500015651,0.5
1.1586,49.751315,50,-0.495043781,0.500015651,0.5
1.1587,49.7513112,50,-0.495043781,0.500015651,0.5
1.1588,49.7513074,50,-0.495043781,0.500015651,0.5
1.1589,49.7513036,50,-0.495043781,0.500015651,0.5
1.159,49.7512999,50,-0.495043781,0.500015651,0.5
1.1591,49.7512965,50,-0.495041649,0.500014331,0.5
1.1592,49.7512932,50,-0.495041649,0.500014331,0.5
1.1593,49.7512898,50,-0.495041649,0.500014331,0.5
1.1594,49.7512864,50,-0.495041649,0.500014331,0.5
1.1595,49.7512831,50,-0.495041649,0.500014331,0.5
1.1596,49.7512797,50,-0.495041649,0.500014331,0.5
1.1597,49.7512764,50,-0.495041649,0.500014331,0.5
1.1598,49.751273,50,-0.495041649,0.500014331,0.5
1.1599,49.7512697,50,-0.495041649,0.500014331,0.5
1.16,49.7512663,50,-0.495041649,0.500014331,0.5
1.1601,49.7512634,50,-0.495039657,0.50001307,0.5
1.1602,49.7512604,50,-0.495039657,0.50001307,0.5
1.1603,49.7512574,50,-0.495039657,0.50001307,0.5
1.1604,49.7512545,50,-0.495039657,0.50001307,0.5
1.1605,49.7512515,50,-0.495039657,0.50001307,0.5
1.1606,49.7512486,50,-0.495039657,0.50001307,0.5
1.1607,49.7512456,50,-0.495039657,0.50001307,0.5
1.1608,49.7512427,50,-0.495039657,0.50001307,0.5
1.1609,49.7512397,50,-0.495039657,0.50001307,0.5
1.161,49.7512367,50,-0.495039657,0.50001307,0.5
1.1611,49.7512342,50,-0.495037805,0.500011869,0.5
1.1612,49.7512316,50,-0.495037805,0.500011869,0.5
1.1613,49.751229,50,-0.495037805,0.500011869,0.5
1.1614,49.7512264,50,-0.495037805,0.500011869,0.5
1.1615,49.7512238,50,-0.495037805,0.500011869,0.5
1.1616,49.7512212,50,-0.495037805,0.500011869,0.5
1.1617,49.7512186,50,-0.495037805,0.500011869,0.5
1.1618,49.7512161,50,-0.495037805,0.500011869,0.5
1.1619,49.7512135,50,-0.495037805,0.500011869,0.5
1.162,49.7512109,50,-0.495037805,0.500011869,0.5
1.1621,49.7512087,50,-0.495036087,0.50001073,0.5
1.1622,49.7512064,50,-0.495036087,0.50001073,0.5
1.1623,49.7512042,50,-0.495036087,0.50001073,0.5
1.1624,49.7512019,50,-0.495036087,0.50001073,0.5
1.1625,49.7511997,50,-0.495036087,0.50001073,0.5
1.1626,49.7511974,50,-0.495036087,0.50001073,0.5
1.1627,49.7511952,50,-0.495036087,0.50001073,0.5
1.1628,49.751193,50,-0.495036087,0.50001073,0.5
1.1629,49.7511907,50,-0.495036087,0.50001073,0.5
1.163,49.7511885,50,-0.495036087,0.50001073,0.5
1.1631,49.7511866,50,-0.495034499,0.500009653,0.5
1.1632,49.7511846,50,-0.495034499,0.500009653,0.5
1.1633,49.7511827,50,-0.495034499,0.500009653,0.5
1.1634,49.7511808,50,-0.495034499,0.500009653,0.5
1.1635,49.7511789,50,-0.495034499,0.500009653,0.5
1.1636,49.7511769,50,-0.495034499,0.500009653,0.5
1.1637,49.751175,50,-0.495034499,0.500009653,0.5
1.1638,49.7511731,50,-0.495034499,0.500009653,0.5
1.1639,49.7511712,50,-0.495034499,0.500009653,0.5
1.164,49.7511692,50,-0.495034499,0.500009653,0.5
1.1641,49.7511676,50,-0.495033038,0.50000864,0.5
1.1642,49.751166,50,-0.495033038,0.50000864,0.5
1.1643,49.7511644,50,-0.495033038,0.50000864,0.5
1.1644,49.7511627,50,-0.495033038,0.50000864,0.5
1.1645,49.7511611,50,-0.495033038,0.50000864,0.5
1.1646,49.7511595,50,-0.495033038,0.50000864,0.5
1.1647,49.7511578,50,-0.495033038,0.50000864,0.5
1.1648,49.7511562,50,-0.495033038,0.50000864,0.5
1.1649,49.7511546,50,-0.495033038,0.50000864,0.5
1.165,49.7511529,50,-0.495033038,0.50000864,0.5
1.1651,49.7511516,50,-0.495031698,0.500007688,0.5
1.1652,49.7511502,50,-0.495031698,0.500007688,0.5
1.1653,49.7511488,50,-0.495031698,0.500007688,0.5
1.1654,49.7511475,50,-0.495031698,0.500007688,0.5
1.1655,49.7511461,50,-0.495031698,0.500007688,0.5
1.1656,49.7511448,50,-0.495031698,0.500007688,0.5
1.1657,49.7511434,50,-0.495031698,0.500007688,0.5
1.1658,49.751142,50,-0.495031698,0.500007688,0.5
1.1659,49.7511407,50,-0.495031698,0.500007688,0.5
1.166,49.7511393,50,-0.495031698,0.500007688,0.5
1.1661,49.7511382,50,-0.495030475,0.500006799,0.5
1.1662,49.7511371,50,-0.495030475,0.500006799,0.5
1.1663,49.751136,50,-0.495030475,0.500006799,0.5
1.1664,49.7511348,50,-0.495030475,0.500006799,0.5
1.1665,49.7511337,50,-0.495030475,0.500006799,0.5
1.1666,49.7511326,50,-0.495030475,0.500006799,0.5
1.1667,49.7511315,50,-0.495030475,0.500006799,0.5
1.1668,49.7511304,50,-0.495030475,0.500006799,0.5
1.1669,49.7511293,50,-0.495030475,0.500006799,0.5
1.167,49.7511281,50,-0.495030475,0.500006799,0.5
1.1671,49.7511272,50,-0.495029361,0.500005969,0.5
1.1672,49.7511263,50,-0.495029361,0.500005969,0.5
1.1673,49.7511255,50,-0.495029361,0.500005969,0.5
1.1674,49.7511246,50,-0.495029361,0.500005969,0.5
1.1675,49.7511237,50,-0.495029361,0.500005969,0.5
1.1676,49.7511228,50,-0.495029361,0.500005969,0.5
1.1677,49.7511219,50,-0.495029361,0.500005969,0.5
1.1678,49.751121,50,-0.495029361,0.500005969,0.5
1.1679,49.7511201,50,-0.495029361,0.500005969,0.5
1.168,49.7511192,50,-0.495029361,0.500005969,0.5
1.1681,49.7511185,50,-0.495028353,0.500005199,0.5
1.1682,49.7511178,50,-0.495028353,0.500005199,0.5
1.1683,49.7511171,50,-0.495028353,0.500005199,0.5
1.1684,49.7511164,50,-0.495028353,0.500005199,0.5
1.1685,49.7511157,50,-0.495028353,0.500005199,0.5
1.1686,49.751115,50,-0.495028353,0.500005199,0.5
1.1687,49.7511143,50,-0.495028353,0.500005199,0.5
1.1688,49.7511136,50,-0.495028353,0.500005199,0.5
1.1689,49.751113,50,-0.495028353,0.500005199,0.5
1.169,49.7511123,50,-0.495028353,0.500005199,0.5
1.1691,49.7511117,50,-0.495027444,0.500004486,0.5
1.1692,49.7511112,50,-0.495027444,0.500004486,0.5
1.1693,49.7511107,50,-0.495027444,0.500004486,0.5
1.1694,49.7511102,50,-0.495027444,0.500004486,0.5
1.1695,49.7511097,50,-0.495027444,0.500004486,0.5
1.1696,49.7511092,50,-0.495027444,0.500004486,0.5
1.1697,49.7511087,50,-0.495027444,0.500004486,0.5
1.1698,49.7511082,50,-0.495027444,0.500004486,0.5
1.1699,49.7511077,50,-0.495027444,0.500004486,0.5
1.17,49.7511071,50,-0.495027444,0.500004486,0.5
1.1701,49.7511068,50,-0.495026629,0.500003829,0.5
1.1702,49.7511065,50,-0.495026629,0.500003829,0.5
1.1703,49.7511061,50,-0.495026629,0.500003829,0.5
1.1704,49.7511058,50,-0.495026629,0.500003829,0.5
1.1705,49.7511054,50,-0.495026629,0.500003829,0.5
1.1706,49.7511051,50,-0.495026629,0.500003829,0.5
1.1707,49.7511047,50,-0.495026629,0.500003829,0.5
1.1708,49.7511044,50,-0.495026629,0.500003829,0.5
1.1709,49.751104,50,-0.495026629,0.500003829,0.5
1.171,49.7511037,50,-0.495026629,0.500003829,0.5
1.1711,49.7511035,50,-0.495025902,0.500003225,0.5
1.1712,49.7511033,50,-0.495025902,0.500003225,0.5
1.1713,49.7511031,50,-0.495025902,0.500003225,0.5
1.1714,49.7511029,50,-0.495025902,0.500003225,0.5
1.1715,49.7511027,50,-0.495025902,0.500003225,0.5
1.1716,49.7511025,50,-0.495025902,0.500003225,0.5
1.1717,49.7511023,50,-0.495025902,0.500003225,0.5
1.1718,49.751102,50,-0.495025902,0.500003225,0.5
1.1719,49.7511018,50,-0.495025902,0.500003225,0.5
1.172,49.7511016,50,-0.495025902,0.500003225,0.5
1.1721,49.7511016,50,-0.495025257,0.500002672,0.5
1.1722,49.7511015,50,-0.495025257,0.500002672,0.5
1.1723,49.7511014,50,-0.495025257,0.500002672,0.5
1.1724,49.7511014,50,-0.495025257,0.500002672,0.5
1.1725,49.7511013,50,-0.495025257,0.500002672,0.5
1.1726,49.7511012,50,-0.495025257,0.500002672,0.5
1.1727,49.7511011,50,-0.495025257,0.500002672,0.5
1.1728,49.7511011,50,-0.495025257,0.500002672,0.5
1.1729,49.751101,50,-0.495025257,0.500002672,0.5
1.173,49.7511009,50,-0.495025257,0.500002672,0.5
1.1731,49.7511009,50,-0.49502469,0.500002168,0.5
1.1732,49.751101,50,-0.49502469,0.500002168,0.5
1.1733,49.751101,50,-0.49502469,0.500002168,0.5
1.1734,49.7511011,50,-0.49502469,0.500002168,0.5
1.1735,49.7511011,50,-0.49502469,0.500002168,0.5
1.1736,49.7511011,50,-0.49502469,0.500002168,0.5
1.1737,49.7511012,50,-0.49502469,0.500002168,0.5
1.1738,49.7511012,50,-0.49502469,0.500002168,0.5
1.1739,49.7511013,50,-0.49502469,0.500002168,0.5
1.174,49.7511013,50,-0.49502469,0.500002168,0.5
1.1741,49.7511014,50,-0.495024194,0.50000171,0.5
1.1742,49.7511016,50,-0.495024194,0.50000171,0.5
1.1743,49.7511017,50,-0.495024194,0.50000171,0.5
1.1744,49.7511019,50,-0.495024194,0.50000171,0.5
1.1745,49.751102,50,-0.495024194,0.50000171,0.5
1.1746,49.7511021,50,-0.495024194,0.50000171,0.5
1.1747,49.7511023,50,-0.495024194,0.50000171,0.5
1.1748,49.7511024,50,-0.495024194,0.50000171,0.5
1.1749,49.7511026,50,-0.495024194,0.50000171,0.5
1.175,49.7511027,50,-0.495024194,0.50000171,0.5
1.1751,49.7511029,50,-0.495023764,0.500001297,0.5
1.1752,49.7511032,50,-0.495023764,0.500001297,0.5
1.1753,49.7511034,50,-0.495023764,0.500001297,0.5
1.1754,49.7511036,50,-0.495023764,0.500001297,0.5
1.1755,49.7511038,50,-0.495023764,0.500001297,0.5
1.1756,49.7511041,50,-0.495023764,0.500001297,0.5
1.1757,49.7511043,50,-0.495023764,0.500001297,0.5
1.1758,49.7511045,50,-0.495023764,0.500001297,0.5
1.1759,49.7511047,50,-0.495023764,0.500001297,0.5
1.176,49.751105,50,-0.495023764,0.500001297,0.5
1.1761,49.7511053,50,-0.495023396,0.500000925,0.5
1.1762,49.7511055,50,-0.495023396,0.500000925,0.5
1.1763,49.7511058,50,-0.495023396,0.500000925,0.5
1.1764,49.7511061,50,-0.495023396,0.500000925,0.5
1.1765,49.7511064,50,-0.495023396,0.500000925,0.5
1.1766,49.7511067,50,-0.495023396,0.500000925,0.5
1.1767,49.751107,50,-0.495023396,0.500000925,0.5
1.1768,49.7511073,50,-0.495023396,0.500000925,0.5
1.1769,49.7511076,50,-0.495023396,0.500000925,0.5
1.177,49.7511079,50,-0.495023396,0.500000925,0.5
1.1771,49.7511083,50,-0.495023084,0.500000593,0.5
1.1772,49.7511087,50,-0.495023084,0.500000593,0.5
1.1773,49.751109,50,-0.495023084,0.500000593,0.5
1.1774,49.7511094,50,-0.495023084,0.500000593,0.5
1.1775,49.7511097,50,-0.495023084,0.500000593,0.5
1.1776,49.7511101,50,-0.495023084,0.500000593,0.5
1.1777,49.7511105,50,-0.495023084,0.500000593,0.5
1.1778,49.7511108,50,-0.495023084,0.500000593,0.5
1.1779,49.7511112,50,-0.495023084,0.500000593,0.5
1.178,49.7511115,50,-0.495023084,0.500000593,0.5
1.1781,49.751112,50,-0.495022824,0.500000298,0.5
1.1782,49.7511124,50,-0.495022824,0.500000298,0.5
1.1783,49.7511128,50,-0.495022824,0.500000298,0.5
1.1784,49.7511132,50,-0.495022824,0.500000298,0.5
1.1785,49.7511136,50,-0.495022824,0.500000298,0.5
1.1786,49.751114,50,-0.495022824,0.500000298,0.5
1.1787,49.7511144,50,-0.495022824,0.500000298,0.5
1.1788,49.7511149,50,-0.495022824,0.500000298,0.5
1.1789,49.7511153,50,-0.495022824,0.500000298,0.5
1.179,49.7511157,50,-0.495022824,0.500000298,0.5
1.1791,49.7511161,50,-0.495022611,0.500000036,0.5
1.1792,49.7511166,50,-0.495022611,0.500000036,0.5
1.1793,49.751117,50,-0.495022611,0.500000036,0.5
1.1794,49.7511175,50,-0.495022611,0.500000036,0.5
1.1795,49.751118,50,-0.495022611,0.500000036,0.5
1.1796,49.7511184,50,-0.495022611,0.500000036,0.5
1.1797,49.7511189,50,-0.495022611,0.500000036,0.5
1.1798,49.7511193,50,-0.495022611,0.500000036,0.5
1.1799,49.7511198,50,-0.495022611,0.500000036,0.5
1.18,49.7511202,50,-0.495022611,0.500000036,0.5
1.1801,49.7511207,50,-0.495022441,0.499999807,0.5
1.1802,49.7511212,50,-0.495022441,0.499999807,0.5
1.1803,49.7511217,50,-0.495022441,0.499999807,0.5
1.1804,49.7511222,50,-0.495022441,0.499999807,0.5
1.1805,49.7511227,50,-0.495022441,0.499999807,0.5
1.1806,49.7511232,50,-0.495022441,0.499999807,0.5
1.1807,49.7511237,50,-0.495022441,0.499999807,0.5
1.1808,49.7511241,50,-0.495022441,0.499999807,0.5
1.1809,49.7511246,50,-0.495022441,0.499999807,0.5
1.181,49.7511251,50,-0.495022441,0.499999807,0.5
1.1811,49.7511256,50,-0.49502231,0.499999608,0.5
1.1812,49.7511262,50,-0.49502231,0.499999608,0.5
1.1813,49.7511267,50,-0.49502231,0.499999608,0.5
1.1814,49.7511272,50,-0.49502231,0.499999608,0.5
1.1815,49.7511277,50,-0.49502231,0.499999608,0.5
1.1816,49.7511282,50,-0.49502231,0.499999608,0.5
1.1817,49.7511287,50,-0.49502231,0.499999608,0.5
1.1818,49.7511292,50,-0.49502231,0.499999608,0.5
1.1819,49.7511298,50,-0.49502231,0.499999608,0.5
1.182,49.7511303,50,-0.49502231,0.499999608,0.5
1.1821,49.7511308,50,-0.495022214,0.499999436,0.5
1.1822,49.7511313,50,-0.495022214,0.499999436,0.5
1.1823,49.7511319,50,-0.495022214,0.499999436,0.5
1.1824,49.7511324,50,-0.495022214,0.499999436,0.5
1.1825,49.751133,50,-0.495022214,0.499999436,0.5
1.1826,49.7511335,50,-0.495022214,0.499999436,0.5
1.1827,49.751134,50,-0.495022214,0.499999436,0.5
1.1828,49.7511346,50,-0.495022214,0.499999436,0.5
1.1829,49.7511351,50,-0.495022214,0.499999436,0.5
1.183,49.7511356,50,-0.495022214,0.499999436,0.5
1.1831,49.7511362,50,-0.495022149,0.49999929,0.5
1.1832,49.7511367,50,-0.495022149,0.49999929,0.5
1.1833,49.7511373,50,-0.495022149,0.49999929,0.5
1.1834,49.7511378,50,-0.495022149,0.49999929,0.5
1.1835,49.7511384,50,-0.495022149,0.49999929,0.5
1.1836,49.7511389,50,-0.495022149,0.49999929,0.5
1.1837,49.7511395,50,-0.495022149,0.49999929,0.5
1.1838,49.75114,50,-0.495022149,0.49999929,0.5
1.1839,49.7511406,50,-0.495022149,0.49999929,0.5
1.184,49.7511411,50,-0.495022149,0.49999929,0.5
1.1841,49.7511417,50,-0.495022112,0.499999167,0.5
1.1842,49.7511422,50,-0.495022112,0.499999167,0.5
1.1843,49.7511428,50,-0.495022112,0.499999167,0.5
1.1844,49.7511433,50,-0.495022112,0.499999167,0.5
1.1845,49.7511439,50,-0.495022112,0.499999167,0.5
1.1846,49.7511444,50,-0.495022112,0.499999167,0.5
1.1847,49.751145,50,-0.495022112,0.499999167,0.5
1.1848,49.7511455,50,-0.495022112,0.499999167,0.5
1.1849,49.7511461,50,-0.495022112,0.499999167,0.5
1.185,49.7511466,50,-0.495022112,0.499999167,0.5
1.1851,49.7511472,50,-0.4950221,0.499999065,0.5
1.1852,49.7511478,50,-0.4950221,0.499999065,0.5
1.1853,49.7511483,50,-0.4950221,0.499999065,0.5
1.1854,49.7511489,50,-0.4950221,0.499999065,0.5
1.1855,49.7511494,50,-0.4950221,0.499999065,0.5
1.1856,49.75115,50,-0.4950221,0.499999065,0.5
1.1857,49.7511505,50,-0.4950221,0.499999065,0.5
1.1858,49.7511511,50,-0.4950221,0.499999065,0.5
1.1859,49.7511517,50,-0.4950221,0.499999065,0.5
1.186,49.7511522,50,-0.4950221,0.499999065,0.5
1.1861,49.7511528,50,-0.495022109,0.499998983,0.5
1.1862,49.7511533,50,-0.495022109,0.499998983,0.5
1.1863,49.7511539,50,-0.495022109,0.499998983,0.5
1.1864,49.7511544,50,-0.495022109,0.499998983,0.5
1.1865,49.751155,50,-0.495022109,0.499998983,0.5
1.1866,49.7511555,50,-0.495022109,0.499998983,0.5
1.1867,49.7511561,50,-0.495022109,0.499998983,0.5
1.1868,49.7511567,50,-0.495022109,0.499998983,0.5
1.1869,49.7511572,50,-0.495022109,0.499998983,0.5
1.187,49.7511578,50,-0.495022109,0.499998983,0.5
1.1871,49.7511583,50,-0.495022138,0.499998918,0.5
1.1872,49.7511589,50,-0.495022138,0.499998918,0.5
1.1873,49.7511594,50,-0.495022138,0.499998918,0.5
1.1874,49.75116,50,-0.495022138,0.499998918,0.5
1.1875,49.7511605,50,-0.495022138,0.499998918,0.5
1.1876,49.7511611,50,-0.495022138,0.499998918,0.5
1.1877,49.7511616,50,-0.495022138,0.499998918,0.5
1.1878,49.7511622,50,-0.495022138,0.499998918,0.5
1.1879,49.7511627,50,-0.495022138,0.499998918,0.5
1.188,49.7511633,50,-0.495022138,0.499998918,0.5
1.1881,49.7511638,50,-0.495022183,0.499998869,0.5
1.1882,49.7511643,50,-0.495022183,0.499998869,0.5
1.1883,49.7511649,50,-0.495022183,0.499998869,0.5
1.1884,49.7511654,50,-0.495022183,0.499998869,0.5
1.1885,49.751166,50,-0.495022183,0.499998869,0.5
1.1886,49.7511665,50,-0.495022183,0.499998869,0.5
1.1887,49.751167,50,-0.495022183,0.499998869,0.5
1.1888,49.7511676,50,-0.495022183,0.499998869,0.5
1.1889,49.7511681,50,-0.495022183,0.499998869,0.5
1.189,49.7511687,50,-0.495022183,0.499998869,0.5
1.1891,49.7511692,50,-0.495022242,0.499998835,0.5
1.1892,49.7511697,50,-0.495022242,0.499998835,0.5
1.1893,49.7511702,50,-0.495022242,0.499998835,0.5
1.1894,49.7511708,50,-0.495022242,0.499998835,0.5
1.1895,49.7511713,50,-0.495022242,0.499998835,0.5
1.1896,49.7511718,50,-0.495022242,0.499998835,0.5
1.1897,49.7511724,50,-0.495022242,0.499998835,0.5
1.1898,49.7511729,50,-0.495022242,0.499998835,0.5
1.1899,49.7511734,50,-0.495022242,0.499998835,0.5
1.19,49.7511739,50,-0.495022242,0.499998835,0.5
1.1901,49.7511745,50,-0.495022314,0.499998813,0.5
1.1902,49.751175,50,-0.495022314,0.499998813,0.5
1.1903,49.7511755,50,-0.495022314,0.499998813,0.5
1.1904,49.751176,50,-0.495022314,0.499998813,0.5
1.1905,49.7511765,50,-0.495022314,0.499998813,0.5
1.1906,49.751177,50,-0.495022314,0.499998813,0.5
1.1907,49.7511775,50,-0.495022314,0.499998813,0.5
1.1908,49.7511781,50,-0.495022314,0.499998813,0.5
1.1909,49.7511786,50,-0.495022314,0.499998813,0.5
1.191,49.7511791,50,-0.495022314,0.499998813,0.5
1.1911,49.7511796,50,-0.495022395,0.499998803,0.5
1.1912,49.7511801,50,-0.495022395,0.499998803,0.5
1.1913,49.7511806,50,-0.495022395,0.499998803,0.5
1.1914,49.7511811,50,-0.495022395,0.499998803,0.5
1.1915,49.7511816,50,-0.495022395,0.499998803,0.5
1.1916,49.7511821,50,-0.495022395,0.499998803,0.5
1.1917,49.7511826,50,-0.495022395,0.499998803,0.5
1.1918,49.7511831,50,-0.495022395,0.499998803,0.5
1.1919,49.7511836,50,-0.495022395,0.499998803,0.5
1.192,49.7511841,50,-0.495022395,0.499998803,0.5
1.1921,49.7511845,50,-0.495022484,0.499998802,0.5
1.1922,49.751185,50,-0.495022484,0.499998802,0.5
1.1923,49.7511855,50,-0.495022484,0.499998802,0.5
1.1924,49.751186,50,-0.495022484,0.499998802,0.5
1.1925,49.7511865,50,-0.495022484,0.499998802,0.5
1.1926,49.7511869,50,-0.495022484,0.499998802,0.5
1.1927,49.7511874,50,-0.495022484,0.499998802,0.5
1.1928,49.7511879,50,-0.495022484,0.499998802,0.5
1.1929,49.7511884,50,-0.495022484,0.499998802,0.5
1.193,49.7511889,50,-0.495022484,0.499998802,0.5
1.1931,49.7511893,50,-0.495022579,0.499998811,0.5
1.1932,49.7511898,50,-0.495022579,0.499998811,0.5
1.1933,49.7511902,50,-0.495022579,0.499998811,0.5
1.1934,49.7511907,50,-0.495022579,0.499998811,0.5
1.1935,49.7511912,50,-0.495022579,0.499998811,0.5
1.1936,49.7511916,50,-0.495022579,0.499998811,0.5
1.1937,49.7511921,50,-0.495022579,0.499998811,0.5
1.1938,49.7511925,50,-0.495022579,0.499998811,0.5
1.1939,49.751193,50,-0.495022579,0.499998811,0.5
1.194,49.7511935,50,-0.495022579,0.499998811,0.5
1.1941,49.7511939,50,-0.49502268,0.499998827,0.5
1.1942,49.7511943,50,-0.49502268,0.499998827,0.5
1.1943,49.7511948,50,-0.49502268,0.499998827,0.5
1.1944,49.7511952,50,-0.49502268,0.499998827,0.5
1.1945,49.7511957,50,-0.49502268,0.499998827,0.5
1.1946,49.7511961,50,-0.49502268,0.499998827,0.5
1.1947,49.7511965,50,-0.49502268,0.499998827,0.5
1.1948,49.751197,50,-0.49502268,0.499998827,0.5
1.1949,49.7511974,50,-0.49502268,0.499998827,0.5
1.195,49.7511979,50,-0.49502268,0.499998827,0.5
1.1951,49.7511983,50,-0.495022784,0.49999885,0.5
1.1952,49.7511987,50,-0.495022784,0.49999885,0.5
1.1953,49.7511991,50,-0.495022784,0.49999885,0.5
1.1954,49.7511995,50,-0.495022784,0.49999885,0.5
1.1955,49.7512,50,-0.495022784,0.49999885,0.5
1.1956,49.7512004,50,-0.495022784,0.49999885,0.5
1.1957,49.7512008,50,-0.495022784,0.49999885,0.5
1.1958,49.7512012,50,-0.495022784,0.49999885,0.5
1.1959,49.7512016,50,-0.495022784,0.49999885,0.5
1.196,49.751202,50,-0.495022784,0.49999885,0.5
1.1961,49.7512024,50,-0.495022891,0.499998878,0.5
1.1962,49.7512028,50,-0.495022891,0.499998878,0.5
1.1963,49.7512032,50,-0.495022891,0.499998878,0.5
1.1964,49.7512036,50,-0.495022891,0.499998878,0.5
1.1965,49.751204,50,-0.495022891,0.499998878,0.5
1.1966,49.7512044,50,-0.495022891,0.499998878,0.5
1.1967,49.7512048,50,-0.495022891,0.499998878,0.5
1.1968,49.7512052,50,-0.495022891,0.499998878,0.5
1.1969,49.7512056,50,-0.495022891,0.499998878,0.5
1.197,49.751206,50,-0.495022891,0.499998878,0.5
1.1971,49.7512064,50,-0.495022998,0.499998911,0.5
1.1972,49.7512068,50,-0.495022998,0.499998911,0.5
1.1973,49.7512072,50,-0.495022998,0.499998911,0.5
1.1974,49.7512075,50,-0.495022998,0.499998911,0.5
1.1975,49.7512079,50,-0.495022998,0.499998911,0.5
1.1976,49.7512083,50,-0.495022998,0.499998911,0.5
1.1977,49.7512087,50,-0.495022998,0.499998911,0.5
1.1978,49.751209,50,-0.495022998,0.499998911,0.5
1.1979,49.7512094,50,-0.495022998,0.499998911,0.5
1.198,49.7512098,50,-0.495022998,0.499998911,0.5
1.1981,49.7512101,50,-0.495023107,0.499998948,0.5
1.1982,49.7512105,50,-0.495023107,0.499998948,0.5
1.1983,49.7512108,50,-0.495023107,0.499998948,0.5
1.1984,49.7512112,50,-0.495023107,0.499998948,0.5
1.1985,49.7512116,50,-0.495023107,0.499998948,0.5
1.1986,49.7512119,50,-0.495023107,0.499998948,0.5
1.1987,49.7512123,50,-0.495023107,0.499998948,0.5
1.1988,49.7512126,50,-0.495023107,0.499998948,0.5
1.1989,49.751213,50,-0.495023107,0.499998948,0.5
1.199,49.7512133,50,-0.495023107,0.499998948,0.5
1.1991,49.7512137,50,-0.495023214,0.499998988,0.5
1.1992,49.751214,50,-0.495023214,0.499998988,0.5
1.1993,49.7512143,50,-0.495023214,0.499998988,0.5
1.1994,49.7512147,50,-0.495023214,0.499998988,0.5
1.1995,49.751215,50,-0.495023214,0.499998988,0.5
1.1996,49.7512153,50,-0.495023214,0.499998988,0.5
1.1997,49.7512157,50,-0.495023214,0.499998988,0.5
1.1998,49.751216,50,-0.495023214,0.499998988,0.5
1.1999,49.7512163,50,-0.495023214,0.499998988,0.5
1.2,49.7512167,50,-0.495023214,0.499998988,0.5
1.2001,49.751217,50,-0.495023321,0.49999903,0.5
1.2002,49.7512173,50,-0.495023321,0.49999903,0.5
1.2003,49.7512176,50,-0.495023321,0.49999903,0.5
1.2004,49.7512179,50,-0.495023321,0.49999903,0.5
1.2005,49.7512182,50,-0.495023321,0.49999903,0.5
1.2006,49.7512185,50,-0.495023321,0.49999903,0.5
1.2007,49.7512188,50,-0.495023321,0.49999903,0.5
1.2008,49.7512192,50,-0.495023321,0.49999903,0.5
1.2009,49.7512195,50,-0.495023321,0.49999903,0.5
1.201,49.7512198,50,-0.495023321,0.49999903,0.5
1.2011,49.7512201,50,-0.495023426,0.499999075,0.5
1.2012,49.7512204,50,-0.495023426,0.499999075,0.5
1.2013,49.7512206,50,-0.495023426,0.499999075,0.5
1.2014,49.7512209,50,-0.495023426,0.499999075,0.5
1.2015,49.7512212,50,-0.495023426,0.499999075,0.5
1.2016,49.7512215,50,-0.495023426,0.499999075,0.5
1.2017,49.7512218,50,-0.495023426,0.499999075,0.5
1.2018,49.7512221,50,-0.495023426,0.499999075,0.5
1.2019,49.7512224,50,-0.495023426,0.499999075,0.5
1.202,49.7512227,50,-0.495023426,0.499999075,0.5
1.2021,49.7512229,50,-0.495023528,0.49999912,0.5
1.2022,49.7512232,50,-0.495023528,0.49999912,0.5
1.2023,49.7512235,50,-0.495023528,0.49999912,0.5
1.2024,49.7512238,50,-0.495023528,0.49999912,0.5
1.2025,49.751224,50,-0.495023528,0.49999912,0.5
1.2026,49.7512243,50,-0.495023528,0.49999912,0.5
1.2027,49.7512246,50,-0.495023528,0.49999912,0.5
1.2028,49.7512248,50,-0.495023528,0.49999912,0.5
1.2029,49.7512251,50,-0.495023528,0.49999912,0.5
1.203,49.7512254,50,-0.495023528,0.49999912,0.5
1.2031,49.7512256,50,-0.495023628,0.499999166,0.5
1.2032,49.7512259,50,-0.495023628,0.499999166,0.5
1.2033,49.7512261,50,-0.495023628,0.499999166,0.5
1.2034,49.7512264,50,-0.495023628,0.499999166,0.5
1.2035,49.7512266,50,-0.495023628,0.499999166,0.5
1.2036,49.7512269,50,-0.495023628,0.499999166,0.5
1.2037,49.7512271,50,-0.495023628,0.499999166,0.5
1.2038,49.7512274,50,-0.495023628,0.499999166,0.5
1.2039,49.7512276,50,-0.495023628,0.499999166,0.5
1.204,49.7512279,50,-0.495023628,0.499999166,0.5
1.2041,49.7512281,50,-0.495023724,0.499999213,0.5
1.2042,49.7512283,50,-0.495023724,0.499999213,0.5
1.2043,49.7512286,50,-0.495023724,0.499999213,0.5
1.2044,49.7512288,50,-0.495023724,0.499999213,0.5
1.2045,49.751229,50,-0.495023724,0.499999213,0.5
1.2046,49.7512293,50,-0.495023724,0.499999213,0.5
1.2047,49.7512295,50,-0.495023724,0.499999213,0.5
1.2048,49.7512297,50,-0.495023724,0.499999213,0.5
1.2049,49.75123,50,-0.495023724,0.499999213,0.5
1.205,49.7512302,50,-0.495023724,0.499999213,0.5
1.2051,49.7512304,50,-0.495023817,0.49999926,0.5
1.2052,49.7512306,50,-0.495023817,0.49999926,0.5
1.2053,49.7512308,50,-0.495023817,0.49999926,0.5
1.2054,49.751231,50,-0.495023817,0.49999926,0.5
1.2055,49.7512312,50,-0.495023817,0.49999926,0.5
1.2056,49.7512315,50,-0.495023817,0.49999926,0.5
1.2057,49.7512317,50,-0.495023817,0.49999926,0.5
1.2058,49.7512319,50,-0.495023817,0.49999926,0.5
1.2059,49.7512321,50,-0.495023817,0.49999926,0.5
1.206,49.7512323,50,-0.495023817,0.49999926,0.5
1.2061,49.7512325,50,-0.495023906,0.499999306,0.5
1.2062,49.7512327,50,-0.495023906,0.499999306,0.5
1.2063,49.7512329,50,-0.495023906,0.499999306,0.5
1.2064,49.7512331,50,-0.495023906,0.499999306,0.5
1.2065,49.7512333,50,-0.495023906,0.499999306,0.5
1.2066,49.7512335,50,-0.495023906,0.499999306,0.5
1.2067,49.7512337,50,-0.495023906,0.499999306,0.5
1.2068,49.7512339,50,-0.495023906,0.499999306,0.5
1.2069,49.7512341,50,-0.495023906,0.499999306,0.5
1.207,49.7512342,50,-0.495023906,0.499999306,0.5
1.2071,49.7512344,50,-0.495023991,0.499999352,0.5
1.2072,49.7512346,50,-0.495023991,0.499999352,0.5
1.2073,49.7512348,50,-0.495023991,0.499999352,0.5
1.2074,49.751235,50,-0.495023991,0.499999352,0.5
1.2075,49.7512351,50,-0.495023991,0.499999352,0.5
1.2076,49.7512353,50,-0.495023991,0.499999352,0.5
1.2077,49.7512355,50,-0.495023991,0.499999352,0.5
1.2078,49.7512357,50,-0.495023991,0.499999352,0.5
1.2079,49.7512358,50,-0.495023991,0.499999352,0.5
1.208,49.751236,50,-0.495023991,0.499999352,0.5
1.2081,49.7512362,50,-0.495024072,0.499999396,0.5
1.2082,49.7512363,50,-0.495024072,0.499999396,0.5
1.2083,49.7512365,50,-0.495024072,0.499999396,0.5
1.2084,49.7512367,50,-0.495024072,0.499999396,0.5
1.2085,49.7512368,50,-0.495024072,0.499999396,0.5
1.2086,49.751237,50,-0.495024072,0.499999396,0.5
1.2087,49.7512371,50,-0.495024072,0.499999396,0.5
1.2088,49.7512373,50,-0.495024072,0.499999396,0.5
1.2089,49.7512375,50,-0.495024072,0.499999396,0.5
1.209,49.7512376,50,-0.495024072,0.499999396,0.5
1.2091,49.7512378,50,-0.495024149,0.49999944,0.5
1.2092,49.7512379,50,-0.495024149,0.49999944,0.5
1.2093,49.7512381,50,-0.495024149,0.49999944,0.5
1.2094,49.7512382,50,-0.495024149,0.49999944,0.5
1.2095,49.7512384,50,-0.495024149,0.49999944,0.5
1.2096,49.7512385,50,-0.495024149,0.49999944,0.5
1.2097,49.7512386,50,-0.495024149,0.49999944,0.5
1.2098,49.7512388,50,-0.495024149,0.49999944,0.5
1.2099,49.7512389,50,-0.495024149,0.49999944,0.5
1.21,49.7512391,50,-0.495024149,0.49999944,0.5
1.2101,49.7512392,50,-0.495024222,0.499999482,0.5
1.2102,49.7512393,50,-0.495024222,0.499999482,0.5
1.2103,49.7512395,50,-0.495024222,0.499999482,0.5
1.2104,49.7512396,50,-0.495024222,0.499999482,0.5
1.2105,49.7512397,50,-0.495024222,0.499999482,0.5
1.2106,49.7512399,50,-0.495024222,0.499999482,0.5
1.2107,49.75124,50,-0.495024222,0.499999482,0.5
1.2108,49.7512401,50,-0.495024222,0.499999482,0.5
1.2109,49.7512403,50,-0.495024222,0.499999482,0.5
1.211,49.7512404,50,-0.495024222,0.499999482,0.5
1.2111,49.7512405,50,-0.49502429,0.499999523,0.5
1.2112,49.7512406,50,-0.49502429,0.499999523,0.5
1.2113,49.7512407,50,-0.49502429,0.499999523,0.5
1.2114,49.7512409,50,-0.49502429,0.499999523,0.5
1.2115,49.751241,50,-0.49502429,0.499999523,0.5
1.2116,49.7512411,50,-0.49502429,0.499999523,0.5
1.2117,49.7512412,50,-0.49502429,0.499999523,0.5
1.2118,49.7512413,50,-0.49502429,0.499999523,0.5
1.2119,49.7512414,50,-0.49502429,0.499999523,0.5
1.212,49.7512416,50,-0.49502429,0.499999523,0.5
1.2121,49.7512417,50,-0.495024354,0.499999563,0.5
1.2122,49.7512418,50,-0.495024354,0.499999563,0.5
1.2123,49.7512419,50,-0.495024354,0.499999563,0.5
1.2124,49.751242,50,-0.495024354,0.499999563,0.5
1.2125,49.7512421,50,-0.495024354,0.499999563,0.5
1.2126,49.7512422,50,-0.495024354,0.499999563,0.5
1.2127,49.7512423,50,-0.495024354,0.499999563,0.5
1.2128,49.7512424,50,-0.495024354,0.499999563,0.5
1.2129,49.7512425,50,-0.495024354,0.499999563,0.5
1.213,49.7512426,50,-0.495024354,0.499999563,0.5
1.2131,49.7512427,50,-0.495024415,0.4999996,0.5
1.2132,49.7512428,50,-0.495024415,0.4999996,0.5
1.2133,49.7512429,50,-0.495024415,0.4999996,0.5
1.2134,49.751243,50,-0.495024415,0.4999996,0.5
1.2135,49.7512431,50,-0.495024415,0.4999996,0.5
1.2136,49.7512432,50,-0.495024415,0.4999996,0.5
1.2137,49.7512432,50,-0.495024415,0.4999996,0.5
1.2138,49.7512433,50,-0.495024415,0.4999996,0.5
1.2139,49.7512434,50,-0.495024415,0.4999996,0.5
1.214,49.7512435,50,-0.495024415,0.4999996,0.5
1.2141,49.7512436,50,-0.495024471,0.499999636,0.5
1.2142,49.7512437,50,-0.495024471,0.499999636,0.5
1.2143,49.7512438,50,-0.495024471,0.499999636,0.5
1.2144,49.7512438,50,-0.495024471,0.499999636,0.5
1.2145,49.7512439,50,-0.495024471,0.499999636,0.5
1.2146,49.751244,50,-0.495024471,0.499999636,0.5
1.2147,49.7512441,50,-0.495024471,0.499999636,0.5
1.2148,49.7512442,50,-0.495024471,0.499999636,0.5
1.2149,49.7512443,50,-0.495024471,0.499999636,0.5
1.215,49.7512443,50,-0.495024471,0.499999636,0.5
1.2151,49.7512444,50,-0.495024523,0.49999967,0.5
1.2152,49.7512445,50,-0.495024523,0.49999967,0.5
1.2153,49.7512445,50,-0.495024523,0.49999967,0.5
1.2154,49.7512446,50,-0.495024523,0.49999967,0.5
1.2155,49.7512447,50,-0.495024523,0.49999967,0.5
1.2156,49.7512448,50,-0.495024523,0.49999967,0.5
1.2157,49.7512448,50,-0.495024523,0.49999967,0.5
1.2158,49.7512449,50,-0.495024523,0.49999967,0.5
1.2159,49.751245,50,-0.495024523,0.49999967,0.5
1.216,49.751245,50,-0.495024523,0.49999967,0.5
1.2161,49.7512451,50,-0.495024571,0.499999702,0.5
1.2162,49.7512452,50,-0.495024571,0.499999702,0.5
1.2163,49.7512452,50,-0.495024571,0.499999702,0.5
1.2164,49.7512453,50,-0.495024571,0.499999702,0.5
1.2165,49.7512453,50,-0.495024571,0.499999702,0.5
1.2166,49.7512454,50,-0.495024571,0.499999702,0.5
1.2167,49.7512455,50,-0.495024571,0.499999702,0.5
1.2168,49.7512455,50,-0.495024571,0.499999702,0.5
1.2169,49.7512456,50,-0.495024571,0.499999702,0.5
1.217,49.7512456,50,-0.495024571,0.499999702,0.5
1.2171,49.7512457,50,-0.495024615,0.499999733,0.5
1.2172,49.7512458,50,-0.495024615,0.499999733,0.5
1.2173,49.7512458,50,-0.495024615,0.499999733,0.5
1.2174,49.7512459,50,-0.495024615,0.499999733,0.5
1.2175,49.7512459,50,-0.495024615,0.499999733,0.5
1.2176,49.751246,50,-0.495024615,0.499999733,0.5
1.2177,49.751246,50,-0.495024615,0.499999733,0.5
1.2178,49.7512461,50,-0.495024615,0.499999733,0.5
1.2179,49.7512461,50,-0.495024615,0.499999733,0.5
1.218,49.7512462,50,-0.495024615,0.499999733,0.5
1.2181,49.7512462,50,-0.495024656,0.499999762,0.5
1.2182,49.7512463,50,-0.495024656,0.499999762,0.5
1.2183,49.7512463,50,-0.495024656,0.499999762,0.5
1.2184,49.7512463,50,-0.495024656,0.499999762,0.5
1.2185,49.7512464,50,-0.495024656,0.499999762,0.5
1.2186,49.7512464,50,-0.495024656,0.499999762,0.5
1.2187,49.7512465,50,-0.495024656,0.499999762,0.5
1.2188,49.7512465,50,-0.495024656,0.499999762,0.5
1.2189,49.7512466,50,-0.495024656,0.499999762,0.5
1.219,49.7512466,50,-0.495024656,0.499999762,0.5
1.2191,49.7512466,50,-0.495024694,0.499999788,0.5
1.2192,49.7512467,50,-0.495024694,0.499999788,0.5
1.2193,49.7512467,50,-0.495024694,0.499999788,0.5
1.2194,49.7512468,50,-0.495024694,0.499999788,0.5
1.2195,49.7512468,50,-0.495024694,0.499999788,0.5
1.2196,49.7512468,50,-0.495024694,0.499999788,0.5
1.2197,49.7512469,50,-0.495024694,0.499999788,0.5
1.2198,49.7512469,50,-0.495024694,0.499999788,0.5
1.2199,49.7512469,50,-0.495024694,0.499999788,0.5
1.22,49.751247,50,-0.495024694,0.499999788,0.5
1.2201,49.751247,50,-0.495024728,0.499999813,0.5
1.2202,49.751247,50,-0.495024728,0.499999813,0.5
1.2203,49.7512471,50,-0.495024728,0.499999813,0.5
1.2204,49.7512471,50,-0.495024728,0.499999813,0.5
1.2205,49.7512471,50,-0.495024728,0.499999813,0.5
1.2206,49.7512471,50,-0.495024728,0.499999813,0.5
1.2207,49.7512472,50,-0.495024728,0.499999813,0.5
1.2208,49.7512472,50,-0.495024728,0.499999813,0.5
1.2209,49.7512472,50,-0.495024728,0.499999813,0.5
1.221,49.7512473,50,-0.495024728,0.499999813,0.5
1.2211,49.7512473,50,-0.495024759,0.499999837,0.5
1.2212,49.7512473,50,-0.495024759,0.499999837,0.5
1.2213,49.7512473,50,-0.495024759,0.499999837,0.5
1.2214,49.7512474,50,-0.495024759,0.499999837,0.5
1.2215,49.7512474,50,-0.495024759,0.499999837,0.5
1.2216,49.7512474,50,-0.495024759,0.499999837,0.5
1.2217,49.7512474,50,-0.495024759,0.499999837,0.5
1.2218,49.7512475,50,-0.495024759,0.499999837,0.5
1.2219,49.7512475,50,-0.495024759,0.499999837,0.5
1.222,49.7512475,50,-0.495024759,0.499999837,0.5
1.2221,49.7512475,50,-0.495024787,0.499999858,0.5
1.2222,49.7512475,50,-0.495024787,0.499999858,0.5
1.2223,49.7512476,50,-0.495024787,0.499999858,0.5
1.2224,49.7512476,50,-0.495024787,0.499999858,0.5
1.2225,49.7512476,50,-0.495024787,0.499999858,0.5
1.2226,49.7512476,50,-0.495024787,0.499999858,0.5
1.2227,49.7512476,50,-0.495024787,0.499999858,0.5
1.2228,49.7512476,50,-0.495024787,0.499999858,0.5
1.2229,49.7512477,50,-0.495024787,0.499999858,0.5
1.223,49.7512477,50,-0.495024787,0.499999858,0.5
1.2231,49.7512477,50,-0.495024812,0.499999878,0.5
1.2232,49.7512477,50,-0.495024812,0.499999878,0.5
1.2233,49.7512477,50,-0.495024812,0.499999878,0.5
1.2234,49.7512477,50,-0.495024812,0.499999878,0.5
1.2235,49.7512477,50,-0.495024812,0.499999878,0.5
1.2236,49.7512478,50,-0.495024812,0.499999878,0.5
1.2237,49.7512478,50,-0.495024812,0.499999878,0.5
1.2238,49.7512478,50,-0.495024812,0.499999878,0.5
1.2239,49.7512478,50,-0.495024812,0.499999878,0.5
1.224,49.7512478,50,-0.495024812,0.499999878,0.5
1.2241,49.7512478,50,-0.495024834,0.499999897,0.5
1.2242,49.7512478,50,-0.495024834,0.499999897,0.5
1.2243,49.7512478,50,-0.495024834,0.499999897,0.5
1.2244,49.7512478,50,-0.495024834,0.499999897,0.5
1.2245,49.7512478,50,-0.495024834,0.499999897,0.5
1.2246,49.7512479,50,-0.495024834,0.499999897,0.5
1.2247,49.7512479,50,-0.495024834,0.499999897,0.5
1.2248,49.7512479,50,-0.495024834,0.499999897,0.5
1.2249,49.7512479,50,-0.495024834,0.499999897,0.5
1.225,49.7512479,50,-0.495024834,0.499999897,0.5
1.2251,49.7512479,50,-0.495024854,0.499999914,0.5
1.2252,49.7512479,50,-0.495024854,0.499999914,0.5
1.2253,49.7512479,50,-0.495024854,0.499999914,0.5
1.2254,49.7512479,50,-0.495024854,0.499999914,0.5
1.2255,49.7512479,50,-0.495024854,0.499999914,0.5
1.2256,49.7512479,50,-0.495024854,0.499999914,0.5
1.2257,49.7512479,50,-0.495024854,0.499999914,0.5
1.2258,49.7512479,50,-0.495024854,0.499999914,0.5
1.2259,49.7512479,50,-0.495024854,0.499999914,0.5
1.226,49.7512479,50,-0.495024854,0.499999914,0.5
1.2261,49.7512479,50,-0.495024872,0.499999929,0.5
1.2262,49.7512479,50,-0.495024872,0.499999929,0.5
1.2263,49.7512479,50,-0.495024872,0.499999929,0.5
1.2264,49.7512479,50,-0.495024872,0.499999929,0.5
1.2265,49.7512479,50,-0.495024872,0.499999929,0.5
1.2266,49.7512479,50,-0.495024872,0.499999929,0.5
1.2267,49.7512479,50,-0.495024872,0.499999929,0.5
1.2268,49.7512479,50,-0.495024872,0.499999929,0.5
1.2269,49.7512479,50,-0.495024872,0.499999929,0.5
1.227,49.7512479,50,-0.495024872,0.499999929,0.5
1.2271,49.7512479,50,-0.495024888,0.499999943,0.5
1.2272,49.7512479,50,-0.495024888,0.499999943,0.5
1.2273,49.7512479,50,-0.495024888,0.499999943,0.5
1.2274,49.7512479,50,-0.495024888,0.499999943,0.5
1.2275,49.7512479,50,-0.495024888,0.499999943,0.5
1.2276,49.7512479,50,-0.495024888,0.499999943,0.5
1.2277,49.7512479,50,-0.495024888,0.499999943,0.5
1.2278,49.7512479,50,-0.495024888,0.499999943,0.5
1.2279,49.7512479,50,-0.495024888,0.499999943,0.5
1.228,49.7512479,50,-0.495024888,0.499999943,0.5
1.2281,49.7512479,50,-0.495024901,0.499999956,0.5
1.2282,49.7512479,50,-0.495024901,0.499999956,0.5
1.2283,49.7512479,50,-0.495024901,0.499999956,0.5
1.2284,49.7512479,50,-0.495024901,0.499999956,0.5
1.2285,49.7512479,50,-0.495024901,0.499999956,0.5
1.2286,49.7512479,50,-0.495024901,0.499999956,0.5
1.2287,49.7512479,50,-0.495024901,0.499999956,0.5
1.2288,49.7512479,50,-0.495024901,0.499999956,0.5
1.2289,49.7512479,50,-0.495024901,0.499999956,0.5
1.229,49.7512479,50,-0.495024901,0.499999956,0.5
1.2291,49.7512478,50,-0.495024913,0.499999967,0.5
1.2292,49.7512478,50,-0.495024913,0.499999967,0.5
1.2293,49.7512478,50,-0.495024913,0.499999967,0.5
1.2294,49.7512478,50,-0.495024913,0.499999967,0.5
1.2295,49.7512478,50,-0.495024913,0.499999967,0.5
1.2296,49.7512478,50,-0.495024913,0.499999967,0.5
1.2297,49.7512478,50,-0.495024913,0.499999967,0.5
1.2298,49.7512478,50,-0.495024913,0.499999967,0.5
1.2299,49.7512478,50,-0.495024913,0.499999967,0.5
1.23,49.7512478,50,-0.495024913,0.499999967,0.5
1.2301,49.7512478,50,-0.495024923,0.499999978,0.5
1.2302,49.7512478,50,-0.495024923,0.499999978,0.5
1.2303,49.7512478,50,-0.495024923,0.499999978,0.5
1.2304,49.7512477,50,-0.495024923,0.499999978,0.5
1.2305,49.7512477,50,-0.495024923,0.499999978,0.5
1.2306,49.7512477,50,-0.495024923,0.499999978,0.5
1.2307,49.7512477,50,-0.495024923,0.499999978,0.5
1.2308,49.7512477,50,-0.495024923,0.499999978,0.5
1.2309,49.7512477,50,-0.495024923,0.499999978,0.5
1.231,49.7512477,50,-0.495024923,0.499999978,0.5
1.2311,49.7512477,50,-0.495024931,0.499999987,0.5
1.2312,49.7512477,50,-0.495024931,0.499999987,0.5
1.2313,49.7512477,50,-0.495024931,0.499999987,0.5
1.2314,49.7512476,50,-0.495024931,0.499999987,0.5
1.2315,49.7512476,50,-0.495024931,0.499999987,0.5
1.2316,49.7512476,50,-0.495024931,0.499999987,0.5
1.2317,49.7512476,50,-0.495024931,0.499999987,0.5
1.2318,49.7512476,50,-0.495024931,0.499999987,0.5
1.2319,49.7512476,50,-0.495024931,0.499999987,0.5
1.232,49.7512476,50,-0.495024931,0.499999987,0.5
1.2321,49.7512476,50,-0.495024938,0.499999995,0.5
1.2322,49.7512475,50,-0.495024938,0.499999995,0.5
1.2323,49.7512475,50,-0.495024938,0.499999995,0.5
1.2324,49.7512475,50,-0.495024938,0.499999995,0.5
1.2325,49.7512475,50,-0.495024938,0.499999995,0.5
1.2326,49.7512475,50,-0.495024938,0.499999995,0.5
1.2327,49.7512475,50,-0.495024938,0.499999995,0.5
1.2328,49.7512475,50,-0.495024938,0.499999995,0.5
1.2329,49.7512475,50,-0.495024938,0.499999995,0.5
1.233,49.7512474,50,-0.495024938,0.499999995,0.5
1.2331,49.7512474,50,-0.495024944,0.500000002,0.5
1.2332,49.7512474,50,-0.495024944,0.500000002,0.5
1.2333,49.7512474,50,-0.495024944,0.500000002,0.5
1.2334,49.7512474,50,-0.495024944,0.500000002,0.5
1.2335,49.7512474,50,-0.495024944,0.500000002,0.5
1.2336,49.7512474,50,-0.495024944,0.500000002,0.5
1.2337,49.7512473,50,-0.495024944,0.500000002,0.5
1.2338,49.7512473,50,-0.495024944,0.500000002,0.5
1.2339,49.7512473,50,-0.495024944,0.500000002,0.5
1.234,49.7512473,50,-0.495024944,0.500000002,0.5
1.2341,49.7512473,50,-0.495024948,0.500000008,0.5
1.2342,49.7512473,50,-0.495024948,0.500000008,0.5
1.2343,49.7512473,50,-0.495024948,0.500000008,0.5
1.2344,49.7512473,50,-0.495024948,0.500000008,0.5
1.2345,49.7512472,50,-0.495024948,0.500000008,0.5
1.2346,49.7512472,50,-0.495024948,0.500000008,0.5
1.2347,49.7512472,50,-0.495024948,0.500000008,0.5
1.2348,49.7512472,50,-0.495024948,0.500000008,0.5
1.2349,49.7512472,50,-0.495024948,0.500000008,0.5
1.235,49.7512472,50,-0.495024948,0.500000008,0.5
1.2351,49.7512471,50,-0.495024952,0.500000014,0.5
1.2352,49.7512471,50,-0.495024952,0.500000014,0.5
1.2353,49.7512471,50,-0.495024952,0.500000014,0.5
1.2354,49.7512471,50,-0.495024952,0.500000014,0.5
1.2355,49.7512471,50,-0.495024952,0.500000014,0.5
1.2356,49.7512471,50,-0.495024952,0.500000014,0.5
1.2357,49.7512471,50,-0.495024952,0.500000014,0.5
1.2358,49.751247,50,-0.495024952,0.500000014,0.5
1.2359,49.751247,50,-0.495024952,0.500000014,0.5
1.236,49.751247,50,-0.495024952,0.500000014,0.5
1.2361,49.751247,50,-0.495024954,0.500000018,0.5
1.2362,49.751247,50,-0.495024954,0.500000018,0.5
1.2363,49.751247,50,-0.495024954,0.500000018,0.5
1.2364,49.7512469,50,-0.495024954,0.500000018,0.5
1.2365,49.7512469,50,-0.495024954,0.500000018,0.5
1.2366,49.7512469,50,-0.495024954,0.500000018,0.5
1.2367,49.7512469,50,-0.495024954,0.500000018,0.5
1.2368,49.7512469,50,-0.495024954,0.500000018,0.5
1.2369,49.7512469,50,-0.495024954,0.500000018,0.5
1.237,49.7512469,50,-0.495024954,0.500000018,0.5
1.2371,49.7512468,50,-0.495024955,0.500000022,0.5
1.2372,49.7512468,50,-0.495024955,0.500000022,0.5
1.2373,49.7512468,50,-0.495024955,0.500000022,0.5
1.2374,49.7512468,50,-0.495024955,0.500000022,0.5
1.2375,49.7512468,50,-0.495024955,0.500000022,0.5
1.2376,49.7512468,50,-0.495024955,0.500000022,0.5
1.2377,49.7512467,50,-0.495024955,0.500000022,0.5
1.2378,49.7512467,50,-0.495024955,0.500000022,0.5
1.2379,49.7512467,50,-0.495024955,0.500000022,0.5
1.238,49.7512467,50,-0.495024955,0.500000022,0.5
1.2381,49.7512467,50,-0.495024956,0.500000026,0.5
1.2382,49.7512467,50,-0.495024956,0.500000026,0.5
1.2383,49.7512466,50,-0.495024956,0.500000026,0.5
1.2384,49.7512466,50,-0.495024956,0.500000026,0.5
1.2385,49.7512466,50,-0.495024956,0.500000026,0.5
1.2386,49.7512466,50,-0.495024956,0.500000026,0.5
1.2387,49.7512466,50,-0.495024956,0.500000026,0.5
1.2388,49.7512466,50,-0.495024956,0.500000026,0.5
1.2389,49.7512465,50,-0.495024956,0.500000026,0.5
1.239,49.7512465,50,-0.495024956,0.500000026,0.5
1.2391,49.7512465,50,-0.495024956,0.500000028,0.5
1.2392,49.7512465,50,-0.495024956,0.500000028,0.5
1.2393,49.7512465,50,-0.495024956,0.500000028,0.5
1.2394,49.7512465,50,-0.495024956,0.500000028,0.5
1.2395,49.7512465,50,-0.495024956,0.500000028,0.5
1.2396,49.7512464,50,-0.495024956,0.500000028,0.5
1.2397,49.7512464,50,-0.495024956,0.500000028,0.5
1.2398,49.7512464,50,-0.495024956,0.500000028,0.5
1.2399,49.7512464,50,-0.495024956,0.500000028,0.5
1.24,49.7512464,50,-0.495024956,0.500000028,0.5
1.2401,49.7512464,50,-0.495024956,0.50000003,0.5
1.2402,49.7512463,50,-0.495024956,0.50000003,0.5
1.2403,49.7512463,50,-0.495024956,0.50000003,0.5
1.2404,49.7512463,50,-0.495024956,0.50000003,0.5
1.2405,49.7512463,50,-0.495024956,0.50000003,0.5
1.2406,49.7512463,50,-0.495024956,0.50000003,0.5
1.2407,49.7512463,50,-0.495024956,0.50000003,0.5
1.2408,49.7512462,50,-0.495024956,0.50000003,0.5
1.2409,49.7512462,50,-0.495024956,0.50000003,0.5
1.241,49.7512462,50,-0.495024956,0.50000003,0.5
1.2411,49.7512462,50,-0.495024955,0.500000032,0.5
1.2412,49.7512462,50,-0.495024955,0.500000032,0.5
1.2413,49.7512462,50,-0.495024955,0.500000032,0.5
1.2414,49.7512461,50,-0.495024955,0.500000032,0.5
1.2415,49.7512461,50,-0.495024955,0.500000032,0.5
1.2416,49.7512461,50,-0.495024955,0.500000032,0.5
1.2417,49.7512461,50,-0.495024955,0.500000032,0.5
1.2418,49.7512461,50,-0.495024955,0.500000032,0.5
1.2419,49.7512461,50,-0.495024955,0.500000032,0.5
1.242,49.7512461,50,-0.495024955,0.500000032,0.5
1.2421,49.751246,50,-0.495024953,0.500000033,0.5
1.2422,49.751246,50,-0.495024953,0.500000033,0.5
1.2423,49.751246,50,-0.495024953,0.500000033,0.5
1.2424,49.751246,50,-0.495024953,0.500000033,0.5
1.2425,49.751246,50,-0.495024953,0.500000033,0.5
1.2426,49.751246,50,-0.495024953,0.500000033,0.5
1.2427,49.7512459,50,-0.495024953,0.500000033,0.5
1.2428,49.7512459,50,-0.495024953,0.500000033,0.5
1.2429,49.7512459,50,-0.495024953,0.500000033,0.5
1.243,49.7512459,50,-0.495024953,0.500000033,0.5
1.2431,49.7512459,50,-0.495024951,0.500000034,0.5
1.2432,49.7512459,50,-0.495024951,0.500000034,0.5
1.2433,49.7512458,50,-0.495024951,0.500000034,0.5
1.2434,49.7512458,50,-0.495024951,0.500000034,0.5
1.2435,49.7512458,50,-0.495024951,0.500000034,0.5
1.2436,49.7512458,50,-0.495024951,0.500000034,0.5
1.2437,49.7512458,50,-0.495024951,0.500000034,0.5
1.2438,49.7512458,50,-0.495024951,0.500000034,0.5
1.2439,49.7512458,50,-0.495024951,0.500000034,0.5
1.244,49.7512457,50,-0.495024951,0.500000034,0.5
1.2441,49.7512457,50,-0.495024949,0.500000035,0.5
1.2442,49.7512457,50,-0.495024949,0.500000035,0.5
1.2443,49.7512457,50,-0.495024949,0.500000035,0.5
1.2444,49.7512457,50,-0.495024949,0.500000035,0.5
1.2445,49.7512457,50,-0.495024949,0.500000035,0.5
1.2446,49.7512457,50,-0.495024949,0.500000035,0.5
1.2447,49.7512456,50,-0.495024949,0.500000035,0.5
1.2448,49.7512456,50,-0.495024949,0.500000035,0.5
1.2449,49.7512456,50,-0.495024949,0.500000035,0.5
1.245,49.7512456,50,-0.495024949,0.500000035,0.5
1.2451,49.7512456,50,-0.495024947,0.500000035,0.5
1.2452,49.7512456,50,-0.495024947,0.500000035,0.5
1.2453,49.7512456,50,-0.495024947,0.500000035,0.5
1.2454,49.7512455,50,-0.495024947,0.500000035,0.5
1.2455,49.7512455,50,-0.495024947,0.500000035,0.5
1.2456,49.7512455,50,-0.495024947,0.500000035,0.5
1.2457,49.7512455,50,-0.495024947,0.500000035,0.5
1.2458,49.7512455,50,-0.495024947,0.500000035,0.5
1.2459,49.7512455,50,-0.495024947,0.500000035,0.5
1.246,49.7512455,50,-0.495024947,0.500000035,0.5
1.2461,49.7512454,50,-0.495024944,0.500000035,0.5
1.2462,49.7512454,50,-0.495024944,0.500000035,0.5
1.2463,49.7512454,50,-0.495024944,0.500000035,0.5
1.2464,49.7512454,50,-0.495024944,0.500000035,0.5
1.2465,49.7512454,50,-0.495024944,0.500000035,0.5
1.2466,49.7512454,50,-0.495024944,0.500000035,0.5
1.2467,49.7512454,50,-0.495024944,0.500000035,0.5
1.2468,49.7512453,50,-0.495024944,0.500000035,0.5
1.2469,49.7512453,50,-0.495024944,0.500000035,0.5
1.247,49.7512453,50,-0.495024944,0.500000035,0.5
1.2471,49.7512453,50,-0.495024941,0.500000034,0.5
1.2472,49.7512453,50,-0.495024941,0.500000034,0.5
1.2473,49.7512453,50,-0.495024941,0.500000034,0.5
1.2474,49.7512453,50,-0.495024941,0.500000034,0.5
1.2475,49.7512453,50,-0.495024941,0.500000034,0.5
1.2476,49.7512452,50,-0.495024941,0.500000034,0.5
1.2477,49.7512452,50,-0.495024941,0.500000034,0.5
1.2478,49.7512452,50,-0.495024941,0.500000034,0.5
1.2479,49.7512452,50,-0.495024941,0.500000034,0.5
1.248,49.7512452,50,-0.495024941,0.500000034,0.5
1.2481,49.7512452,50,-0.495024938,0.500000034,0.5
1.2482,49.7512452,50,-0.495024938,0.500000034,0.5
1.2483,49.7512451,50,-0.495024938,0.500000034,0.5
1.2484,49.7512451,50,-0.495024938,0.500000034,0.5
1.2485,49.7512451,50,-0.495024938,0.500000034,0.5
1.2486,49.7512451,50,-0.495024938,0.500000034,0.5
1.2487,49.7512451,50,-0.495024938,0.500000034,0.5
1.2488,49.7512451,50,-0.495024938,0.500000034,0.5
1.2489,49.7512451,50,-0.495024938,0.500000034,0.5
1.249,49.7512451,50,-0.495024938,0.500000034,0.5
1.2491,49.751245,50,-0.495024935,0.500000033,0.5
1.2492,49.751245,50,-0.495024935,0.500000033,0.5
1.2493,49.751245,50,-0.495024935,0.500000033,0.5
1.2494,49.751245,50,-0.495024935,0.500000033,0.5
1.2495,49.751245,50,-0.495024935,0.500000033,0.5
1.2496,49.751245,50,-0.495024935,0.500000033,0.5
1.2497,49.751245,50,-0.495024935,0.500000033,0.5
1.2498,49.751245,50,-0.495024935,0.500000033,0.5
1.2499,49.751245,50,-0.495024935,0.500000033,0.5
1.25,49.7512449,50,-0.495024935,0.500000033,0.5
1.2501,49.7512449,50,-0.495024932,0.500000032,0.5
1.2502,49.7512449,50,-0.495024932,0.500000032,0.5
1.2503,49.7512449,50,-0.495024932,0.500000032,0.5
1.2504,49.7512449,50,-0.495024932,0.500000032,0.5
1.2505,49.7512449,50,-0.495024932,0.500000032,0.5
1.2506,49.7512449,50,-0.495024932,0.500000032,0.5
1.2507,49.7512449,50,-0.495024932,0.500000032,0.5
1.2508,49.7512449,50,-0.495024932,0.500000032,0.5
1.2509,49.7512448,50,-0.495024932,0.500000032,0.5
1.251,49.7512448,50,-0.495024932,0.500000032,0.5
1.2511,49.7512448,50,-0.495024929,0.500000031,0.5
1.2512,49.7512448,50,-0.495024929,0.500000031,0.5
1.2513,49.7512448,50,-0.495024929,0.500000031,0.5
1.2514,49.7512448,50,-0.495024929,0.500000031,0.5
1.2515,49.7512448,50,-0.495024929,0.500000031,0.5
1.2516,49.7512448,50,-0.495024929,0.500000031,0.5
1.2517,49.7512448,50,-0.495024929,0.500000031,0.5
1.2518,49.7512447,50,-0.495024929,0.500000031,0.5
1.2519,49.7512447,50,-0.495024929,0.500000031,0.5
1.252,49.7512447,50,-0.495024929,0.500000031,0.5
1.2521,49.7512447,50,-0.495024926,0.50000003,0.5
1.2522,49.7512447,50,-0.495024926,0.50000003,0.5
1.2523,49.7512447,50,-0.495024926,0.50000003,0.5
1.2524,49.7512447,50,-0.495024926,0.50000003,0.5
1.2525,49.7512447,50,-0.495024926,0.50000003,0.5
1.2526,49.7512447,50,-0.495024926,0.50000003,0.5
1.2527,49.7512447,50,-0.495024926,0.50000003,0.5
1.2528,49.7512446,50,-0.495024926,0.50000003,0.5
1.2529,49.7512446,50,-0.495024926,0.50000003,0.5
1.253,49.7512446,50,-0.495024926,0.50000003,0.5
1.2531,49.7512446,50,-0.495024923,0.500000029,0.5
1.2532,49.7512446,50,-0.495024923,0.500000029,0.5
1.2533,49.7512446,50,-0.495024923,0.500000029,0.5
1.2534,49.7512446,50,-0.495024923,0.500000029,0.5
1.2535,49.7512446,50,-0.495024923,0.500000029,0.5
1.2536,49.7512446,50,-0.495024923,0.500000029,0.5
1.2537,49.7512446,50,-0.495024923,0.500000029,0.5
1.2538,49.7512445,50,-0.495024923,0.500000029,0.5
1.2539,49.7512445,50,-0.495024923,0.500000029,0.5
1.254,49.7512445,50,-0.495024923,0.500000029,0.5
1.2541,49.7512445,50,-0.495024919,0.500000028,0.5
1.2542,49.7512445,50,-0.495024919,0.500000028,0.5
1.2543,49.7512445,50,-0.495024919,0.500000028,0.5
1.2544,49.7512445,50,-0.495024919,0.500000028,0.5
1.2545,49.7512445,50,-0.495024919,0.500000028,0.5
1.2546,49.7512445,50,-0.495024919,0.500000028,0.5
1.2547,49.7512445,50,-0.495024919,0.500000028,0.5
1.2548,49.7512445,50,-0.495024919,0.500000028,0.5
1.2549,49.7512444,50,-0.495024919,0.500000028,0.5
1.255,49.7512444,50,-0.495024919,0.500000028,0.5
1.2551,49.7512444,50,-0.495024916,0.500000026,0.5
1.2552,49.7512444,50,-0.495024916,0.500000026,0.5
1.2553,49.7512444,50,-0.495024916,0.500000026,0.5
1.2554,49.7512444,50,-0.495024916,0.500000026,0.5
1.2555,49.7512444,50,-0.495024916,0.500000026,0.5
1.2556,49.7512444,50,-0.495024916,0.500000026,0.5
1.2557,49.7512444,50,-0.495024916,0.500000026,0.5
1.2558,49.7512444,50,-0.495024916,0.500000026,0.5
1.2559,49.7512444,50,-0.495024916,0.500000026,0.5
1.256,49.7512444,50,-0.495024916,0.500000026,0.5
1.2561,49.7512444,50,-0.495024913,0.500000025,0.5
1.2562,49.7512443,50,-0.495024913,0.500000025,0.5
1.2563,49.7512443,50,-0.495024913,0.500000025,0.5
1.2564,49.7512443,50,-0.495024913,0.500000025,0.5
1.2565,49.7512443,50,-0.495024913,0.500000025,0.5
1.2566,49.7512443,50,-0.495024913,0.500000025,0.5
1.2567,49.7512443,50,-0.495024913,0.500000025,0.5
1.2568,49.7512443,50,-0.495024913,0.500000025,0.5
1.2569,49.7512443,50,-0.495024913,0.500000025,0.5
1.257,49.7512443,50,-0.495024913,0.500000025,0.5
1.2571,49.7512443,50,-0.495024911,0.500000024,0.5
1.2572,49.7512443,50,-0.495024911,0.500000024,0.5
1.2573,49.7512443,50,-0.495024911,0.500000024,0.5
1.2574,49.7512443,50,-0.495024911,0.500000024,0.5
1.2575,49.7512442,50,-0.495024911,0.500000024,0.5
1.2576,49.7512442,50,-0.495024911,0.500000024,0.5
1.2577,49.7512442,50,-0.495024911,0.500000024,0.5
1.2578,49.7512442,50,-0.495024911,0.500000024,0.5
1.2579,49.7512442,50,-0.495024911,0.500000024,0.5
1.258,49.7512442,50,-0.495024911,0.500000024,0.5
1.2581,49.7512442,50,-0.495024908,0.500000022,0.5
1.2582,49.7512442,50,-0.495024908,0.500000022,0.5
1.2583,49.7512442,50,-0.495024908,0.500000022,0.5
1.2584,49.7512442,50,-0.495024908,0.500000022,0.5
1.2585,49.7512442,50,-0.495024908,0.500000022,0.5
1.2586,49.7512442,50,-0.495024908,0.500000022,0.5
1.2587,49.7512442,50,-0.495024908,0.500000022,0.5
1.2588,49.7512442,50,-0.495024908,0.500000022,0.5
1.2589,49.7512442,50,-0.495024908,0.500000022,0.5
1.259,49.7512441,50,-0.495024908,0.500000022,0.5
1.2591,49.7512441,50,-0.495024905,0.500000021,0.5
1.2592,49.7512441,50,-0.495024905,0.500000021,0.5
1.2593,49.7512441,50,-0.495024905,0.500000021,0.5
1.2594,49.7512441,50,-0.495024905,0.500000021,0.5
1.2595,49.7512441,50,-0.495024905,0.500000021,0.5
1.2596,49.7512441,50,-0.495024905,0.500000021,0.5
1.2597,49.7512441,50,-0.495024905,0.500000021,0.5
1.2598,49.7512441,50,-0.495024905,0.500000021,0.5
1.2599,49.7512441,50,-0.495024905,0.500000021,0.5
1.26,49.7512441,50,-0.495024905,0.500000021,0.5
1.2601,49.7512441,50,-0.495024903,0.50000002,0.5
1.2602,49.7512441,50,-0.495024903,0.50000002,0.5
1.2603,49.7512441,50,-0.495024903,0.50000002,0.5
1.2604,49.7512441,50,-0.495024903,0.50000002,0.5
1.2605,49.7512441,50,-0.495024903,0.50000002,0.5
1.2606,49.7512441,50,-0.495024903,0.50000002,0.5
1.2607,49.7512441,50,-0.495024903,0.50000002,0.5
1.2608,49.751244,50,-0.495024903,0.50000002,0.5
1.2609,49.751244,50,-0.495024903,0.50000002,0.5
1.261,49.751244,50,-0.495024903,0.50000002,0.5
1.2611,49.751244,50,-0.4950249,0.500000018,0.5
1.2612,49.751244,50,-0.4950249,0.500000018,0.5
1.2613,49.751244,50,-0.4950249,0.500000018,0.5
1.2614,49.751244,50,-0.4950249,0.500000018,0.5
1.2615,49.751244,50,-0.4950249,0.500000018,0.5
1.2616,49.751244,50,-0.4950249,0.500000018,0.5
1.2617,49.751244,50,-0.4950249,0.500000018,0.5
1.2618,49.751244,50,-0.4950249,0.500000018,0.5
1.2619,49.751244,50,-0.4950249,0.500000018,0.5
1.262,49.751244,50,-0.4950249,0.500000018,0.5
1.2621,49.751244,50,-0.495024898,0.500000017,0.5
1.2622,49.751244,50,-0.495024898,0.500000017,0.5
1.2623,49.751244,50,-0.495024898,0.500000017,0.5
1.2624,49.751244,50,-0.495024898,0.500000017,0.5
1.2625,49.751244,50,-0.495024898,0.500000017,0.5
1.2626,49.751244,50,-0.495024898,0.500000017,0.5
1.2627,49.751244,50,-0.495024898,0.500000017,0.5
1.2628,49.7512439,50,-0.495024898,0.500000017,0.5
1.2629,49.7512439,50,-0.495024898,0.500000017,0.5
1.263,49.7512439,50,-0.495024898,0.500000017,0.5
1.2631,49.7512439,50,-0.495024896,0.500000016,0.5
1.2632,49.7512439,50,-0.495024896,0.500000016,0.5
1.2633,49.7512439,50,-0.495024896,0.500000016,0.5
1.2634,49.7512439,50,-0.495024896,0.500000016,0.5
1.2635,49.7512439,50,-0.495024896,0.500000016,0.5
1.2636,49.7512439,50,-0.495024896,0.500000016,0.5
1.2637,49.7512439,50,-0.495024896,0.500000016,0.5
1.2638,49.7512439,50,-0.495024896,0.500000016,0.5
1.2639,49.7512439,50,-0.495024896,0.500000016,0.5
1.264,49.7512439,50,-0.495024896,0.500000016,0.5
1.2641,49.7512439,50,-0.495024894,0.500000015,0.5
1.2642,49.7512439,50,-0.495024894,0.500000015,0.5
1.2643,49.7512439,50,-0.495024894,0.500000015,0.5
1.2644,49.7512439,50,-0.495024894,0.500000015,0.5
1.2645,49.7512439,50,-0.495024894,0.500000015,0.5
1.2646,49.7512439,50,-0.495024894,0.500000015,0.5
1.2647,49.7512439,50,-0.495024894,0.500000015,0.5
1.2648,49.7512439,50,-0.495024894,0.500000015,0.5
1.2649,49.7512439,50,-0.495024894,0.500000015,0.5
1.265,49.7512439,50,-0.495024894,0.500000015,0.5
1.2651,49.7512439,50,-0.495024892,0.500000013,0.5
1.2652,49.7512439,50,-0.495024892,0.500000013,0.5
1.2653,49.7512439,50,-0.495024892,0.500000013,0.5
1.2654,49.7512439,50,-0.495024892,0.500000013,0.5
1.2655,49.7512438,50,-0.495024892,0.500000013,0.5
1.2656,49.7512438,50,-0.495024892,0.500000013,0.5
1.2657,49.7512438,50,-0.495024892,0.500000013,0.5
1.2658,49.7512438,50,-0.495024892,0.500000013,0.5
1.2659,49.7512438,50,-0.495024892,0.500000013,0.5
1.266,49.7512438,50,-0.495024892,0.500000013,0.5
1.2661,49.7512438,50,-0.49502489,0.500000012,0.5
1.2662,49.7512438,50,-0.49502489,0.500000012,0.5
1.2663,49.7512438,50,-0.49502489,0.500000012,0.5
1.2664,49.7512438,50,-0.49502489,0.500000012,0.5
1.2665,49.7512438,50,-0.49502489,0.500000012,0.5
1.2666,49.7512438,50,-0.49502489,0.500000012,0.5
1.2667,49.7512438,50,-0.49502489,0.500000012,0.5
1.2668,49.7512438,50,-0.49502489,0.500000012,0.5
1.2669,49.7512438,50,-0.49502489,0.500000012,0.5
1.267,49.7512438,50,-0.49502489,0.500000012,0.5
1.2671,49.7512438,50,-0.495024888,0.500000011,0.5
1.2672,49.7512438,50,-0.495024888,0.500000011,0.5
1.2673,49.7512438,50,-0.495024888,0.500000011,0.5
1.2674,49.7512438,50,-0.495024888,0.500000011,0.5
1.2675,49.7512438,50,-0.495024888,0.500000011,0.5
1.2676,49.7512438,50,-0.495024888,0.500000011,0.5
1.2677,49.7512438,50,-0.495024888,0.500000011,0.5
1.2678,49.7512438,50,-0.495024888,0.500000011,0.5
1.2679,49.7512438,50,-0.495024888,0.500000011,0.5
1.268,49.7512438,50,-0.495024888,0.500000011,0.5
1.2681,49.7512438,50,-0.495024887,0.50000001,0.5
1.2682,49.7512438,50,-0.495024887,0.50000001,0.5
1.2683,49.7512438,50,-0.495024887,0.50000001,0.5
1.2684,49.7512438,50,-0.495024887,0.50000001,0.5
1.2685,49.7512438,50,-0.495024887,0.50000001,0.5
1.2686,49.7512438,50,-0.495024887,0.50000001,0.5
1.2687,49.7512438,50,-0.495024887,0.50000001,0.5
1.2688,49.7512438,50,-0.495024887,0.50000001,0.5
1.2689,49.7512438,50,-0.495024887,0.50000001,0.5
1.269,49.7512438,50,-0.495024887,0.50000001,0.5
1.2691,49.7512438,50,-0.495024885,0.500000009,0.5
1.2692,49.7512438,50,-0.495024885,0.500000009,0.5
1.2693,49.7512437,50,-0.495024885,0.500000009,0.5
1.2694,49.7512437,50,-0.495024885,0.500000009,0.5
1.2695,49.7512437,50,-0.495024885,0.500000009,0.5
1.2696,49.7512437,50,-0.495024885,0.500000009,0.5
1.2697,49.7512437,50,-0.495024885,0.500000009,0.5
1.2698,49.7512437,50,-0.495024885,0.500000009,0.5
1.2699,49.7512437,50,-0.495024885,0.500000009,0.5
1.27,49.7512437,50,-0.495024885,0.500000009,0.5
1.2701,49.7512437,50,-0.495024884,0.500000008,0.5
1.2702,49.7512437,50,-0.495024884,0.500000008,0.5
1.2703,49.7512437,50,-0.495024884,0.500000008,0.5
1.2704,49.7512437,50,-0.495024884,0.500000008,0.5
1.2705,49.7512437,50,-0.495024884,0.500000008,0.5
1.2706,49.7512437,50,-0.495024884,0.500000008,0.5
1.2707,49.7512437,50,-0.495024884,0.500000008,0.5
1.2708,49.7512437,50,-0.495024884,0.500000008,0.5
1.2709,49.7512437,50,-0.495024884,0.500000008,0.5
1.271,49.7512437,50,-0.495024884,0.500000008,0.5
1.2711,49.7512437,50,-0.495024883,0.500000007,0.5
1.2712,49.7512437,50,-0.495024883,0.500000007,0.5
1.2713,49.7512437,50,-0.495024883,0.500000007,0.5
1.2714,49.7512437,50,-0.495024883,0.500000007,0.5
1.2715,49.7512437,50,-0.495024883,0.500000007,0.5
1.2716,49.7512437,50,-0.495024883,0.500000007,0.5
1.2717,49.7512437,50,-0.495024883,0.500000007,0.5
1.2718,49.7512437,50,-0.495024883,0.500000007,0.5
1.2719,49.7512437,50,-0.495024883,0.500000007,0.5
1.272,49.7512437,50,-0.495024883,0.500000007,0.5
1.2721,49.7512437,50,-0.495024882,0.500000007,0.5
1.2722,49.7512437,50,-0.495024882,0.500000007,0.5
1.2723,49.7512437,50,-0.495024882,0.500000007,0.5
1.2724,49.7512437,50,-0.495024882,0.500000007,0.5
1.2725,49.7512437,50,-0.495024882,0.500000007,0.5
1.2726,49.7512437,50,-0.495024882,0.500000007,0.5
1.2727,49.7512437,50,-0.495024882,0.500000007,0.5
1.2728,49.7512437,50,-0.495024882,0.500000007,0.5
1.2729,49.7512437,50,-0.495024882,0.500000007,0.5
1.273,49.7512437,50,-0.495024882,0.500000007,0.5
1.2731,49.7512437,50,-0.49502488,0.500000006,0.5
1.2732,49.7512437,50,-0.49502488,0.500000006,0.5
1.2733,49.7512437,50,-0.49502488,0.500000006,0.5
1.2734,49.7512437,50,-0.49502488,0.500000006,0.5
1.2735,49.7512437,50,-0.49502488,0.500000006,0.5
1.2736,49.7512437,50,-0.49502488,0.500000006,0.5
1.2737,49.7512437,50,-0.49502488,0.500000006,0.5
1.2738,49.7512437,50,-0.49502488,0.500000006,0.5
1.2739,49.7512437,50,-0.49502488,0.500000006,0.5
1.274,49.7512437,50,-0.49502488,0.500000006,0.5
1.2741,49.7512437,50,-0.49502488,0.500000005,0.5
1.2742,49.7512437,50,-0.49502488,0.500000005,0.5
1.2743,49.7512437,50,-0.49502488,0.500000005,0.5
1.2744,49.7512437,50,-0.49502488,0.500000005,0.5
1.2745,49.7512437,50,-0.49502488,0.500000005,0.5
1.2746,49.7512437,50,-0.49502488,0.500000005,0.5
1.2747,49.7512437,50,-0.49502488,0.500000005,0.5
1.2748,49.7512437,50,-0.49502488,0.500000005,0.5
1.2749,49.7512437,50,-0.49502488,0.500000005,0.5
1.275,49.7512437,50,-0.49502488,0.500000005,0.5
1.2751,49.7512437,50,-0.495024879,0.500000004,0.5
1.2752,49.7512437,50,-0.495024879,0.500000004,0.5
1.2753,49.7512437,50,-0.495024879,0.500000004,0.5
1.2754,49.7512437,50,-0.495024879,0.500000004,0.5
1.2755,49.7512437,50,-0.495024879,0.500000004,0.5
1.2756,49.7512437,50,-0.495024879,0.500000004,0.5
1.2757,49.7512437,50,-0.495024879,0.500000004,0.5
1.2758,49.7512437,50,-0.495024879,0.500000004,0.5
1.2759,49.7512437,50,-0.495024879,0.500000004,0.5
1.276,49.7512437,50,-0.495024879,0.500000004,0.5
1.2761,49.7512437,50,-0.495024878,0.500000004,0.5
1.2762,49.7512437,50,-0.495024878,0.500000004,0.5
1.2763,49.7512437,50,-0.495024878,0.500000004,0.5
1.2764,49.7512437,50,-0.495024878,0.500000004,0.5
1.2765,49.7512437,50,-0.495024878,0.500000004,0.5
1.2766,49.7512437,50,-0.495024878,0.500000004,0.5
1.2767,49.7512437,50,-0.495024878,0.500000004,0.5
1.2768,49.7512437,50,-0.495024878,0.500000004,0.5
1.2769,49.7512437,50,-0.495024878,0.500000004,0.5
1.277,49.7512437,50,-0.495024878,0.500000004,0.5
1.2771,49.7512437,50,-0.495024877,0.500000003,0.5
1.2772,49.7512437,50,-0.495024877,0.500000003,0.5
1.2773,49.7512437,50,-0.495024877,0.500000003,0.5
1.2774,49.7512437,50,-0.495024877,0.500000003,0.5
1.2775,49.7512437,50,-0.495024877,0.500000003,0.5
1.2776,49.7512437,50,-0.495024877,0.500000003,0.5
1.2777,49.7512437,50,-0.495024877,0.500000003,0.5
1.2778,49.7512437,50,-0.495024877,0.500000003,0.5
1.2779,49.7512437,50,-0.495024877,0.500000003,0.5
1.278,49.7512437,50,-0.495024877,0.500000003,0.5
1.2781,49.7512437,50,-0.495024877,0.500000003,0.5
1.2782,49.7512437,50,-0.495024877,0.500000003,0.5
1.2783,49.7512437,50,-0.495024877,0.500000003,0.5
1.2784,49.7512437,50,-0.495024877,0.500000003,0.5
1.2785,49.7512437,50,-0.495024877,0.500000003,0.5
1.2786,49.7512437,50,-0.495024877,0.500000003,0.5
1.2787,49.7512437,50,-0.495024877,0.500000003,0.5
1.2788,49.7512437,50,-0.495024877,0.500000003,0.5
1.2789,49.7512437,50,-0.495024877,0.500000003,0.5
1.279,49.7512437,50,-0.495024877,0.500000003,0.5
1.2791,49.7512437,50,-0.495024876,0.500000002,0.5
1.2792,49.7512437,50,-0.495024876,0.500000002,0.5
1.2793,49.7512437,50,-0.495024876,0.500000002,0.5
1.2794,49.7512437,50,-0.495024876,0.500000002,0.5
1.2795,49.7512437,50,-0.495024876,0.500000002,0.5
1.2796,49.7512437,50,-0.495024876,0.500000002,0.5
1.2797,49.7512437,50,-0.495024876,0.500000002,0.5
1.2798,49.7512437,50,-0.495024876,0.500000002,0.5
1.2799,49.7512437,50,-0.495024876,0.500000002,0.5
1.28,49.7512437,50,-0.495024876,0.500000002,0.5
1.2801,49.7512437,50,-0.495024876,0.500000002,0.5
1.2802,49.7512437,50,-0.495024876,0.500000002,0.5
1.2803,49.7512437,50,-0.495024876,0.500000002,0.5
1.2804,49.7512437,50,-0.495024876,0.500000002,0.5
1.2805,49.7512437,50,-0.495024876,0.500000002,0.5
1.2806,49.7512437,50,-0.495024876,0.500000002,0.5
1.2807,49.7512437,50,-0.495024876,0.500000002,0.5
1.2808,49.7512437,50,-0.495024876,0.500000002,0.5
1.2809,49.7512437,50,-0.495024876,0.500000002,0.5
1.281,49.7512437,50,-0.495024876,0.500000002,0.5
1.2811,49.7512437,50,-0.495024875,0.500000001,0.5
1.2812,49.7512437,50,-0.495024875,0.500000001,0.5
1.2813,49.7512437,50,-0.495024875,0.500000001,0.5
1.2814,49.7512437,50,-0.495024875,0.500000001,0.5
1.2815,49.7512437,50,-0.495024875,0.500000001,0.5
1.2816,49.7512437,50,-0.495024875,0.500000001,0.5
1.2817,49.7512437,50,-0.495024875,0.500000001,0.5
1.2818,49.7512437,50,-0.495024875,0.500000001,0.5
1.2819,49.7512437,50,-0.495024875,0.500000001,0.5
1.282,49.7512437,50,-0.495024875,0.500000001,0.5
1.2821,49.7512437,50,-0.495024875,0.500000001,0.5
1.2822,49.7512437,50,-0.495024875,0.500000001,0.5
1.2823,49.7512437,50,-0.495024875,0.500000001,0.5
1.2824,49.7512437,50,-0.495024875,0.500000001,0.5
1.2825,49.7512437,50,-0.495024875,0.500000001,0.5
1.2826,49.7512437,50,-0.495024875,0.500000001,0.5
1.2827,49.7512437,50,-0.495024875,0.500000001,0.5
1.2828,49.7512437,50,-0.495024875,0.500000001,0.5
1.2829,49.7512437,50,-0.495024875,0.500000001,0.5
1.283,49.7512437,50,-0.495024875,0.500000001,0.5
1.2831,49.7512437,50,-0.495024874,0.500000001,0.5
1.2832,49.7512437,50,-0.495024874,0.500000001,0.5
1.2833,49.7512437,50,-0.495024874,0.500000001,0.5
1.2834,49.7512437,50,-0.495024874,0.500000001,0.5
1.2835,49.7512437,50,-0.495024874,0.500000001,0.5
1.2836,49.7512437,50,-0.495024874,0.500000001,0.5
1.2837,49.7512437,50,-0.495024874,0.500000001,0.5
1.2838,49.7512437,50,-0.495024874,0.500000001,0.5
1.2839,49.7512437,50,-0.495024874,0.500000001,0.5
1.284,49.7512437,50,-0.495024874,0.500000001,0.5
1.2841,49.7512437,50,-0.495024874,0.500000001,0.5
1.2842,49.7512437,50,-0.495024874,0.500000001,0.5
1.2843,49.7512437,50,-0.495024874,0.500000001,0.5
1.2844,49.7512437,50,-0.495024874,0.500000001,0.5
1.2845,49.7512437,50,-0.495024874,0.500000001,0.5
1.2846,49.7512437,50,-0.495024874,0.500000001,0.5
1.2847,49.7512437,50,-0.495024874,0.500000001,0.5
1.2848,49.7512437,50,-0.495024874,0.500000001,0.5
1.2849,49.7512437,50,-0.495024874,0.500000001,0.5
1.285,49.7512437,50,-0.495024874,0.500000001,0.5
1.2851,49.7512437,50,-0.495024874,0.5,0.5
1.2852,49.7512437,50,-0.495024874,0.5,0.5
1.2853,49.7512437,50,-0.495024874,0.5,0.5
1.2854,49.7512437,50,-0.495024874,0.5,0.5
1.2855,49.7512437,50,-0.495024874,0.5,0.5
1.2856,49.7512437,50,-0.495024874,0.5,0.5
1.2857,49.7512437,50,-0.495024874,0.5,0.5
1.2858,49.7512437,50,-0.495024874,0.5,0.5
1.2859,49.7512437,50,-0.495024874,0.5,0.5
1.286,49.7512437,50,-0.495024874,0.5,0.5
1.2861,49.7512437,50,-0.495024874,0.5,0.5
1.2862,49.7512437,50,-0.495024874,0.5,0.5
1.2863,49.7512437,50,-0.495024874,0.5,0.5
1.2864,49.7512437,50,-0.495024874,0.5,0.5
1.2865,49.7512437,50,-0.495024874,0.5,0.5
1.2866,49.7512437,50,-0.495024874,0.5,0.5
1.2867,49.7512437,50,-0.495024874,0.5,0.5
1.2868,49.7512437,50,-0.495024874,0.5,0.5
1.2869,49.7512437,50,-0.495024874,0.5,0.5
1.287,49.7512437,50,-0.495024874,0.5,0.5
1.2871,49.7512437,50,-0.495024874,0.5,0.5
1.2872,49.7512437,50,-0.495024874,0.5,0.5
1.2873,49.7512437,50,-0.495024874,0.5,0.5
1.2874,49.7512437,50,-0.495024874,0.5,0.5
1.2875,49.7512437,50,-0.495024874,0.5,0.5
1.2876,49.7512437,50,-0.495024874,0.5,0.5
1.2877,49.7512437,50,-0.495024874,0.5,0.5
1.2878,49.7512437,50,-0.495024874,0.5,0.5
1.2879,49.7512437,50,-0.495024874,0.5,0.5
1.288,49.7512437,50,-0.495024874,0.5,0.5
1.2881,49.7512437,50,-0.495024873,0.5,0.5
1.2882,49.7512437,50,-0.495024873,0.5,0.5
1.2883,49.7512437,50,-0.495024873,0.5,0.5
1.2884,49.7512437,50,-0.495024873,0.5,0.5
1.2885,49.7512437,50,-0.495024873,0.5,0.5
1.2886,49.7512437,50,-0.495024873,0.5,0.5
1.2887,49.7512437,50,-0.495024873,0.5,0.5
1.2888,49.7512437,50,-0.495024873,0.5,0.5
1.2889,49.7512437,50,-0.495024873,0.5,0.5
1.289,49.7512437,50,-0.495024873,0.5,0.5
1.2891,49.7512437,50,-0.495024873,0.5,0.5
1.2892,49.7512437,50,-0.495024873,0.5,0.5
1.2893,49.7512437,50,-0.495024873,0.5,0.5
1.2894,49.7512437,50,-0.495024873,0.5,0.5
1.2895,49.7512437,50,-0.495024873,0.5,0.5
1.2896,49.7512437,50,-0.495024873,0.5,0.5
1.2897,49.7512437,50,-0.495024873,0.5,0.5
1.2898,49.7512437,50,-0.495024873,0.5,0.5
1.2899,49.7512437,50,-0.495024873,0.5,0.5
1.29,49.7512437,50,-0.495024873,0.5,0.5
1.2901,49.7512437,50,-0.495024873,0.499999999,0.5
1.2902,49.7512437,50,-0.495024873,0.499999999,0.5
1.2903,49.7512437,50,-0.495024873,0.499999999,0.5
1.2904,49.7512437,50,-0.495024873,0.499999999,0.5
1.2905,49.7512437,50,-0.495024873,0.499999999,0.5
1.2906,49.7512437,50,-0.495024873,0.499999999,0.5
1.2907,49.7512437,50,-0.495024873,0.499999999,0.5
1.2908,49.7512437,50,-0.495024873,0.499999999,0.5
1.2909,49.7512437,50,-0.495024873,0.499999999,0.5
1.291,49.7512437,50,-0.495024873,0.499999999,0.5
1.2911,49.7512437,50,-0.495024873,0.499999999,0.5
1.2912,49.7512437,50,-0.495024873,0.499999999,0.5
1.2913,49.7512437,50,-0.495024873,0.499999999,0.5
1.2914,49.7512437,50,-0.495024873,0.499999999,0.5
1.2915,49.7512437,50,-0.495024873,0.499999999,0.5
1.2916,49.7512437,50,-0.495024873,0.499999999,0.5
1.2917,49.7512437,50,-0.495024873,0.499999999,0.5
1.2918,49.7512437,50,-0.495024873,0.499999999,0.5
1.2919,49.7512437,50,-0.495024873,0.499999999,0.5
1.292,49.7512437,50,-0.495024873,0.499999999,0.5
1.2921,49.7512437,50,-0.495024873,0.499999999,0.5
1.2922,49.7512437,50,-0.495024873,0.499999999,0.5
1.2923,49.7512437,50,-0.495024873,0.499999999,0.5
1.2924,49.7512437,50,-0.495024873,0.499999999,0.5
1.2925,49.7512437,50,-0.495024873,0.499999999,0.5
1.2926,49.7512437,50,-0.495024873,0.499999999,0.5
1.2927,49.7512437,50,-0.495024873,0.499999999,0.5
1.2928,49.7512437,50,-0.495024873,0.499999999,0.5
1.2929,49.7512437,50,-0.495024873,0.499999999,0.5
1.293,49.7512437,50,-0.495024873,0.499999999,0.5
1.2931,49.7512437,50,-0.495024873,0.499999999,0.5
1.2932,49.7512437,50,-0.495024873,0.499999999,0.5
1.2933,49.7512437,50,-0.495024873,0.499999999,0.5
1.2934,49.7512437,50,-0.495024873,0.499999999,0.5
1.2935,49.7512437,50,-0.495024873,0.499999999,0.5
1.2936,49.7512437,50,-0.495024873,0.499999999,0.5
1.2937,49.7512437,50,-0.495024873,0.499999999,0.5
1.2938,49.7512437,50,-0.495024873,0.499999999,0.5
1.2939,49.7512437,50,-0.495024873,0.499999999,0.5
1.294,49.7512437,50,-0.495024873,0.499999999,0.5
1.2941,49.7512437,50,-0.495024873,0.499999999,0.5
1.2942,49.7512437,50,-0.495024873,0.499999999,0.5
1.2943,49.7512437,50,-0.495024873,0.499999999,0.5
1.2944,49.7512437,50,-0.495024873,0.499999999,0.5
1.2945,49.7512437,50,-0.495024873,0.499999999,0.5
1.2946,49.7512437,50,-0.495024873,0.499999999,0.5
1.2947,49.7512437,50,-0.495024873,0.499999999,0.5
1.2948,49.7512437,50,-0.495024873,0.499999999,0.5
1.2949,49.7512437,50,-0.495024873,0.499999999,0.5
1.295,49.7512437,50,-0.495024873,0.499999999,0.5
1.2951,49.7512437,50,-0.495024873,0.499999999,0.5
1.2952,49.7512437,50,-0.495024873,0.499999999,0.5
1.2953,49.7512437,50,-0.495024873,0.499999999,0.5
1.2954,49.7512437,50,-0.495024873,0.499999999,0.5
1.2955,49.7512437,50,-0.495024873,0.499999999,0.5
1.2956,49.7512437,50,-0.495024873,0.499999999,0.5
1.2957,49.7512437,50,-0.495024873,0.499999999,0.5
1.2958,49.7512437,50,-0.495024873,0.499999999,0.5
1.2959,49.7512437,50,-0.495024873,0.499999999,0.5
1.296,49.7512437,50,-0.495024873,0.499999999,0.5
1.2961,49.7512437,50,-0.495024873,0.499999999,0.5
1.2962,49.7512437,50,-0.495024873,0.499999999,0.5
1.2963,49.7512437,50,-0.495024873,0.499999999,0.5
1.2964,49.7512437,50,-0.495024873,0.499999999,0.5
1.2965,49.7512437,50,-0.495024873,0.499999999,0.5
1.2966,49.7512437,50,-0.495024873,0.499999999,0.5
1.2967,49.7512437,50,-0.495024873,0.499999999,0.5
1.2968,49.7512437,50,-0.495024873,0.499999999,0.5
1.2969,49.7512437,50,-0.495024873,0.499999999,0.5
1.297,49.7512437,50,-0.495024873,0.499999999,0.5
1.2971,49.7512437,50,-0.495024873,0.499999999,0.5
1.2972,49.7512437,50,-0.495024873,0.499999999,0.5
1.2973,49.7512437,50,-0.495024873,0.499999999,0.5
1.2974,49.7512437,50,-0.495024873,0.499999999,0.5
1.2975,49.7512437,50,-0.495024873,0.499999999,0.5
1.2976,49.7512437,50,-0.495024873,0.499999999,0.5
1.2977,49.7512437,50,-0.495024873,0.499999999,0.5
1.2978,49.7512437,50,-0.495024873,0.499999999,0.5
1.2979,49.7512437,50,-0.495024873,0.499999999,0.5
1.298,49.7512437,50,-0.495024873,0.499999999,0.5
1.2981,49.7512437,50,-0.495024874,0.499999999,0.5
1.2982,49.7512437,50,-0.495024874,0.499999999,0.5
1.2983,49.7512437,50,-0.495024874,0.499999999,0.5
1.2984,49.7512437,50,-0.495024874,0.499999999,0.5
1.2985,49.7512437,50,-0.495024874,0.499999999,0.5
1.2986,49.7512437,50,-0.495024874,0.499999999,0.5
1.2987,49.7512437,50,-0.495024874,0.499999999,0.5
1.2988,49.7512437,50,-0.495024874,0.499999999,0.5
1.2989,49.7512437,50,-0.495024874,0.499999999,0.5
1.299,49.7512437,50,-0.495024874,0.499999999,0.5
1.2991,49.7512437,50,-0.495024874,0.499999999,0.5
1.2992,49.7512437,50,-0.495024874,0.499999999,0.5
1.2993,49.7512437,50,-0.495024874,0.499999999,0.5
1.2994,49.7512437,50,-0.495024874,0.499999999,0.5
1.2995,49.7512437,50,-0.495024874,0.499999999,0.5
1.2996,49.7512437,50,-0.495024874,0.499999999,0.5
1.2997,49.7512437,50,-0.495024874,0.499999999,0.5
1.2998,49.7512437,50,-0.495024874,0.499999999,0.5
1.2999,49.7512437,50,-0.495024874,0.499999999,0.5
1.3,49.7512437,50,-0.495024874,0.499999999,0.5
1.3001,49.7512437,50,-0.495024874,0.499999999,0.5
1.3002,49.7512437,50,-0.495024874,0.499999999,0.5
1.3003,49.7512437,50,-0.495024874,0.499999999,0.5
1.3004,49.7512437,50,-0.495024874,0.499999999,0.5
1.3005,49.7512437,50,-0.495024874,0.499999999,0.5
1.3006,49.7512437,50,-0.495024874,0.499999999,0.5
1.3007,49.7512437,50,-0.495024874,0.499999999,0.5
1.3008,49.7512437,50,-0.495024874,0.499999999,0.5
1.3009,49.7512437,50,-0.495024874,0.499999999,0.5
1.301,49.7512437,50,-0.495024874,0.499999999,0.5
1.3011,49.7512437,50,-0.495024874,0.499999999,0.5
1.3012,49.7512437,50,-0.495024874,0.499999999,0.5
1.3013,49.7512437,50,-0.495024874,0.499999999,0.5
1.3014,49.7512437,50,-0.495024874,0.499999999,0.5
1.3015,49.7512437,50,-0.495024874,0.499999999,0.5
1.3016,49.7512437,50,-0.495024874,0.499999999,0.5
1.3017,49.7512437,50,-0.495024874,0.499999999,0.5
1.3018,49.7512437,50,-0.495024874,0.499999999,0.5
1.3019,49.7512437,50,-0.495024874,0.499999999,0.5
1.302,49.7512437,50,-0.495024874,0.499999999,0.5
1.3021,49.7512437,50,-0.495024874,0.499999999,0.5
1.3022,49.7512437,50,-0.495024874,0.499999999,0.5
1.3023,49.7512437,50,-0.495024874,0.499999999,0.5
1.3024,49.7512437,50,-0.495024874,0.499999999,0.5
1.3025,49.7512437,50,-0.495024874,0.499999999,0.5
1.3026,49.7512437,50,-0.495024874,0.499999999,0.5
1.3027,49.7512437,50,-0.495024874,0.499999999,0.5
1.3028,49.7512437,50,-0.495024874,0.499999999,0.5
1.3029,49.7512437,50,-0.495024874,0.499999999,0.5
1.303,49.7512437,50,-0.495024874,0.499999999,0.5
1.3031,49.7512437,50,-0.495024874,0.499999999,0.5
1.3032,49.7512437,50,-0.495024874,0.499999999,0.5
1.3033,49.7512437,50,-0.495024874,0.499999999,0.5
1.3034,49.7512437,50,-0.495024874,0.499999999,0.5
1.3035,49.7512437,50,-0.495024874,0.499999999,0.5
1.3036,49.7512437,50,-0.495024874,0.499999999,0.5
1.3037,49.7512437,50,-0.495024874,0.499999999,0.5
1.3038,49.7512437,50,-0.495024874,0.499999999,0.5
1.3039,49.7512437,50,-0.495024874,0.499999999,0.5
1.304,49.7512437,50,-0.495024874,0.499999999,0.5
1.3041,49.7512437,50,-0.495024874,0.499999999,0.5
1.3042,49.7512437,50,-0.495024874,0.499999999,0.5
1.3043,49.7512437,50,-0.495024874,0.499999999,0.5
1.3044,49.7512438,50,-0.495024874,0.499999999,0.5
1.3045,49.7512438,50,-0.495024874,0.499999999,0.5
1.3046,49.7512438,50,-0.495024874,0.499999999,0.5
1.3047,49.7512438,50,-0.495024874,0.499999999,0.5
1.3048,49.7512438,50,-0.495024874,0.499999999,0.5
1.3049,49.7512438,50,-0.495024874,0.499999999,0.5
1.305,49.7512438,50,-0.495024874,0.499999999,0.5
1.3051,49.7512438,50,-0.495024874,0.499999999,0.5
1.3052,49.7512438,50,-0.495024874,0.499999999,0.5
1.3053,49.7512438,50,-0.495024874,0.499999999,0.5
1.3054,49.7512438,50,-0.495024874,0.499999999,0.5
1.3055,49.7512438,50,-0.495024874,0.499999999,0.5
1.3056,49.7512438,50,-0.495024874,0.499999999,0.5
1.3057,49.7512438,50,-0.495024874,0.499999999,0.5
1.3058,49.7512438,50,-0.495024874,0.499999999,0.5
1.3059,49.7512438,50,-0.495024874,0.499999999,0.5
1.306,49.7512438,50,-0.495024874,0.499999999,0.5
1.3061,49.7512438,50,-0.495024874,0.499999999,0.5
1.3062,49.7512438,50,-0.495024874,0.499999999,0.5
1.3063,49.7512438,50,-0.495024874,0.499999999,0.5
1.3064,49.7512438,50,-0.495024874,0.499999999,0.5
1.3065,49.7512438,50,-0.495024874,0.499999999,0.5
1.3066,49.7512438,50,-0.495024874,0.499999999,0.5
1.3067,49.7512438,50,-0.495024874,0.499999999,0.5
1.3068,49.7512438,50,-0.495024874,0.499999999,0.5
1.3069,49.7512438,50,-0.495024874,0.499999999,0.5
1.307,49.7512438,50,-0.495024874,0.499999999,0.5
1.3071,49.7512438,50,-0.495024874,0.499999999,0.5
1.3072,49.7512438,50,-0.495024874,0.499999999,0.5
1.3073,49.7512438,50,-0.495024874,0.499999999,0.5
1.3074,49.7512438,50,-0.495024874,0.499999999,0.5
1.3075,49.7512438,50,-0.495024874,0.499999999,0.5
1.3076,49.7512438,50,-0.495024874,0.499999999,0.5
1.3077,49.7512438,50,-0.495024874,0.499999999,0.5
1.3078,49.7512438,50,-0.495024874,0.499999999,0.5
1.3079,49.7512438,50,-0.495024874,0.499999999,0.5
1.308,49.7512438,50,-0.495024874,0.499999999,0.5
1.3081,49.7512438,50,-0.495024874,0.499999999,0.5
1.3082,49.7512438,50,-0.495024874,0.499999999,0.5
1.3083,49.7512438,50,-0.495024874,0.499999999,0.5
1.3084,49.7512438,50,-0.495024874,0.499999999,0.5
1.3085,49.7512438,50,-0.495024874,0.499999999,0.5
1.3086,49.7512438,50,-0.495024874,0.499999999,0.5
1.3087,49.7512438,50,-0.495024874,0.499999999,0.5
1.3088,49.7512438,50,-0.495024874,0.499999999,0.5
1.3089,49.7512438,50,-0.495024874,0.499999999,0.5
1.309,49.7512438,50,-0.495024874,0.499999999,0.5
1.3091,49.7512438,50,-0.495024874,0.499999999,0.5
1.3092,49.7512438,50,-0.495024874,0.499999999,0.5
1.3093,49.7512438,50,-0.495024874,0.499999999,0.5
1.3094,49.7512438,50,-0.495024874,0.499999999,0.5
1.3095,49.7512438,50,-0.495024874,0.499999999,0.5
1.3096,49.7512438,50,-0.495024874,0.499999999,0.5
1.3097,49.7512438,50,-0.495024874,0.499999999,0.5
1.3098,49.7512438,50,-0.495024874,0.499999999,0.5
1.3099,49.7512438,50,-0.495024874,0.499999999,0.5
1.31,49.7512438,50,-0.495024874,0.499999999,0.5
1.3101,49.7512438,50,-0.495024875,0.499999999,0.5
1.3102,49.7512438,50,-0.495024875,0.499999999,0.5
1.3103,49.7512438,50,-0.495024875,0.499999999,0.5
1.3104,49.7512438,50,-0.495024875,0.499999999,0.5
1.3105,49.7512438,50,-0.495024875,0.499999999,0.5
1.3106,49.7512438,50,-0.495024875,0.499999999,0.5
1.3107,49.7512438,50,-0.495024875,0.499999999,0.5
1.3108,49.7512438,50,-0.495024875,0.499999999,0.5
1.3109,49.7512438,50,-0.495024875,0.499999999,0.5
1.311,49.7512438,50,-0.495024875,0.499999999,0.5
1.3111,49.7512438,50,-0.495024875,0.499999999,0.5
1.3112,49.7512438,50,-0.495024875,0.499999999,0.5
1.3113,49.7512438,50,-0.495024875,0.499999999,0.5
1.3114,49.7512438,50,-0.495024875,0.499999999,0.5
1.3115,49.7512438,50,-0.495024875,0.499999999,0.5
1.3116,49.7512438,50,-0.495024875,0.499999999,0.5
1.3117,49.7512438,50,-0.495024875,0.499999999,0.5
1.3118,49.7512438,50,-0.495024875,0.499999999,0.5
1.3119,49.7512438,50,-0.495024875,0.499999999,0.5
1.312,49.7512438,50,-0.495024875,0.499999999,0.5
1.3121,49.7512438,50,-0.495024875,0.499999999,0.5
1.3122,49.7512438,50,-0.495024875,0.499999999,0.5
1.3123,49.7512438,50,-0.495024875,0.499999999,0.5
1.3124,49.7512438,50,-0.495024875,0.499999999,0.5
1.3125,49.7512438,50,-0.495024875,0.499999999,0.5
1.3126,49.7512438,50,-0.495024875,0.499999999,0.5
1.3127,49.7512438,50,-0.495024875,0.499999999,0.5
1.3128,49.7512438,50,-0.495024875,0.499999999,0.5
1.3129,49.7512438,50,-0.495024875,0.499999999,0.5
1.313,49.7512438,50,-0.495024875,0.499999999,0.5
1.3131,49.7512438,50,-0.495024875,0.499999999,0.5
1.3132,49.7512438,50,-0.495024875,0.499999999,0.5
1.3133,49.7512438,50,-0.495024875,0.499999999,0.5
1.3134,49.7512438,50,-0.495024875,0.499999999,0.5
1.3135,49.7512438,50,-0.495024875,0.499999999,0.5
1.3136,49.7512438,50,-0.495024875,0.499999999,0.5
1.3137,49.7512438,50,-0.495024875,0.499999999,0.5
1.3138,49.7512438,50,-0.495024875,0.499999999,0.5
1.3139,49.7512438,50,-0.495024875,0.499999999,0.5
1.314,49.7512438,50,-0.495024875,0.499999999,0.5
1.3141,49.7512438,50,-0.495024875,0.499999999,0.5
1.3142,49.7512438,50,-0.495024875,0.499999999,0.5
1.3143,49.7512438,50,-0.495024875,0.499999999,0.5
1.3144,49.7512438,50,-0.495024875,0.499999999,0.5
1.3145,49.7512438,50,-0.495024875,0.499999999,0.5
1.3146,49.7512438,50,-0.495024875,0.499999999,0.5
1.3147,49.7512438,50,-0.495024875,0.499999999,0.5
1.3148,49.7512438,50,-0.495024875,0.499999999,0.5
1.3149,49.7512438,50,-0.495024875,0.499999999,0.5
1.315,49.7512438,50,-0.495024875,0.499999999,0.5
1.3151,49.7512438,50,-0.495024875,0.499999999,0.5
1.3152,49.7512438,50,-0.495024875,0.499999999,0.5
1.3153,49.7512438,50,-0.495024875,0.499999999,0.5
1.3154,49.7512438,50,-0.495024875,0.499999999,0.5
1.3155,49.7512438,50,-0.495024875,0.499999999,0.5
1.3156,49.7512438,50,-0.495024875,0.499999999,0.5
1.3157,49.7512438,50,-0.495024875,0.499999999,0.5
1.3158,49.7512438,50,-0.495024875,0.499999999,0.5
1.3159,49.7512438,50,-0.495024875,0.499999999,0.5
1.316,49.7512438,50,-0.495024875,0.499999999,0.5
1.3161,49.7512438,50,-0.495024875,0.5,0.5
1.3162,49.7512438,50,-0.495024875,0.5,0.5
1.3163,49.7512438,50,-0.495024875,0.5,0.5
1.3164,49.7512438,50,-0.495024875,0.5,0.5
1.3165,49.7512438,50,-0.495024875,0.5,0.5
1.3166,49.7512438,50,-0.495024875,0.5,0.5
1.3167,49.7512438,50,-0.495024875,0.5,0.5
1.3168,49.7512438,50,-0.495024875,0.5,0.5
1.3169,49.7512438,50,-0.495024875,0.5,0.5
1.317,49.7512438,50,-0.495024875,0.5,0.5
1.3171,49.7512438,50,-0.495024875,0.5,0.5
1.3172,49.7512438,50,-0.495024875,0.5,0.5
1.3173,49.7512438,50,-0.495024875,0.5,0.5
1.3174,49.7512438,50,-0.495024875,0.5,0.5
1.3175,49.7512438,50,-0.495024875,0.5,0.5
1.3176,49.7512438,50,-0.495024875,0.5,0.5
1.3177,49.7512438,50,-0.495024875,0.5,0.5
1.3178,49.7512438,50,-0.495024875,0.5,0.5
1.3179,49.7512438,50,-0.495024875,0.5,0.5
1.318,49.7512438,50,-0.495024875,0.5,0.5
1.3181,49.7512438,50,-0.495024875,0.5,0.5
1.3182,49.7512438,50,-0.495024875,0.5,0.5
1.3183,49.7512438,50,-0.495024875,0.5,0.5
1.3184,49.7512438,50,-0.495024875,0.5,0.5
1.3185,49.7512438,50,-0.495024875,0.5,0.5
1.3186,49.7512438,50,-0.495024875,0.5,0.5
1.3187,49.7512438,50,-0.495024875,0.5,0.5
1.3188,49.7512438,50,-0.495024875,0.5,0.5
1.3189,49.7512438,50,-0.495024875,0.5,0.5
1.319,49.7512438,50,-0.495024875,0.5,0.5
1.3191,49.7512438,50,-0.495024875,0.5,0.5
1.3192,49.7512438,50,-0.495024875,0.5,0.5
1.3193,49.7512438,50,-0.495024875,0.5,0.5
1.3194,49.7512438,50,-0.495024875,0.5,0.5
1.3195,49.7512438,50,-0.495024875,0.5,0.5
1.3196,49.7512438,50,-0.495024875,0.5,0.5
1.3197,49.7512438,50,-0.495024875,0.5,0.5
1.3198,49.7512438,50,-0.495024875,0.5,0.5
1.3199,49.7512438,50,-0.495024875,0.5,0.5
1.32,49.7512438,50,-0.495024875,0.5,0.5
1.3201,49.7512438,50,-0.495024875,0.5,0.5
1.3202,49.7512438,50,-0.495024875,0.5,0.5
1.3203,49.7512438,50,-0.495024875,0.5,0.5
1.3204,49.7512438,50,-0.495024875,0.5,0.5
1.3205,49.7512438,50,-0.495024875,0.5,0.5
1.3206,49.7512438,50,-0.495024875,0.5,0.5
1.3207,49.7512438,50,-0.495024875,0.5,0.5
1.3208,49.7512438,50,-0.495024875,0.5,0.5
1.3209,49.7512438,50,-0.495024875,0.5,0.5
1.321,49.7512438,50,-0.495024875,0.5,0.5
1.3211,49.7512438,50,-0.495024875,0.5,0.5
1.3212,49.7512438,50,-0.495024875,0.5,0.5
1.3213,49.7512438,50,-0.495024875,0.5,0.5
1.3214,49.7512438,50,-0.495024875,0.5,0.5
1.3215,49.7512438,50,-0.495024875,0.5,0.5
1.3216,49.7512438,50,-0.495024875,0.5,0.5
1.3217,49.7512438,50,-0.495024875,0.5,0.5
1.3218,49.7512438,50,-0.495024875,0.5,0.5
1.3219,49.7512438,50,-0.495024875,0.5,0.5
1.322,49.7512438,50,-0.495024875,0.5,0.5
1.3221,49.7512438,50,-0.495024875,0.5,0.5
1.3222,49.7512438,50,-0.495024875,0.5,0.5
1.3223,49.7512438,50,-0.495024875,0.5,0.5
1.3224,49.7512438,50,-0.495024875,0.5,0.5
1.3225,49.7512438,50,-0.495024875,0.5,0.5
1.3226,49.7512438,50,-0.495024875,0.5,0.5
1.3227,49.7512438,50,-0.495024875,0.5,0.5
1.3228,49.7512438,50,-0.495024875,0.5,0.5
1.3229,49.7512438,50,-0.495024875,0.5,0.5
1.323,49.7512438,50,-0.495024875,0.5,0.5
1.3231,49.7512438,50,-0.495024875,0.5,0.5
1.3232,49.7512438,50,-0.495024875,0.5,0.5
1.3233,49.7512438,50,-0.495024875,0.5,0.5
1.3234,49.7512438,50,-0.495024875,0.5,0.5
1.3235,49.7512438,50,-0.495024875,0.5,0.5
1.3236,49.7512438,50,-0.495024875,0.5,0.5
1.3237,49.7512438,50,-0.495024875,0.5,0.5
1.3238,49.7512438,50,-0.495024875,0.5,0.5
1.3239,49.7512438,50,-0.495024875,0.5,0.5
1.324,49.7512438,50,-0.495024875,0.5,0.5
1.3241,49.7512438,50,-0.495024875,0.5,0.5
1.3242,49.7512438,50,-0.495024875,0.5,0.5
1.3243,49.7512438,50,-0.495024875,0.5,0.5
1.3244,49.7512438,50,-0.495024875,0.5,0.5
1.3245,49.7512438,50,-0.495024875,0.5,0.5
1.3246,49.7512438,50,-0.495024875,0.5,0.5
1.3247,49.7512438,50,-0.495024875,0.5,0.5
1.3248,49.7512438,50,-0.495024875,0.5,0.5
1.3249,49.7512438,50,-0.495024875,0.5,0.5
1.325,49.7512438,50,-0.495024875,0.5,0.5
1.3251,49.7512438,50,-0.495024875,0.5,0.5
1.3252,49.7512438,50,-0.495024875,0.5,0.5
1.3253,49.7512438,50,-0.495024875,0.5,0.5
1.3254,49.7512438,50,-0.495024875,0.5,0.5
1.3255,49.7512438,50,-0.495024875,0.5,0.5
1.3256,49.7512438,50,-0.495024875,0.5,0.5
1.3257,49.7512438,50,-0.495024875,0.5,0.5
1.3258,49.7512438,50,-0.495024875,0.5,0.5
1.3259,49.7512438,50,-0.495024875,0.5,0.5
1.326,49.7512438,50,-0.495024875,0.5,0.5
1.3261,49.7512438,50,-0.495024875,0.5,0.5
1.3262,49.7512438,50,-0.495024875,0.5,0.5
1.3263,49.7512438,50,-0.495024875,0.5,0.5
1.3264,49.7512438,50,-0.495024875,0.5,0.5
1.3265,49.7512438,50,-0.495024875,0.5,0.5
1.3266,49.7512438,50,-0.495024875,0.5,0.5
1.3267,49.7512438,50,-0.495024875,0.5,0.5
1.3268,49.7512438,50,-0.495024875,0.5,0.5
1.3269,49.7512438,50,-0.495024875,0.5,0.5
1.327,49.7512438,50,-0.495024875,0.5,0.5
1.3271,49.7512438,50,-0.495024875,0.5,0.5
1.3272,49.7512438,50,-0.495024875,0.5,0.5
1.3273,49.7512438,50,-0.495024875,0.5,0.5
1.3274,49.7512438,50,-0.495024875,0.5,0.5
1.3275,49.7512438,50,-0.495024875,0.5,0.5
1.3276,49.7512438,50,-0.495024875,0.5,0.5
1.3277,49.7512438,50,-0.495024875,0.5,0.5
1.3278,49.7512438,50,-0.495024875,0.5,0.5
1.3279,49.7512438,50,-0.495024875,0.5,0.5
1.328,49.7512438,50,-0.495024875,0.5,0.5
1.3281,49.7512438,50,-0.495024876,0.5,0.5
1.3282,49.7512438,50,-0.495024876,0.5,0.5
1.3283,49.7512438,50,-0.495024876,0.5,0.5
1.3284,49.7512438,50,-0.495024876,0.5,0.5
1.3285,49.7512438,50,-0.495024876,0.5,0.5
1.3286,49.7512438,50,-0.495024876,0.5,0.5
1.3287,49.7512438,50,-0.495024876,0.5,0.5
1.3288,49.7512438,50,-0.495024876,0.5,0.5
1.3289,49.7512438,50,-0.495024876,0.5,0.5
1.329,49.7512438,50,-0.495024876,0.5,0.5
1.3291,49.7512438,50,-0.495024876,0.5,0.5
1.3292,49.7512438,50,-0.495024876,0.5,0.5
1.3293,49.7512438,50,-0.495024876,0.5,0.5
1.3294,49.7512438,50,-0.495024876,0.5,0.5
1.3295,49.7512438,50,-0.495024876,0.5,0.5
1.3296,49.7512438,50,-0.495024876,0.5,0.5
1.3297,49.7512438,50,-0.495024876,0.5,0.5
1.3298,49.7512438,50,-0.495024876,0.5,0.5
1.3299,49.7512438,50,-0.495024876,0.5,0.5
1.33,49.7512438,50,-0.495024876,0.5,0.5
1.3301,49.7512438,50,-0.495024876,0.5,0.5
1.3302,49.7512438,50,-0.495024876,0.5,0.5
1.3303,49.7512438,50,-0.495024876,0.5,0.5
1.3304,49.7512438,50,-0.495024876,0.5,0.5
1.3305,49.7512438,50,-0.495024876,0.5,0.5
1.3306,49.7512438,50,-0.495024876,0.5,0.5
1.3307,49.7512438,50,-0.495024876,0.5,0.5
1.3308,49.7512438,50,-0.495024876,0.5,0.5
1.3309,49.7512438,50,-0.495024876,0.5,0.5
1.331,49.7512438,50,-0.495024876,0.5,0.5
1.3311,49.7512438,50,-0.495024876,0.5,0.5
1.3312,49.7512438,50,-0.495024876,0.5,0.5
1.3313,49.7512438,50,-0.495024876,0.5,0.5
1.3314,49.7512438,50,-0.495024876,0.5,0.5
1.3315,49.7512438,50,-0.495024876,0.5,0.5
1.3316,49.7512438,50,-0.495024876,0.5,0.5
1.3317,49.7512438,50,-0.495024876,0.5,0.5
1.3318,49.7512438,50,-0.495024876,0.5,0.5
1.3319,49.7512438,50,-0.495024876,0.5,0.5
1.332,49.7512438,50,-0.495024876,0.5,0.5
1.3321,49.7512438,50,-0.495024876,0.5,0.5
1.3322,49.7512438,50,-0.495024876,0.5,0.5
1.3323,49.7512438,50,-0.495024876,0.5,0.5
1.3324,49.7512438,50,-0.495024876,0.5,0.5
1.3325,49.7512438,50,-0.495024876,0.5,0.5
1.3326,49.7512438,50,-0.495024876,0.5,0.5
1.3327,49.7512438,50,-0.495024876,0.5,0.5
1.3328,49.7512438,50,-0.495024876,0.5,0.5
1.3329,49.7512438,50,-0.495024876,0.5,0.5
1.333,49.7512438,50,-0.495024876,0.5,0.5
1.3331,49.7512438,50,-0.495024876,0.5,0.5
1.3332,49.7512438,50,-0.495024876,0.5,0.5
1.3333,49.7512438,50,-0.495024876,0.5,0.5
1.3334,49.7512438,50,-0.495024876,0.5,0.5
1.3335,49.7512438,50,-0.495024876,0.5,0.5
1.3336,49.7512438,50,-0.495024876,0.5,0.5
1.3337,49.7512438,50,-0.495024876,0.5,0.5
1.3338,49.7512438,50,-0.495024876,0.5,0.5
1.3339,49.7512438,50,-0.495024876,0.5,0.5
1.334,49.7512438,50,-0.495024876,0.5,0.5
1.3341,49.7512438,50,-0.495024876,0.5,0.5
1.3342,49.7512438,50,-0.495024876,0.5,0.5
1.3343,49.7512438,50,-0.495024876,0.5,0.5
1.3344,49.7512438,50,-0.495024876,0.5,0.5
1.3345,49.7512438,50,-0.495024876,0.5,0.5
1.3346,49.7512438,50,-0.495024876,0.5,0.5
1.3347,49.7512438,50,-0.495024876,0.5,0.5
1.3348,49.7512438,50,-0.495024876,0.5,0.5
1.3349,49.7512438,50,-0.495024876,0.5,0.5
1.335,49.7512438,50,-0.495024876,0.5,0.5
1.3351,49.7512438,50,-0.495024876,0.5,0.5
1.3352,49.7512438,50,-0.495024876,0.5,0.5
1.3353,49.7512438,50,-0.495024876,0.5,0.5
1.3354,49.7512438,50,-0.495024876,0.5,0.5
1.3355,49.7512438,50,-0.495024876,0.5,0.5
1.3356,49.7512438,50,-0.495024876,0.5,0.5
1.3357,49.7512438,50,-0.495024876,0.5,0.5
1.3358,49.7512438,50,-0.495024876,0.5,0.5
1.3359,49.7512438,50,-0.495024876,0.5,0.5
1.336,49.7512438,50,-0.495024876,0.5,0.5
1.3361,49.7512438,50,-0.495024876,0.5,0.5
1.3362,49.7512438,50,-0.495024876,0.5,0.5
1.3363,49.7512438,50,-0.495024876,0.5,0.5
1.3364,49.7512438,50,-0.495024876,0.5,0.5
1.3365,49.7512438,50,-0.495024876,0.5,0.5
1.3366,49.7512438,50,-0.495024876,0.5,0.5
1.3367,49.7512438,50,-0.495024876,0.5,0.5
1.3368,49.7512438,50,-0.495024876,0.5,0.5
1.3369,49.7512438,50,-0.495024876,0.5,0.5
1.337,49.7512438,50,-0.495024876,0.5,0.5
1.3371,49.7512438,50,-0.495024876,0.5,0.5
1.3372,49.7512438,50,-0.495024876,0.5,0.5
1.3373,49.7512438,50,-0.495024876,0.5,0.5
1.3374,49.7512438,50,-0.495024876,0.5,0.5
1.3375,49.7512438,50,-0.495024876,0.5,0.5
1.3376,49.7512438,50,-0.495024876,0.5,0.5
1.3377,49.7512438,50,-0.495024876,0.5,0.5
1.3378,49.7512438,50,-0.495024876,0.5,0.5
1.3379,49.7512438,50,-0.495024876,0.5,0.5
1.338,49.7512438,50,-0.495024876,0.5,0.5
1.3381,49.7512438,50,-0.495024876,0.5,0.5
1.3382,49.7512438,50,-0.495024876,0.5,0.5
1.3383,49.7512438,50,-0.495024876,0.5,0.5
1.3384,49.7512438,50,-0.495024876,0.5,0.5
1.3385,49.7512438,50,-0.495024876,0.5,0.5
1.3386,49.7512438,50,-0.495024876,0.5,0.5
1.3387,49.7512438,50,-0.495024876,0.5,0.5
1.3388,49.7512438,50,-0.495024876,0.5,0.5
1.3389,49.7512438,50,-0.495024876,0.5,0.5
1.339,49.7512438,50,-0.495024876,0.5,0.5
1.3391,49.7512438,50,-0.495024876,0.5,0.5
1.3392,49.7512438,50,-0.495024876,0.5,0.5
1.3393,49.7512438,50,-0.495024876,0.5,0.5
1.3394,49.7512438,50,-0.495024876,0.5,0.5
1.3395,49.7512438,50,-0.495024876,0.5,0.5
1.3396,49.7512438,50,-0.495024876,0.5,0.5
1.3397,49.7512438,50,-0.495024876,0.5,0.5
1.3398,49.7512438,50,-0.495024876,0.5,0.5
1.3399,49.7512438,50,-0.495024876,0.5,0.5
1.34,49.7512438,50,-0.495024876,0.5,0.5
1.3401,49.7512438,50,-0.495024876,0.5,0.5
1.3402,49.7512438,50,-0.495024876,0.5,0.5
1.3403,49.7512438,50,-0.495024876,0.5,0.5
1.3404,49.7512438,50,-0.495024876,0.5,0.5
1.3405,49.7512438,50,-0.495024876,0.5,0.5
1.3406,49.7512438,50,-0.495024876,0.5,0.5
1.3407,49.7512438,50,-0.495024876,0.5,0.5
1.3408,49.7512438,50,-0.495024876,0.5,0.5
1.3409,49.7512438,50,-0.495024876,0.5,0.5
1.341,49.7512438,50,-0.495024876,0.5,0.5
1.3411,49.7512438,50,-0.495024876,0.5,0.5
1.3412,49.7512438,50,-0.495024876,0.5,0.5
1.3413,49.7512438,50,-0.495024876,0.5,0.5
1.3414,49.7512438,50,-0.495024876,0.5,0.5
1.3415,49.7512438,50,-0.495024876,0.5,0.5
1.3416,49.7512438,50,-0.495024876,0.5,0.5
1.3417,49.7512438,50,-0.495024876,0.5,0.5
1.3418,49.7512438,50,-0.495024876,0.5,0.5
1.3419,49.7512438,50,-0.495024876,0.5,0.5
1.342,49.7512438,50,-0.495024876,0.5,0.5
1.3421,49.7512438,50,-0.495024876,0.5,0.5
1.3422,49.7512438,50,-0.495024876,0.5,0.5
1.3423,49.7512438,50,-0.495024876,0.5,0.5
1.3424,49.7512438,50,-0.495024876,0.5,0.5
1.3425,49.7512438,50,-0.495024876,0.5,0.5
1.3426,49.7512438,50,-0.495024876,0.5,0.5
1.3427,49.7512438,50,-0.495024876,0.5,0.5
1.3428,49.7512438,50,-0.495024876,0.5,0.5
1.3429,49.7512438,50,-0.495024876,0.5,0.5
1.343,49.7512438,50,-0.495024876,0.5,0.5
1.3431,49.7512438,50,-0.495024876,0.5,0.5
1.3432,49.7512438,50,-0.495024876,0.5,0.5
1.3433,49.7512438,50,-0.495024876,0.5,0.5
1.3434,49.7512438,50,-0.495024876,0.5,0.5
1.3435,49.7512438,50,-0.495024876,0.5,0.5
1.3436,49.7512438,50,-0.495024876,0.5,0.5
1.3437,49.7512438,50,-0.495024876,0.5,0.5
1.3438,49.7512438,50,-0.495024876,0.5,0.5
1.3439,49.7512438,50,-0.495024876,0.5,0.5
1.344,49.7512438,50,-0.495024876,0.5,0.5
1.3441,49.7512438,50,-0.495024876,0.5,0.5
1.3442,49.7512438,50,-0.495024876,0.5,0.5
1.3443,49.7512438,50,-0.495024876,0.5,0.5
1.3444,49.7512438,50,-0.495024876,0.5,0.5
1.3445,49.7512438,50,-0.495024876,0.5,0.5
1.3446,49.7512438,50,-0.495024876,0.5,0.5
1.3447,49.7512438,50,-0.495024876,0.5,0.5
1.3448,49.7512438,50,-0.495024876,0.5,0.5
1.3449,49.7512438,50,-0.495024876,0.5,0.5
1.345,49.7512438,50,-0.495024876,0.5,0.5
1.3451,49.7512438,50,-0.495024876,0.5,0.5
1.3452,49.7512438,50,-0.495024876,0.5,0.5
1.3453,49.7512438,50,-0.495024876,0.5,0.5
1.3454,49.7512438,50,-0.495024876,0.5,0.5
1.3455,49.7512438,50,-0.495024876,0.5,0.5
1.3456,49.7512438,50,-0.495024876,0.5,0.5
1.3457,49.7512438,50,-0.495024876,0.5,0.5
1.3458,49.7512438,50,-0.495024876,0.5,0.5
1.3459,49.7512438,50,-0.495024876,0.5,0.5
1.346,49.7512438,50,-0.495024876,0.5,0.5
1.3461,49.7512438,50,-0.495024876,0.5,0.5
1.3462,49.7512438,50,-0.495024876,0.5,0.5
1.3463,49.7512438,50,-0.495024876,0.5,0.5
1.3464,49.7512438,50,-0.495024876,0.5,0.5
1.3465,49.7512438,50,-0.495024876,0.5,0.5
1.3466,49.7512438,50,-0.495024876,0.5,0.5
1.3467,49.7512438,50,-0.495024876,0.5,0.5
1.3468,49.7512438,50,-0.495024876,0.5,0.5
1.3469,49.7512438,50,-0.495024876,0.5,0.5
1.347,49.7512438,50,-0.495024876,0.5,0.5
1.3471,49.7512438,50,-0.495024876,0.5,0.5
1.3472,49.7512438,50,-0.495024876,0.5,0.5
1.3473,49.7512438,50,-0.495024876,0.5,0.5
1.3474,49.7512438,50,-0.495024876,0.5,0.5
1.3475,49.7512438,50,-0.495024876,0.5,0.5
1.3476,49.7512438,50,-0.495024876,0.5,0.5
1.3477,49.7512438,50,-0.495024876,0.5,0.5
1.3478,49.7512438,50,-0.495024876,0.5,0.5
1.3479,49.7512438,50,-0.495024876,0.5,0.5
1.348,49.7512438,50,-0.495024876,0.5,0.5
1.3481,49.7512438,50,-0.495024876,0.5,0.5
1.3482,49.7512438,50,-0.495024876,0.5,0.5
1.3483,49.7512438,50,-0.495024876,0.5,0.5
1.3484,49.7512438,50,-0.495024876,0.5,0.5
1.3485,49.7512438,50,-0.495024876,0.5,0.5
1.3486,49.7512438,50,-0.495024876,0.5,0.5
1.3487,49.7512438,50,-0.495024876,0.5,0.5
1.3488,49.7512438,50,-0.495024876,0.5,0.5
1.3489,49.7512438,50,-0.495024876,0.5,0.5
1.349,49.7512438,50,-0.495024876,0.5,0.5
1.3491,49.7512438,50,-0.495024876,0.5,0.5
1.3492,49.7512438,50,-0.495024876,0.5,0.5
1.3493,49.7512438,50,-0.495024876,0.5,0.5
1.3494,49.7512438,50,-0.495024876,0.5,0.5
1.3495,49.7512438,50,-0.495024876,0.5,0.5
1.3496,49.7512438,50,-0.495024876,0.5,0.5
1.3497,49.7512438,50,-0.495024876,0.5,0.5
1.3498,49.7512438,50,-0.495024876,0.5,0.5
1.3499,49.7512438,50,-0.495024876,0.5,0.5
1.35,49.7512438,50,-0.495024876,0.5,0.5
1.3501,49.7512438,50,-0.495024876,0.5,0.5
1.3502,49.7512438,50,-0.495024876,0.5,0.5
1.3503,49.7512438,50,-0.495024876,0.5,0.5
1.3504,49.7512438,50,-0.495024876,0.5,0.5
1.3505,49.7512438,50,-0.495024876,0.5,0.5
1.3506,49.7512438,50,-0.495024876,0.5,0.5
1.3507,49.7512438,50,-0.495024876,0.5,0.5
1.3508,49.7512438,50,-0.495024876,0.5,0.5
1.3509,49.7512438,50,-0.495024876,0.5,0.5
1.351,49.7512438,50,-0.495024876,0.5,0.5
1.3511,49.7512438,50,-0.495024876,0.5,0.5
1.3512,49.7512438,50,-0.495024876,0.5,0.5
1.3513,49.7512438,50,-0.495024876,0.5,0.5
1.3514,49.7512438,50,-0.495024876,0.5,0.5
1.3515,49.7512438,50,-0.495024876,0.5,0.5
1.3516,49.7512438,50,-0.495024876,0.5,0.5
1.3517,49.7512438,50,-0.495024876,0.5,0.5
1.3518,49.7512438,50,-0.495024876,0.5,0.5
1.3519,49.7512438,50,-0.495024876,0.5,0.5
1.352,49.7512438,50,-0.495024876,0.5,0.5
1.3521,49.7512438,50,-0.495024876,0.5,0.5
1.3522,49.7512438,50,-0.495024876,0.5,0.5
1.3523,49.7512438,50,-0.495024876,0.5,0.5
1.3524,49.7512438,50,-0.495024876,0.5,0.5
1.3525,49.7512438,50,-0.495024876,0.5,0.5
1.3526,49.7512438,50,-0.495024876,0.5,0.5
1.3527,49.7512438,50,-0.495024876,0.5,0.5
1.3528,49.7512438,50,-0.495024876,0.5,0.5
1.3529,49.7512438,50,-0.495024876,0.5,0.5
1.353,49.7512438,50,-0.495024876,0.5,0.5
1.3531,49.7512438,50,-0.495024876,0.5,0.5
1.3532,49.7512438,50,-0.495024876,0.5,0.5
1.3533,49.7512438,50,-0.495024876,0.5,0.5
1.3534,49.7512438,50,-0.495024876,0.5,0.5
1.3535,49.7512438,50,-0.495024876,0.5,0.5
1.3536,49.7512438,50,-0.495024876,0.5,0.5
1.3537,49.7512438,50,-0.495024876,0.5,0.5
1.3538,49.7512438,50,-0.495024876,0.5,0.5
1.3539,49.7512438,50,-0.495024876,0.5,0.5
1.354,49.7512438,50,-0.495024876,0.5,0.5
1.3541,49.7512438,50,-0.495024876,0.5,0.5
1.3542,49.7512438,50,-0.495024876,0.5,0.5
1.3543,49.7512438,50,-0.495024876,0.5,0.5
1.3544,49.7512438,50,-0.495024876,0.5,0.5
1.3545,49.7512438,50,-0.495024876,0.5,0.5
1.3546,49.7512438,50,-0.495024876,0.5,0.5
1.3547,49.7512438,50,-0.495024876,0.5,0.5
1.3548,49.7512438,50,-0.495024876,0.5,0.5
1.3549,49.7512438,50,-0.495024876,0.5,0.5
1.355,49.7512438,50,-0.495024876,0.5,0.5
1.3551,49.7512438,50,-0.495024876,0.5,0.5
1.3552,49.7512438,50,-0.495024876,0.5,0.5
1.3553,49.7512438,50,-0.495024876,0.5,0.5
1.3554,49.7512438,50,-0.495024876,0.5,0.5
1.3555,49.7512438,50,-0.495024876,0.5,0.5
1.3556,49.7512438,50,-0.495024876,0.5,0.5
1.3557,49.7512438,50,-0.495024876,0.5,0.5
1.3558,49.7512438,50,-0.495024876,0.5,0.5
1.3559,49.7512438,50,-0.495024876,0.5,0.5
1.356,49.7512438,50,-0.495024876,0.5,0.5
1.3561,49.7512438,50,-0.495024876,0.5,0.5
1.3562,49.7512438,50,-0.495024876,0.5,0.5
1.3563,49.7512438,50,-0.495024876,0.5,0.5
1.3564,49.7512438,50,-0.495024876,0.5,0.5
1.3565,49.7512438,50,-0.495024876,0.5,0.5
1.3566,49.7512438,50,-0.495024876,0.5,0.5
1.3567,49.7512438,50,-0.495024876,0.5,0.5
1.3568,49.7512438,50,-0.495024876,0.5,0.5
1.3569,49.7512438,50,-0.495024876,0.5,0.5
1.357,49.7512438,50,-0.495024876,0.5,0.5
1.3571,49.7512438,50,-0.495024876,0.5,0.5
1.3572,49.7512438,50,-0.495024876,0.5,0.5
1.3573,49.7512438,50,-0.495024876,0.5,0.5
1.3574,49.7512438,50,-0.495024876,0.5,0.5
1.3575,49.7512438,50,-0.495024876,0.5,0.5
1.3576,49.7512438,50,-0.495024876,0.5,0.5
1.3577,49.7512438,50,-0.495024876,0.5,0.5
1.3578,49.7512438,50,-0.495024876,0.5,0.5
1.3579,49.7512438,50,-0.495024876,0.5,0.5
1.358,49.7512438,50,-0.495024876,0.5,0.5
1.3581,49.7512438,50,-0.495024876,0.5,0.5
1.3582,49.7512438,50,-0.495024876,0.5,0.5
1.3583,49.7512438,50,-0.495024876,0.5,0.5
1.3584,49.7512438,50,-0.495024876,0.5,0.5
1.3585,49.7512438,50,-0.495024876,0.5,0.5
1.3586,49.7512438,50,-0.495024876,0.5,0.5
1.3587,49.7512438,50,-0.495024876,0.5,0.5
1.3588,49.7512438,50,-0.495024876,0.5,0.5
1.3589,49.7512438,50,-0.495024876,0.5,0.5
1.359,49.7512438,50,-0.495024876,0.5,0.5
1.3591,49.7512438,50,-0.495024876,0.5,0.5
1.3592,49.7512438,50,-0.495024876,0.5,0.5
1.3593,49.7512438,50,-0.495024876,0.5,0.5
1.3594,49.7512438,50,-0.495024876,0.5,0.5
1.3595,49.7512438,50,-0.495024876,0.5,0.5
1.3596,49.7512438,50,-0.495024876,0.5,0.5
1.3597,49.7512438,50,-0.495024876,0.5,0.5
1.3598,49.7512438,50,-0.495024876,0.5,0.5
1.3599,49.7512438,50,-0.495024876,0.5,0.5
1.36,49.7512438,50,-0.495024876,0.5,0.5
1.3601,49.7512438,50,-0.495024876,0.5,0.5
1.3602,49.7512438,50,-0.495024876,0.5,0.5
1.3603,49.7512438,50,-0.495024876,0.5,0.5
1.3604,49.7512438,50,-0.495024876,0.5,0.5
1.3605,49.7512438,50,-0.495024876,0.5,0.5
1.3606,49.7512438,50,-0.495024876,0.5,0.5
1.3607,49.7512438,50,-0.495024876,0.5,0.5
1.3608,49.7512438,50,-0.495024876,0.5,0.5
1.3609,49.7512438,50,-0.495024876,0.5,0.5
1.361,49.7512438,50,-0.495024876,0.5,0.5
1.3611,49.7512438,50,-0.495024876,0.5,0.5
1.3612,49.7512438,50,-0.495024876,0.5,0.5
1.3613,49.7512438,50,-0.495024876,0.5,0.5
1.3614,49.7512438,50,-0.495024876,0.5,0.5
1.3615,49.7512438,50,-0.495024876,0.5,0.5
1.3616,49.7512438,50,-0.495024876,0.5,0.5
1.3617,49.7512438,50,-0.495024876,0.5,0.5
1.3618,49.7512438,50,-0.495024876,0.5,0.5
1.3619,49.7512438,50,-0.495024876,0.5,0.5
1.362,49.7512438,50,-0.495024876,0.5,0.5
1.3621,49.7512438,50,-0.495024876,0.5,0.5
1.3622,49.7512438,50,-0.495024876,0.5,0.5
1.3623,49.7512438,50,-0.495024876,0.5,0.5
1.3624,49.7512438,50,-0.495024876,0.5,0.5
1.3625,49.7512438,50,-0.495024876,0.5,0.5
1.3626,49.7512438,50,-0.495024876,0.5,0.5
1.3627,49.7512438,50,-0.495024876,0.5,0.5
1.3628,49.7512438,50,-0.495024876,0.5,0.5
1.3629,49.7512438,50,-0.495024876,0.5,0.5
1.363,49.7512438,50,-0.495024876,0.5,0.5
1.3631,49.7512438,50,-0.495024876,0.5,0.5
1.3632,49.7512438,50,-0.495024876,0.5,0.5
1.3633,49.7512438,50,-0.495024876,0.5,0.5
1.3634,49.7512438,50,-0.495024876,0.5,0.5
1.3635,49.7512438,50,-0.495024876,0.5,0.5
1.3636,49.7512438,50,-0.495024876,0.5,0.5
1.3637,49.7512438,50,-0.495024876,0.5,0.5
1.3638,49.7512438,50,-0.495024876,0.5,0.5
1.3639,49.7512438,50,-0.495024876,0.5,0.5
1.364,49.7512438,50,-0.495024876,0.5,0.5
1.3641,49.7512438,50,-0.495024876,0.5,0.5
1.3642,49.7512438,50,-0.495024876,0.5,0.5
1.3643,49.7512438,50,-0.495024876,0.5,0.5
1.3644,49.7512438,50,-0.495024876,0.5,0.5
1.3645,49.7512438,50,-0.495024876,0.5,0.5
1.3646,49.7512438,50,-0.495024876,0.5,0.5
1.3647,49.7512438,50,-0.495024876,0.5,0.5
1.3648,49.7512438,50,-0.495024876,0.5,0.5
1.3649,49.7512438,50,-0.495024876,0.5,0.5
1.365,49.7512438,50,-0.495024876,0.5,0.5
1.3651,49.7512438,50,-0.495024876,0.5,0.5
1.3652,49.7512438,50,-0.495024876,0.5,0.5
1.3653,49.7512438,50,-0.495024876,0.5,0.5
1.3654,49.7512438,50,-0.495024876,0.5,0.5
1.3655,49.7512438,50,-0.495024876,0.5,0.5
1.3656,49.7512438,50,-0.495024876,0.5,0.5
1.3657,49.7512438,50,-0.495024876,0.5,0.5
1.3658,49.7512438,50,-0.495024876,0.5,0.5
1.3659,49.7512438,50,-0.495024876,0.5,0.5
1.366,49.7512438,50,-0.495024876,0.5,0.5
1.3661,49.7512438,50,-0.495024876,0.5,0.5
1.3662,49.7512438,50,-0.495024876,0.5,0.5
1.3663,49.7512438,50,-0.495024876,0.5,0.5
1.3664,49.7512438,50,-0.495024876,0.5,0.5
1.3665,49.7512438,50,-0.495024876,0.5,0.5
1.3666,49.7512438,50,-0.495024876,0.5,0.5
1.3667,49.7512438,50,-0.495024876,0.5,0.5
1.3668,49.7512438,50,-0.495024876,0.5,0.5
1.3669,49.7512438,50,-0.495024876,0.5,0.5
1.367,49.7512438,50,-0.495024876,0.5,0.5
1.3671,49.7512438,50,-0.495024876,0.5,0.5
1.3672,49.7512438,50,-0.495024876,0.5,0.5
1.3673,49.7512438,50,-0.495024876,0.5,0.5
1.3674,49.7512438,50,-0.495024876,0.5,0.5
1.3675,49.7512438,50,-0.495024876,0.5,0.5
1.3676,49.7512438,50,-0.495024876,0.5,0.5
1.3677,49.7512438,50,-0.495024876,0.5,0.5
1.3678,49.7512438,50,-0.495024876,0.5,0.5
1.3679,49.7512438,50,-0.495024876,0.5,0.5
1.368,49.7512438,50,-0.495024876,0.5,0.5
1.3681,49.7512438,50,-0.495024876,0.5,0.5
1.3682,49.7512438,50,-0.495024876,0.5,0.5
1.3683,49.7512438,50,-0.495024876,0.5,0.5
1.3684,49.7512438,50,-0.495024876,0.5,0.5
1.3685,49.7512438,50,-0.495024876,0.5,0.5
1.3686,49.7512438,50,-0.495024876,0.5,0.5
1.3687,49.7512438,50,-0.495024876,0.5,0.5
1.3688,49.7512438,50,-0.495024876,0.5,0.5
1.3689,49.7512438,50,-0.495024876,0.5,0.5
1.369,49.7512438,50,-0.495024876,0.5,0.5
1.3691,49.7512438,50,-0.495024876,0.5,0.5
1.3692,49.7512438,50,-0.495024876,0.5,0.5
1.3693,49.7512438,50,-0.495024876,0.5,0.5
1.3694,49.7512438,50,-0.495024876,0.5,0.5
1.3695,49.7512438,50,-0.495024876,0.5,0.5
1.3696,49.7512438,50,-0.495024876,0.5,0.5
1.3697,49.7512438,50,-0.495024876,0.5,0.5
1.3698,49.7512438,50,-0.495024876,0.5,0.5
1.3699,49.7512438,50,-0.495024876,0.5,0.5
1.37,49.7512438,50,-0.495024876,0.5,0.5
1.3701,49.7512438,50,-0.495024876,0.5,0.5
1.3702,49.7512438,50,-0.495024876,0.5,0.5
1.3703,49.7512438,50,-0.495024876,0.5,0.5
1.3704,49.7512438,50,-0.495024876,0.5,0.5
1.3705,49.7512438,50,-0.495024876,0.5,0.5
1.3706,49.7512438,50,-0.495024876,0.5,0.5
1.3707,49.7512438,50,-0.495024876,0.5,0.5
1.3708,49.7512438,50,-0.495024876,0.5,0.5
1.3709,49.7512438,50,-0.495024876,0.5,0.5
1.371,49.7512438,50,-0.495024876,0.5,0.5
1.3711,49.7512438,50,-0.495024876,0.5,0.5
1.3712,49.7512438,50,-0.495024876,0.5,0.5
1.3713,49.7512438,50,-0.495024876,0.5,0.5
1.3714,49.7512438,50,-0.495024876,0.5,0.5
1.3715,49.7512438,50,-0.495024876,0.5,0.5
1.3716,49.7512438,50,-0.495024876,0.5,0.5
1.3717,49.7512438,50,-0.495024876,0.5,0.5
1.3718,49.7512438,50,-0.495024876,0.5,0.5
1.3719,49.7512438,50,-0.495024876,0.5,0.5
1.372,49.7512438,50,-0.495024876,0.5,0.5
1.3721,49.7512438,50,-0.495024876,0.5,0.5
1.3722,49.7512438,50,-0.495024876,0.5,0.5
1.3723,49.7512438,50,-0.495024876,0.5,0.5
1.3724,49.7512438,50,-0.495024876,0.5,0.5
1.3725,49.7512438,50,-0.495024876,0.5,0.5
1.3726,49.7512438,50,-0.495024876,0.5,0.5
1.3727,49.7512438,50,-0.495024876,0.5,0.5
1.3728,49.7512438,50,-0.495024876,0.5,0.5
1.3729,49.7512438,50,-0.495024876,0.5,0.5
1.373,49.7512438,50,-0.495024876,0.5,0.5
1.3731,49.7512438,50,-0.495024876,0.5,0.5
1.3732,49.7512438,50,-0.495024876,0.5,0.5
1.3733,49.7512438,50,-0.495024876,0.5,0.5
1.3734,49.7512438,50,-0.495024876,0.5,0.5
1.3735,49.7512438,50,-0.495024876,0.5,0.5
1.3736,49.7512438,50,-0.495024876,0.5,0.5
1.3737,49.7512438,50,-0.495024876,0.5,0.5
1.3738,49.7512438,50,-0.495024876,0.5,0.5
1.3739,49.7512438,50,-0.495024876,0.5,0.5
1.374,49.7512438,50,-0.495024876,0.5,0.5
1.3741,49.7512438,50,-0.495024876,0.5,0.5
1.3742,49.7512438,50,-0.495024876,0.5,0.5
1.3743,49.7512438,50,-0.495024876,0.5,0.5
1.3744,49.7512438,50,-0.495024876,0.5,0.5
1.3745,49.7512438,50,-0.495024876,0.5,0.5
1.3746,49.7512438,50,-0.495024876,0.5,0.5
1.3747,49.7512438,50,-0.495024876,0.5,0.5
1.3748,49.7512438,50,-0.495024876,0.5,0.5
1.3749,49.7512438,50,-0.495024876,0.5,0.5
1.375,49.7512438,50,-0.495024876,0.5,0.5
1.3751,49.7512438,50,-0.495024876,0.5,0.5
1.3752,49.7512438,50,-0.495024876,0.5,0.5
1.3753,49.7512438,50,-0.495024876,0.5,0.5
1.3754,49.7512438,50,-0.495024876,0.5,0.5
1.3755,49.7512438,50,-0.495024876,0.5,0.5
1.3756,49.7512438,50,-0.495024876,0.5,0.5
1.3757,49.7512438,50,-0.495024876,0.5,0.5
1.3758,49.7512438,50,-0.495024876,0.5,0.5
1.3759,49.7512438,50,-0.495024876,0.5,0.5
1.376,49.7512438,50,-0.495024876,0.5,0.5
1.3761,49.7512438,50,-0.495024876,0.5,0.5
1.3762,49.7512438,50,-0.495024876,0.5,0.5
1.3763,49.7512438,50,-0.495024876,0.5,0.5
1.3764,49.7512438,50,-0.495024876,0.5,0.5
1.3765,49.7512438,50,-0.495024876,0.5,0.5
1.3766,49.7512438,50,-0.495024876,0.5,0.5
1.3767,49.7512438,50,-0.495024876,0.5,0.5
1.3768,49.7512438,50,-0.495024876,0.5,0.5
1.3769,49.7512438,50,-0.495024876,0.5,0.5
1.377,49.7512438,50,-0.495024876,0.5,0.5
1.3771,49.7512438,50,-0.495024876,0.5,0.5
1.3772,49.7512438,50,-0.495024876,0.5,0.5
1.3773,49.7512438,50,-0.495024876,0.5,0.5
1.3774,49.7512438,50,-0.495024876,0.5,0.5
1.3775,49.7512438,50,-0.495024876,0.5,0.5
1.3776,49.7512438,50,-0.495024876,0.5,0.5
1.3777,49.7512438,50,-0.495024876,0.5,0.5
1.3778,49.7512438,50,-0.495024876,0.5,0.5
1.3779,49.7512438,50,-0.495024876,0.5,0.5
1.378,49.7512438,50,-0.495024876,0.5,0.5
1.3781,49.7512438,50,-0.495024876,0.5,0.5
1.3782,49.7512438,50,-0.495024876,0.5,0.5
1.3783,49.7512438,50,-0.495024876,0.5,0.5
1.3784,49.7512438,50,-0.495024876,0.5,0.5
1.3785,49.7512438,50,-0.495024876,0.5,0.5
1.3786,49.7512438,50,-0.495024876,0.5,0.5
1.3787,49.7512438,50,-0.495024876,0.5,0.5
1.3788,49.7512438,50,-0.495024876,0.5,0.5
1.3789,49.7512438,50,-0.495024876,0.5,0.5
1.379,49.7512438,50,-0.495024876,0.5,0.5
1.3791,49.7512438,50,-0.495024876,0.5,0.5
1.3792,49.7512438,50,-0.495024876,0.5,0.5
1.3793,49.7512438,50,-0.495024876,0.5,0.5
1.3794,49.7512438,50,-0.495024876,0.5,0.5
1.3795,49.7512438,50,-0.495024876,0.5,0.5
1.3796,49.7512438,50,-0.495024876,0.5,0.5
1.3797,49.7512438,50,-0.495024876,0.5,0.5
1.3798,49.7512438,50,-0.495024876,0.5,0.5
1.3799,49.7512438,50,-0.495024876,0.5,0.5
1.38,49.7512438,50,-0.495024876,0.5,0.5
1.3801,49.7512438,50,-0.495024876,0.5,0.5
1.3802,49.7512438,50,-0.495024876,0.5,0.5
1.3803,49.7512438,50,-0.495024876,0.5,0.5
1.3804,49.7512438,50,-0.495024876,0.5,0.5
1.3805,49.7512438,50,-0.495024876,0.5,0.5
1.3806,49.7512438,50,-0.495024876,0.5,0.5
1.3807,49.7512438,50,-0.495024876,0.5,0.5
1.3808,49.7512438,50,-0.495024876,0.5,0.5
1.3809,49.7512438,50,-0.495024876,0.5,0.5
1.381,49.7512438,50,-0.495024876,0.5,0.5
1.3811,49.7512438,50,-0.495024876,0.5,0.5
1.3812,49.7512438,50,-0.495024876,0.5,0.5
1.3813,49.7512438,50,-0.495024876,0.5,0.5
1.3814,49.7512438,50,-0.495024876,0.5,0.5
1.3815,49.7512438,50,-0.495024876,0.5,0.5
1.3816,49.7512438,50,-0.495024876,0.5,0.5
1.3817,49.7512438,50,-0.495024876,0.5,0.5
1.3818,49.7512438,50,-0.495024876,0.5,0.5
1.3819,49.7512438,50,-0.495024876,0.5,0.5
1.382,49.7512438,50,-0.495024876,0.5,0.5
1.3821,49.7512438,50,-0.495024876,0.5,0.5
1.3822,49.7512438,50,-0.495024876,0.5,0.5
1.3823,49.7512438,50,-0.495024876,0.5,0.5
1.3824,49.7512438,50,-0.495024876,0.5,0.5
1.3825,49.7512438,50,-0.495024876,0.5,0.5
1.3826,49.7512438,50,-0.495024876,0.5,0.5
1.3827,49.7512438,50,-0.495024876,0.5,0.5
1.3828,49.7512438,50,-0.495024876,0.5,0.5
1.3829,49.7512438,50,-0.495024876,0.5,0.5
1.383,49.7512438,50,-0.495024876,0.5,0.5
1.3831,49.7512438,50,-0.495024876,0.5,0.5
1.3832,49.7512438,50,-0.495024876,0.5,0.5
1.3833,49.7512438,50,-0.495024876,0.5,0.5
1.3834,49.7512438,50,-0.495024876,0.5,0.5
1.3835,49.7512438,50,-0.495024876,0.5,0.5
1.3836,49.7512438,50,-0.495024876,0.5,0.5
1.3837,49.7512438,50,-0.495024876,0.5,0.5
1.3838,49.7512438,50,-0.495024876,0.5,0.5
1.3839,49.7512438,50,-0.495024876,0.5,0.5
1.384,49.7512438,50,-0.495024876,0.5,0.5
1.3841,49.7512438,50,-0.495024876,0.5,0.5
1.3842,49.7512438,50,-0.495024876,0.5,0.5
1.3843,49.7512438,50,-0.495024876,0.5,0.5
1.3844,49.7512438,50,-0.495024876,0.5,0.5
1.3845,49.7512438,50,-0.495024876,0.5,0.5
1.3846,49.7512438,50,-0.495024876,0.5,0.5
1.3847,49.7512438,50,-0.495024876,0.5,0.5
1.3848,49.7512438,50,-0.495024876,0.5,0.5
1.3849,49.7512438,50,-0.495024876,0.5,0.5
1.385,49.7512438,50,-0.495024876,0.5,0.5
1.3851,49.7512438,50,-0.495024876,0.5,0.5
1.3852,49.7512438,50,-0.495024876,0.5,0.5
1.3853,49.7512438,50,-0.495024876,0.5,0.5
1.3854,49.7512438,50,-0.495024876,0.5,0.5
1.3855,49.7512438,50,-0.495024876,0.5,0.5
1.3856,49.7512438,50,-0.495024876,0.5,0.5
1.3857,49.7512438,50,-0.495024876,0.5,0.5
1.3858,49.7512438,50,-0.495024876,0.5,0.5
1.3859,49.7512438,50,-0.495024876,0.5,0.5
1.386,49.7512438,50,-0.495024876,0.5,0.5
1.3861,49.7512438,50,-0.495024876,0.5,0.5
1.3862,49.7512438,50,-0.495024876,0.5,0.5
1.3863,49.7512438,50,-0.495024876,0.5,0.5
1.3864,49.7512438,50,-0.495024876,0.5,0.5
1.3865,49.7512438,50,-0.495024876,0.5,0.5
1.3866,49.7512438,50,-0.495024876,0.5,0.5
1.3867,49.7512438,50,-0.495024876,0.5,0.5
1.3868,49.7512438,50,-0.495024876,0.5,0.5
1.3869,49.7512438,50,-0.495024876,0.5,0.5
1.387,49.7512438,50,-0.495024876,0.5,0.5
1.3871,49.7512438,50,-0.495024876,0.5,0.5
1.3872,49.7512438,50,-0.495024876,0.5,0.5
1.3873,49.7512438,50,-0.495024876,0.5,0.5
1.3874,49.7512438,50,-0.495024876,0.5,0.5
1.3875,49.7512438,50,-0.495024876,0.5,0.5
1.3876,49.7512438,50,-0.495024876,0.5,0.5
1.3877,49.7512438,50,-0.495024876,0.5,0.5
1.3878,49.7512438,50,-0.495024876,0.5,0.5
1.3879,49.7512438,50,-0.495024876,0.5,0.5
1.388,49.7512438,50,-0.495024876,0.5,0.5
1.3881,49.7512438,50,-0.495024876,0.5,0.5
1.3882,49.7512438,50,-0.495024876,0.5,0.5
1.3883,49.7512438,50,-0.495024876,0.5,0.5
1.3884,49.7512438,50,-0.495024876,0.5,0.5
1.3885,49.7512438,50,-0.495024876,0.5,0.5
1.3886,49.7512438,50,-0.495024876,0.5,0.5
1.3887,49.7512438,50,-0.495024876,0.5,0.5
1.3888,49.7512438,50,-0.495024876,0.5,0.5
1.3889,49.7512438,50,-0.495024876,0.5,0.5
1.389,49.7512438,50,-0.495024876,0.5,0.5
1.3891,49.7512438,50,-0.495024876,0.5,0.5
1.3892,49.7512438,50,-0.495024876,0.5,0.5
1.3893,49.7512438,50,-0.495024876,0.5,0.5
1.3894,49.7512438,50,-0.495024876,0.5,0.5
1.3895,49.7512438,50,-0.495024876,0.5,0.5
1.3896,49.7512438,50,-0.495024876,0.5,0.5
1.3897,49.7512438,50,-0.495024876,0.5,0.5
1.3898,49.7512438,50,-0.495024876,0.5,0.5
1.3899,49.7512438,50,-0.495024876,0.5,0.5
1.39,49.7512438,50,-0.495024876,0.5,0.5
1.3901,49.7512438,50,-0.495024876,0.5,0.5
1.3902,49.7512438,50,-0.495024876,0.5,0.5
1.3903,49.7512438,50,-0.495024876,0.5,0.5
1.3904,49.7512438,50,-0.495024876,0.5,0.5
1.3905,49.7512438,50,-0.495024876,0.5,0.5
1.3906,49.7512438,50,-0.495024876,0.5,0.5
1.3907,49.7512438,50,-0.495024876,0.5,0.5
1.3908,49.7512438,50,-0.495024876,0.5,0.5
1.3909,49.7512438,50,-0.495024876,0.5,0.5
1.391,49.7512438,50,-0.495024876,0.5,0.5
1.3911,49.7512438,50,-0.495024876,0.5,0.5
1.3912,49.7512438,50,-0.495024876,0.5,0.5
1.3913,49.7512438,50,-0.495024876,0.5,0.5
1.3914,49.7512438,50,-0.495024876,0.5,0.5
1.3915,49.7512438,50,-0.495024876,0.5,0.5
1.3916,49.7512438,50,-0.495024876,0.5,0.5
1.3917,49.7512438,50,-0.495024876,0.5,0.5
1.3918,49.7512438,50,-0.495024876,0.5,0.5
1.3919,49.7512438,50,-0.495024876,0.5,0.5
1.392,49.7512438,50,-0.495024876,0.5,0.5
1.3921,49.7512438,50,-0.495024876,0.5,0.5
1.3922,49.7512438,50,-0.495024876,0.5,0.5
1.3923,49.7512438,50,-0.495024876,0.5,0.5
1.3924,49.7512438,50,-0.495024876,0.5,0.5
1.3925,49.7512438,50,-0.495024876,0.5,0.5
1.3926,49.7512438,50,-0.495024876,0.5,0.5
1.3927,49.7512438,50,-0.495024876,0.5,0.5
1.3928,49.7512438,50,-0.495024876,0.5,0.5
1.3929,49.7512438,50,-0.495024876,0.5,0.5
1.393,49.7512438,50,-0.495024876,0.5,0.5
1.3931,49.7512438,50,-0.495024876,0.5,0.5
1.3932,49.7512438,50,-0.495024876,0.5,0.5
1.3933,49.7512438,50,-0.495024876,0.5,0.5
1.3934,49.7512438,50,-0.495024876,0.5,0.5
1.3935,49.7512438,50,-0.495024876,0.5,0.5
1.3936,49.7512438,50,-0.495024876,0.5,0.5
1.3937,49.7512438,50,-0.495024876,0.5,0.5
1.3938,49.7512438,50,-0.495024876,0.5,0.5
1.3939,49.7512438,50,-0.495024876,0.5,0.5
1.394,49.7512438,50,-0.495024876,0.5,0.5
1.3941,49.7512438,50,-0.495024876,0.5,0.5
1.3942,49.7512438,50,-0.495024876,0.5,0.5
1.3943,49.7512438,50,-0.495024876,0.5,0.5
1.3944,49.7512438,50,-0.495024876,0.5,0.5
1.3945,49.7512438,50,-0.495024876,0.5,0.5
1.3946,49.7512438,50,-0.495024876,0.5,0.5
1.3947,49.7512438,50,-0.495024876,0.5,0.5
1.3948,49.7512438,50,-0.495024876,0.5,0.5
1.3949,49.7512438,50,-0.495024876,0.5,0.5
1.395,49.7512438,50,-0.495024876,0.5,0.5
1.3951,49.7512438,50,-0.495024876,0.5,0.5
1.3952,49.7512438,50,-0.495024876,0.5,0.5
1.3953,49.7512438,50,-0.495024876,0.5,0.5
1.3954,49.7512438,50,-0.495024876,0.5,0.5
1.3955,49.7512438,50,-0.495024876,0.5,0.5
1.3956,49.7512438,50,-0.495024876,0.5,0.5
1.3957,49.7512438,50,-0.495024876,0.5,0.5
1.3958,49.7512438,50,-0.495024876,0.5,0.5
1.3959,49.7512438,50,-0.495024876,0.5,0.5
1.396,49.7512438,50,-0.495024876,0.5,0.5
1.3961,49.7512438,50,-0.495024876,0.5,0.5
1.3962,49.7512438,50,-0.495024876,0.5,0.5
1.3963,49.7512438,50,-0.495024876,0.5,0.5
1.3964,49.7512438,50,-0.495024876,0.5,0.5
1.3965,49.7512438,50,-0.495024876,0.5,0.5
1.3966,49.7512438,50,-0.495024876,0.5,0.5
1.3967,49.7512438,50,-0.495024876,0.5,0.5
1.3968,49.7512438,50,-0.495024876,0.5,0.5
1.3969,49.7512438,50,-0.495024876,0.5,0.5
1.397,49.7512438,50,-0.495024876,0.5,0.5
1.3971,49.7512438,50,-0.495024876,0.5,0.5
1.3972,49.7512438,50,-0.495024876,0.5,0.5
1.3973,49.7512438,50,-0.495024876,0.5,0.5
1.3974,49.7512438,50,-0.495024876,0.5,0.5
1.3975,49.7512438,50,-0.495024876,0.5,0.5
1.3976,49.7512438,50,-0.495024876,0.5,0.5
1.3977,49.7512438,50,-0.495024876,0.5,0.5
1.3978,49.7512438,50,-0.495024876,0.5,0.5
1.3979,49.7512438,50,-0.495024876,0.5,0.5
1.398,49.7512438,50,-0.495024876,0.5,0.5
1.3981,49.7512438,50,-0.495024876,0.5,0.5
1.3982,49.7512438,50,-0.495024876,0.5,0.5
1.3983,49.7512438,50,-0.495024876,0.5,0.5
1.3984,49.7512438,50,-0.495024876,0.5,0.5
1.3985,49.7512438,50,-0.495024876,0.5,0.5
1.3986,49.7512438,50,-0.495024876,0.5,0.5
1.3987,49.7512438,50,-0.495024876,0.5,0.5
1.3988,49.7512438,50,-0.495024876,0.5,0.5
1.3989,49.7512438,50,-0.495024876,0.5,0.5
1.399,49.7512438,50,-0.495024876,0.5,0.5
1.3991,49.7512438,50,-0.495024876,0.5,0.5
1.3992,49.7512438,50,-0.495024876,0.5,0.5
1.3993,49.7512438,50,-0.495024876,0.5,0.5
1.3994,49.7512438,50,-0.495024876,0.5,0.5
1.3995,49.7512438,50,-0.495024876,0.5,0.5
1.3996,49.7512438,50,-0.495024876,0.5,0.5
1.3997,49.7512438,50,-0.495024876,0.5,0.5
1.3998,49.7512438,50,-0.495024876,0.5,0.5
1.3999,49.7512438,50,-0.495024876,0.5,0.5
1.4,49.7512438,50,-0.495024876,0.5,0.5
1.4001,49.7512438,50,-0.495024876,0.5,0.5
1.4002,49.7512438,50,-0.495024876,0.5,0.5
1.4003,49.7512438,50,-0.495024876,0.5,0.5
1.4004,49.7512438,50,-0.495024876,0.5,0.5
1.4005,49.7512438,50,-0.495024876,0.5,0.5
1.4006,49.7512438,50,-0.495024876,0.5,0.5
1.4007,49.7512438,50,-0.495024876,0.5,0.5
1.4008,49.7512438,50,-0.495024876,0.5,0.5
1.4009,49.7512438,50,-0.495024876,0.5,0.5
1.401,49.7512438,50,-0.495024876,0.5,0.5
1.4011,49.7512438,50,-0.495024876,0.5,0.5
1.4012,49.7512438,50,-0.495024876,0.5,0.5
1.4013,49.7512438,50,-0.495024876,0.5,0.5
1.4014,49.7512438,50,-0.495024876,0.5,0.5
1.4015,49.7512438,50,-0.495024876,0.5,0.5
1.4016,49.7512438,50,-0.495024876,0.5,0.5
1.4017,49.7512438,50,-0.495024876,0.5,0.5
1.4018,49.7512438,50,-0.495024876,0.5,0.5
1.4019,49.7512438,50,-0.495024876,0.5,0.5
1.402,49.7512438,50,-0.495024876,0.5,0.5
1.4021,49.7512438,50,-0.495024876,0.5,0.5
1.4022,49.7512438,50,-0.495024876,0.5,0.5
1.4023,49.7512438,50,-0.495024876,0.5,0.5
1.4024,49.7512438,50,-0.495024876,0.5,0.5
1.4025,49.7512438,50,-0.495024876,0.5,0.5
1.4026,49.7512438,50,-0.495024876,0.5,0.5
1.4027,49.7512438,50,-0.495024876,0.5,0.5
1.4028,49.7512438,50,-0.495024876,0.5,0.5
1.4029,49.7512438,50,-0.495024876,0.5,0.5
1.403,49.7512438,50,-0.495024876,0.5,0.5
1.4031,49.7512438,50,-0.495024876,0.5,0.5
1.4032,49.7512438,50,-0.495024876,0.5,0.5
1.4033,49.7512438,50,-0.495024876,0.5,0.5
1.4034,49.7512438,50,-0.495024876,0.5,0.5
1.4035,49.7512438,50,-0.495024876,0.5,0.5
1.4036,49.7512438,50,-0.495024876,0.5,0.5
1.4037,49.7512438,50,-0.495024876,0.5,0.5
1.4038,49.7512438,50,-0.495024876,0.5,0.5
1.4039,49.7512438,50,-0.495024876,0.5,0.5
1.404,49.7512438,50,-0.495024876,0.5,0.5
1.4041,49.7512438,50,-0.495024876,0.5,0.5
1.4042,49.7512438,50,-0.495024876,0.5,0.5
1.4043,49.7512438,50,-0.495024876,0.5,0.5
1.4044,49.7512438,50,-0.495024876,0.5,0.5
1.4045,49.7512438,50,-0.495024876,0.5,0.5
1.4046,49.7512438,50,-0.495024876,0.5,0.5
1.4047,49.7512438,50,-0.495024876,0.5,0.5
1.4048,49.7512438,50,-0.495024876,0.5,0.5
1.4049,49.7512438,50,-0.495024876,0.5,0.5
1.405,49.7512438,50,-0.495024876,0.5,0.5
1.4051,49.7512438,50,-0.495024876,0.5,0.5
1.4052,49.7512438,50,-0.495024876,0.5,0.5
1.4053,49.7512438,50,-0.495024876,0.5,0.5
1.4054,49.7512438,50,-0.495024876,0.5,0.5
1.4055,49.7512438,50,-0.495024876,0.5,0.5
1.4056,49.7512438,50,-0.495024876,0.5,0.5
1.4057,49.7512438,50,-0.495024876,0.5,0.5
1.4058,49.7512438,50,-0.495024876,0.5,0.5
1.4059,49.7512438,50,-0.495024876,0.5,0.5
1.406,49.7512438,50,-0.495024876,0.5,0.5
1.4061,49.7512438,50,-0.495024876,0.5,0.5
1.4062,49.7512438,50,-0.495024876,0.5,0.5
1.4063,49.7512438,50,-0.495024876,0.5,0.5
1.4064,49.7512438,50,-0.495024876,0.5,0.5
1.4065,49.7512438,50,-0.495024876,0.5,0.5
1.4066,49.7512438,50,-0.495024876,0.5,0.5
1.4067,49.7512438,50,-0.495024876,0.5,0.5
1.4068,49.7512438,50,-0.495024876,0.5,0.5
1.4069,49.7512438,50,-0.495024876,0.5,0.5
1.407,49.7512438,50,-0.495024876,0.5,0.5
1.4071,49.7512438,50,-0.495024876,0.5,0.5
1.4072,49.7512438,50,-0.495024876,0.5,0.5
1.4073,49.7512438,50,-0.495024876,0.5,0.5
1.4074,49.7512438,50,-0.495024876,0.5,0.5
1.4075,49.7512438,50,-0.495024876,0.5,0.5
1.4076,49.7512438,50,-0.495024876,0.5,0.5
1.4077,49.7512438,50,-0.495024876,0.5,0.5
1.4078,49.7512438,50,-0.495024876,0.5,0.5
1.4079,49.7512438,50,-0.495024876,0.5,0.5
1.408,49.7512438,50,-0.495024876,0.5,0.5
1.4081,49.7512438,50,-0.495024876,0.5,0.5
1.4082,49.7512438,50,-0.495024876,0.5,0.5
1.4083,49.7512438,50,-0.495024876,0.5,0.5
1.4084,49.7512438,50,-0.495024876,0.5,0.5
1.4085,49.7512438,50,-0.495024876,0.5,0.5
1.4086,49.7512438,50,-0.495024876,0.5,0.5
1.4087,49.7512438,50,-0.495024876,0.5,0.5
1.4088,49.7512438,50,-0.495024876,0.5,0.5
1.4089,49.7512438,50,-0.495024876,0.5,0.5
1.409,49.7512438,50,-0.495024876,0.5,0.5
1.4091,49.7512438,50,-0.495024876,0.5,0.5
1.4092,49.7512438,50,-0.495024876,0.5,0.5
1.4093,49.7512438,50,-0.495024876,0.5,0.5
1.4094,49.7512438,50,-0.495024876,0.5,0.5
1.4095,49.7512438,50,-0.495024876,0.5,0.5
1.4096,49.7512438,50,-0.495024876,0.5,0.5
1.4097,49.7512438,50,-0.495024876,0.5,0.5
1.4098,49.7512438,50,-0.495024876,0.5,0.5
1.4099,49.7512438,50,-0.495024876,0.5,0.5
1.41,49.7512438,50,-0.495024876,0.5,0.5
1.4101,49.7512438,50,-0.495024876,0.5,0.5
1.4102,49.7512438,50,-0.495024876,0.5,0.5
1.4103,49.7512438,50,-0.495024876,0.5,0.5
1.4104,49.7512438,50,-0.495024876,0.5,0.5
1.4105,49.7512438,50,-0.495024876,0.5,0.5
1.4106,49.7512438,50,-0.495024876,0.5,0.5
1.4107,49.7512438,50,-0.495024876,0.5,0.5
1.4108,49.7512438,50,-0.495024876,0.5,0.5
1.4109,49.7512438,50,-0.495024876,0.5,0.5
1.411,49.7512438,50,-0.495024876,0.5,0.5
1.4111,49.7512438,50,-0.495024876,0.5,0.5
1.4112,49.7512438,50,-0.495024876,0.5,0.5
1.4113,49.7512438,50,-0.495024876,0.5,0.5
1.4114,49.7512438,50,-0.495024876,0.5,0.5
1.4115,49.7512438,50,-0.495024876,0.5,0.5
1.4116,49.7512438,50,-0.495024876,0.5,0.5
1.4117,49.7512438,50,-0.495024876,0.5,0.5
1.4118,49.7512438,50,-0.495024876,0.5,0.5
1.4119,49.7512438,50,-0.495024876,0.5,0.5
1.412,49.7512438,50,-0.495024876,0.5,0.5
1.4121,49.7512438,50,-0.495024876,0.5,0.5
1.4122,49.7512438,50,-0.495024876,0.5,0.5
1.4123,49.7512438,50,-0.495024876,0.5,0.5
1.4124,49.7512438,50,-0.495024876,0.5,0.5
1.4125,49.7512438,50,-0.495024876,0.5,0.5
1.4126,49.7512438,50,-0.495024876,0.5,0.5
1.4127,49.7512438,50,-0.495024876,0.5,0.5
1.4128,49.7512438,50,-0.495024876,0.5,0.5
1.4129,49.7512438,50,-0.495024876,0.5,0.5
1.413,49.7512438,50,-0.495024876,0.5,0.5
1.4131,49.7512438,50,-0.495024876,0.5,0.5
1.4132,49.7512438,50,-0.495024876,0.5,0.5
1.4133,49.7512438,50,-0.495024876,0.5,0.5
1.4134,49.7512438,50,-0.495024876,0.5,0.5
1.4135,49.7512438,50,-0.495024876,0.5,0.5
1.4136,49.7512438,50,-0.495024876,0.5,0.5
1.4137,49.7512438,50,-0.495024876,0.5,0.5
1.4138,49.7512438,50,-0.495024876,0.5,0.5
1.4139,49.7512438,50,-0.495024876,0.5,0.5
1.414,49.7512438,50,-0.495024876,0.5,0.5
1.4141,49.7512438,50,-0.495024876,0.5,0.5
1.4142,49.7512438,50,-0.495024876,0.5,0.5
1.4143,49.7512438,50,-0.495024876,0.5,0.5
1.4144,49.7512438,50,-0.495024876,0.5,0.5
1.4145,49.7512438,50,-0.495024876,0.5,0.5
1.4146,49.7512438,50,-0.495024876,0.5,0.5
1.4147,49.7512438,50,-0.495024876,0.5,0.5
1.4148,49.7512438,50,-0.495024876,0.5,0.5
1.4149,49.7512438,50,-0.495024876,0.5,0.5
1.415,49.7512438,50,-0.495024876,0.5,0.5
1.4151,49.7512438,50,-0.495024876,0.5,0.5
1.4152,49.7512438,50,-0.495024876,0.5,0.5
1.4153,49.7512438,50,-0.495024876,0.5,0.5
1.4154,49.7512438,50,-0.495024876,0.5,0.5
1.4155,49.7512438,50,-0.495024876,0.5,0.5
1.4156,49.7512438,50,-0.495024876,0.5,0.5
1.4157,49.7512438,50,-0.495024876,0.5,0.5
1.4158,49.7512438,50,-0.495024876,0.5,0.5
1.4159,49.7512438,50,-0.495024876,0.5,0.5
1.416,49.7512438,50,-0.495024876,0.5,0.5
1.4161,49.7512438,50,-0.495024876,0.5,0.5
1.4162,49.7512438,50,-0.495024876,0.5,0.5
1.4163,49.7512438,50,-0.495024876,0.5,0.5
1.4164,49.7512438,50,-0.495024876,0.5,0.5
1.4165,49.7512438,50,-0.495024876,0.5,0.5
1.4166,49.7512438,50,-0.495024876,0.5,0.5
1.4167,49.7512438,50,-0.495024876,0.5,0.5
1.4168,49.7512438,50,-0.495024876,0.5,0.5
1.4169,49.7512438,50,-0.495024876,0.5,0.5
1.417,49.7512438,50,-0.495024876,0.5,0.5
1.4171,49.7512438,50,-0.495024876,0.5,0.5
1.4172,49.7512438,50,-0.495024876,0.5,0.5
1.4173,49.7512438,50,-0.495024876,0.5,0.5
1.4174,49.7512438,50,-0.495024876,0.5,0.5
1.4175,49.7512438,50,-0.495024876,0.5,0.5
1.4176,49.7512438,50,-0.495024876,0.5,0.5
1.4177,49.7512438,50,-0.495024876,0.5,0.5
1.4178,49.7512438,50,-0.495024876,0.5,0.5
1.4179,49.7512438,50,-0.495024876,0.5,0.5
1.418,49.7512438,50,-0.495024876,0.5,0.5
1.4181,49.7512438,50,-0.495024876,0.5,0.5
1.4182,49.7512438,50,-0.495024876,0.5,0.5
1.4183,49.7512438,50,-0.495024876,0.5,0.5
1.4184,49.7512438,50,-0.495024876,0.5,0.5
1.4185,49.7512438,50,-0.495024876,0.5,0.5
1.4186,49.7512438,50,-0.495024876,0.5,0.5
1.4187,49.7512438,50,-0.495024876,0.5,0.5
1.4188,49.7512438,50,-0.495024876,0.5,0.5
1.4189,49.7512438,50,-0.495024876,0.5,0.5
1.419,49.7512438,50,-0.495024876,0.5,0.5
1.4191,49.7512438,50,-0.495024876,0.5,0.5
1.4192,49.7512438,50,-0.495024876,0.5,0.5
1.4193,49.7512438,50,-0.495024876,0.5,0.5
1.4194,49.7512438,50,-0.495024876,0.5,0.5
1.4195,49.7512438,50,-0.495024876,0.5,0.5
1.4196,49.7512438,50,-0.495024876,0.5,0.5
1.4197,49.7512438,50,-0.495024876,0.5,0.5
1.4198,49.7512438,50,-0.495024876,0.5,0.5
1.4199,49.7512438,50,-0.495024876,0.5,0.5
1.42,49.7512438,50,-0.495024876,0.5,0.5
1.4201,49.7512438,50,-0.495024876,0.5,0.5
1.4202,49.7512438,50,-0.495024876,0.5,0.5
1.4203,49.7512438,50,-0.495024876,0.5,0.5
1.4204,49.7512438,50,-0.495024876,0.5,0.5
1.4205,49.7512438,50,-0.495024876,0.5,0.5
1.4206,49.7512438,50,-0.495024876,0.5,0.5
1.4207,49.7512438,50,-0.495024876,0.5,0.5
1.4208,49.7512438,50,-0.495024876,0.5,0.5
1.4209,49.7512438,50,-0.495024876,0.5,0.5
1.421,49.7512438,50,-0.495024876,0.5,0.5
1.4211,49.7512438,50,-0.495024876,0.5,0.5
1.4212,49.7512438,50,-0.495024876,0.5,0.5
1.4213,49.7512438,50,-0.495024876,0.5,0.5
1.4214,49.7512438,50,-0.495024876,0.5,0.5
1.4215,49.7512438,50,-0.495024876,0.5,0.5
1.4216,49.7512438,50,-0.495024876,0.5,0.5
1.4217,49.7512438,50,-0.495024876,0.5,0.5
1.4218,49.7512438,50,-0.495024876,0.5,0.5
1.4219,49.7512438,50,-0.495024876,0.5,0.5
1.422,49.7512438,50,-0.495024876,0.5,0.5
1.4221,49.7512438,50,-0.495024876,0.5,0.5
1.4222,49.7512438,50,-0.495024876,0.5,0.5
1.4223,49.7512438,50,-0.495024876,0.5,0.5
1.4224,49.7512438,50,-0.495024876,0.5,0.5
1.4225,49.7512438,50,-0.495024876,0.5,0.5
1.4226,49.7512438,50,-0.495024876,0.5,0.5
1.4227,49.7512438,50,-0.495024876,0.5,0.5
1.4228,49.7512438,50,-0.495024876,0.5,0.5
1.4229,49.7512438,50,-0.495024876,0.5,0.5
1.423,49.7512438,50,-0.495024876,0.5,0.5
1.4231,49.7512438,50,-0.495024876,0.5,0.5
1.4232,49.7512438,50,-0.495024876,0.5,0.5
1.4233,49.7512438,50,-0.495024876,0.5,0.5
1.4234,49.7512438,50,-0.495024876,0.5,0.5
1.4235,49.7512438,50,-0.495024876,0.5,0.5
1.4236,49.7512438,50,-0.495024876,0.5,0.5
1.4237,49.7512438,50,-0.495024876,0.5,0.5
1.4238,49.7512438,50,-0.495024876,0.5,0.5
1.4239,49.7512438,50,-0.495024876,0.5,0.5
1.424,49.7512438,50,-0.495024876,0.5,0.5
1.4241,49.7512438,50,-0.495024876,0.5,0.5
1.4242,49.7512438,50,-0.495024876,0.5,0.5
1.4243,49.7512438,50,-0.495024876,0.5,0.5
1.4244,49.7512438,50,-0.495024876,0.5,0.5
1.4245,49.7512438,50,-0.495024876,0.5,0.5
1.4246,49.7512438,50,-0.495024876,0.5,0.5
1.4247,49.7512438,50,-0.495024876,0.5,0.5
1.4248,49.7512438,50,-0.495024876,0.5,0.5
1.4249,49.7512438,50,-0.495024876,0.5,0.5
1.425,49.7512438,50,-0.495024876,0.5,0.5
1.4251,49.7512438,50,-0.495024876,0.5,0.5
1.4252,49.7512438,50,-0.495024876,0.5,0.5
1.4253,49.7512438,50,-0.495024876,0.5,0.5
1.4254,49.7512438,50,-0.495024876,0.5,0.5
1.4255,49.7512438,50,-0.495024876,0.5,0.5
1.4256,49.7512438,50,-0.495024876,0.5,0.5
1.4257,49.7512438,50,-0.495024876,0.5,0.5
1.4258,49.7512438,50,-0.495024876,0.5,0.5
1.4259,49.7512438,50,-0.495024876,0.5,0.5
1.426,49.7512438,50,-0.495024876,0.5,0.5
1.4261,49.7512438,50,-0.495024876,0.5,0.5
1.4262,49.7512438,50,-0.495024876,0.5,0.5
1.4263,49.7512438,50,-0.495024876,0.5,0.5
1.4264,49.7512438,50,-0.495024876,0.5,0.5
1.4265,49.7512438,50,-0.495024876,0.5,0.5
1.4266,49.7512438,50,-0.495024876,0.5,0.5
1.4267,49.7512438,50,-0.495024876,0.5,0.5
1.4268,49.7512438,50,-0.495024876,0.5,0.5
1.4269,49.7512438,50,-0.495024876,0.5,0.5
1.427,49.7512438,50,-0.495024876,0.5,0.5
1.4271,49.7512438,50,-0.495024876,0.5,0.5
1.4272,49.7512438,50,-0.495024876,0.5,0.5
1.4273,49.7512438,50,-0.495024876,0.5,0.5
1.4274,49.7512438,50,-0.495024876,0.5,0.5
1.4275,49.7512438,50,-0.495024876,0.5,0.5
1.4276,49.7512438,50,-0.495024876,0.5,0.5
1.4277,49.7512438,50,-0.495024876,0.5,0.5
1.4278,49.7512438,50,-0.495024876,0.5,0.5
1.4279,49.7512438,50,-0.495024876,0.5,0.5
1.428,49.7512438,50,-0.495024876,0.5,0.5
1.4281,49.7512438,50,-0.495024876,0.5,0.5
1.4282,49.7512438,50,-0.495024876,0.5,0.5
1.4283,49.7512438,50,-0.495024876,0.5,0.5
1.4284,49.7512438,50,-0.495024876,0.5,0.5
1.4285,49.7512438,50,-0.495024876,0.5,0.5
1.4286,49.7512438,50,-0.495024876,0.5,0.5
1.4287,49.7512438,50,-0.495024876,0.5,0.5
1.4288,49.7512438,50,-0.495024876,0.5,0.5
1.4289,49.7512438,50,-0.495024876,0.5,0.5
1.429,49.7512438,50,-0.495024876,0.5,0.5
1.4291,49.7512438,50,-0.495024876,0.5,0.5
1.4292,49.7512438,50,-0.495024876,0.5,0.5
1.4293,49.7512438,50,-0.495024876,0.5,0.5
1.4294,49.7512438,50,-0.495024876,0.5,0.5
1.4295,49.7512438,50,-0.495024876,0.5,0.5
1.4296,49.7512438,50,-0.495024876,0.5,0.5
1.4297,49.7512438,50,-0.495024876,0.5,0.5
1.4298,49.7512438,50,-0.495024876,0.5,0.5
1.4299,49.7512438,50,-0.495024876,0.5,0.5
1.43,49.7512438,50,-0.495024876,0.5,0.5
1.4301,49.7512438,50,-0.495024876,0.5,0.5
1.4302,49.7512438,50,-0.495024876,0.5,0.5
1.4303,49.7512438,50,-0.495024876,0.5,0.5
1.4304,49.7512438,50,-0.495024876,0.5,0.5
1.4305,49.7512438,50,-0.495024876,0.5,0.5
1.4306,49.7512438,50,-0.495024876,0.5,0.5
1.4307,49.7512438,50,-0.495024876,0.5,0.5
1.4308,49.7512438,50,-0.495024876,0.5,0.5
1.4309,49.7512438,50,-0.495024876,0.5,0.5
1.431,49.7512438,50,-0.495024876,0.5,0.5
1.4311,49.7512438,50,-0.495024876,0.5,0.5
1.4312,49.7512438,50,-0.495024876,0.5,0.5
1.4313,49.7512438,50,-0.495024876,0.5,0.5
1.4314,49.7512438,50,-0.495024876,0.5,0.5
1.4315,49.7512438,50,-0.495024876,0.5,0.5
1.4316,49.7512438,50,-0.495024876,0.5,0.5
1.4317,49.7512438,50,-0.495024876,0.5,0.5
1.4318,49.7512438,50,-0.495024876,0.5,0.5
1.4319,49.7512438,50,-0.495024876,0.5,0.5
1.432,49.7512438,50,-0.495024876,0.5,0.5
1.4321,49.7512438,50,-0.495024876,0.5,0.5
1.4322,49.7512438,50,-0.495024876,0.5,0.5
1.4323,49.7512438,50,-0.495024876,0.5,0.5
1.4324,49.7512438,50,-0.495024876,0.5,0.5
1.4325,49.7512438,50,-0.495024876,0.5,0.5
1.4326,49.7512438,50,-0.495024876,0.5,0.5
1.4327,49.7512438,50,-0.495024876,0.5,0.5
1.4328,49.7512438,50,-0.495024876,0.5,0.5
1.4329,49.7512438,50,-0.495024876,0.5,0.5
1.433,49.7512438,50,-0.495024876,0.5,0.5
1.4331,49.7512438,50,-0.495024876,0.5,0.5
1.4332,49.7512438,50,-0.495024876,0.5,0.5
1.4333,49.7512438,50,-0.495024876,0.5,0.5
1.4334,49.7512438,50,-0.495024876,0.5,0.5
1.4335,49.7512438,50,-0.495024876,0.5,0.5
1.4336,49.7512438,50,-0.495024876,0.5,0.5
1.4337,49.7512438,50,-0.495024876,0.5,0.5
1.4338,49.7512438,50,-0.495024876,0.5,0.5
1.4339,49.7512438,50,-0.495024876,0.5,0.5
1.434,49.7512438,50,-0.495024876,0.5,0.5
1.4341,49.7512438,50,-0.495024876,0.5,0.5
1.4342,49.7512438,50,-0.495024876,0.5,0.5
1.4343,49.7512438,50,-0.495024876,0.5,0.5
1.4344,49.7512438,50,-0.495024876,0.5,0.5
1.4345,49.7512438,50,-0.495024876,0.5,0.5
1.4346,49.7512438,50,-0.495024876,0.5,0.5
1.4347,49.7512438,50,-0.495024876,0.5,0.5
1.4348,49.7512438,50,-0.495024876,0.5,0.5
1.4349,49.7512438,50,-0.495024876,0.5,0.5
1.435,49.7512438,50,-0.495024876,0.5,0.5
1.4351,49.7512438,50,-0.495024876,0.5,0.5
1.4352,49.7512438,50,-0.495024876,0.5,0.5
1.4353,49.7512438,50,-0.495024876,0.5,0.5
1.4354,49.7512438,50,-0.495024876,0.5,0.5
1.4355,49.7512438,50,-0.495024876,0.5,0.5
1.4356,49.7512438,50,-0.495024876,0.5,0.5
1.4357,49.7512438,50,-0.495024876,0.5,0.5
1.4358,49.7512438,50,-0.495024876,0.5,0.5
1.4359,49.7512438,50,-0.495024876,0.5,0.5
1.436,49.7512438,50,-0.495024876,0.5,0.5
1.4361,49.7512438,50,-0.495024876,0.5,0.5
1.4362,49.7512438,50,-0.495024876,0.5,0.5
1.4363,49.7512438,50,-0.495024876,0.5,0.5
1.4364,49.7512438,50,-0.495024876,0.5,0.5
1.4365,49.7512438,50,-0.495024876,0.5,0.5
1.4366,49.7512438,50,-0.495024876,0.5,0.5
1.4367,49.7512438,50,-0.495024876,0.5,0.5
1.4368,49.7512438,50,-0.495024876,0.5,0.5
1.4369,49.7512438,50,-0.495024876,0.5,0.5
1.437,49.7512438,50,-0.495024876,0.5,0.5
1.4371,49.7512438,50,-0.495024876,0.5,0.5
1.4372,49.7512438,50,-0.495024876,0.5,0.5
1.4373,49.7512438,50,-0.495024876,0.5,0.5
1.4374,49.7512438,50,-0.495024876,0.5,0.5
1.4375,49.7512438,50,-0.495024876,0.5,0.5
1.4376,49.7512438,50,-0.495024876,0.5,0.5
1.4377,49.7512438,50,-0.495024876,0.5,0.5
1.4378,49.7512438,50,-0.495024876,0.5,0.5
1.4379,49.7512438,50,-0.495024876,0.5,0.5
1.438,49.7512438,50,-0.495024876,0.5,0.5
1.4381,49.7512438,50,-0.495024876,0.5,0.5
1.4382,49.7512438,50,-0.495024876,0.5,0.5
1.4383,49.7512438,50,-0.495024876,0.5,0.5
1.4384,49.7512438,50,-0.495024876,0.5,0.5
1.4385,49.7512438,50,-0.495024876,0.5,0.5
1.4386,49.7512438,50,-0.495024876,0.5,0.5
1.4387,49.7512438,50,-0.495024876,0.5,0.5
1.4388,49.7512438,50,-0.495024876,0.5,0.5
1.4389,49.7512438,50,-0.495024876,0.5,0.5
1.439,49.7512438,50,-0.495024876,0.5,0.5
1.4391,49.7512438,50,-0.495024876,0.5,0.5
1.4392,49.7512438,50,-0.495024876,0.5,0.5
1.4393,49.7512438,50,-0.495024876,0.5,0.5
1.4394,49.7512438,50,-0.495024876,0.5,0.5
1.4395,49.7512438,50,-0.495024876,0.5,0.5
1.4396,49.7512438,50,-0.495024876,0.5,0.5
1.4397,49.7512438,50,-0.495024876,0.5,0.5
1.4398,49.7512438,50,-0.495024876,0.5,0.5
1.4399,49.7512438,50,-0.495024876,0.5,0.5
1.44,49.7512438,50,-0.495024876,0.5,0.5
1.4401,49.7512438,50,-0.495024876,0.5,0.5
1.4402,49.7512438,50,-0.495024876,0.5,0.5
1.4403,49.7512438,50,-0.495024876,0.5,0.5
1.4404,49.7512438,50,-0.495024876,0.5,0.5
1.4405,49.7512438,50,-0.495024876,0.5,0.5
1.4406,49.7512438,50,-0.495024876,0.5,0.5
1.4407,49.7512438,50,-0.495024876,0.5,0.5
1.4408,49.7512438,50,-0.495024876,0.5,0.5
1.4409,49.7512438,50,-0.495024876,0.5,0.5
1.441,49.7512438,50,-0.495024876,0.5,0.5
1.4411,49.7512438,50,-0.495024876,0.5,0.5
1.4412,49.7512438,50,-0.495024876,0.5,0.5
1.4413,49.7512438,50,-0.495024876,0.5,0.5
1.4414,49.7512438,50,-0.495024876,0.5,0.5
1.4415,49.7512438,50,-0.495024876,0.5,0.5
1.4416,49.7512438,50,-0.495024876,0.5,0.5
1.4417,49.7512438,50,-0.495024876,0.5,0.5
1.4418,49.7512438,50,-0.495024876,0.5,0.5
1.4419,49.7512438,50,-0.495024876,0.5,0.5
1.442,49.7512438,50,-0.495024876,0.5,0.5
1.4421,49.7512438,50,-0.495024876,0.5,0.5
1.4422,49.7512438,50,-0.495024876,0.5,0.5
1.4423,49.7512438,50,-0.495024876,0.5,0.5
1.4424,49.7512438,50,-0.495024876,0.5,0.5
1.4425,49.7512438,50,-0.495024876,0.5,0.5
1.4426,49.7512438,50,-0.495024876,0.5,0.5
1.4427,49.7512438,50,-0.495024876,0.5,0.5
1.4428,49.7512438,50,-0.495024876,0.5,0.5
1.4429,49.7512438,50,-0.495024876,0.5,0.5
1.443,49.7512438,50,-0.495024876,0.5,0.5
1.4431,49.7512438,50,-0.495024876,0.5,0.5
1.4432,49.7512438,50,-0.495024876,0.5,0.5
1.4433,49.7512438,50,-0.495024876,0.5,0.5
1.4434,49.7512438,50,-0.495024876,0.5,0.5
1.4435,49.7512438,50,-0.495024876,0.5,0.5
1.4436,49.7512438,50,-0.495024876,0.5,0.5
1.4437,49.7512438,50,-0.495024876,0.5,0.5
1.4438,49.7512438,50,-0.495024876,0.5,0.5
1.4439,49.7512438,50,-0.495024876,0.5,0.5
1.444,49.7512438,50,-0.495024876,0.5,0.5
1.4441,49.7512438,50,-0.495024876,0.5,0.5
1.4442,49.7512438,50,-0.495024876,0.5,0.5
1.4443,49.7512438,50,-0.495024876,0.5,0.5
1.4444,49.7512438,50,-0.495024876,0.5,0.5
1.4445,49.7512438,50,-0.495024876,0.5,0.5
1.4446,49.7512438,50,-0.495024876,0.5,0.5
1.4447,49.7512438,50,-0.495024876,0.5,0.5
1.4448,49.7512438,50,-0.495024876,0.5,0.5
1.4449,49.7512438,50,-0.495024876,0.5,0.5
1.445,49.7512438,50,-0.495024876,0.5,0.5
1.4451,49.7512438,50,-0.495024876,0.5,0.5
1.4452,49.7512438,50,-0.495024876,0.5,0.5
1.4453,49.7512438,50,-0.495024876,0.5,0.5
1.4454,49.7512438,50,-0.495024876,0.5,0.5
1.4455,49.7512438,50,-0.495024876,0.5,0.5
1.4456,49.7512438,50,-0.495024876,0.5,0.5
1.4457,49.7512438,50,-0.495024876,0.5,0.5
1.4458,49.7512438,50,-0.495024876,0.5,0.5
1.4459,49.7512438,50,-0.495024876,0.5,0.5
1.446,49.7512438,50,-0.495024876,0.5,0.5
1.4461,49.7512438,50,-0.495024876,0.5,0.5
1.4462,49.7512438,50,-0.495024876,0.5,0.5
1.4463,49.7512438,50,-0.495024876,0.5,0.5
1.4464,49.7512438,50,-0.495024876,0.5,0.5
1.4465,49.7512438,50,-0.495024876,0.5,0.5
1.4466,49.7512438,50,-0.495024876,0.5,0.5
1.4467,49.7512438,50,-0.495024876,0.5,0.5
1.4468,49.7512438,50,-0.495024876,0.5,0.5
1.4469,49.7512438,50,-0.495024876,0.5,0.5
1.447,49.7512438,50,-0.495024876,0.5,0.5
1.4471,49.7512438,50,-0.495024876,0.5,0.5
1.4472,49.7512438,50,-0.495024876,0.5,0.5
1.4473,49.7512438,50,-0.495024876,0.5,0.5
1.4474,49.7512438,50,-0.495024876,0.5,0.5
1.4475,49.7512438,50,-0.495024876,0.5,0.5
1.4476,49.7512438,50,-0.495024876,0.5,0.5
1.4477,49.7512438,50,-0.495024876,0.5,0.5
1.4478,49.7512438,50,-0.495024876,0.5,0.5
1.4479,49.7512438,50,-0.495024876,0.5,0.5
1.448,49.7512438,50,-0.495024876,0.5,0.5
1.4481,49.7512438,50,-0.495024876,0.5,0.5
1.4482,49.7512438,50,-0.495024876,0.5,0.5
1.4483,49.7512438,50,-0.495024876,0.5,0.5
1.4484,49.7512438,50,-0.495024876,0.5,0.5
1.4485,49.7512438,50,-0.495024876,0.5,0.5
1.4486,49.7512438,50,-0.495024876,0.5,0.5
1.4487,49.7512438,50,-0.495024876,0.5,0.5
1.4488,49.7512438,50,-0.495024876,0.5,0.5
1.4489,49.7512438,50,-0.495024876,0.5,0.5
1.449,49.7512438,50,-0.495024876,0.5,0.5
1.4491,49.7512438,50,-0.495024876,0.5,0.5
1.4492,49.7512438,50,-0.495024876,0.5,0.5
1.4493,49.7512438,50,-0.495024876,0.5,0.5
1.4494,49.7512438,50,-0.495024876,0.5,0.5
1.4495,49.7512438,50,-0.495024876,0.5,0.5
1.4496,49.7512438,50,-0.495024876,0.5,0.5
1.4497,49.7512438,50,-0.495024876,0.5,0.5
1.4498,49.7512438,50,-0.495024876,0.5,0.5
1.4499,49.7512438,50,-0.495024876,0.5,0.5
1.45,49.7512438,50,-0.495024876,0.5,0.5
1.4501,49.7512438,50,-0.495024876,0.5,0.5
1.4502,49.7512438,50,-0.495024876,0.5,0.5
1.4503,49.7512438,50,-0.495024876,0.5,0.5
1.4504,49.7512438,50,-0.495024876,0.5,0.5
1.4505,49.7512438,50,-0.495024876,0.5,0.5
1.4506,49.7512438,50,-0.495024876,0.5,0.5
1.4507,49.7512438,50,-0.495024876,0.5,0.5
1.4508,49.7512438,50,-0.495024876,0.5,0.5
1.4509,49.7512438,50,-0.495024876,0.5,0.5
1.451,49.7512438,50,-0.495024876,0.5,0.5
1.4511,49.7512438,50,-0.495024876,0.5,0.5
1.4512,49.7512438,50,-0.495024876,0.5,0.5
1.4513,49.7512438,50,-0.495024876,0.5,0.5
1.4514,49.7512438,50,-0.495024876,0.5,0.5
1.4515,49.7512438,50,-0.495024876,0.5,0.5
1.4516,49.7512438,50,-0.495024876,0.5,0.5
1.4517,49.7512438,50,-0.495024876,0.5,0.5
1.4518,49.7512438,50,-0.495024876,0.5,0.5
1.4519,49.7512438,50,-0.495024876,0.5,0.5
1.452,49.7512438,50,-0.495024876,0.5,0.5
1.4521,49.7512438,50,-0.495024876,0.5,0.5
1.4522,49.7512438,50,-0.495024876,0.5,0.5
1.4523,49.7512438,50,-0.495024876,0.5,0.5
1.4524,49.7512438,50,-0.495024876,0.5,0.5
1.4525,49.7512438,50,-0.495024876,0.5,0.5
1.4526,49.7512438,50,-0.495024876,0.5,0.5
1.4527,49.7512438,50,-0.495024876,0.5,0.5
1.4528,49.7512438,50,-0.495024876,0.5,0.5
1.4529,49.7512438,50,-0.495024876,0.5,0.5
1.453,49.7512438,50,-0.495024876,0.5,0.5
1.4531,49.7512438,50,-0.495024876,0.5,0.5
1.4532,49.7512438,50,-0.495024876,0.5,0.5
1.4533,49.7512438,50,-0.495024876,0.5,0.5
1.4534,49.7512438,50,-0.495024876,0.5,0.5
1.4535,49.7512438,50,-0.495024876,0.5,0.5
1.4536,49.7512438,50,-0.495024876,0.5,0.5
1.4537,49.7512438,50,-0.495024876,0.5,0.5
1.4538,49.7512438,50,-0.495024876,0.5,0.5
1.4539,49.7512438,50,-0.495024876,0.5,0.5
1.454,49.7512438,50,-0.495024876,0.5,0.5
1.4541,49.7512438,50,-0.495024876,0.5,0.5
1.4542,49.7512438,50,-0.495024876,0.5,0.5
1.4543,49.7512438,50,-0.495024876,0.5,0.5
1.4544,49.7512438,50,-0.495024876,0.5,0.5
1.4545,49.7512438,50,-0.495024876,0.5,0.5
1.4546,49.7512438,50,-0.495024876,0.5,0.5
1.4547,49.7512438,50,-0.495024876,0.5,0.5
1.4548,49.7512438,50,-0.495024876,0.5,0.5
1.4549,49.7512438,50,-0.495024876,0.5,0.5
1.455,49.7512438,50,-0.495024876,0.5,0.5
1.4551,49.7512438,50,-0.495024876,0.5,0.5
1.4552,49.7512438,50,-0.495024876,0.5,0.5
1.4553,49.7512438,50,-0.495024876,0.5,0.5
1.4554,49.7512438,50,-0.495024876,0.5,0.5
1.4555,49.7512438,50,-0.495024876,0.5,0.5
1.4556,49.7512438,50,-0.495024876,0.5,0.5
1.4557,49.7512438,50,-0.495024876,0.5,0.5
1.4558,49.7512438,50,-0.495024876,0.5,0.5
1.4559,49.7512438,50,-0.495024876,0.5,0.5
1.456,49.7512438,50,-0.495024876,0.5,0.5
1.4561,49.7512438,50,-0.495024876,0.5,0.5
1.4562,49.7512438,50,-0.495024876,0.5,0.5
1.4563,49.7512438,50,-0.495024876,0.5,0.5
1.4564,49.7512438,50,-0.495024876,0.5,0.5
1.4565,49.7512438,50,-0.495024876,0.5,0.5
1.4566,49.7512438,50,-0.495024876,0.5,0.5
1.4567,49.7512438,50,-0.495024876,0.5,0.5
1.4568,49.7512438,50,-0.495024876,0.5,0.5
1.4569,49.7512438,50,-0.495024876,0.5,0.5
1.457,49.7512438,50,-0.495024876,0.5,0.5
1.4571,49.7512438,50,-0.495024876,0.5,0.5
1.4572,49.7512438,50,-0.495024876,0.5,0.5
1.4573,49.7512438,50,-0.495024876,0.5,0.5
1.4574,49.7512438,50,-0.495024876,0.5,0.5
1.4575,49.7512438,50,-0.495024876,0.5,0.5
1.4576,49.7512438,50,-0.495024876,0.5,0.5
1.4577,49.7512438,50,-0.495024876,0.5,0.5
1.4578,49.7512438,50,-0.495024876,0.5,0.5
1.4579,49.7512438,50,-0.495024876,0.5,0.5
1.458,49.7512438,50,-0.495024876,0.5,0.5
1.4581,49.7512438,50,-0.495024876,0.5,0.5
1.4582,49.7512438,50,-0.495024876,0.5,0.5
1.4583,49.7512438,50,-0.495024876,0.5,0.5
1.4584,49.7512438,50,-0.495024876,0.5,0.5
1.4585,49.7512438,50,-0.495024876,0.5,0.5
1.4586,49.7512438,50,-0.495024876,0.5,0.5
1.4587,49.7512438,50,-0.495024876,0.5,0.5
1.4588,49.7512438,50,-0.495024876,0.5,0.5
1.4589,49.7512438,50,-0.495024876,0.5,0.5
1.459,49.7512438,50,-0.495024876,0.5,0.5
1.4591,49.7512438,50,-0.495024876,0.5,0.5
1.4592,49.7512438,50,-0.495024876,0.5,0.5
1.4593,49.7512438,50,-0.495024876,0.5,0.5
1.4594,49.7512438,50,-0.495024876,0.5,0.5
1.4595,49.7512438,50,-0.495024876,0.5,0.5
1.4596,49.7512438,50,-0.495024876,0.5,0.5
1.4597,49.7512438,50,-0.495024876,0.5,0.5
1.4598,49.7512438,50,-0.495024876,0.5,0.5
1.4599,49.7512438,50,-0.495024876,0.5,0.5
1.46,49.7512438,50,-0.495024876,0.5,0.5
1.4601,49.7512438,50,-0.495024876,0.5,0.5
1.4602,49.7512438,50,-0.495024876,0.5,0.5
1.4603,49.7512438,50,-0.495024876,0.5,0.5
1.4604,49.7512438,50,-0.495024876,0.5,0.5
1.4605,49.7512438,50,-0.495024876,0.5,0.5
1.4606,49.7512438,50,-0.495024876,0.5,0.5
1.4607,49.7512438,50,-0.495024876,0.5,0.5
1.4608,49.7512438,50,-0.495024876,0.5,0.5
1.4609,49.7512438,50,-0.495024876,0.5,0.5
1.461,49.7512438,50,-0.495024876,0.5,0.5
1.4611,49.7512438,50,-0.495024876,0.5,0.5
1.4612,49.7512438,50,-0.495024876,0.5,0.5
1.4613,49.7512438,50,-0.495024876,0.5,0.5
1.4614,49.7512438,50,-0.495024876,0.5,0.5
1.4615,49.7512438,50,-0.495024876,0.5,0.5
1.4616,49.7512438,50,-0.495024876,0.5,0.5
1.4617,49.7512438,50,-0.495024876,0.5,0.5
1.4618,49.7512438,50,-0.495024876,0.5,0.5
1.4619,49.7512438,50,-0.495024876,0.5,0.5
1.462,49.7512438,50,-0.495024876,0.5,0.5
1.4621,49.7512438,50,-0.495024876,0.5,0.5
1.4622,49.7512438,50,-0.495024876,0.5,0.5
1.4623,49.7512438,50,-0.495024876,0.5,0.5
1.4624,49.7512438,50,-0.495024876,0.5,0.5
1.4625,49.7512438,50,-0.495024876,0.5,0.5
1.4626,49.7512438,50,-0.495024876,0.5,0.5
1.4627,49.7512438,50,-0.495024876,0.5,0.5
1.4628,49.7512438,50,-0.495024876,0.5,0.5
1.4629,49.7512438,50,-0.495024876,0.5,0.5
1.463,49.7512438,50,-0.495024876,0.5,0.5
1.4631,49.7512438,50,-0.495024876,0.5,0.5
1.4632,49.7512438,50,-0.495024876,0.5,0.5
1.4633,49.7512438,50,-0.495024876,0.5,0.5
1.4634,49.7512438,50,-0.495024876,0.5,0.5
1.4635,49.7512438,50,-0.495024876,0.5,0.5
1.4636,49.7512438,50,-0.495024876,0.5,0.5
1.4637,49.7512438,50,-0.495024876,0.5,0.5
1.4638,49.7512438,50,-0.495024876,0.5,0.5
1.4639,49.7512438,50,-0.495024876,0.5,0.5
1.464,49.7512438,50,-0.495024876,0.5,0.5
1.4641,49.7512438,50,-0.495024876,0.5,0.5
1.4642,49.7512438,50,-0.495024876,0.5,0.5
1.4643,49.7512438,50,-0.495024876,0.5,0.5
1.4644,49.7512438,50,-0.495024876,0.5,0.5
1.4645,49.7512438,50,-0.495024876,0.5,0.5
1.4646,49.7512438,50,-0.495024876,0.5,0.5
1.4647,49.7512438,50,-0.495024876,0.5,0.5
1.4648,49.7512438,50,-0.495024876,0.5,0.5
1.4649,49.7512438,50,-0.495024876,0.5,0.5
1.465,49.7512438,50,-0.495024876,0.5,0.5
1.4651,49.7512438,50,-0.495024876,0.5,0.5
1.4652,49.7512438,50,-0.495024876,0.5,0.5
1.4653,49.7512438,50,-0.495024876,0.5,0.5
1.4654,49.7512438,50,-0.495024876,0.5,0.5
1.4655,49.7512438,50,-0.495024876,0.5,0.5
1.4656,49.7512438,50,-0.495024876,0.5,0.5
1.4657,49.7512438,50,-0.495024876,0.5,0.5
1.4658,49.7512438,50,-0.495024876,0.5,0.5
1.4659,49.7512438,50,-0.495024876,0.5,0.5
1.466,49.7512438,50,-0.495024876,0.5,0.5
1.4661,49.7512438,50,-0.495024876,0.5,0.5
1.4662,49.7512438,50,-0.495024876,0.5,0.5
1.4663,49.7512438,50,-0.495024876,0.5,0.5
1.4664,49.7512438,50,-0.495024876,0.5,0.5
1.4665,49.7512438,50,-0.495024876,0.5,0.5
1.4666,49.7512438,50,-0.495024876,0.5,0.5
1.4667,49.7512438,50,-0.495024876,0.5,0.5
1.4668,49.7512438,50,-0.495024876,0.5,0.5
1.4669,49.7512438,50,-0.495024876,0.5,0.5
1.467,49.7512438,50,-0.495024876,0.5,0.5
1.4671,49.7512438,50,-0.495024876,0.5,0.5
1.4672,49.7512438,50,-0.495024876,0.5,0.5
1.4673,49.7512438,50,-0.495024876,0.5,0.5
1.4674,49.7512438,50,-0.495024876,0.5,0.5
1.4675,49.7512438,50,-0.495024876,0.5,0.5
1.4676,49.7512438,50,-0.495024876,0.5,0.5
1.4677,49.7512438,50,-0.495024876,0.5,0.5
1.4678,49.7512438,50,-0.495024876,0.5,0.5
1.4679,49.7512438,50,-0.495024876,0.5,0.5
1.468,49.7512438,50,-0.495024876,0.5,0.5
1.4681,49.7512438,50,-0.495024876,0.5,0.5
1.4682,49.7512438,50,-0.495024876,0.5,0.5
1.4683,49.7512438,50,-0.495024876,0.5,0.5
1.4684,49.7512438,50,-0.495024876,0.5,0.5
1.4685,49.7512438,50,-0.495024876,0.5,0.5
1.4686,49.7512438,50,-0.495024876,0.5,0.5
1.4687,49.7512438,50,-0.495024876,0.5,0.5
1.4688,49.7512438,50,-0.495024876,0.5,0.5
1.4689,49.7512438,50,-0.495024876,0.5,0.5
1.469,49.7512438,50,-0.495024876,0.5,0.5
1.4691,49.7512438,50,-0.495024876,0.5,0.5
1.4692,49.7512438,50,-0.495024876,0.5,0.5
1.4693,49.7512438,50,-0.495024876,0.5,0.5
1.4694,49.7512438,50,-0.495024876,0.5,0.5
1.4695,49.7512438,50,-0.495024876,0.5,0.5
1.4696,49.7512438,50,-0.495024876,0.5,0.5
1.4697,49.7512438,50,-0.495024876,0.5,0.5
1.4698,49.7512438,50,-0.495024876,0.5,0.5
1.4699,49.7512438,50,-0.495024876,0.5,0.5
1.47,49.7512438,50,-0.495024876,0.5,0.5
1.4701,49.7512438,50,-0.495024876,0.5,0.5
1.4702,49.7512438,50,-0.495024876,0.5,0.5
1.4703,49.7512438,50,-0.495024876,0.5,0.5
1.4704,49.7512438,50,-0.495024876,0.5,0.5
1.4705,49.7512438,50,-0.495024876,0.5,0.5
1.4706,49.7512438,50,-0.495024876,0.5,0.5
1.4707,49.7512438,50,-0.495024876,0.5,0.5
1.4708,49.7512438,50,-0.495024876,0.5,0.5
1.4709,49.7512438,50,-0.495024876,0.5,0.5
1.471,49.7512438,50,-0.495024876,0.5,0.5
1.4711,49.7512438,50,-0.495024876,0.5,0.5
1.4712,49.7512438,50,-0.495024876,0.5,0.5
1.4713,49.7512438,50,-0.495024876,0.5,0.5
1.4714,49.7512438,50,-0.495024876,0.5,0.5
1.4715,49.7512438,50,-0.495024876,0.5,0.5
1.4716,49.7512438,50,-0.495024876,0.5,0.5
1.4717,49.7512438,50,-0.495024876,0.5,0.5
1.4718,49.7512438,50,-0.495024876,0.5,0.5
1.4719,49.7512438,50,-0.495024876,0.5,0.5
1.472,49.7512438,50,-0.495024876,0.5,0.5
1.4721,49.7512438,50,-0.495024876,0.5,0.5
1.4722,49.7512438,50,-0.495024876,0.5,0.5
1.4723,49.7512438,50,-0.495024876,0.5,0.5
1.4724,49.7512438,50,-0.495024876,0.5,0.5
1.4725,49.7512438,50,-0.495024876,0.5,0.5
1.4726,49.7512438,50,-0.495024876,0.5,0.5
1.4727,49.7512438,50,-0.495024876,0.5,0.5
1.4728,49.7512438,50,-0.495024876,0.5,0.5
1.4729,49.7512438,50,-0.495024876,0.5,0.5
1.473,49.7512438,50,-0.495024876,0.5,0.5
1.4731,49.7512438,50,-0.495024876,0.5,0.5
1.4732,49.7512438,50,-0.495024876,0.5,0.5
1.4733,49.7512438,50,-0.495024876,0.5,0.5
1.4734,49.7512438,50,-0.495024876,0.5,0.5
1.4735,49.7512438,50,-0.495024876,0.5,0.5
1.4736,49.7512438,50,-0.495024876,0.5,0.5
1.4737,49.7512438,50,-0.495024876,0.5,0.5
1.4738,49.7512438,50,-0.495024876,0.5,0.5
1.4739,49.7512438,50,-0.495024876,0.5,0.5
1.474,49.7512438,50,-0.495024876,0.5,0.5
1.4741,49.7512438,50,-0.495024876,0.5,0.5
1.4742,49.7512438,50,-0.495024876,0.5,0.5
1.4743,49.7512438,50,-0.495024876,0.5,0.5
1.4744,49.7512438,50,-0.495024876,0.5,0.5
1.4745,49.7512438,50,-0.495024876,0.5,0.5
1.4746,49.7512438,50,-0.495024876,0.5,0.5
1.4747,49.7512438,50,-0.495024876,0.5,0.5
1.4748,49.7512438,50,-0.495024876,0.5,0.5
1.4749,49.7512438,50,-0.495024876,0.5,0.5
1.475,49.7512438,50,-0.495024876,0.5,0.5
1.4751,49.7512438,50,-0.495024876,0.5,0.5
1.4752,49.7512438,50,-0.495024876,0.5,0.5
1.4753,49.7512438,50,-0.495024876,0.5,0.5
1.4754,49.7512438,50,-0.495024876,0.5,0.5
1.4755,49.7512438,50,-0.495024876,0.5,0.5
1.4756,49.7512438,50,-0.495024876,0.5,0.5
1.4757,49.7512438,50,-0.495024876,0.5,0.5
1.4758,49.7512438,50,-0.495024876,0.5,0.5
1.4759,49.7512438,50,-0.495024876,0.5,0.5
1.476,49.7512438,50,-0.495024876,0.5,0.5
1.4761,49.7512438,50,-0.495024876,0.5,0.5
1.4762,49.7512438,50,-0.495024876,0.5,0.5
1.4763,49.7512438,50,-0.495024876,0.5,0.5
1.4764,49.7512438,50,-0.495024876,0.5,0.5
1.4765,49.7512438,50,-0.495024876,0.5,0.5
1.4766,49.7512438,50,-0.495024876,0.5,0.5
1.4767,49.7512438,50,-0.495024876,0.5,0.5
1.4768,49.7512438,50,-0.495024876,0.5,0.5
1.4769,49.7512438,50,-0.495024876,0.5,0.5
1.477,49.7512438,50,-0.495024876,0.5,0.5
1.4771,49.7512438,50,-0.495024876,0.5,0.5
1.4772,49.7512438,50,-0.495024876,0.5,0.5
1.4773,49.7512438,50,-0.495024876,0.5,0.5
1.4774,49.7512438,50,-0.495024876,0.5,0.5
1.4775,49.7512438,50,-0.495024876,0.5,0.5
1.4776,49.7512438,50,-0.495024876,0.5,0.5
1.4777,49.7512438,50,-0.495024876,0.5,0.5
1.4778,49.7512438,50,-0.495024876,0.5,0.5
1.4779,49.7512438,50,-0.495024876,0.5,0.5
1.478,49.7512438,50,-0.495024876,0.5,0.5
1.4781,49.7512438,50,-0.495024876,0.5,0.5
1.4782,49.7512438,50,-0.495024876,0.5,0.5
1.4783,49.7512438,50,-0.495024876,0.5,0.5
1.4784,49.7512438,50,-0.495024876,0.5,0.5
1.4785,49.7512438,50,-0.495024876,0.5,0.5
1.4786,49.7512438,50,-0.495024876,0.5,0.5
1.4787,49.7512438,50,-0.495024876,0.5,0.5
1.4788,49.7512438,50,-0.495024876,0.5,0.5
1.4789,49.7512438,50,-0.495024876,0.5,0.5
1.479,49.7512438,50,-0.495024876,0.5,0.5
1.4791,49.7512438,50,-0.495024876,0.5,0.5
1.4792,49.7512438,50,-0.495024876,0.5,0.5
1.4793,49.7512438,50,-0.495024876,0.5,0.5
1.4794,49.7512438,50,-0.495024876,0.5,0.5
1.4795,49.7512438,50,-0.495024876,0.5,0.5
1.4796,49.7512438,50,-0.495024876,0.5,0.5
1.4797,49.7512438,50,-0.495024876,0.5,0.5
1.4798,49.7512438,50,-0.495024876,0.5,0.5
1.4799,49.7512438,50,-0.495024876,0.5,0.5
1.48,49.7512438,50,-0.495024876,0.5,0.5
1.4801,49.7512438,50,-0.495024876,0.5,0.5
1.4802,49.7512438,50,-0.495024876,0.5,0.5
1.4803,49.7512438,50,-0.495024876,0.5,0.5
1.4804,49.7512438,50,-0.495024876,0.5,0.5
1.4805,49.7512438,50,-0.495024876,0.5,0.5
1.4806,49.7512438,50,-0.495024876,0.5,0.5
1.4807,49.7512438,50,-0.495024876,0.5,0.5
1.4808,49.7512438,50,-0.495024876,0.5,0.5
1.4809,49.7512438,50,-0.495024876,0.5,0.5
1.481,49.7512438,50,-0.495024876,0.5,0.5
1.4811,49.7512438,50,-0.495024876,0.5,0.5
1.4812,49.7512438,50,-0.495024876,0.5,0.5
1.4813,49.7512438,50,-0.495024876,0.5,0.5
1.4814,49.7512438,50,-0.495024876,0.5,0.5
1.4815,49.7512438,50,-0.495024876,0.5,0.5
1.4816,49.7512438,50,-0.495024876,0.5,0.5
1.4817,49.7512438,50,-0.495024876,0.5,0.5
1.4818,49.7512438,50,-0.495024876,0.5,0.5
1.4819,49.7512438,50,-0.495024876,0.5,0.5
1.482,49.7512438,50,-0.495024876,0.5,0.5
1.4821,49.7512438,50,-0.495024876,0.5,0.5
1.4822,49.7512438,50,-0.495024876,0.5,0.5
1.4823,49.7512438,50,-0.495024876,0.5,0.5
1.4824,49.7512438,50,-0.495024876,0.5,0.5
1.4825,49.7512438,50,-0.495024876,0.5,0.5
1.4826,49.7512438,50,-0.495024876,0.5,0.5
1.4827,49.7512438,50,-0.495024876,0.5,0.5
1.4828,49.7512438,50,-0.495024876,0.5,0.5
1.4829,49.7512438,50,-0.495024876,0.5,0.5
1.483,49.7512438,50,-0.495024876,0.5,0.5
1.4831,49.7512438,50,-0.495024876,0.5,0.5
1.4832,49.7512438,50,-0.495024876,0.5,0.5
1.4833,49.7512438,50,-0.495024876,0.5,0.5
1.4834,49.7512438,50,-0.495024876,0.5,0.5
1.4835,49.7512438,50,-0.495024876,0.5,0.5
1.4836,49.7512438,50,-0.495024876,0.5,0.5
1.4837,49.7512438,50,-0.495024876,0.5,0.5
1.4838,49.7512438,50,-0.495024876,0.5,0.5
1.4839,49.7512438,50,-0.495024876,0.5,0.5
1.484,49.7512438,50,-0.495024876,0.5,0.5
1.4841,49.7512438,50,-0.495024876,0.5,0.5
1.4842,49.7512438,50,-0.495024876,0.5,0.5
1.4843,49.7512438,50,-0.495024876,0.5,0.5
1.4844,49.7512438,50,-0.495024876,0.5,0.5
1.4845,49.7512438,50,-0.495024876,0.5,0.5
1.4846,49.7512438,50,-0.495024876,0.5,0.5
1.4847,49.7512438,50,-0.495024876,0.5,0.5
1.4848,49.7512438,50,-0.495024876,0.5,0.5
1.4849,49.7512438,50,-0.495024876,0.5,0.5
1.485,49.7512438,50,-0.495024876,0.5,0.5
1.4851,49.7512438,50,-0.495024876,0.5,0.5
1.4852,49.7512438,50,-0.495024876,0.5,0.5
1.4853,49.7512438,50,-0.495024876,0.5,0.5
1.4854,49.7512438,50,-0.495024876,0.5,0.5
1.4855,49.7512438,50,-0.495024876,0.5,0.5
1.4856,49.7512438,50,-0.495024876,0.5,0.5
1.4857,49.7512438,50,-0.495024876,0.5,0.5
1.4858,49.7512438,50,-0.495024876,0.5,0.5
1.4859,49.7512438,50,-0.495024876,0.5,0.5
1.486,49.7512438,50,-0.495024876,0.5,0.5
1.4861,49.7512438,50,-0.495024876,0.5,0.5
1.4862,49.7512438,50,-0.495024876,0.5,0.5
1.4863,49.7512438,50,-0.495024876,0.5,0.5
1.4864,49.7512438,50,-0.495024876,0.5,0.5
1.4865,49.7512438,50,-0.495024876,0.5,0.5
1.4866,49.7512438,50,-0.495024876,0.5,0.5
1.4867,49.7512438,50,-0.495024876,0.5,0.5
1.4868,49.7512438,50,-0.495024876,0.5,0.5
1.4869,49.7512438,50,-0.495024876,0.5,0.5
1.487,49.7512438,50,-0.495024876,0.5,0.5
1.4871,49.7512438,50,-0.495024876,0.5,0.5
1.4872,49.7512438,50,-0.495024876,0.5,0.5
1.4873,49.7512438,50,-0.495024876,0.5,0.5
1.4874,49.7512438,50,-0.495024876,0.5,0.5
1.4875,49.7512438,50,-0.495024876,0.5,0.5
1.4876,49.7512438,50,-0.495024876,0.5,0.5
1.4877,49.7512438,50,-0.495024876,0.5,0.5
1.4878,49.7512438,50,-0.495024876,0.5,0.5
1.4879,49.7512438,50,-0.495024876,0.5,0.5
1.488,49.7512438,50,-0.495024876,0.5,0.5
1.4881,49.7512438,50,-0.495024876,0.5,0.5
1.4882,49.7512438,50,-0.495024876,0.5,0.5
1.4883,49.7512438,50,-0.495024876,0.5,0.5
1.4884,49.7512438,50,-0.495024876,0.5,0.5
1.4885,49.7512438,50,-0.495024876,0.5,0.5
1.4886,49.7512438,50,-0.495024876,0.5,0.5
1.4887,49.7512438,50,-0.495024876,0.5,0.5
1.4888,49.7512438,50,-0.495024876,0.5,0.5
1.4889,49.7512438,50,-0.495024876,0.5,0.5
1.489,49.7512438,50,-0.495024876,0.5,0.5
1.4891,49.7512438,50,-0.495024876,0.5,0.5
1.4892,49.7512438,50,-0.495024876,0.5,0.5
1.4893,49.7512438,50,-0.495024876,0.5,0.5
1.4894,49.7512438,50,-0.495024876,0.5,0.5
1.4895,49.7512438,50,-0.495024876,0.5,0.5
1.4896,49.7512438,50,-0.495024876,0.5,0.5
1.4897,49.7512438,50,-0.495024876,0.5,0.5
1.4898,49.7512438,50,-0.495024876,0.5,0.5
1.4899,49.7512438,50,-0.495024876,0.5,0.5
1.49,49.7512438,50,-0.495024876,0.5,0.5
1.4901,49.7512438,50,-0.495024876,0.5,0.5
1.4902,49.7512438,50,-0.495024876,0.5,0.5
1.4903,49.7512438,50,-0.495024876,0.5,0.5
1.4904,49.7512438,50,-0.495024876,0.5,0.5
1.4905,49.7512438,50,-0.495024876,0.5,0.5
1.4906,49.7512438,50,-0.495024876,0.5,0.5
1.4907,49.7512438,50,-0.495024876,0.5,0.5
1.4908,49.7512438,50,-0.495024876,0.5,0.5
1.4909,49.7512438,50,-0.495024876,0.5,0.5
1.491,49.7512438,50,-0.495024876,0.5,0.5
1.4911,49.7512438,50,-0.495024876,0.5,0.5
1.4912,49.7512438,50,-0.495024876,0.5,0.5
1.4913,49.7512438,50,-0.495024876,0.5,0.5
1.4914,49.7512438,50,-0.495024876,0.5,0.5
1.4915,49.7512438,50,-0.495024876,0.5,0.5
1.4916,49.7512438,50,-0.495024876,0.5,0.5
1.4917,49.7512438,50,-0.495024876,0.5,0.5
1.4918,49.7512438,50,-0.495024876,0.5,0.5
1.4919,49.7512438,50,-0.495024876,0.5,0.5
1.492,49.7512438,50,-0.495024876,0.5,0.5
1.4921,49.7512438,50,-0.495024876,0.5,0.5
1.4922,49.7512438,50,-0.495024876,0.5,0.5
1.4923,49.7512438,50,-0.495024876,0.5,0.5
1.4924,49.7512438,50,-0.495024876,0.5,0.5
1.4925,49.7512438,50,-0.495024876,0.5,0.5
1.4926,49.7512438,50,-0.495024876,0.5,0.5
1.4927,49.7512438,50,-0.495024876,0.5,0.5
1.4928,49.7512438,50,-0.495024876,0.5,0.5
1.4929,49.7512438,50,-0.495024876,0.5,0.5
1.493,49.7512438,50,-0.495024876,0.5,0.5
1.4931,49.7512438,50,-0.495024876,0.5,0.5
1.4932,49.7512438,50,-0.495024876,0.5,0.5
1.4933,49.7512438,50,-0.495024876,0.5,0.5
1.4934,49.7512438,50,-0.495024876,0.5,0.5
1.4935,49.7512438,50,-0.495024876,0.5,0.5
1.4936,49.7512438,50,-0.495024876,0.5,0.5
1.4937,49.7512438,50,-0.495024876,0.5,0.5
1.4938,49.7512438,50,-0.495024876,0.5,0.5
1.4939,49.7512438,50,-0.495024876,0.5,0.5
1.494,49.7512438,50,-0.495024876,0.5,0.5
1.4941,49.7512438,50,-0.495024876,0.5,0.5
1.4942,49.7512438,50,-0.495024876,0.5,0.5
1.4943,49.7512438,50,-0.495024876,0.5,0.5
1.4944,49.7512438,50,-0.495024876,0.5,0.5
1.4945,49.7512438,50,-0.495024876,0.5,0.5
1.4946,49.7512438,50,-0.495024876,0.5,0.5
1.4947,49.7512438,50,-0.495024876,0.5,0.5
1.4948,49.7512438,50,-0.495024876,0.5,0.5
1.4949,49.7512438,50,-0.495024876,0.5,0.5
1.495,49.7512438,50,-0.495024876,0.5,0.5
1.4951,49.7512438,50,-0.495024876,0.5,0.5
1.4952,49.7512438,50,-0.495024876,0.5,0.5
1.4953,49.7512438,50,-0.495024876,0.5,0.5
1.4954,49.7512438,50,-0.495024876,0.5,0.5
1.4955,49.7512438,50,-0.495024876,0.5,0.5
1.4956,49.7512438,50,-0.495024876,0.5,0.5
1.4957,49.7512438,50,-0.495024876,0.5,0.5
1.4958,49.7512438,50,-0.495024876,0.5,0.5
1.4959,49.7512438,50,-0.495024876,0.5,0.5
1.496,49.7512438,50,-0.495024876,0.5,0.5
1.4961,49.7512438,50,-0.495024876,0.5,0.5
1.4962,49.7512438,50,-0.495024876,0.5,0.5
1.4963,49.7512438,50,-0.495024876,0.5,0.5
1.4964,49.7512438,50,-0.495024876,0.5,0.5
1.4965,49.7512438,50,-0.495024876,0.5,0.5
1.4966,49.7512438,50,-0.495024876,0.5,0.5
1.4967,49.7512438,50,-0.495024876,0.5,0.5
1.4968,49.7512438,50,-0.495024876,0.5,0.5
1.4969,49.7512438,50,-0.495024876,0.5,0.5
1.497,49.7512438,50,-0.495024876,0.5,0.5
1.4971,49.7512438,50,-0.495024876,0.5,0.5
1.4972,49.7512438,50,-0.495024876,0.5,0.5
1.4973,49.7512438,50,-0.495024876,0.5,0.5
1.4974,49.7512438,50,-0.495024876,0.5,0.5
1.4975,49.7512438,50,-0.495024876,0.5,0.5
1.4976,49.7512438,50,-0.495024876,0.5,0.5
1.4977,49.7512438,50,-0.495024876,0.5,0.5
1.4978,49.7512438,50,-0.495024876,0.5,0.5
1.4979,49.7512438,50,-0.495024876,0.5,0.5
1.498,49.7512438,50,-0.495024876,0.5,0.5
1.4981,49.7512438,50,-0.495024876,0.5,0.5
1.4982,49.7512438,50,-0.495024876,0.5,0.5
1.4983,49.7512438,50,-0.495024876,0.5,0.5
1.4984,49.7512438,50,-0.495024876,0.5,0.5
1.4985,49.7512438,50,-0.495024876,0.5,0.5
1.4986,49.7512438,50,-0.495024876,0.5,0.5
1.4987,49.7512438,50,-0.495024876,0.5,0.5
1.4988,49.7512438,50,-0.495024876,0.5,0.5
1.4989,49.7512438,50,-0.495024876,0.5,0.5
1.499,49.7512438,50,-0.495024876,0.5,0.5
1.4991,49.7512438,50,-0.495024876,0.5,0.5
1.4992,49.7512438,50,-0.495024876,0.5,0.5
1.4993,49.7512438,50,-0.495024876,0.5,0.5
1.4994,49.7512438,50,-0.495024876,0.5,0.5
1.4995,49.7512438,50,-0.495024876,0.5,0.5
1.4996,49.7512438,50,-0.495024876,0.5,0.5
1.4997,49.7512438,50,-0.495024876,0.5,0.5
1.4998,49.7512438,50,-0.495024876,0.5,0.5
1.4999,49.7512438,50,-0.495024876,0.5,0.5
1.5,49.7512438,50,-0.495024876,0.5,0.5
1.5001,49.7512438,50,-0.495024876,0.5,0.5
1.5002,49.7512438,50,-0.495024876,0.5,0.5
1.5003,49.7512438,50,-0.495024876,0.5,0.5
1.5004,49.7512438,50,-0.495024876,0.5,0.5
1.5005,49.7512438,50,-0.495024876,0.5,0.5
1.5006,49.7512438,50,-0.495024876,0.5,0.5
1.5007,49.7512438,50,-0.495024876,0.5,0.5
1.5008,49.7512438,50,-0.495024876,0.5,0.5
1.5009,49.7512438,50,-0.495024876,0.5,0.5
1.501,49.7512438,50,-0.495024876,0.5,0.5
1.5011,49.7512438,50,-0.495024876,0.5,0.5
1.5012,49.7512438,50,-0.495024876,0.5,0.5
1.5013,49.7512438,50,-0.495024876,0.5,0.5
1.5014,49.7512438,50,-0.495024876,0.5,0.5
1.5015,49.7512438,50,-0.495024876,0.5,0.5
1.5016,49.7512438,50,-0.495024876,0.5,0.5
1.5017,49.7512438,50,-0.495024876,0.5,0.5
1.5018,49.7512438,50,-0.495024876,0.5,0.5
1.5019,49.7512438,50,-0.495024876,0.5,0.5
1.502,49.7512438,50,-0.495024876,0.5,0.5
1.5021,49.7512438,50,-0.495024876,0.5,0.5
1.5022,49.7512438,50,-0.495024876,0.5,0.5
1.5023,49.7512438,50,-0.495024876,0.5,0.5
1.5024,49.7512438,50,-0.495024876,0.5,0.5
1.5025,49.7512438,50,-0.495024876,0.5,0.5
1.5026,49.7512438,50,-0.495024876,0.5,0.5
1.5027,49.7512438,50,-0.495024876,0.5,0.5
1.5028,49.7512438,50,-0.495024876,0.5,0.5
1.5029,49.7512438,50,-0.495024876,0.5,0.5
1.503,49.7512438,50,-0.495024876,0.5,0.5
1.5031,49.7512438,50,-0.495024876,0.5,0.5
1.5032,49.7512438,50,-0.495024876,0.5,0.5
1.5033,49.7512438,50,-0.495024876,0.5,0.5
1.5034,49.7512438,50,-0.495024876,0.5,0.5
1.5035,49.7512438,50,-0.495024876,0.5,0.5
1.5036,49.7512438,50,-0.495024876,0.5,0.5
1.5037,49.7512438,50,-0.495024876,0.5,0.5
1.5038,49.7512438,50,-0.495024876,0.5,0.5
1.5039,49.7512438,50,-0.495024876,0.5,0.5
1.504,49.7512438,50,-0.495024876,0.5,0.5
1.5041,49.7512438,50,-0.495024876,0.5,0.5
1.5042,49.7512438,50,-0.495024876,0.5,0.5
1.5043,49.7512438,50,-0.495024876,0.5,0.5
1.5044,49.7512438,50,-0.495024876,0.5,0.5
1.5045,49.7512438,50,-0.495024876,0.5,0.5
1.5046,49.7512438,50,-0.495024876,0.5,0.5
1.5047,49.7512438,50,-0.495024876,0.5,0.5
1.5048,49.7512438,50,-0.495024876,0.5,0.5
1.5049,49.7512438,50,-0.495024876,0.5,0.5
1.505,49.7512438,50,-0.495024876,0.5,0.5
1.5051,49.7512438,50,-0.495024876,0.5,0.5
1.5052,49.7512438,50,-0.495024876,0.5,0.5
1.5053,49.7512438,50,-0.495024876,0.5,0.5
1.5054,49.7512438,50,-0.495024876,0.5,0.5
1.5055,49.7512438,50,-0.495024876,0.5,0.5
1.5056,49.7512438,50,-0.495024876,0.5,0.5
1.5057,49.7512438,50,-0.495024876,0.5,0.5
1.5058,49.7512438,50,-0.495024876,0.5,0.5
1.5059,49.7512438,50,-0.495024876,0.5,0.5
1.506,49.7512438,50,-0.495024876,0.5,0.5
1.5061,49.7512438,50,-0.495024876,0.5,0.5
1.5062,49.7512438,50,-0.495024876,0.5,0.5
1.5063,49.7512438,50,-0.495024876,0.5,0.5
1.5064,49.7512438,50,-0.495024876,0.5,0.5
1.5065,49.7512438,50,-0.495024876,0.5,0.5
1.5066,49.7512438,50,-0.495024876,0.5,0.5
1.5067,49.7512438,50,-0.495024876,0.5,0.5
1.5068,49.7512438,50,-0.495024876,0.5,0.5
1.5069,49.7512438,50,-0.495024876,0.5,0.5
1.507,49.7512438,50,-0.495024876,0.5,0.5
1.5071,49.7512438,50,-0.495024876,0.5,0.5
1.5072,49.7512438,50,-0.495024876,0.5,0.5
1.5073,49.7512438,50,-0.495024876,0.5,0.5
1.5074,49.7512438,50,-0.495024876,0.5,0.5
1.5075,49.7512438,50,-0.495024876,0.5,0.5
1.5076,49.7512438,50,-0.495024876,0.5,0.5
1.5077,49.7512438,50,-0.495024876,0.5,0.5
1.5078,49.7512438,50,-0.495024876,0.5,0.5
1.5079,49.7512438,50,-0.495024876,0.5,0.5
1.508,49.7512438,50,-0.495024876,0.5,0.5
1.5081,49.7512438,50,-0.495024876,0.5,0.5
1.5082,49.7512438,50,-0.495024876,0.5,0.5
1.5083,49.7512438,50,-0.495024876,0.5,0.5
1.5084,49.7512438,50,-0.495024876,0.5,0.5
1.5085,49.7512438,50,-0.495024876,0.5,0.5
1.5086,49.7512438,50,-0.495024876,0.5,0.5
1.5087,49.7512438,50,-0.495024876,0.5,0.5
1.5088,49.7512438,50,-0.495024876,0.5,0.5
1.5089,49.7512438,50,-0.495024876,0.5,0.5
1.509,49.7512438,50,-0.495024876,0.5,0.5
1.5091,49.7512438,50,-0.495024876,0.5,0.5
1.5092,49.7512438,50,-0.495024876,0.5,0.5
1.5093,49.7512438,50,-0.495024876,0.5,0.5
1.5094,49.7512438,50,-0.495024876,0.5,0.5
1.5095,49.7512438,50,-0.495024876,0.5,0.5
1.5096,49.7512438,50,-0.495024876,0.5,0.5
1.5097,49.7512438,50,-0.495024876,0.5,0.5
1.5098,49.7512438,50,-0.495024876,0.5,0.5
1.5099,49.7512438,50,-0.495024876,0.5,0.5
1.51,49.7512438,50,-0.495024876,0.5,0.5
1.5101,49.7512438,50,-0.495024876,0.5,0.5
1.5102,49.7512438,50,-0.495024876,0.5,0.5
1.5103,49.7512438,50,-0.495024876,0.5,0.5
1.5104,49.7512438,50,-0.495024876,0.5,0.5
1.5105,49.7512438,50,-0.495024876,0.5,0.5
1.5106,49.7512438,50,-0.495024876,0.5,0.5
1.5107,49.7512438,50,-0.495024876,0.5,0.5
1.5108,49.7512438,50,-0.495024876,0.5,0.5
1.5109,49.7512438,50,-0.495024876,0.5,0.5
1.511,49.7512438,50,-0.495024876,0.5,0.5
1.5111,49.7512438,50,-0.495024876,0.5,0.5
1.5112,49.7512438,50,-0.495024876,0.5,0.5
1.5113,49.7512438,50,-0.495024876,0.5,0.5
1.5114,49.7512438,50,-0.495024876,0.5,0.5
1.5115,49.7512438,50,-0.495024876,0.5,0.5
1.5116,49.7512438,50,-0.495024876,0.5,0.5
1.5117,49.7512438,50,-0.495024876,0.5,0.5
1.5118,49.7512438,50,-0.495024876,0.5,0.5
1.5119,49.7512438,50,-0.495024876,0.5,0.5
1.512,49.7512438,50,-0.495024876,0.5,0.5
1.5121,49.7512438,50,-0.495024876,0.5,0.5
1.5122,49.7512438,50,-0.495024876,0.5,0.5
1.5123,49.7512438,50,-0.495024876,0.5,0.5
1.5124,49.7512438,50,-0.495024876,0.5,0.5
1.5125,49.7512438,50,-0.495024876,0.5,0.5
1.5126,49.7512438,50,-0.495024876,0.5,0.5
1.5127,49.7512438,50,-0.495024876,0.5,0.5
1.5128,49.7512438,50,-0.495024876,0.5,0.5
1.5129,49.7512438,50,-0.495024876,0.5,0.5
1.513,49.7512438,50,-0.495024876,0.5,0.5
1.5131,49.7512438,50,-0.495024876,0.5,0.5
1.5132,49.7512438,50,-0.495024876,0.5,0.5
1.5133,49.7512438,50,-0.495024876,0.5,0.5
1.5134,49.7512438,50,-0.495024876,0.5,0.5
1.5135,49.7512438,50,-0.495024876,0.5,0.5
1.5136,49.7512438,50,-0.495024876,0.5,0.5
1.5137,49.7512438,50,-0.495024876,0.5,0.5
1.5138,49.7512438,50,-0.495024876,0.5,0.5
1.5139,49.7512438,50,-0.495024876,0.5,0.5
1.514,49.7512438,50,-0.495024876,0.5,0.5
1.5141,49.7512438,50,-0.495024876,0.5,0.5
1.5142,49.7512438,50,-0.495024876,0.5,0.5
1.5143,49.7512438,50,-0.495024876,0.5,0.5
1.5144,49.7512438,50,-0.495024876,0.5,0.5
1.5145,49.7512438,50,-0.495024876,0.5,0.5
1.5146,49.7512438,50,-0.495024876,0.5,0.5
1.5147,49.7512438,50,-0.495024876,0.5,0.5
1.5148,49.7512438,50,-0.495024876,0.5,0.5
1.5149,49.7512438,50,-0.495024876,0.5,0.5
1.515,49.7512438,50,-0.495024876,0.5,0.5
1.5151,49.7512438,50,-0.495024876,0.5,0.5
1.5152,49.7512438,50,-0.495024876,0.5,0.5
1.5153,49.7512438,50,-0.495024876,0.5,0.5
1.5154,49.7512438,50,-0.495024876,0.5,0.5
1.5155,49.7512438,50,-0.495024876,0.5,0.5
1.5156,49.7512438,50,-0.495024876,0.5,0.5
1.5157,49.7512438,50,-0.495024876,0.5,0.5
1.5158,49.7512438,50,-0.495024876,0.5,0.5
1.5159,49.7512438,50,-0.495024876,0.5,0.5
1.516,49.7512438,50,-0.495024876,0.5,0.5
1.5161,49.7512438,50,-0.495024876,0.5,0.5
1.5162,49.7512438,50,-0.495024876,0.5,0.5
1.5163,49.7512438,50,-0.495024876,0.5,0.5
1.5164,49.7512438,50,-0.495024876,0.5,0.5
1.5165,49.7512438,50,-0.495024876,0.5,0.5
1.5166,49.7512438,50,-0.495024876,0.5,0.5
1.5167,49.7512438,50,-0.495024876,0.5,0.5
1.5168,49.7512438,50,-0.495024876,0.5,0.5
1.5169,49.7512438,50,-0.495024876,0.5,0.5
1.517,49.7512438,50,-0.495024876,0.5,0.5
1.5171,49.7512438,50,-0.495024876,0.5,0.5
1.5172,49.7512438,50,-0.495024876,0.5,0.5
1.5173,49.7512438,50,-0.495024876,0.5,0.5
1.5174,49.7512438,50,-0.495024876,0.5,0.5
1.5175,49.7512438,50,-0.495024876,0.5,0.5
1.5176,49.7512438,50,-0.495024876,0.5,0.5
1.5177,49.7512438,50,-0.495024876,0.5,0.5
1.5178,49.7512438,50,-0.495024876,0.5,0.5
1.5179,49.7512438,50,-0.495024876,0.5,0.5
1.518,49.7512438,50,-0.495024876,0.5,0.5
1.5181,49.7512438,50,-0.495024876,0.5,0.5
1.5182,49.7512438,50,-0.495024876,0.5,0.5
1.5183,49.7512438,50,-0.495024876,0.5,0.5
1.5184,49.7512438,50,-0.495024876,0.5,0.5
1.5185,49.7512438,50,-0.495024876,0.5,0.5
1.5186,49.7512438,50,-0.495024876,0.5,0.5
1.5187,49.7512438,50,-0.495024876,0.5,0.5
1.5188,49.7512438,50,-0.495024876,0.5,0.5
1.5189,49.7512438,50,-0.495024876,0.5,0.5
1.519,49.7512438,50,-0.495024876,0.5,0.5
1.5191,49.7512438,50,-0.495024876,0.5,0.5
1.5192,49.7512438,50,-0.495024876,0.5,0.5
1.5193,49.7512438,50,-0.495024876,0.5,0.5
1.5194,49.7512438,50,-0.495024876,0.5,0.5
1.5195,49.7512438,50,-0.495024876,0.5,0.5
1.5196,49.7512438,50,-0.495024876,0.5,0.5
1.5197,49.7512438,50,-0.495024876,0.5,0.5
1.5198,49.7512438,50,-0.495024876,0.5,0.5
1.5199,49.7512438,50,-0.495024876,0.5,0.5
1.52,49.7512438,50,-0.495024876,0.5,0.5
1.5201,49.7512438,50,-0.495024876,0.5,0.5
1.5202,49.7512438,50,-0.495024876,0.5,0.5
1.5203,49.7512438,50,-0.495024876,0.5,0.5
1.5204,49.7512438,50,-0.495024876,0.5,0.5
1.5205,49.7512438,50,-0.495024876,0.5,0.5
1.5206,49.7512438,50,-0.495024876,0.5,0.5
1.5207,49.7512438,50,-0.495024876,0.5,0.5
1.5208,49.7512438,50,-0.495024876,0.5,0.5
1.5209,49.7512438,50,-0.495024876,0.5,0.5
1.521,49.7512438,50,-0.495024876,0.5,0.5
1.5211,49.7512438,50,-0.495024876,0.5,0.5
1.5212,49.7512438,50,-0.495024876,0.5,0.5
1.5213,49.7512438,50,-0.495024876,0.5,0.5
1.5214,49.7512438,50,-0.495024876,0.5,0.5
1.5215,49.7512438,50,-0.495024876,0.5,0.5
1.5216,49.7512438,50,-0.495024876,0.5,0.5
1.5217,49.7512438,50,-0.495024876,0.5,0.5
1.5218,49.7512438,50,-0.495024876,0.5,0.5
1.5219,49.7512438,50,-0.495024876,0.5,0.5
1.522,49.7512438,50,-0.495024876,0.5,0.5
1.5221,49.7512438,50,-0.495024876,0.5,0.5
1.5222,49.7512438,50,-0.495024876,0.5,0.5
1.5223,49.7512438,50,-0.495024876,0.5,0.5
1.5224,49.7512438,50,-0.495024876,0.5,0.5
1.5225,49.7512438,50,-0.495024876,0.5,0.5
1.5226,49.7512438,50,-0.495024876,0.5,0.5
1.5227,49.7512438,50,-0.495024876,0.5,0.5
1.5228,49.7512438,50,-0.495024876,0.5,0.5
1.5229,49.7512438,50,-0.495024876,0.5,0.5
1.523,49.7512438,50,-0.495024876,0.5,0.5
1.5231,49.7512438,50,-0.495024876,0.5,0.5
1.5232,49.7512438,50,-0.495024876,0.5,0.5
1.5233,49.7512438,50,-0.495024876,0.5,0.5
1.5234,49.7512438,50,-0.495024876,0.5,0.5
1.5235,49.7512438,50,-0.495024876,0.5,0.5
1.5236,49.7512438,50,-0.495024876,0.5,0.5
1.5237,49.7512438,50,-0.495024876,0.5,0.5
1.5238,49.7512438,50,-0.495024876,0.5,0.5
1.5239,49.7512438,50,-0.495024876,0.5,0.5
1.524,49.7512438,50,-0.495024876,0.5,0.5
1.5241,49.7512438,50,-0.495024876,0.5,0.5
1.5242,49.7512438,50,-0.495024876,0.5,0.5
1.5243,49.7512438,50,-0.495024876,0.5,0.5
1.5244,49.7512438,50,-0.495024876,0.5,0.5
1.5245,49.7512438,50,-0.495024876,0.5,0.5
1.5246,49.7512438,50,-0.495024876,0.5,0.5
1.5247,49.7512438,50,-0.495024876,0.5,0.5
1.5248,49.7512438,50,-0.495024876,0.5,0.5
1.5249,49.7512438,50,-0.495024876,0.5,0.5
1.525,49.7512438,50,-0.495024876,0.5,0.5
1.5251,49.7512438,50,-0.495024876,0.5,0.5
1.5252,49.7512438,50,-0.495024876,0.5,0.5
1.5253,49.7512438,50,-0.495024876,0.5,0.5
1.5254,49.7512438,50,-0.495024876,0.5,0.5
1.5255,49.7512438,50,-0.495024876,0.5,0.5
1.5256,49.7512438,50,-0.495024876,0.5,0.5
1.5257,49.7512438,50,-0.495024876,0.5,0.5
1.5258,49.7512438,50,-0.495024876,0.5,0.5
1.5259,49.7512438,50,-0.495024876,0.5,0.5
1.526,49.7512438,50,-0.495024876,0.5,0.5
1.5261,49.7512438,50,-0.495024876,0.5,0.5
1.5262,49.7512438,50,-0.495024876,0.5,0.5
1.5263,49.7512438,50,-0.495024876,0.5,0.5
1.5264,49.7512438,50,-0.495024876,0.5,0.5
1.5265,49.7512438,50,-0.495024876,0.5,0.5
1.5266,49.7512438,50,-0.495024876,0.5,0.5
1.5267,49.7512438,50,-0.495024876,0.5,0.5
1.5268,49.7512438,50,-0.495024876,0.5,0.5
1.5269,49.7512438,50,-0.495024876,0.5,0.5
1.527,49.7512438,50,-0.495024876,0.5,0.5
1.5271,49.7512438,50,-0.495024876,0.5,0.5
1.5272,49.7512438,50,-0.495024876,0.5,0.5
1.5273,49.7512438,50,-0.495024876,0.5,0.5
1.5274,49.7512438,50,-0.495024876,0.5,0.5
1.5275,49.7512438,50,-0.495024876,0.5,0.5
1.5276,49.7512438,50,-0.495024876,0.5,0.5
1.5277,49.7512438,50,-0.495024876,0.5,0.5
1.5278,49.7512438,50,-0.495024876,0.5,0.5
1.5279,49.7512438,50,-0.495024876,0.5,0.5
1.528,49.7512438,50,-0.495024876,0.5,0.5
1.5281,49.7512438,50,-0.495024876,0.5,0.5
1.5282,49.7512438,50,-0.495024876,0.5,0.5
1.5283,49.7512438,50,-0.495024876,0.5,0.5
1.5284,49.7512438,50,-0.495024876,0.5,0.5
1.5285,49.7512438,50,-0.495024876,0.5,0.5
1.5286,49.7512438,50,-0.495024876,0.5,0.5
1.5287,49.7512438,50,-0.495024876,0.5,0.5
1.5288,49.7512438,50,-0.495024876,0.5,0.5
1.5289,49.7512438,50,-0.495024876,0.5,0.5
1.529,49.7512438,50,-0.495024876,0.5,0.5
1.5291,49.7512438,50,-0.495024876,0.5,0.5
1.5292,49.7512438,50,-0.495024876,0.5,0.5
1.5293,49.7512438,50,-0.495024876,0.5,0.5
1.5294,49.7512438,50,-0.495024876,0.5,0.5
1.5295,49.7512438,50,-0.495024876,0.5,0.5
1.5296,49.7512438,50,-0.495024876,0.5,0.5
1.5297,49.7512438,50,-0.495024876,0.5,0.5
1.5298,49.7512438,50,-0.495024876,0.5,0.5
1.5299,49.7512438,50,-0.495024876,0.5,0.5
1.53,49.7512438,50,-0.495024876,0.5,0.5
1.5301,49.7512438,50,-0.495024876,0.5,0.5
1.5302,49.7512438,50,-0.495024876,0.5,0.5
1.5303,49.7512438,50,-0.495024876,0.5,0.5
1.5304,49.7512438,50,-0.495024876,0.5,0.5
1.5305,49.7512438,50,-0.495024876,0.5,0.5
1.5306,49.7512438,50,-0.495024876,0.5,0.5
1.5307,49.7512438,50,-0.495024876,0.5,0.5
1.5308,49.7512438,50,-0.495024876,0.5,0.5
1.5309,49.7512438,50,-0.495024876,0.5,0.5
1.531,49.7512438,50,-0.495024876,0.5,0.5
1.5311,49.7512438,50,-0.495024876,0.5,0.5
1.5312,49.7512438,50,-0.495024876,0.5,0.5
1.5313,49.7512438,50,-0.495024876,0.5,0.5
1.5314,49.7512438,50,-0.495024876,0.5,0.5
1.5315,49.7512438,50,-0.495024876,0.5,0.5
1.5316,49.7512438,50,-0.495024876,0.5,0.5
1.5317,49.7512438,50,-0.495024876,0.5,0.5
1.5318,49.7512438,50,-0.495024876,0.5,0.5
1.5319,49.7512438,50,-0.495024876,0.5,0.5
1.532,49.7512438,50,-0.495024876,0.5,0.5
1.5321,49.7512438,50,-0.495024876,0.5,0.5
1.5322,49.7512438,50,-0.495024876,0.5,0.5
1.5323,49.7512438,50,-0.495024876,0.5,0.5
1.5324,49.7512438,50,-0.495024876,0.5,0.5
1.5325,49.7512438,50,-0.495024876,0.5,0.5
1.5326,49.7512438,50,-0.495024876,0.5,0.5
1.5327,49.7512438,50,-0.495024876,0.5,0.5
1.5328,49.7512438,50,-0.495024876,0.5,0.5
1.5329,49.7512438,50,-0.495024876,0.5,0.5
1.533,49.7512438,50,-0.495024876,0.5,0.5
1.5331,49.7512438,50,-0.495024876,0.5,0.5
1.5332,49.7512438,50,-0.495024876,0.5,0.5
1.5333,49.7512438,50,-0.495024876,0.5,0.5
1.5334,49.7512438,50,-0.495024876,0.5,0.5
1.5335,49.7512438,50,-0.495024876,0.5,0.5
1.5336,49.7512438,50,-0.495024876,0.5,0.5
1.5337,49.7512438,50,-0.495024876,0.5,0.5
1.5338,49.7512438,50,-0.495024876,0.5,0.5
1.5339,49.7512438,50,-0.495024876,0.5,0.5
1.534,49.7512438,50,-0.495024876,0.5,0.5
1.5341,49.7512438,50,-0.495024876,0.5,0.5
1.5342,49.7512438,50,-0.495024876,0.5,0.5
1.5343,49.7512438,50,-0.495024876,0.5,0.5
1.5344,49.7512438,50,-0.495024876,0.5,0.5
1.5345,49.7512438,50,-0.495024876,0.5,0.5
1.5346,49.7512438,50,-0.495024876,0.5,0.5
1.5347,49.7512438,50,-0.495024876,0.5,0.5
1.5348,49.7512438,50,-0.495024876,0.5,0.5
1.5349,49.7512438,50,-0.495024876,0.5,0.5
1.535,49.7512438,50,-0.495024876,0.5,0.5
1.5351,49.7512438,50,-0.495024876,0.5,0.5
1.5352,49.7512438,50,-0.495024876,0.5,0.5
1.5353,49.7512438,50,-0.495024876,0.5,0.5
1.5354,49.7512438,50,-0.495024876,0.5,0.5
1.5355,49.7512438,50,-0.495024876,0.5,0.5
1.5356,49.7512438,50,-0.495024876,0.5,0.5
1.5357,49.7512438,50,-0.495024876,0.5,0.5
1.5358,49.7512438,50,-0.495024876,0.5,0.5
1.5359,49.7512438,50,-0.495024876,0.5,0.5
1.536,49.7512438,50,-0.495024876,0.5,0.5
1.5361,49.7512438,50,-0.495024876,0.5,0.5
1.5362,49.7512438,50,-0.495024876,0.5,0.5
1.5363,49.7512438,50,-0.495024876,0.5,0.5
1.5364,49.7512438,50,-0.495024876,0.5,0.5
1.5365,49.7512438,50,-0.495024876,0.5,0.5
1.5366,49.7512438,50,-0.495024876,0.5,0.5
1.5367,49.7512438,50,-0.495024876,0.5,0.5
1.5368,49.7512438,50,-0.495024876,0.5,0.5
1.5369,49.7512438,50,-0.495024876,0.5,0.5
1.537,49.7512438,50,-0.495024876,0.5,0.5
1.5371,49.7512438,50,-0.495024876,0.5,0.5
1.5372,49.7512438,50,-0.495024876,0.5,0.5
1.5373,49.7512438,50,-0.495024876,0.5,0.5
1.5374,49.7512438,50,-0.495024876,0.5,0.5
1.5375,49.7512438,50,-0.495024876,0.5,0.5
1.5376,49.7512438,50,-0.495024876,0.5,0.5
1.5377,49.7512438,50,-0.495024876,0.5,0.5
1.5378,49.7512438,50,-0.495024876,0.5,0.5
1.5379,49.7512438,50,-0.495024876,0.5,0.5
1.538,49.7512438,50,-0.495024876,0.5,0.5
1.5381,49.7512438,50,-0.495024876,0.5,0.5
1.5382,49.7512438,50,-0.495024876,0.5,0.5
1.5383,49.7512438,50,-0.495024876,0.5,0.5
1.5384,49.7512438,50,-0.495024876,0.5,0.5
1.5385,49.7512438,50,-0.495024876,0.5,0.5
1.5386,49.7512438,50,-0.495024876,0.5,0.5
1.5387,49.7512438,50,-0.495024876,0.5,0.5
1.5388,49.7512438,50,-0.495024876,0.5,0.5
1.5389,49.7512438,50,-0.495024876,0.5,0.5
1.539,49.7512438,50,-0.495024876,0.5,0.5
1.5391,49.7512438,50,-0.495024876,0.5,0.5
1.5392,49.7512438,50,-0.495024876,0.5,0.5
1.5393,49.7512438,50,-0.495024876,0.5,0.5
1.5394,49.7512438,50,-0.495024876,0.5,0.5
1.5395,49.7512438,50,-0.495024876,0.5,0.5
1.5396,49.7512438,50,-0.495024876,0.5,0.5
1.5397,49.7512438,50,-0.495024876,0.5,0.5
1.5398,49.7512438,50,-0.495024876,0.5,0.5
1.5399,49.7512438,50,-0.495024876,0.5,0.5
1.54,49.7512438,50,-0.495024876,0.5,0.5
1.5401,49.7512438,50,-0.495024876,0.5,0.5
1.5402,49.7512438,50,-0.495024876,0.5,0.5
1.5403,49.7512438,50,-0.495024876,0.5,0.5
1.5404,49.7512438,50,-0.495024876,0.5,0.5
1.5405,49.7512438,50,-0.495024876,0.5,0.5
1.5406,49.7512438,50,-0.495024876,0.5,0.5
1.5407,49.7512438,50,-0.495024876,0.5,0.5
1.5408,49.7512438,50,-0.495024876,0.5,0.5
1.5409,49.7512438,50,-0.495024876,0.5,0.5
1.541,49.7512438,50,-0.495024876,0.5,0.5
1.5411,49.7512438,50,-0.495024876,0.5,0.5
1.5412,49.7512438,50,-0.495024876,0.5,0.5
1.5413,49.7512438,50,-0.495024876,0.5,0.5
1.5414,49.7512438,50,-0.495024876,0.5,0.5
1.5415,49.7512438,50,-0.495024876,0.5,0.5
1.5416,49.7512438,50,-0.495024876,0.5,0.5
1.5417,49.7512438,50,-0.495024876,0.5,0.5
1.5418,49.7512438,50,-0.495024876,0.5,0.5
1.5419,49.7512438,50,-0.495024876,0.5,0.5
1.542,49.7512438,50,-0.495024876,0.5,0.5
1.5421,49.7512438,50,-0.495024876,0.5,0.5
1.5422,49.7512438,50,-0.495024876,0.5,0.5
1.5423,49.7512438,50,-0.495024876,0.5,0.5
1.5424,49.7512438,50,-0.495024876,0.5,0.5
1.5425,49.7512438,50,-0.495024876,0.5,0.5
1.5426,49.7512438,50,-0.495024876,0.5,0.5
1.5427,49.7512438,50,-0.495024876,0.5,0.5
1.5428,49.7512438,50,-0.495024876,0.5,0.5
1.5429,49.7512438,50,-0.495024876,0.5,0.5
1.543,49.7512438,50,-0.495024876,0.5,0.5
1.5431,49.7512438,50,-0.495024876,0.5,0.5
1.5432,49.7512438,50,-0.495024876,0.5,0.5
1.5433,49.7512438,50,-0.495024876,0.5,0.5
1.5434,49.7512438,50,-0.495024876,0.5,0.5
1.5435,49.7512438,50,-0.495024876,0.5,0.5
1.5436,49.7512438,50,-0.495024876,0.5,0.5
1.5437,49.7512438,50,-0.495024876,0.5,0.5
1.5438,49.7512438,50,-0.495024876,0.5,0.5
1.5439,49.7512438,50,-0.495024876,0.5,0.5
1.544,49.7512438,50,-0.495024876,0.5,0.5
1.5441,49.7512438,50,-0.495024876,0.5,0.5
1.5442,49.7512438,50,-0.495024876,0.5,0.5
1.5443,49.7512438,50,-0.495024876,0.5,0.5
1.5444,49.7512438,50,-0.495024876,0.5,0.5
1.5445,49.7512438,50,-0.495024876,0.5,0.5
1.5446,49.7512438,50,-0.495024876,0.5,0.5
1.5447,49.7512438,50,-0.495024876,0.5,0.5
1.5448,49.7512438,50,-0.495024876,0.5,0.5
1.5449,49.7512438,50,-0.495024876,0.5,0.5
1.545,49.7512438,50,-0.495024876,0.5,0.5
1.5451,49.7512438,50,-0.495024876,0.5,0.5
1.5452,49.7512438,50,-0.495024876,0.5,0.5
1.5453,49.7512438,50,-0.495024876,0.5,0.5
1.5454,49.7512438,50,-0.495024876,0.5,0.5
1.5455,49.7512438,50,-0.495024876,0.5,0.5
1.5456,49.7512438,50,-0.495024876,0.5,0.5
1.5457,49.7512438,50,-0.495024876,0.5,0.5
1.5458,49.7512438,50,-0.495024876,0.5,0.5
1.5459,49.7512438,50,-0.495024876,0.5,0.5
1.546,49.7512438,50,-0.495024876,0.5,0.5
1.5461,49.7512438,50,-0.495024876,0.5,0.5
1.5462,49.7512438,50,-0.495024876,0.5,0.5
1.5463,49.7512438,50,-0.495024876,0.5,0.5
1.5464,49.7512438,50,-0.495024876,0.5,0.5
1.5465,49.7512438,50,-0.495024876,0.5,0.5
1.5466,49.7512438,50,-0.495024876,0.5,0.5
1.5467,49.7512438,50,-0.495024876,0.5,0.5
1.5468,49.7512438,50,-0.495024876,0.5,0.5
1.5469,49.7512438,50,-0.495024876,0.5,0.5
1.547,49.7512438,50,-0.495024876,0.5,0.5
1.5471,49.7512438,50,-0.495024876,0.5,0.5
1.5472,49.7512438,50,-0.495024876,0.5,0.5
1.5473,49.7512438,50,-0.495024876,0.5,0.5
1.5474,49.7512438,50,-0.495024876,0.5,0.5
1.5475,49.7512438,50,-0.495024876,0.5,0.5
1.5476,49.7512438,50,-0.495024876,0.5,0.5
1.5477,49.7512438,50,-0.495024876,0.5,0.5
1.5478,49.7512438,50,-0.495024876,0.5,0.5
1.5479,49.7512438,50,-0.495024876,0.5,0.5
1.548,49.7512438,50,-0.495024876,0.5,0.5
1.5481,49.7512438,50,-0.495024876,0.5,0.5
1.5482,49.7512438,50,-0.495024876,0.5,0.5
1.5483,49.7512438,50,-0.495024876,0.5,0.5
1.5484,49.7512438,50,-0.495024876,0.5,0.5
1.5485,49.7512438,50,-0.495024876,0.5,0.5
1.5486,49.7512438,50,-0.495024876,0.5,0.5
1.5487,49.7512438,50,-0.495024876,0.5,0.5
1.5488,49.7512438,50,-0.495024876,0.5,0.5
1.5489,49.7512438,50,-0.495024876,0.5,0.5
1.549,49.7512438,50,-0.495024876,0.5,0.5
1.5491,49.7512438,50,-0.495024876,0.5,0.5
1.5492,49.7512438,50,-0.495024876,0.5,0.5
1.5493,49.7512438,50,-0.495024876,0.5,0.5
1.5494,49.7512438,50,-0.495024876,0.5,0.5
1.5495,49.7512438,50,-0.495024876,0.5,0.5
1.5496,49.7512438,50,-0.495024876,0.5,0.5
1.5497,49.7512438,50,-0.495024876,0.5,0.5
1.5498,49.7512438,50,-0.495024876,0.5,0.5
1.5499,49.7512438,50,-0.495024876,0.5,0.5
1.55,49.7512438,50,-0.495024876,0.5,0.5
1.5501,49.7512438,50,-0.495024876,0.5,0.5
1.5502,49.7512438,50,-0.495024876,0.5,0.5
1.5503,49.7512438,50,-0.495024876,0.5,0.5
1.5504,49.7512438,50,-0.495024876,0.5,0.5
1.5505,49.7512438,50,-0.495024876,0.5,0.5
1.5506,49.7512438,50,-0.495024876,0.5,0.5
1.5507,49.7512438,50,-0.495024876,0.5,0.5
1.5508,49.7512438,50,-0.495024876,0.5,0.5
1.5509,49.7512438,50,-0.495024876,0.5,0.5
1.551,49.7512438,50,-0.495024876,0.5,0.5
1.5511,49.7512438,50,-0.495024876,0.5,0.5
1.5512,49.7512438,50,-0.495024876,0.5,0.5
1.5513,49.7512438,50,-0.495024876,0.5,0.5
1.5514,49.7512438,50,-0.495024876,0.5,0.5
1.5515,49.7512438,50,-0.495024876,0.5,0.5
1.5516,49.7512438,50,-0.495024876,0.5,0.5
1.5517,49.7512438,50,-0.495024876,0.5,0.5
1.5518,49.7512438,50,-0.495024876,0.5,0.5
1.5519,49.7512438,50,-0.495024876,0.5,0.5
1.552,49.7512438,50,-0.495024876,0.5,0.5
1.5521,49.7512438,50,-0.495024876,0.5,0.5
1.5522,49.7512438,50,-0.495024876,0.5,0.5
1.5523,49.7512438,50,-0.495024876,0.5,0.5
1.5524,49.7512438,50,-0.495024876,0.5,0.5
1.5525,49.7512438,50,-0.495024876,0.5,0.5
1.5526,49.7512438,50,-0.495024876,0.5,0.5
1.5527,49.7512438,50,-0.495024876,0.5,0.5
1.5528,49.7512438,50,-0.495024876,0.5,0.5
1.5529,49.7512438,50,-0.495024876,0.5,0.5
1.553,49.7512438,50,-0.495024876,0.5,0.5
1.5531,49.7512438,50,-0.495024876,0.5,0.5
1.5532,49.7512438,50,-0.495024876,0.5,0.5
1.5533,49.7512438,50,-0.495024876,0.5,0.5
1.5534,49.7512438,50,-0.495024876,0.5,0.5
1.5535,49.7512438,50,-0.495024876,0.5,0.5
1.5536,49.7512438,50,-0.495024876,0.5,0.5
1.5537,49.7512438,50,-0.495024876,0.5,0.5
1.5538,49.7512438,50,-0.495024876,0.5,0.5
1.5539,49.7512438,50,-0.495024876,0.5,0.5
1.554,49.7512438,50,-0.495024876,0.5,0.5
1.5541,49.7512438,50,-0.495024876,0.5,0.5
1.5542,49.7512438,50,-0.495024876,0.5,0.5
1.5543,49.7512438,50,-0.495024876,0.5,0.5
1.5544,49.7512438,50,-0.495024876,0.5,0.5
1.5545,49.7512438,50,-0.495024876,0.5,0.5
1.5546,49.7512438,50,-0.495024876,0.5,0.5
1.5547,49.7512438,50,-0.495024876,0.5,0.5
1.5548,49.7512438,50,-0.495024876,0.5,0.5
1.5549,49.7512438,50,-0.495024876,0.5,0.5
1.555,49.7512438,50,-0.495024876,0.5,0.5
1.5551,49.7512438,50,-0.495024876,0.5,0.5
1.5552,49.7512438,50,-0.495024876,0.5,0.5
1.5553,49.7512438,50,-0.495024876,0.5,0.5
1.5554,49.7512438,50,-0.495024876,0.5,0.5
1.5555,49.7512438,50,-0.495024876,0.5,0.5
1.5556,49.7512438,50,-0.495024876,0.5,0.5
1.5557,49.7512438,50,-0.495024876,0.5,0.5
1.5558,49.7512438,50,-0.495024876,0.5,0.5
1.5559,49.7512438,50,-0.495024876,0.5,0.5
1.556,49.7512438,50,-0.495024876,0.5,0.5
1.5561,49.7512438,50,-0.495024876,0.5,0.5
1.5562,49.7512438,50,-0.495024876,0.5,0.5
1.5563,49.7512438,50,-0.495024876,0.5,0.5
1.5564,49.7512438,50,-0.495024876,0.5,0.5
1.5565,49.7512438,50,-0.495024876,0.5,0.5
1.5566,49.7512438,50,-0.495024876,0.5,0.5
1.5567,49.7512438,50,-0.495024876,0.5,0.5
1.5568,49.7512438,50,-0.495024876,0.5,0.5
1.5569,49.7512438,50,-0.495024876,0.5,0.5
1.557,49.7512438,50,-0.495024876,0.5,0.5
1.5571,49.7512438,50,-0.495024876,0.5,0.5
1.5572,49.7512438,50,-0.495024876,0.5,0.5
1.5573,49.7512438,50,-0.495024876,0.5,0.5
1.5574,49.7512438,50,-0.495024876,0.5,0.5
1.5575,49.7512438,50,-0.495024876,0.5,0.5
1.5576,49.7512438,50,-0.495024876,0.5,0.5
1.5577,49.7512438,50,-0.495024876,0.5,0.5
1.5578,49.7512438,50,-0.495024876,0.5,0.5
1.5579,49.7512438,50,-0.495024876,0.5,0.5
1.558,49.7512438,50,-0.495024876,0.5,0.5
1.5581,49.7512438,50,-0.495024876,0.5,0.5
1.5582,49.7512438,50,-0.495024876,0.5,0.5
1.5583,49.7512438,50,-0.495024876,0.5,0.5
1.5584,49.7512438,50,-0.495024876,0.5,0.5
1.5585,49.7512438,50,-0.495024876,0.5,0.5
1.5586,49.7512438,50,-0.495024876,0.5,0.5
1.5587,49.7512438,50,-0.495024876,0.5,0.5
1.5588,49.7512438,50,-0.495024876,0.5,0.5
1.5589,49.7512438,50,-0.495024876,0.5,0.5
1.559,49.7512438,50,-0.495024876,0.5,0.5
1.5591,49.7512438,50,-0.495024876,0.5,0.5
1.5592,49.7512438,50,-0.495024876,0.5,0.5
1.5593,49.7512438,50,-0.495024876,0.5,0.5
1.5594,49.7512438,50,-0.495024876,0.5,0.5
1.5595,49.7512438,50,-0.495024876,0.5,0.5
1.5596,49.7512438,50,-0.495024876,0.5,0.5
1.5597,49.7512438,50,-0.495024876,0.5,0.5
1.5598,49.7512438,50,-0.495024876,0.5,0.5
1.5599,49.7512438,50,-0.495024876,0.5,0.5
1.56,49.7512438,50,-0.495024876,0.5,0.5
1.5601,49.7512438,50,-0.495024876,0.5,0.5
1.5602,49.7512438,50,-0.495024876,0.5,0.5
1.5603,49.7512438,50,-0.495024876,0.5,0.5
1.5604,49.7512438,50,-0.495024876,0.5,0.5
1.5605,49.7512438,50,-0.495024876,0.5,0.5
1.5606,49.7512438,50,-0.495024876,0.5,0.5
1.5607,49.7512438,50,-0.495024876,0.5,0.5
1.5608,49.7512438,50,-0.495024876,0.5,0.5
1.5609,49.7512438,50,-0.495024876,0.5,0.5
1.561,49.7512438,50,-0.495024876,0.5,0.5
1.5611,49.7512438,50,-0.495024876,0.5,0.5
1.5612,49.7512438,50,-0.495024876,0.5,0.5
1.5613,49.7512438,50,-0.495024876,0.5,0.5
1.5614,49.7512438,50,-0.495024876,0.5,0.5
1.5615,49.7512438,50,-0.495024876,0.5,0.5
1.5616,49.7512438,50,-0.495024876,0.5,0.5
1.5617,49.7512438,50,-0.495024876,0.5,0.5
1.5618,49.7512438,50,-0.495024876,0.5,0.5
1.5619,49.7512438,50,-0.495024876,0.5,0.5
1.562,49.7512438,50,-0.495024876,0.5,0.5
1.5621,49.7512438,50,-0.495024876,0.5,0.5
1.5622,49.7512438,50,-0.495024876,0.5,0.5
1.5623,49.7512438,50,-0.495024876,0.5,0.5
1.5624,49.7512438,50,-0.495024876,0.5,0.5
1.5625,49.7512438,50,-0.495024876,0.5,0.5
1.5626,49.7512438,50,-0.495024876,0.5,0.5
1.5627,49.7512438,50,-0.495024876,0.5,0.5
1.5628,49.7512438,50,-0.495024876,0.5,0.5
1.5629,49.7512438,50,-0.495024876,0.5,0.5
1.563,49.7512438,50,-0.495024876,0.5,0.5
1.5631,49.7512438,50,-0.495024876,0.5,0.5
1.5632,49.7512438,50,-0.495024876,0.5,0.5
1.5633,49.7512438,50,-0.495024876,0.5,0.5
1.5634,49.7512438,50,-0.495024876,0.5,0.5
1.5635,49.7512438,50,-0.495024876,0.5,0.5
1.5636,49.7512438,50,-0.495024876,0.5,0.5
1.5637,49.7512438,50,-0.495024876,0.5,0.5
1.5638,49.7512438,50,-0.495024876,0.5,0.5
1.5639,49.7512438,50,-0.495024876,0.5,0.5
1.564,49.7512438,50,-0.495024876,0.5,0.5
1.5641,49.7512438,50,-0.495024876,0.5,0.5
1.5642,49.7512438,50,-0.495024876,0.5,0.5
1.5643,49.7512438,50,-0.495024876,0.5,0.5
1.5644,49.7512438,50,-0.495024876,0.5,0.5
1.5645,49.7512438,50,-0.495024876,0.5,0.5
1.5646,49.7512438,50,-0.495024876,0.5,0.5
1.5647,49.7512438,50,-0.495024876,0.5,0.5
1.5648,49.7512438,50,-0.495024876,0.5,0.5
1.5649,49.7512438,50,-0.495024876,0.5,0.5
1.565,49.7512438,50,-0.495024876,0.5,0.5
1.5651,49.7512438,50,-0.495024876,0.5,0.5
1.5652,49.7512438,50,-0.495024876,0.5,0.5
1.5653,49.7512438,50,-0.495024876,0.5,0.5
1.5654,49.7512438,50,-0.495024876,0.5,0.5
1.5655,49.7512438,50,-0.495024876,0.5,0.5
1.5656,49.7512438,50,-0.495024876,0.5,0.5
1.5657,49.7512438,50,-0.495024876,0.5,0.5
1.5658,49.7512438,50,-0.495024876,0.5,0.5
1.5659,49.7512438,50,-0.495024876,0.5,0.5
1.566,49.7512438,50,-0.495024876,0.5,0.5
1.5661,49.7512438,50,-0.495024876,0.5,0.5
1.5662,49.7512438,50,-0.495024876,0.5,0.5
1.5663,49.7512438,50,-0.495024876,0.5,0.5
1.5664,49.7512438,50,-0.495024876,0.5,0.5
1.5665,49.7512438,50,-0.495024876,0.5,0.5
1.5666,49.7512438,50,-0.495024876,0.5,0.5
1.5667,49.7512438,50,-0.495024876,0.5,0.5
1.5668,49.7512438,50,-0.495024876,0.5,0.5
1.5669,49.7512438,50,-0.495024876,0.5,0.5
1.567,49.7512438,50,-0.495024876,0.5,0.5
1.5671,49.7512438,50,-0.495024876,0.5,0.5
1.5672,49.7512438,50,-0.495024876,0.5,0.5
1.5673,49.7512438,50,-0.495024876,0.5,0.5
1.5674,49.7512438,50,-0.495024876,0.5,0.5
1.5675,49.7512438,50,-0.495024876,0.5,0.5
1.5676,49.7512438,50,-0.495024876,0.5,0.5
1.5677,49.7512438,50,-0.495024876,0.5,0.5
1.5678,49.7512438,50,-0.495024876,0.5,0.5
1.5679,49.7512438,50,-0.495024876,0.5,0.5
1.568,49.7512438,50,-0.495024876,0.5,0.5
1.5681,49.7512438,50,-0.495024876,0.5,0.5
1.5682,49.7512438,50,-0.495024876,0.5,0.5
1.5683,49.7512438,50,-0.495024876,0.5,0.5
1.5684,49.7512438,50,-0.495024876,0.5,0.5
1.5685,49.7512438,50,-0.495024876,0.5,0.5
1.5686,49.7512438,50,-0.495024876,0.5,0.5
1.5687,49.7512438,50,-0.495024876,0.5,0.5
1.5688,49.7512438,50,-0.495024876,0.5,0.5
1.5689,49.7512438,50,-0.495024876,0.5,0.5
1.569,49.7512438,50,-0.495024876,0.5,0.5
1.5691,49.7512438,50,-0.495024876,0.5,0.5
1.5692,49.7512438,50,-0.495024876,0.5,0.5
1.5693,49.7512438,50,-0.495024876,0.5,0.5
1.5694,49.7512438,50,-0.495024876,0.5,0.5
1.5695,49.7512438,50,-0.495024876,0.5,0.5
1.5696,49.7512438,50,-0.495024876,0.5,0.5
1.5697,49.7512438,50,-0.495024876,0.5,0.5
1.5698,49.7512438,50,-0.495024876,0.5,0.5
1.5699,49.7512438,50,-0.495024876,0.5,0.5
1.57,49.7512438,50,-0.495024876,0.5,0.5
1.5701,49.7512438,50,-0.495024876,0.5,0.5
1.5702,49.7512438,50,-0.495024876,0.5,0.5
1.5703,49.7512438,50,-0.495024876,0.5,0.5
1.5704,49.7512438,50,-0.495024876,0.5,0.5
1.5705,49.7512438,50,-0.495024876,0.5,0.5
1.5706,49.7512438,50,-0.495024876,0.5,0.5
1.5707,49.7512438,50,-0.495024876,0.5,0.5
1.5708,49.7512438,50,-0.495024876,0.5,0.5
1.5709,49.7512438,50,-0.495024876,0.5,0.5
1.571,49.7512438,50,-0.495024876,0.5,0.5
1.5711,49.7512438,50,-0.495024876,0.5,0.5
1.5712,49.7512438,50,-0.495024876,0.5,0.5
1.5713,49.7512438,50,-0.495024876,0.5,0.5
1.5714,49.7512438,50,-0.495024876,0.5,0.5
1.5715,49.7512438,50,-0.495024876,0.5,0.5
1.5716,49.7512438,50,-0.495024876,0.5,0.5
1.5717,49.7512438,50,-0.495024876,0.5,0.5
1.5718,49.7512438,50,-0.495024876,0.5,0.5
1.5719,49.7512438,50,-0.495024876,0.5,0.5
1.572,49.7512438,50,-0.495024876,0.5,0.5
1.5721,49.7512438,50,-0.495024876,0.5,0.5
1.5722,49.7512438,50,-0.495024876,0.5,0.5
1.5723,49.7512438,50,-0.495024876,0.5,0.5
1.5724,49.7512438,50,-0.495024876,0.5,0.5
1.5725,49.7512438,50,-0.495024876,0.5,0.5
1.5726,49.7512438,50,-0.495024876,0.5,0.5
1.5727,49.7512438,50,-0.495024876,0.5,0.5
1.5728,49.7512438,50,-0.495024876,0.5,0.5
1.5729,49.7512438,50,-0.495024876,0.5,0.5
1.573,49.7512438,50,-0.495024876,0.5,0.5
1.5731,49.7512438,50,-0.495024876,0.5,0.5
1.5732,49.7512438,50,-0.495024876,0.5,0.5
1.5733,49.7512438,50,-0.495024876,0.5,0.5
1.5734,49.7512438,50,-0.495024876,0.5,0.5
1.5735,49.7512438,50,-0.495024876,0.5,0.5
1.5736,49.7512438,50,-0.495024876,0.5,0.5
1.5737,49.7512438,50,-0.495024876,0.5,0.5
1.5738,49.7512438,50,-0.495024876,0.5,0.5
1.5739,49.7512438,50,-0.495024876,0.5,0.5
1.574,49.7512438,50,-0.495024876,0.5,0.5
1.5741,49.7512438,50,-0.495024876,0.5,0.5
1.5742,49.7512438,50,-0.495024876,0.5,0.5
1.5743,49.7512438,50,-0.495024876,0.5,0.5
1.5744,49.7512438,50,-0.495024876,0.5,0.5
1.5745,49.7512438,50,-0.495024876,0.5,0.5
1.5746,49.7512438,50,-0.495024876,0.5,0.5
1.5747,49.7512438,50,-0.495024876,0.5,0.5
1.5748,49.7512438,50,-0.495024876,0.5,0.5
1.5749,49.7512438,50,-0.495024876,0.5,0.5
1.575,49.7512438,50,-0.495024876,0.5,0.5
1.5751,49.7512438,50,-0.495024876,0.5,0.5
1.5752,49.7512438,50,-0.495024876,0.5,0.5
1.5753,49.7512438,50,-0.495024876,0.5,0.5
1.5754,49.7512438,50,-0.495024876,0.5,0.5
1.5755,49.7512438,50,-0.495024876,0.5,0.5
1.5756,49.7512438,50,-0.495024876,0.5,0.5
1.5757,49.7512438,50,-0.495024876,0.5,0.5
1.5758,49.7512438,50,-0.495024876,0.5,0.5
1.5759,49.7512438,50,-0.495024876,0.5,0.5
1.576,49.7512438,50,-0.495024876,0.5,0.5
1.5761,49.7512438,50,-0.495024876,0.5,0.5
1.5762,49.7512438,50,-0.495024876,0.5,0.5
1.5763,49.7512438,50,-0.495024876,0.5,0.5
1.5764,49.7512438,50,-0.495024876,0.5,0.5
1.5765,49.7512438,50,-0.495024876,0.5,0.5
1.5766,49.7512438,50,-0.495024876,0.5,0.5
1.5767,49.7512438,50,-0.495024876,0.5,0.5
1.5768,49.7512438,50,-0.495024876,0.5,0.5
1.5769,49.7512438,50,-0.495024876,0.5,0.5
1.577,49.7512438,50,-0.495024876,0.5,0.5
1.5771,49.7512438,50,-0.495024876,0.5,0.5
1.5772,49.7512438,50,-0.495024876,0.5,0.5
1.5773,49.7512438,50,-0.495024876,0.5,0.5
1.5774,49.7512438,50,-0.495024876,0.5,0.5
1.5775,49.7512438,50,-0.495024876,0.5,0.5
1.5776,49.7512438,50,-0.495024876,0.5,0.5
1.5777,49.7512438,50,-0.495024876,0.5,0.5
1.5778,49.7512438,50,-0.495024876,0.5,0.5
1.5779,49.7512438,50,-0.495024876,0.5,0.5
1.578,49.7512438,50,-0.495024876,0.5,0.5
1.5781,49.7512438,50,-0.495024876,0.5,0.5
1.5782,49.7512438,50,-0.495024876,0.5,0.5
1.5783,49.7512438,50,-0.495024876,0.5,0.5
1.5784,49.7512438,50,-0.495024876,0.5,0.5
1.5785,49.7512438,50,-0.495024876,0.5,0.5
1.5786,49.7512438,50,-0.495024876,0.5,0.5
1.5787,49.7512438,50,-0.495024876,0.5,0.5
1.5788,49.7512438,50,-0.495024876,0.5,0.5
1.5789,49.7512438,50,-0.495024876,0.5,0.5
1.579,49.7512438,50,-0.495024876,0.5,0.5
1.5791,49.7512438,50,-0.495024876,0.5,0.5
1.5792,49.7512438,50,-0.495024876,0.5,0.5
1.5793,49.7512438,50,-0.495024876,0.5,0.5
1.5794,49.7512438,50,-0.495024876,0.5,0.5
1.5795,49.7512438,50,-0.495024876,0.5,0.5
1.5796,49.7512438,50,-0.495024876,0.5,0.5
1.5797,49.7512438,50,-0.495024876,0.5,0.5
1.5798,49.7512438,50,-0.495024876,0.5,0.5
1.5799,49.7512438,50,-0.495024876,0.5,0.5
1.58,49.7512438,50,-0.495024876,0.5,0.5
1.5801,49.7512438,50,-0.495024876,0.5,0.5
1.5802,49.7512438,50,-0.495024876,0.5,0.5
1.5803,49.7512438,50,-0.495024876,0.5,0.5
1.5804,49.7512438,50,-0.495024876,0.5,0.5
1.5805,49.7512438,50,-0.495024876,0.5,0.5
1.5806,49.7512438,50,-0.495024876,0.5,0.5
1.5807,49.7512438,50,-0.495024876,0.5,0.5
1.5808,49.7512438,50,-0.495024876,0.5,0.5
1.5809,49.7512438,50,-0.495024876,0.5,0.5
1.581,49.7512438,50,-0.495024876,0.5,0.5
1.5811,49.7512438,50,-0.495024876,0.5,0.5
1.5812,49.7512438,50,-0.495024876,0.5,0.5
1.5813,49.7512438,50,-0.495024876,0.5,0.5
1.5814,49.7512438,50,-0.495024876,0.5,0.5
1.5815,49.7512438,50,-0.495024876,0.5,0.5
1.5816,49.7512438,50,-0.495024876,0.5,0.5
1.5817,49.7512438,50,-0.495024876,0.5,0.5
1.5818,49.7512438,50,-0.495024876,0.5,0.5
1.5819,49.7512438,50,-0.495024876,0.5,0.5
1.582,49.7512438,50,-0.495024876,0.5,0.5
1.5821,49.7512438,50,-0.495024876,0.5,0.5
1.5822,49.7512438,50,-0.495024876,0.5,0.5
1.5823,49.7512438,50,-0.495024876,0.5,0.5
1.5824,49.7512438,50,-0.495024876,0.5,0.5
1.5825,49.7512438,50,-0.495024876,0.5,0.5
1.5826,49.7512438,50,-0.495024876,0.5,0.5
1.5827,49.7512438,50,-0.495024876,0.5,0.5
1.5828,49.7512438,50,-0.495024876,0.5,0.5
1.5829,49.7512438,50,-0.495024876,0.5,0.5
1.583,49.7512438,50,-0.495024876,0.5,0.5
1.5831,49.7512438,50,-0.495024876,0.5,0.5
1.5832,49.7512438,50,-0.495024876,0.5,0.5
1.5833,49.7512438,50,-0.495024876,0.5,0.5
1.5834,49.7512438,50,-0.495024876,0.5,0.5
1.5835,49.7512438,50,-0.495024876,0.5,0.5
1.5836,49.7512438,50,-0.495024876,0.5,0.5
1.5837,49.7512438,50,-0.495024876,0.5,0.5
1.5838,49.7512438,50,-0.495024876,0.5,0.5
1.5839,49.7512438,50,-0.495024876,0.5,0.5
1.584,49.7512438,50,-0.495024876,0.5,0.5
1.5841,49.7512438,50,-0.495024876,0.5,0.5
1.5842,49.7512438,50,-0.495024876,0.5,0.5
1.5843,49.7512438,50,-0.495024876,0.5,0.5
1.5844,49.7512438,50,-0.495024876,0.5,0.5
1.5845,49.7512438,50,-0.495024876,0.5,0.5
1.5846,49.7512438,50,-0.495024876,0.5,0.5
1.5847,49.7512438,50,-0.495024876,0.5,0.5
1.5848,49.7512438,50,-0.495024876,0.5,0.5
1.5849,49.7512438,50,-0.495024876,0.5,0.5
1.585,49.7512438,50,-0.495024876,0.5,0.5
1.5851,49.7512438,50,-0.495024876,0.5,0.5
1.5852,49.7512438,50,-0.495024876,0.5,0.5
1.5853,49.7512438,50,-0.495024876,0.5,0.5
1.5854,49.7512438,50,-0.495024876,0.5,0.5
1.5855,49.7512438,50,-0.495024876,0.5,0.5
1.5856,49.7512438,50,-0.495024876,0.5,0.5
1.5857,49.7512438,50,-0.495024876,0.5,0.5
1.5858,49.7512438,50,-0.495024876,0.5,0.5
1.5859,49.7512438,50,-0.495024876,0.5,0.5
1.586,49.7512438,50,-0.495024876,0.5,0.5
1.5861,49.7512438,50,-0.495024876,0.5,0.5
1.5862,49.7512438,50,-0.495024876,0.5,0.5
1.5863,49.7512438,50,-0.495024876,0.5,0.5
1.5864,49.7512438,50,-0.495024876,0.5,0.5
1.5865,49.7512438,50,-0.495024876,0.5,0.5
1.5866,49.7512438,50,-0.495024876,0.5,0.5
1.5867,49.7512438,50,-0.495024876,0.5,0.5
1.5868,49.7512438,50,-0.495024876,0.5,0.5
1.5869,49.7512438,50,-0.495024876,0.5,0.5
1.587,49.7512438,50,-0.495024876,0.5,0.5
1.5871,49.7512438,50,-0.495024876,0.5,0.5
1.5872,49.7512438,50,-0.495024876,0.5,0.5
1.5873,49.7512438,50,-0.495024876,0.5,0.5
1.5874,49.7512438,50,-0.495024876,0.5,0.5
1.5875,49.7512438,50,-0.495024876,0.5,0.5
1.5876,49.7512438,50,-0.495024876,0.5,0.5
1.5877,49.7512438,50,-0.495024876,0.5,0.5
1.5878,49.7512438,50,-0.495024876,0.5,0.5
1.5879,49.7512438,50,-0.495024876,0.5,0.5
1.588,49.7512438,50,-0.495024876,0.5,0.5
1.5881,49.7512438,50,-0.495024876,0.5,0.5
1.5882,49.7512438,50,-0.495024876,0.5,0.5
1.5883,49.7512438,50,-0.495024876,0.5,0.5
1.5884,49.7512438,50,-0.495024876,0.5,0.5
1.5885,49.7512438,50,-0.495024876,0.5,0.5
1.5886,49.7512438,50,-0.495024876,0.5,0.5
1.5887,49.7512438,50,-0.495024876,0.5,0.5
1.5888,49.7512438,50,-0.495024876,0.5,0.5
1.5889,49.7512438,50,-0.495024876,0.5,0.5
1.589,49.7512438,50,-0.495024876,0.5,0.5
1.5891,49.7512438,50,-0.495024876,0.5,0.5
1.5892,49.7512438,50,-0.495024876,0.5,0.5
1.5893,49.7512438,50,-0.495024876,0.5,0.5
1.5894,49.7512438,50,-0.495024876,0.5,0.5
1.5895,49.7512438,50,-0.495024876,0.5,0.5
1.5896,49.7512438,50,-0.495024876,0.5,0.5
1.5897,49.7512438,50,-0.495024876,0.5,0.5
1.5898,49.7512438,50,-0.495024876,0.5,0.5
1.5899,49.7512438,50,-0.495024876,0.5,0.5
1.59,49.7512438,50,-0.495024876,0.5,0.5
1.5901,49.7512438,50,-0.495024876,0.5,0.5
1.5902,49.7512438,50,-0.495024876,0.5,0.5
1.5903,49.7512438,50,-0.495024876,0.5,0.5
1.5904,49.7512438,50,-0.495024876,0.5,0.5
1.5905,49.7512438,50,-0.495024876,0.5,0.5
1.5906,49.7512438,50,-0.495024876,0.5,0.5
1.5907,49.7512438,50,-0.495024876,0.5,0.5
1.5908,49.7512438,50,-0.495024876,0.5,0.5
1.5909,49.7512438,50,-0.495024876,0.5,0.5
1.591,49.7512438,50,-0.495024876,0.5,0.5
1.5911,49.7512438,50,-0.495024876,0.5,0.5
1.5912,49.7512438,50,-0.495024876,0.5,0.5
1.5913,49.7512438,50,-0.495024876,0.5,0.5
1.5914,49.7512438,50,-0.495024876,0.5,0.5
1.5915,49.7512438,50,-0.495024876,0.5,0.5
1.5916,49.7512438,50,-0.495024876,0.5,0.5
1.5917,49.7512438,50,-0.495024876,0.5,0.5
1.5918,49.7512438,50,-0.495024876,0.5,0.5
1.5919,49.7512438,50,-0.495024876,0.5,0.5
1.592,49.7512438,50,-0.495024876,0.5,0.5
1.5921,49.7512438,50,-0.495024876,0.5,0.5
1.5922,49.7512438,50,-0.495024876,0.5,0.5
1.5923,49.7512438,50,-0.495024876,0.5,0.5
1.5924,49.7512438,50,-0.495024876,0.5,0.5
1.5925,49.7512438,50,-0.495024876,0.5,0.5
1.5926,49.7512438,50,-0.495024876,0.5,0.5
1.5927,49.7512438,50,-0.495024876,0.5,0.5
1.5928,49.7512438,50,-0.495024876,0.5,0.5
1.5929,49.7512438,50,-0.495024876,0.5,0.5
1.593,49.7512438,50,-0.495024876,0.5,0.5
1.5931,49.7512438,50,-0.495024876,0.5,0.5
1.5932,49.7512438,50,-0.495024876,0.5,0.5
1.5933,49.7512438,50,-0.495024876,0.5,0.5
1.5934,49.7512438,50,-0.495024876,0.5,0.5
1.5935,49.7512438,50,-0.495024876,0.5,0.5
1.5936,49.7512438,50,-0.495024876,0.5,0.5
1.5937,49.7512438,50,-0.495024876,0.5,0.5
1.5938,49.7512438,50,-0.495024876,0.5,0.5
1.5939,49.7512438,50,-0.495024876,0.5,0.5
1.594,49.7512438,50,-0.495024876,0.5,0.5
1.5941,49.7512438,50,-0.495024876,0.5,0.5
1.5942,49.7512438,50,-0.495024876,0.5,0.5
1.5943,49.7512438,50,-0.495024876,0.5,0.5
1.5944,49.7512438,50,-0.495024876,0.5,0.5
1.5945,49.7512438,50,-0.495024876,0.5,0.5
1.5946,49.7512438,50,-0.495024876,0.5,0.5
1.5947,49.7512438,50,-0.495024876,0.5,0.5
1.5948,49.7512438,50,-0.495024876,0.5,0.5
1.5949,49.7512438,50,-0.495024876,0.5,0.5
1.595,49.7512438,50,-0.495024876,0.5,0.5
1.5951,49.7512438,50,-0.495024876,0.5,0.5
1.5952,49.7512438,50,-0.495024876,0.5,0.5
1.5953,49.7512438,50,-0.495024876,0.5,0.5
1.5954,49.7512438,50,-0.495024876,0.5,0.5
1.5955,49.7512438,50,-0.495024876,0.5,0.5
1.5956,49.7512438,50,-0.495024876,0.5,0.5
1.5957,49.7512438,50,-0.495024876,0.5,0.5
1.5958,49.7512438,50,-0.495024876,0.5,0.5
1.5959,49.7512438,50,-0.495024876,0.5,0.5
1.596,49.7512438,50,-0.495024876,0.5,0.5
1.5961,49.7512438,50,-0.495024876,0.5,0.5
1.5962,49.7512438,50,-0.495024876,0.5,0.5
1.5963,49.7512438,50,-0.495024876,0.5,0.5
1.5964,49.7512438,50,-0.495024876,0.5,0.5
1.5965,49.7512438,50,-0.495024876,0.5,0.5
1.5966,49.7512438,50,-0.495024876,0.5,0.5
1.5967,49.7512438,50,-0.495024876,0.5,0.5
1.5968,49.7512438,50,-0.495024876,0.5,0.5
1.5969,49.7512438,50,-0.495024876,0.5,0.5
1.597,49.7512438,50,-0.495024876,0.5,0.5
1.5971,49.7512438,50,-0.495024876,0.5,0.5
1.5972,49.7512438,50,-0.495024876,0.5,0.5
1.5973,49.7512438,50,-0.495024876,0.5,0.5
1.5974,49.7512438,50,-0.495024876,0.5,0.5
1.5975,49.7512438,50,-0.495024876,0.5,0.5
1.5976,49.7512438,50,-0.495024876,0.5,0.5
1.5977,49.7512438,50,-0.495024876,0.5,0.5
1.5978,49.7512438,50,-0.495024876,0.5,0.5
1.5979,49.7512438,50,-0.495024876,0.5,0.5
1.598,49.7512438,50,-0.495024876,0.5,0.5
1.5981,49.7512438,50,-0.495024876,0.5,0.5
1.5982,49.7512438,50,-0.495024876,0.5,0.5
1.5983,49.7512438,50,-0.495024876,0.5,0.5
1.5984,49.7512438,50,-0.495024876,0.5,0.5
1.5985,49.7512438,50,-0.495024876,0.5,0.5
1.5986,49.7512438,50,-0.495024876,0.5,0.5
1.5987,49.7512438,50,-0.495024876,0.5,0.5
1.5988,49.7512438,50,-0.495024876,0.5,0.5
1.5989,49.7512438,50,-0.495024876,0.5,0.5
1.599,49.7512438,50,-0.495024876,0.5,0.5
1.5991,49.7512438,50,-0.495024876,0.5,0.5
1.5992,49.7512438,50,-0.495024876,0.5,0.5
1.5993,49.7512438,50,-0.495024876,0.5,0.5
1.5994,49.7512438,50,-0.495024876,0.5,0.5
1.5995,49.7512438,50,-0.495024876,0.5,0.5
1.5996,49.7512438,50,-0.495024876,0.5,0.5
1.5997,49.7512438,50,-0.495024876,0.5,0.5
1.5998,49.7512438,50,-0.495024876,0.5,0.5
1.5999,49.7512438,50,-0.495024876,0.5,0.5
1.6,49.7512438,50,-0.495024876,0.5,0.5
1.6001,49.7512438,50,-0.495024876,0.5,0.5
1.6002,49.7512438,50,-0.495024876,0.5,0.5
1.6003,49.7512438,50,-0.495024876,0.5,0.5
1.6004,49.7512438,50,-0.495024876,0.5,0.5
1.6005,49.7512438,50,-0.495024876,0.5,0.5
1.6006,49.7512438,50,-0.495024876,0.5,0.5
1.6007,49.7512438,50,-0.495024876,0.5,0.5
1.6008,49.7512438,50,-0.495024876,0.5,0.5
1.6009,49.7512438,50,-0.495024876,0.5,0.5
1.601,49.7512438,50,-0.495024876,0.5,0.5
1.6011,49.7512438,50,-0.495024876,0.5,0.5
1.6012,49.7512438,50,-0.495024876,0.5,0.5
1.6013,49.7512438,50,-0.495024876,0.5,0.5
1.6014,49.7512438,50,-0.495024876,0.5,0.5
1.6015,49.7512438,50,-0.495024876,0.5,0.5
1.6016,49.7512438,50,-0.495024876,0.5,0.5
1.6017,49.7512438,50,-0.495024876,0.5,0.5
1.6018,49.7512438,50,-0.495024876,0.5,0.5
1.6019,49.7512438,50,-0.495024876,0.5,0.5
1.602,49.7512438,50,-0.495024876,0.5,0.5
1.6021,49.7512438,50,-0.495024876,0.5,0.5
1.6022,49.7512438,50,-0.495024876,0.5,0.5
1.6023,49.7512438,50,-0.495024876,0.5,0.5
1.6024,49.7512438,50,-0.495024876,0.5,0.5
1.6025,49.7512438,50,-0.495024876,0.5,0.5
1.6026,49.7512438,50,-0.495024876,0.5,0.5
1.6027,49.7512438,50,-0.495024876,0.5,0.5
1.6028,49.7512438,50,-0.495024876,0.5,0.5
1.6029,49.7512438,50,-0.495024876,0.5,0.5
1.603,49.7512438,50,-0.495024876,0.5,0.5
1.6031,49.7512438,50,-0.495024876,0.5,0.5
1.6032,49.7512438,50,-0.495024876,0.5,0.5
1.6033,49.7512438,50,-0.495024876,0.5,0.5
1.6034,49.7512438,50,-0.495024876,0.5,0.5
1.6035,49.7512438,50,-0.495024876,0.5,0.5
1.6036,49.7512438,50,-0.495024876,0.5,0.5
1.6037,49.7512438,50,-0.495024876,0.5,0.5
1.6038,49.7512438,50,-0.495024876,0.5,0.5
1.6039,49.7512438,50,-0.495024876,0.5,0.5
1.604,49.7512438,50,-0.495024876,0.5,0.5
1.6041,49.7512438,50,-0.495024876,0.5,0.5
1.6042,49.7512438,50,-0.495024876,0.5,0.5
1.6043,49.7512438,50,-0.495024876,0.5,0.5
1.6044,49.7512438,50,-0.495024876,0.5,0.5
1.6045,49.7512438,50,-0.495024876,0.5,0.5
1.6046,49.7512438,50,-0.495024876,0.5,0.5
1.6047,49.7512438,50,-0.495024876,0.5,0.5
1.6048,49.7512438,50,-0.495024876,0.5,0.5
1.6049,49.7512438,50,-0.495024876,0.5,0.5
1.605,49.7512438,50,-0.495024876,0.5,0.5
1.6051,49.7512438,50,-0.495024876,0.5,0.5
1.6052,49.7512438,50,-0.495024876,0.5,0.5
1.6053,49.7512438,50,-0.495024876,0.5,0.5
1.6054,49.7512438,50,-0.495024876,0.5,0.5
1.6055,49.7512438,50,-0.495024876,0.5,0.5
1.6056,49.7512438,50,-0.495024876,0.5,0.5
1.6057,49.7512438,50,-0.495024876,0.5,0.5
1.6058,49.7512438,50,-0.495024876,0.5,0.5
1.6059,49.7512438,50,-0.495024876,0.5,0.5
1.606,49.7512438,50,-0.495024876,0.5,0.5
1.6061,49.7512438,50,-0.495024876,0.5,0.5
1.6062,49.7512438,50,-0.495024876,0.5,0.5
1.6063,49.7512438,50,-0.495024876,0.5,0.5
1.6064,49.7512438,50,-0.495024876,0.5,0.5
1.6065,49.7512438,50,-0.495024876,0.5,0.5
1.6066,49.7512438,50,-0.495024876,0.5,0.5
1.6067,49.7512438,50,-0.495024876,0.5,0.5
1.6068,49.7512438,50,-0.495024876,0.5,0.5
1.6069,49.7512438,50,-0.495024876,0.5,0.5
1.607,49.7512438,50,-0.495024876,0.5,0.5
1.6071,49.7512438,50,-0.495024876,0.5,0.5
1.6072,49.7512438,50,-0.495024876,0.5,0.5
1.6073,49.7512438,50,-0.495024876,0.5,0.5
1.6074,49.7512438,50,-0.495024876,0.5,0.5
1.6075,49.7512438,50,-0.495024876,0.5,0.5
1.6076,49.7512438,50,-0.495024876,0.5,0.5
1.6077,49.7512438,50,-0.495024876,0.5,0.5
1.6078,49.7512438,50,-0.495024876,0.5,0.5
1.6079,49.7512438,50,-0.495024876,0.5,0.5
1.608,49.7512438,50,-0.495024876,0.5,0.5
1.6081,49.7512438,50,-0.495024876,0.5,0.5
1.6082,49.7512438,50,-0.495024876,0.5,0.5
1.6083,49.7512438,50,-0.495024876,0.5,0.5
1.6084,49.7512438,50,-0.495024876,0.5,0.5
1.6085,49.7512438,50,-0.495024876,0.5,0.5
1.6086,49.7512438,50,-0.495024876,0.5,0.5
1.6087,49.7512438,50,-0.495024876,0.5,0.5
1.6088,49.7512438,50,-0.495024876,0.5,0.5
1.6089,49.7512438,50,-0.495024876,0.5,0.5
1.609,49.7512438,50,-0.495024876,0.5,0.5
1.6091,49.7512438,50,-0.495024876,0.5,0.5
1.6092,49.7512438,50,-0.495024876,0.5,0.5
1.6093,49.7512438,50,-0.495024876,0.5,0.5
1.6094,49.7512438,50,-0.495024876,0.5,0.5
1.6095,49.7512438,50,-0.495024876,0.5,0.5
1.6096,49.7512438,50,-0.495024876,0.5,0.5
1.6097,49.7512438,50,-0.495024876,0.5,0.5
1.6098,49.7512438,50,-0.495024876,0.5,0.5
1.6099,49.7512438,50,-0.495024876,0.5,0.5
1.61,49.7512438,50,-0.495024876,0.5,0.5
1.6101,49.7512438,50,-0.495024876,0.5,0.5
1.6102,49.7512438,50,-0.495024876,0.5,0.5
1.6103,49.7512438,50,-0.495024876,0.5,0.5
1.6104,49.7512438,50,-0.495024876,0.5,0.5
1.6105,49.7512438,50,-0.495024876,0.5,0.5
1.6106,49.7512438,50,-0.495024876,0.5,0.5
1.6107,49.7512438,50,-0.495024876,0.5,0.5
1.6108,49.7512438,50,-0.495024876,0.5,0.5
1.6109,49.7512438,50,-0.495024876,0.5,0.5
1.611,49.7512438,50,-0.495024876,0.5,0.5
1.6111,49.7512438,50,-0.495024876,0.5,0.5
1.6112,49.7512438,50,-0.495024876,0.5,0.5
1.6113,49.7512438,50,-0.495024876,0.5,0.5
1.6114,49.7512438,50,-0.495024876,0.5,0.5
1.6115,49.7512438,50,-0.495024876,0.5,0.5
1.6116,49.7512438,50,-0.495024876,0.5,0.5
1.6117,49.7512438,50,-0.495024876,0.5,0.5
1.6118,49.7512438,50,-0.495024876,0.5,0.5
1.6119,49.7512438,50,-0.495024876,0.5,0.5
1.612,49.7512438,50,-0.495024876,0.5,0.5
1.6121,49.7512438,50,-0.495024876,0.5,0.5
1.6122,49.7512438,50,-0.495024876,0.5,0.5
1.6123,49.7512438,50,-0.495024876,0.5,0.5
1.6124,49.7512438,50,-0.495024876,0.5,0.5
1.6125,49.7512438,50,-0.495024876,0.5,0.5
1.6126,49.7512438,50,-0.495024876,0.5,0.5
1.6127,49.7512438,50,-0.495024876,0.5,0.5
1.6128,49.7512438,50,-0.495024876,0.5,0.5
1.6129,49.7512438,50,-0.495024876,0.5,0.5
1.613,49.7512438,50,-0.495024876,0.5,0.5
1.6131,49.7512438,50,-0.495024876,0.5,0.5
1.6132,49.7512438,50,-0.495024876,0.5,0.5
1.6133,49.7512438,50,-0.495024876,0.5,0.5
1.6134,49.7512438,50,-0.495024876,0.5,0.5
1.6135,49.7512438,50,-0.495024876,0.5,0.5
1.6136,49.7512438,50,-0.495024876,0.5,0.5
1.6137,49.7512438,50,-0.495024876,0.5,0.5
1.6138,49.7512438,50,-0.495024876,0.5,0.5
1.6139,49.7512438,50,-0.495024876,0.5,0.5
1.614,49.7512438,50,-0.495024876,0.5,0.5
1.6141,49.7512438,50,-0.495024876,0.5,0.5
1.6142,49.7512438,50,-0.495024876,0.5,0.5
1.6143,49.7512438,50,-0.495024876,0.5,0.5
1.6144,49.7512438,50,-0.495024876,0.5,0.5
1.6145,49.7512438,50,-0.495024876,0.5,0.5
1.6146,49.7512438,50,-0.495024876,0.5,0.5
1.6147,49.7512438,50,-0.495024876,0.5,0.5
1.6148,49.7512438,50,-0.495024876,0.5,0.5
1.6149,49.7512438,50,-0.495024876,0.5,0.5
1.615,49.7512438,50,-0.495024876,0.5,0.5
1.6151,49.7512438,50,-0.495024876,0.5,0.5
1.6152,49.7512438,50,-0.495024876,0.5,0.5
1.6153,49.7512438,50,-0.495024876,0.5,0.5
1.6154,49.7512438,50,-0.495024876,0.5,0.5
1.6155,49.7512438,50,-0.495024876,0.5,0.5
1.6156,49.7512438,50,-0.495024876,0.5,0.5
1.6157,49.7512438,50,-0.495024876,0.5,0.5
1.6158,49.7512438,50,-0.495024876,0.5,0.5
1.6159,49.7512438,50,-0.495024876,0.5,0.5
1.616,49.7512438,50,-0.495024876,0.5,0.5
1.6161,49.7512438,50,-0.495024876,0.5,0.5
1.6162,49.7512438,50,-0.495024876,0.5,0.5
1.6163,49.7512438,50,-0.495024876,0.5,0.5
1.6164,49.7512438,50,-0.495024876,0.5,0.5
1.6165,49.7512438,50,-0.495024876,0.5,0.5
1.6166,49.7512438,50,-0.495024876,0.5,0.5
1.6167,49.7512438,50,-0.495024876,0.5,0.5
1.6168,49.7512438,50,-0.495024876,0.5,0.5
1.6169,49.7512438,50,-0.495024876,0.5,0.5
1.617,49.7512438,50,-0.495024876,0.5,0.5
1.6171,49.7512438,50,-0.495024876,0.5,0.5
1.6172,49.7512438,50,-0.495024876,0.5,0.5
1.6173,49.7512438,50,-0.495024876,0.5,0.5
1.6174,49.7512438,50,-0.495024876,0.5,0.5
1.6175,49.7512438,50,-0.495024876,0.5,0.5
1.6176,49.7512438,50,-0.495024876,0.5,0.5
1.6177,49.7512438,50,-0.495024876,0.5,0.5
1.6178,49.7512438,50,-0.495024876,0.5,0.5
1.6179,49.7512438,50,-0.495024876,0.5,0.5
1.618,49.7512438,50,-0.495024876,0.5,0.5
1.6181,49.7512438,50,-0.495024876,0.5,0.5
1.6182,49.7512438,50,-0.495024876,0.5,0.5
1.6183,49.7512438,50,-0.495024876,0.5,0.5
1.6184,49.7512438,50,-0.495024876,0.5,0.5
1.6185,49.7512438,50,-0.495024876,0.5,0.5
1.6186,49.7512438,50,-0.495024876,0.5,0.5
1.6187,49.7512438,50,-0.495024876,0.5,0.5
1.6188,49.7512438,50,-0.495024876,0.5,0.5
1.6189,49.7512438,50,-0.495024876,0.5,0.5
1.619,49.7512438,50,-0.495024876,0.5,0.5
1.6191,49.7512438,50,-0.495024876,0.5,0.5
1.6192,49.7512438,50,-0.495024876,0.5,0.5
1.6193,49.7512438,50,-0.495024876,0.5,0.5
1.6194,49.7512438,50,-0.495024876,0.5,0.5
1.6195,49.7512438,50,-0.495024876,0.5,0.5
1.6196,49.7512438,50,-0.495024876,0.5,0.5
1.6197,49.7512438,50,-0.495024876,0.5,0.5
1.6198,49.7512438,50,-0.495024876,0.5,0.5
1.6199,49.7512438,50,-0.495024876,0.5,0.5
1.62,49.7512438,50,-0.495024876,0.5,0.5
1.6201,49.7512438,50,-0.495024876,0.5,0.5
1.6202,49.7512438,50,-0.495024876,0.5,0.5
1.6203,49.7512438,50,-0.495024876,0.5,0.5
1.6204,49.7512438,50,-0.495024876,0.5,0.5
1.6205,49.7512438,50,-0.495024876,0.5,0.5
1.6206,49.7512438,50,-0.495024876,0.5,0.5
1.6207,49.7512438,50,-0.495024876,0.5,0.5
1.6208,49.7512438,50,-0.495024876,0.5,0.5
1.6209,49.7512438,50,-0.495024876,0.5,0.5
1.621,49.7512438,50,-0.495024876,0.5,0.5
1.6211,49.7512438,50,-0.495024876,0.5,0.5
1.6212,49.7512438,50,-0.495024876,0.5,0.5
1.6213,49.7512438,50,-0.495024876,0.5,0.5
1.6214,49.7512438,50,-0.495024876,0.5,0.5
1.6215,49.7512438,50,-0.495024876,0.5,0.5
1.6216,49.7512438,50,-0.495024876,0.5,0.5
1.6217,49.7512438,50,-0.495024876,0.5,0.5
1.6218,49.7512438,50,-0.495024876,0.5,0.5
1.6219,49.7512438,50,-0.495024876,0.5,0.5
1.622,49.7512438,50,-0.495024876,0.5,0.5
1.6221,49.7512438,50,-0.495024876,0.5,0.5
1.6222,49.7512438,50,-0.495024876,0.5,0.5
1.6223,49.7512438,50,-0.495024876,0.5,0.5
1.6224,49.7512438,50,-0.495024876,0.5,0.5
1.6225,49.7512438,50,-0.495024876,0.5,0.5
1.6226,49.7512438,50,-0.495024876,0.5,0.5
1.6227,49.7512438,50,-0.495024876,0.5,0.5
1.6228,49.7512438,50,-0.495024876,0.5,0.5
1.6229,49.7512438,50,-0.495024876,0.5,0.5
1.623,49.7512438,50,-0.495024876,0.5,0.5
1.6231,49.7512438,50,-0.495024876,0.5,0.5
1.6232,49.7512438,50,-0.495024876,0.5,0.5
1.6233,49.7512438,50,-0.495024876,0.5,0.5
1.6234,49.7512438,50,-0.495024876,0.5,0.5
1.6235,49.7512438,50,-0.495024876,0.5,0.5
1.6236,49.7512438,50,-0.495024876,0.5,0.5
1.6237,49.7512438,50,-0.495024876,0.5,0.5
1.6238,49.7512438,50,-0.495024876,0.5,0.5
1.6239,49.7512438,50,-0.495024876,0.5,0.5
1.624,49.7512438,50,-0.495024876,0.5,0.5
1.6241,49.7512438,50,-0.495024876,0.5,0.5
1.6242,49.7512438,50,-0.495024876,0.5,0.5
1.6243,49.7512438,50,-0.495024876,0.5,0.5
1.6244,49.7512438,50,-0.495024876,0.5,0.5
1.6245,49.7512438,50,-0.495024876,0.5,0.5
1.6246,49.7512438,50,-0.495024876,0.5,0.5
1.6247,49.7512438,50,-0.495024876,0.5,0.5
1.6248,49.7512438,50,-0.495024876,0.5,0.5
1.6249,49.7512438,50,-0.495024876,0.5,0.5
1.625,49.7512438,50,-0.495024876,0.5,0.5
1.6251,49.7512438,50,-0.495024876,0.5,0.5
1.6252,49.7512438,50,-0.495024876,0.5,0.5
1.6253,49.7512438,50,-0.495024876,0.5,0.5
1.6254,49.7512438,50,-0.495024876,0.5,0.5
1.6255,49.7512438,50,-0.495024876,0.5,0.5
1.6256,49.7512438,50,-0.495024876,0.5,0.5
1.6257,49.7512438,50,-0.495024876,0.5,0.5
1.6258,49.7512438,50,-0.495024876,0.5,0.5
1.6259,49.7512438,50,-0.495024876,0.5,0.5
1.626,49.7512438,50,-0.495024876,0.5,0.5
1.6261,49.7512438,50,-0.495024876,0.5,0.5
1.6262,49.7512438,50,-0.495024876,0.5,0.5
1.6263,49.7512438,50,-0.495024876,0.5,0.5
1.6264,49.7512438,50,-0.495024876,0.5,0.5
1.6265,49.7512438,50,-0.495024876,0.5,0.5
1.6266,49.7512438,50,-0.495024876,0.5,0.5
1.6267,49.7512438,50,-0.495024876,0.5,0.5
1.6268,49.7512438,50,-0.495024876,0.5,0.5
1.6269,49.7512438,50,-0.495024876,0.5,0.5
1.627,49.7512438,50,-0.495024876,0.5,0.5
1.6271,49.7512438,50,-0.495024876,0.5,0.5
1.6272,49.7512438,50,-0.495024876,0.5,0.5
1.6273,49.7512438,50,-0.495024876,0.5,0.5
1.6274,49.7512438,50,-0.495024876,0.5,0.5
1.6275,49.7512438,50,-0.495024876,0.5,0.5
1.6276,49.7512438,50,-0.495024876,0.5,0.5
1.6277,49.7512438,50,-0.495024876,0.5,0.5
1.6278,49.7512438,50,-0.495024876,0.5,0.5
1.6279,49.7512438,50,-0.495024876,0.5,0.5
1.628,49.7512438,50,-0.495024876,0.5,0.5
1.6281,49.7512438,50,-0.495024876,0.5,0.5
1.6282,49.7512438,50,-0.495024876,0.5,0.5
1.6283,49.7512438,50,-0.495024876,0.5,0.5
1.6284,49.7512438,50,-0.495024876,0.5,0.5
1.6285,49.7512438,50,-0.495024876,0.5,0.5
1.6286,49.7512438,50,-0.495024876,0.5,0.5
1.6287,49.7512438,50,-0.495024876,0.5,0.5
1.6288,49.7512438,50,-0.495024876,0.5,0.5
1.6289,49.7512438,50,-0.495024876,0.5,0.5
1.629,49.7512438,50,-0.495024876,0.5,0.5
1.6291,49.7512438,50,-0.495024876,0.5,0.5
1.6292,49.7512438,50,-0.495024876,0.5,0.5
1.6293,49.7512438,50,-0.495024876,0.5,0.5
1.6294,49.7512438,50,-0.495024876,0.5,0.5
1.6295,49.7512438,50,-0.495024876,0.5,0.5
1.6296,49.7512438,50,-0.495024876,0.5,0.5
1.6297,49.7512438,50,-0.495024876,0.5,0.5
1.6298,49.7512438,50,-0.495024876,0.5,0.5
1.6299,49.7512438,50,-0.495024876,0.5,0.5
1.63,49.7512438,50,-0.495024876,0.5,0.5
1.6301,49.7512438,50,-0.495024876,0.5,0.5
1.6302,49.7512438,50,-0.495024876,0.5,0.5
1.6303,49.7512438,50,-0.495024876,0.5,0.5
1.6304,49.7512438,50,-0.495024876,0.5,0.5
1.6305,49.7512438,50,-0.495024876,0.5,0.5
1.6306,49.7512438,50,-0.495024876,0.5,0.5
1.6307,49.7512438,50,-0.495024876,0.5,0.5
1.6308,49.7512438,50,-0.495024876,0.5,0.5
1.6309,49.7512438,50,-0.495024876,0.5,0.5
1.631,49.7512438,50,-0.495024876,0.5,0.5
1.6311,49.7512438,50,-0.495024876,0.5,0.5
1.6312,49.7512438,50,-0.495024876,0.5,0.5
1.6313,49.7512438,50,-0.495024876,0.5,0.5
1.6314,49.7512438,50,-0.495024876,0.5,0.5
1.6315,49.7512438,50,-0.495024876,0.5,0.5
1.6316,49.7512438,50,-0.495024876,0.5,0.5
1.6317,49.7512438,50,-0.495024876,0.5,0.5
1.6318,49.7512438,50,-0.495024876,0.5,0.5
1.6319,49.7512438,50,-0.495024876,0.5,0.5
1.632,49.7512438,50,-0.495024876,0.5,0.5
1.6321,49.7512438,50,-0.495024876,0.5,0.5
1.6322,49.7512438,50,-0.495024876,0.5,0.5
1.6323,49.7512438,50,-0.495024876,0.5,0.5
1.6324,49.7512438,50,-0.495024876,0.5,0.5
1.6325,49.7512438,50,-0.495024876,0.5,0.5
1.6326,49.7512438,50,-0.495024876,0.5,0.5
1.6327,49.7512438,50,-0.495024876,0.5,0.5
1.6328,49.7512438,50,-0.495024876,0.5,0.5
1.6329,49.7512438,50,-0.495024876,0.5,0.5
1.633,49.7512438,50,-0.495024876,0.5,0.5
1.6331,49.7512438,50,-0.495024876,0.5,0.5
1.6332,49.7512438,50,-0.495024876,0.5,0.5
1.6333,49.7512438,50,-0.495024876,0.5,0.5
1.6334,49.7512438,50,-0.495024876,0.5,0.5
1.6335,49.7512438,50,-0.495024876,0.5,0.5
1.6336,49.7512438,50,-0.495024876,0.5,0.5
1.6337,49.7512438,50,-0.495024876,0.5,0.5
1.6338,49.7512438,50,-0.495024876,0.5,0.5
1.6339,49.7512438,50,-0.495024876,0.5,0.5
1.634,49.7512438,50,-0.495024876,0.5,0.5
1.6341,49.7512438,50,-0.495024876,0.5,0.5
1.6342,49.7512438,50,-0.495024876,0.5,0.5
1.6343,49.7512438,50,-0.495024876,0.5,0.5
1.6344,49.7512438,50,-0.495024876,0.5,0.5
1.6345,49.7512438,50,-0.495024876,0.5,0.5
1.6346,49.7512438,50,-0.495024876,0.5,0.5
1.6347,49.7512438,50,-0.495024876,0.5,0.5
1.6348,49.7512438,50,-0.495024876,0.5,0.5
1.6349,49.7512438,50,-0.495024876,0.5,0.5
1.635,49.7512438,50,-0.495024876,0.5,0.5
1.6351,49.7512438,50,-0.495024876,0.5,0.5
1.6352,49.7512438,50,-0.495024876,0.5,0.5
1.6353,49.7512438,50,-0.495024876,0.5,0.5
1.6354,49.7512438,50,-0.495024876,0.5,0.5
1.6355,49.7512438,50,-0.495024876,0.5,0.5
1.6356,49.7512438,50,-0.495024876,0.5,0.5
1.6357,49.7512438,50,-0.495024876,0.5,0.5
1.6358,49.7512438,50,-0.495024876,0.5,0.5
1.6359,49.7512438,50,-0.495024876,0.5,0.5
1.636,49.7512438,50,-0.495024876,0.5,0.5
1.6361,49.7512438,50,-0.495024876,0.5,0.5
1.6362,49.7512438,50,-0.495024876,0.5,0.5
1.6363,49.7512438,50,-0.495024876,0.5,0.5
1.6364,49.7512438,50,-0.495024876,0.5,0.5
1.6365,49.7512438,50,-0.495024876,0.5,0.5
1.6366,49.7512438,50,-0.495024876,0.5,0.5
1.6367,49.7512438,50,-0.495024876,0.5,0.5
1.6368,49.7512438,50,-0.495024876,0.5,0.5
1.6369,49.7512438,50,-0.495024876,0.5,0.5
1.637,49.7512438,50,-0.495024876,0.5,0.5
1.6371,49.7512438,50,-0.495024876,0.5,0.5
1.6372,49.7512438,50,-0.495024876,0.5,0.5
1.6373,49.7512438,50,-0.495024876,0.5,0.5
1.6374,49.7512438,50,-0.495024876,0.5,0.5
1.6375,49.7512438,50,-0.495024876,0.5,0.5
1.6376,49.7512438,50,-0.495024876,0.5,0.5
1.6377,49.7512438,50,-0.495024876,0.5,0.5
1.6378,49.7512438,50,-0.495024876,0.5,0.5
1.6379,49.7512438,50,-0.495024876,0.5,0.5
1.638,49.7512438,50,-0.495024876,0.5,0.5
1.6381,49.7512438,50,-0.495024876,0.5,0.5
1.6382,49.7512438,50,-0.495024876,0.5,0.5
1.6383,49.7512438,50,-0.495024876,0.5,0.5
1.6384,49.7512438,50,-0.495024876,0.5,0.5
1.6385,49.7512438,50,-0.495024876,0.5,0.5
1.6386,49.7512438,50,-0.495024876,0.5,0.5
1.6387,49.7512438,50,-0.495024876,0.5,0.5
1.6388,49.7512438,50,-0.495024876,0.5,0.5
1.6389,49.7512438,50,-0.495024876,0.5,0.5
1.639,49.7512438,50,-0.495024876,0.5,0.5
1.6391,49.7512438,50,-0.495024876,0.5,0.5
1.6392,49.7512438,50,-0.495024876,0.5,0.5
1.6393,49.7512438,50,-0.495024876,0.5,0.5
1.6394,49.7512438,50,-0.495024876,0.5,0.5
1.6395,49.7512438,50,-0.495024876,0.5,0.5
1.6396,49.7512438,50,-0.495024876,0.5,0.5
1.6397,49.7512438,50,-0.495024876,0.5,0.5
1.6398,49.7512438,50,-0.495024876,0.5,0.5
1.6399,49.7512438,50,-0.495024876,0.5,0.5
1.64,49.7512438,50,-0.495024876,0.5,0.5
1.6401,49.7512438,50,-0.495024876,0.5,0.5
1.6402,49.7512438,50,-0.495024876,0.5,0.5
1.6403,49.7512438,50,-0.495024876,0.5,0.5
1.6404,49.7512438,50,-0.495024876,0.5,0.5
1.6405,49.7512438,50,-0.495024876,0.5,0.5
1.6406,49.7512438,50,-0.495024876,0.5,0.5
1.6407,49.7512438,50,-0.495024876,0.5,0.5
1.6408,49.7512438,50,-0.495024876,0.5,0.5
1.6409,49.7512438,50,-0.495024876,0.5,0.5
1.641,49.7512438,50,-0.495024876,0.5,0.5
1.6411,49.7512438,50,-0.495024876,0.5,0.5
1.6412,49.7512438,50,-0.495024876,0.5,0.5
1.6413,49.7512438,50,-0.495024876,0.5,0.5
1.6414,49.7512438,50,-0.495024876,0.5,0.5
1.6415,49.7512438,50,-0.495024876,0.5,0.5
1.6416,49.7512438,50,-0.495024876,0.5,0.5
1.6417,49.7512438,50,-0.495024876,0.5,0.5
1.6418,49.7512438,50,-0.495024876,0.5,0.5
1.6419,49.7512438,50,-0.495024876,0.5,0.5
1.642,49.7512438,50,-0.495024876,0.5,0.5
1.6421,49.7512438,50,-0.495024876,0.5,0.5
1.6422,49.7512438,50,-0.495024876,0.5,0.5
1.6423,49.7512438,50,-0.495024876,0.5,0.5
1.6424,49.7512438,50,-0.495024876,0.5,0.5
1.6425,49.7512438,50,-0.495024876,0.5,0.5
1.6426,49.7512438,50,-0.495024876,0.5,0.5
1.6427,49.7512438,50,-0.495024876,0.5,0.5
1.6428,49.7512438,50,-0.495024876,0.5,0.5
1.6429,49.7512438,50,-0.495024876,0.5,0.5
1.643,49.7512438,50,-0.495024876,0.5,0.5
1.6431,49.7512438,50,-0.495024876,0.5,0.5
1.6432,49.7512438,50,-0.495024876,0.5,0.5
1.6433,49.7512438,50,-0.495024876,0.5,0.5
1.6434,49.7512438,50,-0.495024876,0.5,0.5
1.6435,49.7512438,50,-0.495024876,0.5,0.5
1.6436,49.7512438,50,-0.495024876,0.5,0.5
1.6437,49.7512438,50,-0.495024876,0.5,0.5
1.6438,49.7512438,50,-0.495024876,0.5,0.5
1.6439,49.7512438,50,-0.495024876,0.5,0.5
1.644,49.7512438,50,-0.495024876,0.5,0.5
1.6441,49.7512438,50,-0.495024876,0.5,0.5
1.6442,49.7512438,50,-0.495024876,0.5,0.5
1.6443,49.7512438,50,-0.495024876,0.5,0.5
1.6444,49.7512438,50,-0.495024876,0.5,0.5
1.6445,49.7512438,50,-0.495024876,0.5,0.5
1.6446,49.7512438,50,-0.495024876,0.5,0.5
1.6447,49.7512438,50,-0.495024876,0.5,0.5
1.6448,49.7512438,50,-0.495024876,0.5,0.5
1.6449,49.7512438,50,-0.495024876,0.5,0.5
1.645,49.7512438,50,-0.495024876,0.5,0.5
1.6451,49.7512438,50,-0.495024876,0.5,0.5
1.6452,49.7512438,50,-0.495024876,0.5,0.5
1.6453,49.7512438,50,-0.495024876,0.5,0.5
1.6454,49.7512438,50,-0.495024876,0.5,0.5
1.6455,49.7512438,50,-0.495024876,0.5,0.5
1.6456,49.7512438,50,-0.495024876,0.5,0.5
1.6457,49.7512438,50,-0.495024876,0.5,0.5
1.6458,49.7512438,50,-0.495024876,0.5,0.5
1.6459,49.7512438,50,-0.495024876,0.5,0.5
1.646,49.7512438,50,-0.495024876,0.5,0.5
1.6461,49.7512438,50,-0.495024876,0.5,0.5
1.6462,49.7512438,50,-0.495024876,0.5,0.5
1.6463,49.7512438,50,-0.495024876,0.5,0.5
1.6464,49.7512438,50,-0.495024876,0.5,0.5
1.6465,49.7512438,50,-0.495024876,0.5,0.5
1.6466,49.7512438,50,-0.495024876,0.5,0.5
1.6467,49.7512438,50,-0.495024876,0.5,0.5
1.6468,49.7512438,50,-0.495024876,0.5,0.5
1.6469,49.7512438,50,-0.495024876,0.5,0.5
1.647,49.7512438,50,-0.495024876,0.5,0.5
1.6471,49.7512438,50,-0.495024876,0.5,0.5
1.6472,49.7512438,50,-0.495024876,0.5,0.5
1.6473,49.7512438,50,-0.495024876,0.5,0.5
1.6474,49.7512438,50,-0.495024876,0.5,0.5
1.6475,49.7512438,50,-0.495024876,0.5,0.5
1.6476,49.7512438,50,-0.495024876,0.5,0.5
1.6477,49.7512438,50,-0.495024876,0.5,0.5
1.6478,49.7512438,50,-0.495024876,0.5,0.5
1.6479,49.7512438,50,-0.495024876,0.5,0.5
1.648,49.7512438,50,-0.495024876,0.5,0.5
1.6481,49.7512438,50,-0.495024876,0.5,0.5
1.6482,49.7512438,50,-0.495024876,0.5,0.5
1.6483,49.7512438,50,-0.495024876,0.5,0.5
1.6484,49.7512438,50,-0.495024876,0.5,0.5
1.6485,49.7512438,50,-0.495024876,0.5,0.5
1.6486,49.7512438,50,-0.495024876,0.5,0.5
1.6487,49.7512438,50,-0.495024876,0.5,0.5
1.6488,49.7512438,50,-0.495024876,0.5,0.5
1.6489,49.7512438,50,-0.495024876,0.5,0.5
1.649,49.7512438,50,-0.495024876,0.5,0.5
1.6491,49.7512438,50,-0.495024876,0.5,0.5
1.6492,49.7512438,50,-0.495024876,0.5,0.5
1.6493,49.7512438,50,-0.495024876,0.5,0.5
1.6494,49.7512438,50,-0.495024876,0.5,0.5
1.6495,49.7512438,50,-0.495024876,0.5,0.5
1.6496,49.7512438,50,-0.495024876,0.5,0.5
1.6497,49.7512438,50,-0.495024876,0.5,0.5
1.6498,49.7512438,50,-0.495024876,0.5,0.5
1.6499,49.7512438,50,-0.495024876,0.5,0.5
1.65,49.7512438,50,-0.495024876,0.5,0.5
1.6501,49.7512438,50,-0.495024876,0.5,0.5
1.6502,49.7512438,50,-0.495024876,0.5,0.5
1.6503,49.7512438,50,-0.495024876,0.5,0.5
1.6504,49.7512438,50,-0.495024876,0.5,0.5
1.6505,49.7512438,50,-0.495024876,0.5,0.5
1.6506,49.7512438,50,-0.495024876,0.5,0.5
1.6507,49.7512438,50,-0.495024876,0.5,0.5
1.6508,49.7512438,50,-0.495024876,0.5,0.5
1.6509,49.7512438,50,-0.495024876,0.5,0.5
1.651,49.7512438,50,-0.495024876,0.5,0.5
1.6511,49.7512438,50,-0.495024876,0.5,0.5
1.6512,49.7512438,50,-0.495024876,0.5,0.5
1.6513,49.7512438,50,-0.495024876,0.5,0.5
1.6514,49.7512438,50,-0.495024876,0.5,0.5
1.6515,49.7512438,50,-0.495024876,0.5,0.5
1.6516,49.7512438,50,-0.495024876,0.5,0.5
1.6517,49.7512438,50,-0.495024876,0.5,0.5
1.6518,49.7512438,50,-0.495024876,0.5,0.5
1.6519,49.7512438,50,-0.495024876,0.5,0.5
1.652,49.7512438,50,-0.495024876,0.5,0.5
1.6521,49.7512438,50,-0.495024876,0.5,0.5
1.6522,49.7512438,50,-0.495024876,0.5,0.5
1.6523,49.7512438,50,-0.495024876,0.5,0.5
1.6524,49.7512438,50,-0.495024876,0.5,0.5
1.6525,49.7512438,50,-0.495024876,0.5,0.5
1.6526,49.7512438,50,-0.495024876,0.5,0.5
1.6527,49.7512438,50,-0.495024876,0.5,0.5
1.6528,49.7512438,50,-0.495024876,0.5,0.5
1.6529,49.7512438,50,-0.495024876,0.5,0.5
1.653,49.7512438,50,-0.495024876,0.5,0.5
1.6531,49.7512438,50,-0.495024876,0.5,0.5
1.6532,49.7512438,50,-0.495024876,0.5,0.5
1.6533,49.7512438,50,-0.495024876,0.5,0.5
1.6534,49.7512438,50,-0.495024876,0.5,0.5
1.6535,49.7512438,50,-0.495024876,0.5,0.5
1.6536,49.7512438,50,-0.495024876,0.5,0.5
1.6537,49.7512438,50,-0.495024876,0.5,0.5
1.6538,49.7512438,50,-0.495024876,0.5,0.5
1.6539,49.7512438,50,-0.495024876,0.5,0.5
1.654,49.7512438,50,-0.495024876,0.5,0.5
1.6541,49.7512438,50,-0.495024876,0.5,0.5
1.6542,49.7512438,50,-0.495024876,0.5,0.5
1.6543,49.7512438,50,-0.495024876,0.5,0.5
1.6544,49.7512438,50,-0.495024876,0.5,0.5
1.6545,49.7512438,50,-0.495024876,0.5,0.5
1.6546,49.7512438,50,-0.495024876,0.5,0.5
1.6547,49.7512438,50,-0.495024876,0.5,0.5
1.6548,49.7512438,50,-0.495024876,0.5,0.5
1.6549,49.7512438,50,-0.495024876,0.5,0.5
1.655,49.7512438,50,-0.495024876,0.5,0.5
1.6551,49.7512438,50,-0.495024876,0.5,0.5
1.6552,49.7512438,50,-0.495024876,0.5,0.5
1.6553,49.7512438,50,-0.495024876,0.5,0.5
1.6554,49.7512438,50,-0.495024876,0.5,0.5
1.6555,49.7512438,50,-0.495024876,0.5,0.5
1.6556,49.7512438,50,-0.495024876,0.5,0.5
1.6557,49.7512438,50,-0.495024876,0.5,0.5
1.6558,49.7512438,50,-0.495024876,0.5,0.5
1.6559,49.7512438,50,-0.495024876,0.5,0.5
1.656,49.7512438,50,-0.495024876,0.5,0.5
1.6561,49.7512438,50,-0.495024876,0.5,0.5
1.6562,49.7512438,50,-0.495024876,0.5,0.5
1.6563,49.7512438,50,-0.495024876,0.5,0.5
1.6564,49.7512438,50,-0.495024876,0.5,0.5
1.6565,49.7512438,50,-0.495024876,0.5,0.5
1.6566,49.7512438,50,-0.495024876,0.5,0.5
1.6567,49.7512438,50,-0.495024876,0.5,0.5
1.6568,49.7512438,50,-0.495024876,0.5,0.5
1.6569,49.7512438,50,-0.495024876,0.5,0.5
1.657,49.7512438,50,-0.495024876,0.5,0.5
1.6571,49.7512438,50,-0.495024876,0.5,0.5
1.6572,49.7512438,50,-0.495024876,0.5,0.5
1.6573,49.7512438,50,-0.495024876,0.5,0.5
1.6574,49.7512438,50,-0.495024876,0.5,0.5
1.6575,49.7512438,50,-0.495024876,0.5,0.5
1.6576,49.7512438,50,-0.495024876,0.5,0.5
1.6577,49.7512438,50,-0.495024876,0.5,0.5
1.6578,49.7512438,50,-0.495024876,0.5,0.5
1.6579,49.7512438,50,-0.495024876,0.5,0.5
1.658,49.7512438,50,-0.495024876,0.5,0.5
1.6581,49.7512438,50,-0.495024876,0.5,0.5
1.6582,49.7512438,50,-0.495024876,0.5,0.5
1.6583,49.7512438,50,-0.495024876,0.5,0.5
1.6584,49.7512438,50,-0.495024876,0.5,0.5
1.6585,49.7512438,50,-0.495024876,0.5,0.5
1.6586,49.7512438,50,-0.495024876,0.5,0.5
1.6587,49.7512438,50,-0.495024876,0.5,0.5
1.6588,49.7512438,50,-0.495024876,0.5,0.5
1.6589,49.7512438,50,-0.495024876,0.5,0.5
1.659,49.7512438,50,-0.495024876,0.5,0.5
1.6591,49.7512438,50,-0.495024876,0.5,0.5
1.6592,49.7512438,50,-0.495024876,0.5,0.5
1.6593,49.7512438,50,-0.495024876,0.5,0.5
1.6594,49.7512438,50,-0.495024876,0.5,0.5
1.6595,49.7512438,50,-0.495024876,0.5,0.5
1.6596,49.7512438,50,-0.495024876,0.5,0.5
1.6597,49.7512438,50,-0.495024876,0.5,0.5
1.6598,49.7512438,50,-0.495024876,0.5,0.5
1.6599,49.7512438,50,-0.495024876,0.5,0.5
1.66,49.7512438,50,-0.495024876,0.5,0.5
1.6601,49.7512438,50,-0.495024876,0.5,0.5
1.6602,49.7512438,50,-0.495024876,0.5,0.5
1.6603,49.7512438,50,-0.495024876,0.5,0.5
1.6604,49.7512438,50,-0.495024876,0.5,0.5
1.6605,49.7512438,50,-0.495024876,0.5,0.5
1.6606,49.7512438,50,-0.495024876,0.5,0.5
1.6607,49.7512438,50,-0.495024876,0.5,0.5
1.6608,49.7512438,50,-0.495024876,0.5,0.5
1.6609,49.7512438,50,-0.495024876,0.5,0.5
1.661,49.7512438,50,-0.495024876,0.5,0.5
1.6611,49.7512438,50,-0.495024876,0.5,0.5
1.6612,49.7512438,50,-0.495024876,0.5,0.5
1.6613,49.7512438,50,-0.495024876,0.5,0.5
1.6614,49.7512438,50,-0.495024876,0.5,0.5
1.6615,49.7512438,50,-0.495024876,0.5,0.5
1.6616,49.7512438,50,-0.495024876,0.5,0.5
1.6617,49.7512438,50,-0.495024876,0.5,0.5
1.6618,49.7512438,50,-0.495024876,0.5,0.5
1.6619,49.7512438,50,-0.495024876,0.5,0.5
1.662,49.7512438,50,-0.495024876,0.5,0.5
1.6621,49.7512438,50,-0.495024876,0.5,0.5
1.6622,49.7512438,50,-0.495024876,0.5,0.5
1.6623,49.7512438,50,-0.495024876,0.5,0.5
1.6624,49.7512438,50,-0.495024876,0.5,0.5
1.6625,49.7512438,50,-0.495024876,0.5,0.5
1.6626,49.7512438,50,-0.495024876,0.5,0.5
1.6627,49.7512438,50,-0.495024876,0.5,0.5
1.6628,49.7512438,50,-0.495024876,0.5,0.5
1.6629,49.7512438,50,-0.495024876,0.5,0.5
1.663,49.7512438,50,-0.495024876,0.5,0.5
1.6631,49.7512438,50,-0.495024876,0.5,0.5
1.6632,49.7512438,50,-0.495024876,0.5,0.5
1.6633,49.7512438,50,-0.495024876,0.5,0.5
1.6634,49.7512438,50,-0.495024876,0.5,0.5
1.6635,49.7512438,50,-0.495024876,0.5,0.5
1.6636,49.7512438,50,-0.495024876,0.5,0.5
1.6637,49.7512438,50,-0.495024876,0.5,0.5
1.6638,49.7512438,50,-0.495024876,0.5,0.5
1.6639,49.7512438,50,-0.495024876,0.5,0.5
1.664,49.7512438,50,-0.495024876,0.5,0.5
1.6641,49.7512438,50,-0.495024876,0.5,0.5
1.6642,49.7512438,50,-0.495024876,0.5,0.5
1.6643,49.7512438,50,-0.495024876,0.5,0.5
1.6644,49.7512438,50,-0.495024876,0.5,0.5
1.6645,49.7512438,50,-0.495024876,0.5,0.5
1.6646,49.7512438,50,-0.495024876,0.5,0.5
1.6647,49.7512438,50,-0.495024876,0.5,0.5
1.6648,49.7512438,50,-0.495024876,0.5,0.5
1.6649,49.7512438,50,-0.495024876,0.5,0.5
1.665,49.7512438,50,-0.495024876,0.5,0.5
1.6651,49.7512438,50,-0.495024876,0.5,0.5
1.6652,49.7512438,50,-0.495024876,0.5,0.5
1.6653,49.7512438,50,-0.495024876,0.5,0.5
1.6654,49.7512438,50,-0.495024876,0.5,0.5
1.6655,49.7512438,50,-0.495024876,0.5,0.5
1.6656,49.7512438,50,-0.495024876,0.5,0.5
1.6657,49.7512438,50,-0.495024876,0.5,0.5
1.6658,49.7512438,50,-0.495024876,0.5,0.5
1.6659,49.7512438,50,-0.495024876,0.5,0.5
1.666,49.7512438,50,-0.495024876,0.5,0.5
1.6661,49.7512438,50,-0.495024876,0.5,0.5
1.6662,49.7512438,50,-0.495024876,0.5,0.5
1.6663,49.7512438,50,-0.495024876,0.5,0.5
1.6664,49.7512438,50,-0.495024876,0.5,0.5
1.6665,49.7512438,50,-0.495024876,0.5,0.5
1.6666,49.7512438,50,-0.495024876,0.5,0.5
1.6667,49.7512438,50,-0.495024876,0.5,0.5
1.6668,49.7512438,50,-0.495024876,0.5,0.5
1.6669,49.7512438,50,-0.495024876,0.5,0.5
1.667,49.7512438,50,-0.495024876,0.5,0.5
1.6671,49.7512438,50,-0.495024876,0.5,0.5
1.6672,49.7512438,50,-0.495024876,0.5,0.5
1.6673,49.7512438,50,-0.495024876,0.5,0.5
1.6674,49.7512438,50,-0.495024876,0.5,0.5
1.6675,49.7512438,50,-0.495024876,0.5,0.5
1.6676,49.7512438,50,-0.495024876,0.5,0.5
1.6677,49.7512438,50,-0.495024876,0.5,0.5
1.6678,49.7512438,50,-0.495024876,0.5,0.5
1.6679,49.7512438,50,-0.495024876,0.5,0.5
1.668,49.7512438,50,-0.495024876,0.5,0.5
1.6681,49.7512438,50,-0.495024876,0.5,0.5
1.6682,49.7512438,50,-0.495024876,0.5,0.5
1.6683,49.7512438,50,-0.495024876,0.5,0.5
1.6684,49.7512438,50,-0.495024876,0.5,0.5
1.6685,49.7512438,50,-0.495024876,0.5,0.5
1.6686,49.7512438,50,-0.495024876,0.5,0.5
1.6687,49.7512438,50,-0.495024876,0.5,0.5
1.6688,49.7512438,50,-0.495024876,0.5,0.5
1.6689,49.7512438,50,-0.495024876,0.5,0.5
1.669,49.7512438,50,-0.495024876,0.5,0.5
1.6691,49.7512438,50,-0.495024876,0.5,0.5
1.6692,49.7512438,50,-0.495024876,0.5,0.5
1.6693,49.7512438,50,-0.495024876,0.5,0.5
1.6694,49.7512438,50,-0.495024876,0.5,0.5
1.6695,49.7512438,50,-0.495024876,0.5,0.5
1.6696,49.7512438,50,-0.495024876,0.5,0.5
1.6697,49.7512438,50,-0.495024876,0.5,0.5
1.6698,49.7512438,50,-0.495024876,0.5,0.5
1.6699,49.7512438,50,-0.495024876,0.5,0.5
1.67,49.7512438,50,-0.495024876,0.5,0.5
1.6701,49.7512438,50,-0.495024876,0.5,0.5
1.6702,49.7512438,50,-0.495024876,0.5,0.5
1.6703,49.7512438,50,-0.495024876,0.5,0.5
1.6704,49.7512438,50,-0.495024876,0.5,0.5
1.6705,49.7512438,50,-0.495024876,0.5,0.5
1.6706,49.7512438,50,-0.495024876,0.5,0.5
1.6707,49.7512438,50,-0.495024876,0.5,0.5
1.6708,49.7512438,50,-0.495024876,0.5,0.5
1.6709,49.7512438,50,-0.495024876,0.5,0.5
1.671,49.7512438,50,-0.495024876,0.5,0.5
1.6711,49.7512438,50,-0.495024876,0.5,0.5
1.6712,49.7512438,50,-0.495024876,0.5,0.5
1.6713,49.7512438,50,-0.495024876,0.5,0.5
1.6714,49.7512438,50,-0.495024876,0.5,0.5
1.6715,49.7512438,50,-0.495024876,0.5,0.5
1.6716,49.7512438,50,-0.495024876,0.5,0.5
1.6717,49.7512438,50,-0.495024876,0.5,0.5
1.6718,49.7512438,50,-0.495024876,0.5,0.5
1.6719,49.7512438,50,-0.495024876,0.5,0.5
1.672,49.7512438,50,-0.495024876,0.5,0.5
1.6721,49.7512438,50,-0.495024876,0.5,0.5
1.6722,49.7512438,50,-0.495024876,0.5,0.5
1.6723,49.7512438,50,-0.495024876,0.5,0.5
1.6724,49.7512438,50,-0.495024876,0.5,0.5
1.6725,49.7512438,50,-0.495024876,0.5,0.5
1.6726,49.7512438,50,-0.495024876,0.5,0.5
1.6727,49.7512438,50,-0.495024876,0.5,0.5
1.6728,49.7512438,50,-0.495024876,0.5,0.5
1.6729,49.7512438,50,-0.495024876,0.5,0.5
1.673,49.7512438,50,-0.495024876,0.5,0.5
1.6731,49.7512438,50,-0.495024876,0.5,0.5
1.6732,49.7512438,50,-0.495024876,0.5,0.5
1.6733,49.7512438,50,-0.495024876,0.5,0.5
1.6734,49.7512438,50,-0.495024876,0.5,0.5
1.6735,49.7512438,50,-0.495024876,0.5,0.5
1.6736,49.7512438,50,-0.495024876,0.5,0.5
1.6737,49.7512438,50,-0.495024876,0.5,0.5
1.6738,49.7512438,50,-0.495024876,0.5,0.5
1.6739,49.7512438,50,-0.495024876,0.5,0.5
1.674,49.7512438,50,-0.495024876,0.5,0.5
1.6741,49.7512438,50,-0.495024876,0.5,0.5
1.6742,49.7512438,50,-0.495024876,0.5,0.5
1.6743,49.7512438,50,-0.495024876,0.5,0.5
1.6744,49.7512438,50,-0.495024876,0.5,0.5
1.6745,49.7512438,50,-0.495024876,0.5,0.5
1.6746,49.7512438,50,-0.495024876,0.5,0.5
1.6747,49.7512438,50,-0.495024876,0.5,0.5
1.6748,49.7512438,50,-0.495024876,0.5,0.5
1.6749,49.7512438,50,-0.495024876,0.5,0.5
1.675,49.7512438,50,-0.495024876,0.5,0.5
1.6751,49.7512438,50,-0.495024876,0.5,0.5
1.6752,49.7512438,50,-0.495024876,0.5,0.5
1.6753,49.7512438,50,-0.495024876,0.5,0.5
1.6754,49.7512438,50,-0.495024876,0.5,0.5
1.6755,49.7512438,50,-0.495024876,0.5,0.5
1.6756,49.7512438,50,-0.495024876,0.5,0.5
1.6757,49.7512438,50,-0.495024876,0.5,0.5
1.6758,49.7512438,50,-0.495024876,0.5,0.5
1.6759,49.7512438,50,-0.495024876,0.5,0.5
1.676,49.7512438,50,-0.495024876,0.5,0.5
1.6761,49.7512438,50,-0.495024876,0.5,0.5
1.6762,49.7512438,50,-0.495024876,0.5,0.5
1.6763,49.7512438,50,-0.495024876,0.5,0.5
1.6764,49.7512438,50,-0.495024876,0.5,0.5
1.6765,49.7512438,50,-0.495024876,0.5,0.5
1.6766,49.7512438,50,-0.495024876,0.5,0.5
1.6767,49.7512438,50,-0.495024876,0.5,0.5
1.6768,49.7512438,50,-0.495024876,0.5,0.5
1.6769,49.7512438,50,-0.495024876,0.5,0.5
1.677,49.7512438,50,-0.495024876,0.5,0.5
1.6771,49.7512438,50,-0.495024876,0.5,0.5
1.6772,49.7512438,50,-0.495024876,0.5,0.5
1.6773,49.7512438,50,-0.495024876,0.5,0.5
1.6774,49.7512438,50,-0.495024876,0.5,0.5
1.6775,49.7512438,50,-0.495024876,0.5,0.5
1.6776,49.7512438,50,-0.495024876,0.5,0.5
1.6777,49.7512438,50,-0.495024876,0.5,0.5
1.6778,49.7512438,50,-0.495024876,0.5,0.5
1.6779,49.7512438,50,-0.495024876,0.5,0.5
1.678,49.7512438,50,-0.495024876,0.5,0.5
1.6781,49.7512438,50,-0.495024876,0.5,0.5
1.6782,49.7512438,50,-0.495024876,0.5,0.5
1.6783,49.7512438,50,-0.495024876,0.5,0.5
1.6784,49.7512438,50,-0.495024876,0.5,0.5
1.6785,49.7512438,50,-0.495024876,0.5,0.5
1.6786,49.7512438,50,-0.495024876,0.5,0.5
1.6787,49.7512438,50,-0.495024876,0.5,0.5
1.6788,49.7512438,50,-0.495024876,0.5,0.5
1.6789,49.7512438,50,-0.495024876,0.5,0.5
1.679,49.7512438,50,-0.495024876,0.5,0.5
1.6791,49.7512438,50,-0.495024876,0.5,0.5
1.6792,49.7512438,50,-0.495024876,0.5,0.5
1.6793,49.7512438,50,-0.495024876,0.5,0.5
1.6794,49.7512438,50,-0.495024876,0.5,0.5
1.6795,49.7512438,50,-0.495024876,0.5,0.5
1.6796,49.7512438,50,-0.495024876,0.5,0.5
1.6797,49.7512438,50,-0.495024876,0.5,0.5
1.6798,49.7512438,50,-0.495024876,0.5,0.5
1.6799,49.7512438,50,-0.495024876,0.5,0.5
1.68,49.7512438,50,-0.495024876,0.5,0.5
1.6801,49.7512438,50,-0.495024876,0.5,0.5
1.6802,49.7512438,50,-0.495024876,0.5,0.5
1.6803,49.7512438,50,-0.495024876,0.5,0.5
1.6804,49.7512438,50,-0.495024876,0.5,0.5
1.6805,49.7512438,50,-0.495024876,0.5,0.5
1.6806,49.7512438,50,-0.495024876,0.5,0.5
1.6807,49.7512438,50,-0.495024876,0.5,0.5
1.6808,49.7512438,50,-0.495024876,0.5,0.5
1.6809,49.7512438,50,-0.495024876,0.5,0.5
1.681,49.7512438,50,-0.495024876,0.5,0.5
1.6811,49.7512438,50,-0.495024876,0.5,0.5
1.6812,49.7512438,50,-0.495024876,0.5,0.5
1.6813,49.7512438,50,-0.495024876,0.5,0.5
1.6814,49.7512438,50,-0.495024876,0.5,0.5
1.6815,49.7512438,50,-0.495024876,0.5,0.5
1.6816,49.7512438,50,-0.495024876,0.5,0.5
1.6817,49.7512438,50,-0.495024876,0.5,0.5
1.6818,49.7512438,50,-0.495024876,0.5,0.5
1.6819,49.7512438,50,-0.495024876,0.5,0.5
1.682,49.7512438,50,-0.495024876,0.5,0.5
1.6821,49.7512438,50,-0.495024876,0.5,0.5
1.6822,49.7512438,50,-0.495024876,0.5,0.5
1.6823,49.7512438,50,-0.495024876,0.5,0.5
1.6824,49.7512438,50,-0.495024876,0.5,0.5
1.6825,49.7512438,50,-0.495024876,0.5,0.5
1.6826,49.7512438,50,-0.495024876,0.5,0.5
1.6827,49.7512438,50,-0.495024876,0.5,0.5
1.6828,49.7512438,50,-0.495024876,0.5,0.5
1.6829,49.7512438,50,-0.495024876,0.5,0.5
1.683,49.7512438,50,-0.495024876,0.5,0.5
1.6831,49.7512438,50,-0.495024876,0.5,0.5
1.6832,49.7512438,50,-0.495024876,0.5,0.5
1.6833,49.7512438,50,-0.495024876,0.5,0.5
1.6834,49.7512438,50,-0.495024876,0.5,0.5
1.6835,49.7512438,50,-0.495024876,0.5,0.5
1.6836,49.7512438,50,-0.495024876,0.5,0.5
1.6837,49.7512438,50,-0.495024876,0.5,0.5
1.6838,49.7512438,50,-0.495024876,0.5,0.5
1.6839,49.7512438,50,-0.495024876,0.5,0.5
1.684,49.7512438,50,-0.495024876,0.5,0.5
1.6841,49.7512438,50,-0.495024876,0.5,0.5
1.6842,49.7512438,50,-0.495024876,0.5,0.5
1.6843,49.7512438,50,-0.495024876,0.5,0.5
1.6844,49.7512438,50,-0.495024876,0.5,0.5
1.6845,49.7512438,50,-0.495024876,0.5,0.5
1.6846,49.7512438,50,-0.495024876,0.5,0.5
1.6847,49.7512438,50,-0.495024876,0.5,0.5
1.6848,49.7512438,50,-0.495024876,0.5,0.5
1.6849,49.7512438,50,-0.495024876,0.5,0.5
1.685,49.7512438,50,-0.495024876,0.5,0.5
1.6851,49.7512438,50,-0.495024876,0.5,0.5
1.6852,49.7512438,50,-0.495024876,0.5,0.5
1.6853,49.7512438,50,-0.495024876,0.5,0.5
1.6854,49.7512438,50,-0.495024876,0.5,0.5
1.6855,49.7512438,50,-0.495024876,0.5,0.5
1.6856,49.7512438,50,-0.495024876,0.5,0.5
1.6857,49.7512438,50,-0.495024876,0.5,0.5
1.6858,49.7512438,50,-0.495024876,0.5,0.5
1.6859,49.7512438,50,-0.495024876,0.5,0.5
1.686,49.7512438,50,-0.495024876,0.5,0.5
1.6861,49.7512438,50,-0.495024876,0.5,0.5
1.6862,49.7512438,50,-0.495024876,0.5,0.5
1.6863,49.7512438,50,-0.495024876,0.5,0.5
1.6864,49.7512438,50,-0.495024876,0.5,0.5
1.6865,49.7512438,50,-0.495024876,0.5,0.5
1.6866,49.7512438,50,-0.495024876,0.5,0.5
1.6867,49.7512438,50,-0.495024876,0.5,0.5
1.6868,49.7512438,50,-0.495024876,0.5,0.5
1.6869,49.7512438,50,-0.495024876,0.5,0.5
1.687,49.7512438,50,-0.495024876,0.5,0.5
1.6871,49.7512438,50,-0.495024876,0.5,0.5
1.6872,49.7512438,50,-0.495024876,0.5,0.5
1.6873,49.7512438,50,-0.495024876,0.5,0.5
1.6874,49.7512438,50,-0.495024876,0.5,0.5
1.6875,49.7512438,50,-0.495024876,0.5,0.5
1.6876,49.7512438,50,-0.495024876,0.5,0.5
1.6877,49.7512438,50,-0.495024876,0.5,0.5
1.6878,49.7512438,50,-0.495024876,0.5,0.5
1.6879,49.7512438,50,-0.495024876,0.5,0.5
1.688,49.7512438,50,-0.495024876,0.5,0.5
1.6881,49.7512438,50,-0.495024876,0.5,0.5
1.6882,49.7512438,50,-0.495024876,0.5,0.5
1.6883,49.7512438,50,-0.495024876,0.5,0.5
1.6884,49.7512438,50,-0.495024876,0.5,0.5
1.6885,49.7512438,50,-0.495024876,0.5,0.5
1.6886,49.7512438,50,-0.495024876,0.5,0.5
1.6887,49.7512438,50,-0.495024876,0.5,0.5
1.6888,49.7512438,50,-0.495024876,0.5,0.5
1.6889,49.7512438,50,-0.495024876,0.5,0.5
1.689,49.7512438,50,-0.495024876,0.5,0.5
1.6891,49.7512438,50,-0.495024876,0.5,0.5
1.6892,49.7512438,50,-0.495024876,0.5,0.5
1.6893,49.7512438,50,-0.495024876,0.5,0.5
1.6894,49.7512438,50,-0.495024876,0.5,0.5
1.6895,49.7512438,50,-0.495024876,0.5,0.5
1.6896,49.7512438,50,-0.495024876,0.5,0.5
1.6897,49.7512438,50,-0.495024876,0.5,0.5
1.6898,49.7512438,50,-0.495024876,0.5,0.5
1.6899,49.7512438,50,-0.495024876,0.5,0.5
1.69,49.7512438,50,-0.495024876,0.5,0.5
1.6901,49.7512438,50,-0.495024876,0.5,0.5
1.6902,49.7512438,50,-0.495024876,0.5,0.5
1.6903,49.7512438,50,-0.495024876,0.5,0.5
1.6904,49.7512438,50,-0.495024876,0.5,0.5
1.6905,49.7512438,50,-0.495024876,0.5,0.5
1.6906,49.7512438,50,-0.495024876,0.5,0.5
1.6907,49.7512438,50,-0.495024876,0.5,0.5
1.6908,49.7512438,50,-0.495024876,0.5,0.5
1.6909,49.7512438,50,-0.495024876,0.5,0.5
1.691,49.7512438,50,-0.495024876,0.5,0.5
1.6911,49.7512438,50,-0.495024876,0.5,0.5
1.6912,49.7512438,50,-0.495024876,0.5,0.5
1.6913,49.7512438,50,-0.495024876,0.5,0.5
1.6914,49.7512438,50,-0.495024876,0.5,0.5
1.6915,49.7512438,50,-0.495024876,0.5,0.5
1.6916,49.7512438,50,-0.495024876,0.5,0.5
1.6917,49.7512438,50,-0.495024876,0.5,0.5
1.6918,49.7512438,50,-0.495024876,0.5,0.5
1.6919,49.7512438,50,-0.495024876,0.5,0.5
1.692,49.7512438,50,-0.495024876,0.5,0.5
1.6921,49.7512438,50,-0.495024876,0.5,0.5
1.6922,49.7512438,50,-0.495024876,0.5,0.5
1.6923,49.7512438,50,-0.495024876,0.5,0.5
1.6924,49.7512438,50,-0.495024876,0.5,0.5
1.6925,49.7512438,50,-0.495024876,0.5,0.5
1.6926,49.7512438,50,-0.495024876,0.5,0.5
1.6927,49.7512438,50,-0.495024876,0.5,0.5
1.6928,49.7512438,50,-0.495024876,0.5,0.5
1.6929,49.7512438,50,-0.495024876,0.5,0.5
1.693,49.7512438,50,-0.495024876,0.5,0.5
1.6931,49.7512438,50,-0.495024876,0.5,0.5
1.6932,49.7512438,50,-0.495024876,0.5,0.5
1.6933,49.7512438,50,-0.495024876,0.5,0.5
1.6934,49.7512438,50,-0.495024876,0.5,0.5
1.6935,49.7512438,50,-0.495024876,0.5,0.5
1.6936,49.7512438,50,-0.495024876,0.5,0.5
1.6937,49.7512438,50,-0.495024876,0.5,0.5
1.6938,49.7512438,50,-0.495024876,0.5,0.5
1.6939,49.7512438,50,-0.495024876,0.5,0.5
1.694,49.7512438,50,-0.495024876,0.5,0.5
1.6941,49.7512438,50,-0.495024876,0.5,0.5
1.6942,49.7512438,50,-0.495024876,0.5,0.5
1.6943,49.7512438,50,-0.495024876,0.5,0.5
1.6944,49.7512438,50,-0.495024876,0.5,0.5
1.6945,49.7512438,50,-0.495024876,0.5,0.5
1.6946,49.7512438,50,-0.495024876,0.5,0.5
1.6947,49.7512438,50,-0.495024876,0.5,0.5
1.6948,49.7512438,50,-0.495024876,0.5,0.5
1.6949,49.7512438,50,-0.495024876,0.5,0.5
1.695,49.7512438,50,-0.495024876,0.5,0.5
1.6951,49.7512438,50,-0.495024876,0.5,0.5
1.6952,49.7512438,50,-0.495024876,0.5,0.5
1.6953,49.7512438,50,-0.495024876,0.5,0.5
1.6954,49.7512438,50,-0.495024876,0.5,0.5
1.6955,49.7512438,50,-0.495024876,0.5,0.5
1.6956,49.7512438,50,-0.495024876,0.5,0.5
1.6957,49.7512438,50,-0.495024876,0.5,0.5
1.6958,49.7512438,50,-0.495024876,0.5,0.5
1.6959,49.7512438,50,-0.495024876,0.5,0.5
1.696,49.7512438,50,-0.495024876,0.5,0.5
1.6961,49.7512438,50,-0.495024876,0.5,0.5
1.6962,49.7512438,50,-0.495024876,0.5,0.5
1.6963,49.7512438,50,-0.495024876,0.5,0.5
1.6964,49.7512438,50,-0.495024876,0.5,0.5
1.6965,49.7512438,50,-0.495024876,0.5,0.5
1.6966,49.7512438,50,-0.495024876,0.5,0.5
1.6967,49.7512438,50,-0.495024876,0.5,0.5
1.6968,49.7512438,50,-0.495024876,0.5,0.5
1.6969,49.7512438,50,-0.495024876,0.5,0.5
1.697,49.7512438,50,-0.495024876,0.5,0.5
1.6971,49.7512438,50,-0.495024876,0.5,0.5
1.6972,49.7512438,50,-0.495024876,0.5,0.5
1.6973,49.7512438,50,-0.495024876,0.5,0.5
1.6974,49.7512438,50,-0.495024876,0.5,0.5
1.6975,49.7512438,50,-0.495024876,0.5,0.5
1.6976,49.7512438,50,-0.495024876,0.5,0.5
1.6977,49.7512438,50,-0.495024876,0.5,0.5
1.6978,49.7512438,50,-0.495024876,0.5,0.5
1.6979,49.7512438,50,-0.495024876,0.5,0.5
1.698,49.7512438,50,-0.495024876,0.5,0.5
1.6981,49.7512438,50,-0.495024876,0.5,0.5
1.6982,49.7512438,50,-0.495024876,0.5,0.5
1.6983,49.7512438,50,-0.495024876,0.5,0.5
1.6984,49.7512438,50,-0.495024876,0.5,0.5
1.6985,49.7512438,50,-0.495024876,0.5,0.5
1.6986,49.7512438,50,-0.495024876,0.5,0.5
1.6987,49.7512438,50,-0.495024876,0.5,0.5
1.6988,49.7512438,50,-0.495024876,0.5,0.5
1.6989,49.7512438,50,-0.495024876,0.5,0.5
1.699,49.7512438,50,-0.495024876,0.5,0.5
1.6991,49.7512438,50,-0.495024876,0.5,0.5
1.6992,49.7512438,50,-0.495024876,0.5,0.5
1.6993,49.7512438,50,-0.495024876,0.5,0.5
1.6994,49.7512438,50,-0.495024876,0.5,0.5
1.6995,49.7512438,50,-0.495024876,0.5,0.5
1.6996,49.7512438,50,-0.495024876,0.5,0.5
1.6997,49.7512438,50,-0.495024876,0.5,0.5
1.6998,49.7512438,50,-0.495024876,0.5,0.5
1.6999,49.7512438,50,-0.495024876,0.5,0.5
1.7,49.7512438,50,-0.495024876,0.5,0.5
1.7001,49.7512438,50,-0.495024876,0.5,0.5
1.7002,49.7512438,50,-0.495024876,0.5,0.5
1.7003,49.7512438,50,-0.495024876,0.5,0.5
1.7004,49.7512438,50,-0.495024876,0.5,0.5
1.7005,49.7512438,50,-0.495024876,0.5,0.5
1.7006,49.7512438,50,-0.495024876,0.5,0.5
1.7007,49.7512438,50,-0.495024876,0.5,0.5
1.7008,49.7512438,50,-0.495024876,0.5,0.5
1.7009,49.7512438,50,-0.495024876,0.5,0.5
1.701,49.7512438,50,-0.495024876,0.5,0.5
1.7011,49.7512438,50,-0.495024876,0.5,0.5
1.7012,49.7512438,50,-0.495024876,0.5,0.5
1.7013,49.7512438,50,-0.495024876,0.5,0.5
1.7014,49.7512438,50,-0.495024876,0.5,0.5
1.7015,49.7512438,50,-0.495024876,0.5,0.5
1.7016,49.7512438,50,-0.495024876,0.5,0.5
1.7017,49.7512438,50,-0.495024876,0.5,0.5
1.7018,49.7512438,50,-0.495024876,0.5,0.5
1.7019,49.7512438,50,-0.495024876,0.5,0.5
1.702,49.7512438,50,-0.495024876,0.5,0.5
1.7021,49.7512438,50,-0.495024876,0.5,0.5
1.7022,49.7512438,50,-0.495024876,0.5,0.5
1.7023,49.7512438,50,-0.495024876,0.5,0.5
1.7024,49.7512438,50,-0.495024876,0.5,0.5
1.7025,49.7512438,50,-0.495024876,0.5,0.5
1.7026,49.7512438,50,-0.495024876,0.5,0.5
1.7027,49.7512438,50,-0.495024876,0.5,0.5
1.7028,49.7512438,50,-0.495024876,0.5,0.5
1.7029,49.7512438,50,-0.495024876,0.5,0.5
1.703,49.7512438,50,-0.495024876,0.5,0.5
1.7031,49.7512438,50,-0.495024876,0.5,0.5
1.7032,49.7512438,50,-0.495024876,0.5,0.5
1.7033,49.7512438,50,-0.495024876,0.5,0.5
1.7034,49.7512438,50,-0.495024876,0.5,0.5
1.7035,49.7512438,50,-0.495024876,0.5,0.5
1.7036,49.7512438,50,-0.495024876,0.5,0.5
1.7037,49.7512438,50,-0.495024876,0.5,0.5
1.7038,49.7512438,50,-0.495024876,0.5,0.5
1.7039,49.7512438,50,-0.495024876,0.5,0.5
1.704,49.7512438,50,-0.495024876,0.5,0.5
1.7041,49.7512438,50,-0.495024876,0.5,0.5
1.7042,49.7512438,50,-0.495024876,0.5,0.5
1.7043,49.7512438,50,-0.495024876,0.5,0.5
1.7044,49.7512438,50,-0.495024876,0.5,0.5
1.7045,49.7512438,50,-0.495024876,0.5,0.5
1.7046,49.7512438,50,-0.495024876,0.5,0.5
1.7047,49.7512438,50,-0.495024876,0.5,0.5
1.7048,49.7512438,50,-0.495024876,0.5,0.5
1.7049,49.7512438,50,-0.495024876,0.5,0.5
1.705,49.7512438,50,-0.495024876,0.5,0.5
1.7051,49.7512438,50,-0.495024876,0.5,0.5
1.7052,49.7512438,50,-0.495024876,0.5,0.5
1.7053,49.7512438,50,-0.495024876,0.5,0.5
1.7054,49.7512438,50,-0.495024876,0.5,0.5
1.7055,49.7512438,50,-0.495024876,0.5,0.5
1.7056,49.7512438,50,-0.495024876,0.5,0.5
1.7057,49.7512438,50,-0.495024876,0.5,0.5
1.7058,49.7512438,50,-0.495024876,0.5,0.5
1.7059,49.7512438,50,-0.495024876,0.5,0.5
1.706,49.7512438,50,-0.495024876,0.5,0.5
1.7061,49.7512438,50,-0.495024876,0.5,0.5
1.7062,49.7512438,50,-0.495024876,0.5,0.5
1.7063,49.7512438,50,-0.495024876,0.5,0.5
1.7064,49.7512438,50,-0.495024876,0.5,0.5
1.7065,49.7512438,50,-0.495024876,0.5,0.5
1.7066,49.7512438,50,-0.495024876,0.5,0.5
1.7067,49.7512438,50,-0.495024876,0.5,0.5
1.7068,49.7512438,50,-0.495024876,0.5,0.5
1.7069,49.7512438,50,-0.495024876,0.5,0.5
1.707,49.7512438,50,-0.495024876,0.5,0.5
1.7071,49.7512438,50,-0.495024876,0.5,0.5
1.7072,49.7512438,50,-0.495024876,0.5,0.5
1.7073,49.7512438,50,-0.495024876,0.5,0.5
1.7074,49.7512438,50,-0.495024876,0.5,0.5
1.7075,49.7512438,50,-0.495024876,0.5,0.5
1.7076,49.7512438,50,-0.495024876,0.5,0.5
1.7077,49.7512438,50,-0.495024876,0.5,0.5
1.7078,49.7512438,50,-0.495024876,0.5,0.5
1.7079,49.7512438,50,-0.495024876,0.5,0.5
1.708,49.7512438,50,-0.495024876,0.5,0.5
1.7081,49.7512438,50,-0.495024876,0.5,0.5
1.7082,49.7512438,50,-0.495024876,0.5,0.5
1.7083,49.7512438,50,-0.495024876,0.5,0.5
1.7084,49.7512438,50,-0.495024876,0.5,0.5
1.7085,49.7512438,50,-0.495024876,0.5,0.5
1.7086,49.7512438,50,-0.495024876,0.5,0.5
1.7087,49.7512438,50,-0.495024876,0.5,0.5
1.7088,49.7512438,50,-0.495024876,0.5,0.5
1.7089,49.7512438,50,-0.495024876,0.5,0.5
1.709,49.7512438,50,-0.495024876,0.5,0.5
1.7091,49.7512438,50,-0.495024876,0.5,0.5
1.7092,49.7512438,50,-0.495024876,0.5,0.5
1.7093,49.7512438,50,-0.495024876,0.5,0.5
1.7094,49.7512438,50,-0.495024876,0.5,0.5
1.7095,49.7512438,50,-0.495024876,0.5,0.5
1.7096,49.7512438,50,-0.495024876,0.5,0.5
1.7097,49.7512438,50,-0.495024876,0.5,0.5
1.7098,49.7512438,50,-0.495024876,0.5,0.5
1.7099,49.7512438,50,-0.495024876,0.5,0.5
1.71,49.7512438,50,-0.495024876,0.5,0.5
1.7101,49.7512438,50,-0.495024876,0.5,0.5
1.7102,49.7512438,50,-0.495024876,0.5,0.5
1.7103,49.7512438,50,-0.495024876,0.5,0.5
1.7104,49.7512438,50,-0.495024876,0.5,0.5
1.7105,49.7512438,50,-0.495024876,0.5,0.5
1.7106,49.7512438,50,-0.495024876,0.5,0.5
1.7107,49.7512438,50,-0.495024876,0.5,0.5
1.7108,49.7512438,50,-0.495024876,0.5,0.5
1.7109,49.7512438,50,-0.495024876,0.5,0.5
1.711,49.7512438,50,-0.495024876,0.5,0.5
1.7111,49.7512438,50,-0.495024876,0.5,0.5
1.7112,49.7512438,50,-0.495024876,0.5,0.5
1.7113,49.7512438,50,-0.495024876,0.5,0.5
1.7114,49.7512438,50,-0.495024876,0.5,0.5
1.7115,49.7512438,50,-0.495024876,0.5,0.5
1.7116,49.7512438,50,-0.495024876,0.5,0.5
1.7117,49.7512438,50,-0.495024876,0.5,0.5
1.7118,49.7512438,50,-0.495024876,0.5,0.5
1.7119,49.7512438,50,-0.495024876,0.5,0.5
1.712,49.7512438,50,-0.495024876,0.5,0.5
1.7121,49.7512438,50,-0.495024876,0.5,0.5
1.7122,49.7512438,50,-0.495024876,0.5,0.5
1.7123,49.7512438,50,-0.495024876,0.5,0.5
1.7124,49.7512438,50,-0.495024876,0.5,0.5
1.7125,49.7512438,50,-0.495024876,0.5,0.5
1.7126,49.7512438,50,-0.495024876,0.5,0.5
1.7127,49.7512438,50,-0.495024876,0.5,0.5
1.7128,49.7512438,50,-0.495024876,0.5,0.5
1.7129,49.7512438,50,-0.495024876,0.5,0.5
1.713,49.7512438,50,-0.495024876,0.5,0.5
1.7131,49.7512438,50,-0.495024876,0.5,0.5
1.7132,49.7512438,50,-0.495024876,0.5,0.5
1.7133,49.7512438,50,-0.495024876,0.5,0.5
1.7134,49.7512438,50,-0.495024876,0.5,0.5
1.7135,49.7512438,50,-0.495024876,0.5,0.5
1.7136,49.7512438,50,-0.495024876,0.5,0.5
1.7137,49.7512438,50,-0.495024876,0.5,0.5
1.7138,49.7512438,50,-0.495024876,0.5,0.5
1.7139,49.7512438,50,-0.495024876,0.5,0.5
1.714,49.7512438,50,-0.495024876,0.5,0.5
1.7141,49.7512438,50,-0.495024876,0.5,0.5
1.7142,49.7512438,50,-0.495024876,0.5,0.5
1.7143,49.7512438,50,-0.495024876,0.5,0.5
1.7144,49.7512438,50,-0.495024876,0.5,0.5
1.7145,49.7512438,50,-0.495024876,0.5,0.5
1.7146,49.7512438,50,-0.495024876,0.5,0.5
1.7147,49.7512438,50,-0.495024876,0.5,0.5
1.7148,49.7512438,50,-0.495024876,0.5,0.5
1.7149,49.7512438,50,-0.495024876,0.5,0.5
1.715,49.7512438,50,-0.495024876,0.5,0.5
1.7151,49.7512438,50,-0.495024876,0.5,0.5
1.7152,49.7512438,50,-0.495024876,0.5,0.5
1.7153,49.7512438,50,-0.495024876,0.5,0.5
1.7154,49.7512438,50,-0.495024876,0.5,0.5
1.7155,49.7512438,50,-0.495024876,0.5,0.5
1.7156,49.7512438,50,-0.495024876,0.5,0.5
1.7157,49.7512438,50,-0.495024876,0.5,0.5
1.7158,49.7512438,50,-0.495024876,0.5,0.5
1.7159,49.7512438,50,-0.495024876,0.5,0.5
1.716,49.7512438,50,-0.495024876,0.5,0.5
1.7161,49.7512438,50,-0.495024876,0.5,0.5
1.7162,49.7512438,50,-0.495024876,0.5,0.5
1.7163,49.7512438,50,-0.495024876,0.5,0.5
1.7164,49.7512438,50,-0.495024876,0.5,0.5
1.7165,49.7512438,50,-0.495024876,0.5,0.5
1.7166,49.7512438,50,-0.495024876,0.5,0.5
1.7167,49.7512438,50,-0.495024876,0.5,0.5
1.7168,49.7512438,50,-0.495024876,0.5,0.5
1.7169,49.7512438,50,-0.495024876,0.5,0.5
1.717,49.7512438,50,-0.495024876,0.5,0.5
1.7171,49.7512438,50,-0.495024876,0.5,0.5
1.7172,49.7512438,50,-0.495024876,0.5,0.5
1.7173,49.7512438,50,-0.495024876,0.5,0.5
1.7174,49.7512438,50,-0.495024876,0.5,0.5
1.7175,49.7512438,50,-0.495024876,0.5,0.5
1.7176,49.7512438,50,-0.495024876,0.5,0.5
1.7177,49.7512438,50,-0.495024876,0.5,0.5
1.7178,49.7512438,50,-0.495024876,0.5,0.5
1.7179,49.7512438,50,-0.495024876,0.5,0.5
1.718,49.7512438,50,-0.495024876,0.5,0.5
1.7181,49.7512438,50,-0.495024876,0.5,0.5
1.7182,49.7512438,50,-0.495024876,0.5,0.5
1.7183,49.7512438,50,-0.495024876,0.5,0.5
1.7184,49.7512438,50,-0.495024876,0.5,0.5
1.7185,49.7512438,50,-0.495024876,0.5,0.5
1.7186,49.7512438,50,-0.495024876,0.5,0.5
1.7187,49.7512438,50,-0.495024876,0.5,0.5
1.7188,49.7512438,50,-0.495024876,0.5,0.5
1.7189,49.7512438,50,-0.495024876,0.5,0.5
1.719,49.7512438,50,-0.495024876,0.5,0.5
1.7191,49.7512438,50,-0.495024876,0.5,0.5
1.7192,49.7512438,50,-0.495024876,0.5,0.5
1.7193,49.7512438,50,-0.495024876,0.5,0.5
1.7194,49.7512438,50,-0.495024876,0.5,0.5
1.7195,49.7512438,50,-0.495024876,0.5,0.5
1.7196,49.7512438,50,-0.495024876,0.5,0.5
1.7197,49.7512438,50,-0.495024876,0.5,0.5
1.7198,49.7512438,50,-0.495024876,0.5,0.5
1.7199,49.7512438,50,-0.495024876,0.5,0.5
1.72,49.7512438,50,-0.495024876,0.5,0.5
1.7201,49.7512438,50,-0.495024876,0.5,0.5
1.7202,49.7512438,50,-0.495024876,0.5,0.5
1.7203,49.7512438,50,-0.495024876,0.5,0.5
1.7204,49.7512438,50,-0.495024876,0.5,0.5
1.7205,49.7512438,50,-0.495024876,0.5,0.5
1.7206,49.7512438,50,-0.495024876,0.5,0.5
1.7207,49.7512438,50,-0.495024876,0.5,0.5
1.7208,49.7512438,50,-0.495024876,0.5,0.5
1.7209,49.7512438,50,-0.495024876,0.5,0.5
1.721,49.7512438,50,-0.495024876,0.5,0.5
1.7211,49.7512438,50,-0.495024876,0.5,0.5
1.7212,49.7512438,50,-0.495024876,0.5,0.5
1.7213,49.7512438,50,-0.495024876,0.5,0.5
1.7214,49.7512438,50,-0.495024876,0.5,0.5
1.7215,49.7512438,50,-0.495024876,0.5,0.5
1.7216,49.7512438,50,-0.495024876,0.5,0.5
1.7217,49.7512438,50,-0.495024876,0.5,0.5
1.7218,49.7512438,50,-0.495024876,0.5,0.5
1.7219,49.7512438,50,-0.495024876,0.5,0.5
1.722,49.7512438,50,-0.495024876,0.5,0.5
1.7221,49.7512438,50,-0.495024876,0.5,0.5
1.7222,49.7512438,50,-0.495024876,0.5,0.5
1.7223,49.7512438,50,-0.495024876,0.5,0.5
1.7224,49.7512438,50,-0.495024876,0.5,0.5
1.7225,49.7512438,50,-0.495024876,0.5,0.5
1.7226,49.7512438,50,-0.495024876,0.5,0.5
1.7227,49.7512438,50,-0.495024876,0.5,0.5
1.7228,49.7512438,50,-0.495024876,0.5,0.5
1.7229,49.7512438,50,-0.495024876,0.5,0.5
1.723,49.7512438,50,-0.495024876,0.5,0.5
1.7231,49.7512438,50,-0.495024876,0.5,0.5
1.7232,49.7512438,50,-0.495024876,0.5,0.5
1.7233,49.7512438,50,-0.495024876,0.5,0.5
1.7234,49.7512438,50,-0.495024876,0.5,0.5
1.7235,49.7512438,50,-0.495024876,0.5,0.5
1.7236,49.7512438,50,-0.495024876,0.5,0.5
1.7237,49.7512438,50,-0.495024876,0.5,0.5
1.7238,49.7512438,50,-0.495024876,0.5,0.5
1.7239,49.7512438,50,-0.495024876,0.5,0.5
1.724,49.7512438,50,-0.495024876,0.5,0.5
1.7241,49.7512438,50,-0.495024876,0.5,0.5
1.7242,49.7512438,50,-0.495024876,0.5,0.5
1.7243,49.7512438,50,-0.495024876,0.5,0.5
1.7244,49.7512438,50,-0.495024876,0.5,0.5
1.7245,49.7512438,50,-0.495024876,0.5,0.5
1.7246,49.7512438,50,-0.495024876,0.5,0.5
1.7247,49.7512438,50,-0.495024876,0.5,0.5
1.7248,49.7512438,50,-0.495024876,0.5,0.5
1.7249,49.7512438,50,-0.495024876,0.5,0.5
1.725,49.7512438,50,-0.495024876,0.5,0.5
1.7251,49.7512438,50,-0.495024876,0.5,0.5
1.7252,49.7512438,50,-0.495024876,0.5,0.5
1.7253,49.7512438,50,-0.495024876,0.5,0.5
1.7254,49.7512438,50,-0.495024876,0.5,0.5
1.7255,49.7512438,50,-0.495024876,0.5,0.5
1.7256,49.7512438,50,-0.495024876,0.5,0.5
1.7257,49.7512438,50,-0.495024876,0.5,0.5
1.7258,49.7512438,50,-0.495024876,0.5,0.5
1.7259,49.7512438,50,-0.495024876,0.5,0.5
1.726,49.7512438,50,-0.495024876,0.5,0.5
1.7261,49.7512438,50,-0.495024876,0.5,0.5
1.7262,49.7512438,50,-0.495024876,0.5,0.5
1.7263,49.7512438,50,-0.495024876,0.5,0.5
1.7264,49.7512438,50,-0.495024876,0.5,0.5
1.7265,49.7512438,50,-0.495024876,0.5,0.5
1.7266,49.7512438,50,-0.495024876,0.5,0.5
1.7267,49.7512438,50,-0.495024876,0.5,0.5
1.7268,49.7512438,50,-0.495024876,0.5,0.5
1.7269,49.7512438,50,-0.495024876,0.5,0.5
1.727,49.7512438,50,-0.495024876,0.5,0.5
1.7271,49.7512438,50,-0.495024876,0.5,0.5
1.7272,49.7512438,50,-0.495024876,0.5,0.5
1.7273,49.7512438,50,-0.495024876,0.5,0.5
1.7274,49.7512438,50,-0.495024876,0.5,0.5
1.7275,49.7512438,50,-0.495024876,0.5,0.5
1.7276,49.7512438,50,-0.495024876,0.5,0.5
1.7277,49.7512438,50,-0.495024876,0.5,0.5
1.7278,49.7512438,50,-0.495024876,0.5,0.5
1.7279,49.7512438,50,-0.495024876,0.5,0.5
1.728,49.7512438,50,-0.495024876,0.5,0.5
1.7281,49.7512438,50,-0.495024876,0.5,0.5
1.7282,49.7512438,50,-0.495024876,0.5,0.5
1.7283,49.7512438,50,-0.495024876,0.5,0.5
1.7284,49.7512438,50,-0.495024876,0.5,0.5
1.7285,49.7512438,50,-0.495024876,0.5,0.5
1.7286,49.7512438,50,-0.495024876,0.5,0.5
1.7287,49.7512438,50,-0.495024876,0.5,0.5
1.7288,49.7512438,50,-0.495024876,0.5,0.5
1.7289,49.7512438,50,-0.495024876,0.5,0.5
1.729,49.7512438,50,-0.495024876,0.5,0.5
1.7291,49.7512438,50,-0.495024876,0.5,0.5
1.7292,49.7512438,50,-0.495024876,0.5,0.5
1.7293,49.7512438,50,-0.495024876,0.5,0.5
1.7294,49.7512438,50,-0.495024876,0.5,0.5
1.7295,49.7512438,50,-0.495024876,0.5,0.5
1.7296,49.7512438,50,-0.495024876,0.5,0.5
1.7297,49.7512438,50,-0.495024876,0.5,0.5
1.7298,49.7512438,50,-0.495024876,0.5,0.5
1.7299,49.7512438,50,-0.495024876,0.5,0.5
1.73,49.7512438,50,-0.495024876,0.5,0.5
1.7301,49.7512438,50,-0.495024876,0.5,0.5
1.7302,49.7512438,50,-0.495024876,0.5,0.5
1.7303,49.7512438,50,-0.495024876,0.5,0.5
1.7304,49.7512438,50,-0.495024876,0.5,0.5
1.7305,49.7512438,50,-0.495024876,0.5,0.5
1.7306,49.7512438,50,-0.495024876,0.5,0.5
1.7307,49.7512438,50,-0.495024876,0.5,0.5
1.7308,49.7512438,50,-0.495024876,0.5,0.5
1.7309,49.7512438,50,-0.495024876,0.5,0.5
1.731,49.7512438,50,-0.495024876,0.5,0.5
1.7311,49.7512438,50,-0.495024876,0.5,0.5
1.7312,49.7512438,50,-0.495024876,0.5,0.5
1.7313,49.7512438,50,-0.495024876,0.5,0.5
1.7314,49.7512438,50,-0.495024876,0.5,0.5
1.7315,49.7512438,50,-0.495024876,0.5,0.5
1.7316,49.7512438,50,-0.495024876,0.5,0.5
1.7317,49.7512438,50,-0.495024876,0.5,0.5
1.7318,49.7512438,50,-0.495024876,0.5,0.5
1.7319,49.7512438,50,-0.495024876,0.5,0.5
1.732,49.7512438,50,-0.495024876,0.5,0.5
1.7321,49.7512438,50,-0.495024876,0.5,0.5
1.7322,49.7512438,50,-0.495024876,0.5,0.5
1.7323,49.7512438,50,-0.495024876,0.5,0.5
1.7324,49.7512438,50,-0.495024876,0.5,0.5
1.7325,49.7512438,50,-0.495024876,0.5,0.5
1.7326,49.7512438,50,-0.495024876,0.5,0.5
1.7327,49.7512438,50,-0.495024876,0.5,0.5
1.7328,49.7512438,50,-0.495024876,0.5,0.5
1.7329,49.7512438,50,-0.495024876,0.5,0.5
1.733,49.7512438,50,-0.495024876,0.5,0.5
1.7331,49.7512438,50,-0.495024876,0.5,0.5
1.7332,49.7512438,50,-0.495024876,0.5,0.5
1.7333,49.7512438,50,-0.495024876,0.5,0.5
1.7334,49.7512438,50,-0.495024876,0.5,0.5
1.7335,49.7512438,50,-0.495024876,0.5,0.5
1.7336,49.7512438,50,-0.495024876,0.5,0.5
1.7337,49.7512438,50,-0.495024876,0.5,0.5
1.7338,49.7512438,50,-0.495024876,0.5,0.5
1.7339,49.7512438,50,-0.495024876,0.5,0.5
1.734,49.7512438,50,-0.495024876,0.5,0.5
1.7341,49.7512438,50,-0.495024876,0.5,0.5
1.7342,49.7512438,50,-0.495024876,0.5,0.5
1.7343,49.7512438,50,-0.495024876,0.5,0.5
1.7344,49.7512438,50,-0.495024876,0.5,0.5
1.7345,49.7512438,50,-0.495024876,0.5,0.5
1.7346,49.7512438,50,-0.495024876,0.5,0.5
1.7347,49.7512438,50,-0.495024876,0.5,0.5
1.7348,49.7512438,50,-0.495024876,0.5,0.5
1.7349,49.7512438,50,-0.495024876,0.5,0.5
1.735,49.7512438,50,-0.495024876,0.5,0.5
1.7351,49.7512438,50,-0.495024876,0.5,0.5
1.7352,49.7512438,50,-0.495024876,0.5,0.5
1.7353,49.7512438,50,-0.495024876,0.5,0.5
1.7354,49.7512438,50,-0.495024876,0.5,0.5
1.7355,49.7512438,50,-0.495024876,0.5,0.5
1.7356,49.7512438,50,-0.495024876,0.5,0.5
1.7357,49.7512438,50,-0.495024876,0.5,0.5
1.7358,49.7512438,50,-0.495024876,0.5,0.5
1.7359,49.7512438,50,-0.495024876,0.5,0.5
1.736,49.7512438,50,-0.495024876,0.5,0.5
1.7361,49.7512438,50,-0.495024876,0.5,0.5
1.7362,49.7512438,50,-0.495024876,0.5,0.5
1.7363,49.7512438,50,-0.495024876,0.5,0.5
1.7364,49.7512438,50,-0.495024876,0.5,0.5
1.7365,49.7512438,50,-0.495024876,0.5,0.5
1.7366,49.7512438,50,-0.495024876,0.5,0.5
1.7367,49.7512438,50,-0.495024876,0.5,0.5
1.7368,49.7512438,50,-0.495024876,0.5,0.5
1.7369,49.7512438,50,-0.495024876,0.5,0.5
1.737,49.7512438,50,-0.495024876,0.5,0.5
1.7371,49.7512438,50,-0.495024876,0.5,0.5
1.7372,49.7512438,50,-0.495024876,0.5,0.5
1.7373,49.7512438,50,-0.495024876,0.5,0.5
1.7374,49.7512438,50,-0.495024876,0.5,0.5
1.7375,49.7512438,50,-0.495024876,0.5,0.5
1.7376,49.7512438,50,-0.495024876,0.5,0.5
1.7377,49.7512438,50,-0.495024876,0.5,0.5
1.7378,49.7512438,50,-0.495024876,0.5,0.5
1.7379,49.7512438,50,-0.495024876,0.5,0.5
1.738,49.7512438,50,-0.495024876,0.5,0.5
1.7381,49.7512438,50,-0.495024876,0.5,0.5
1.7382,49.7512438,50,-0.495024876,0.5,0.5
1.7383,49.7512438,50,-0.495024876,0.5,0.5
1.7384,49.7512438,50,-0.495024876,0.5,0.5
1.7385,49.7512438,50,-0.495024876,0.5,0.5
1.7386,49.7512438,50,-0.495024876,0.5,0.5
1.7387,49.7512438,50,-0.495024876,0.5,0.5
1.7388,49.7512438,50,-0.495024876,0.5,0.5
1.7389,49.7512438,50,-0.495024876,0.5,0.5
1.739,49.7512438,50,-0.495024876,0.5,0.5
1.7391,49.7512438,50,-0.495024876,0.5,0.5
1.7392,49.7512438,50,-0.495024876,0.5,0.5
1.7393,49.7512438,50,-0.495024876,0.5,0.5
1.7394,49.7512438,50,-0.495024876,0.5,0.5
1.7395,49.7512438,50,-0.495024876,0.5,0.5
1.7396,49.7512438,50,-0.495024876,0.5,0.5
1.7397,49.7512438,50,-0.495024876,0.5,0.5
1.7398,49.7512438,50,-0.495024876,0.5,0.5
1.7399,49.7512438,50,-0.495024876,0.5,0.5
1.74,49.7512438,50,-0.495024876,0.5,0.5
1.7401,49.7512438,50,-0.495024876,0.5,0.5
1.7402,49.7512438,50,-0.495024876,0.5,0.5
1.7403,49.7512438,50,-0.495024876,0.5,0.5
1.7404,49.7512438,50,-0.495024876,0.5,0.5
1.7405,49.7512438,50,-0.495024876,0.5,0.5
1.7406,49.7512438,50,-0.495024876,0.5,0.5
1.7407,49.7512438,50,-0.495024876,0.5,0.5
1.7408,49.7512438,50,-0.495024876,0.5,0.5
1.7409,49.7512438,50,-0.495024876,0.5,0.5
1.741,49.7512438,50,-0.495024876,0.5,0.5
1.7411,49.7512438,50,-0.495024876,0.5,0.5
1.7412,49.7512438,50,-0.495024876,0.5,0.5
1.7413,49.7512438,50,-0.495024876,0.5,0.5
1.7414,49.7512438,50,-0.495024876,0.5,0.5
1.7415,49.7512438,50,-0.495024876,0.5,0.5
1.7416,49.7512438,50,-0.495024876,0.5,0.5
1.7417,49.7512438,50,-0.495024876,0.5,0.5
1.7418,49.7512438,50,-0.495024876,0.5,0.5
1.7419,49.7512438,50,-0.495024876,0.5,0.5
1.742,49.7512438,50,-0.495024876,0.5,0.5
1.7421,49.7512438,50,-0.495024876,0.5,0.5
1.7422,49.7512438,50,-0.495024876,0.5,0.5
1.7423,49.7512438,50,-0.495024876,0.5,0.5
1.7424,49.7512438,50,-0.495024876,0.5,0.5
1.7425,49.7512438,50,-0.495024876,0.5,0.5
1.7426,49.7512438,50,-0.495024876,0.5,0.5
1.7427,49.7512438,50,-0.495024876,0.5,0.5
1.7428,49.7512438,50,-0.495024876,0.5,0.5
1.7429,49.7512438,50,-0.495024876,0.5,0.5
1.743,49.7512438,50,-0.495024876,0.5,0.5
1.7431,49.7512438,50,-0.495024876,0.5,0.5
1.7432,49.7512438,50,-0.495024876,0.5,0.5
1.7433,49.7512438,50,-0.495024876,0.5,0.5
1.7434,49.7512438,50,-0.495024876,0.5,0.5
1.7435,49.7512438,50,-0.495024876,0.5,0.5
1.7436,49.7512438,50,-0.495024876,0.5,0.5
1.7437,49.7512438,50,-0.495024876,0.5,0.5
1.7438,49.7512438,50,-0.495024876,0.5,0.5
1.7439,49.7512438,50,-0.495024876,0.5,0.5
1.744,49.7512438,50,-0.495024876,0.5,0.5
1.7441,49.7512438,50,-0.495024876,0.5,0.5
1.7442,49.7512438,50,-0.495024876,0.5,0.5
1.7443,49.7512438,50,-0.495024876,0.5,0.5
1.7444,49.7512438,50,-0.495024876,0.5,0.5
1.7445,49.7512438,50,-0.495024876,0.5,0.5
1.7446,49.7512438,50,-0.495024876,0.5,0.5
1.7447,49.7512438,50,-0.495024876,0.5,0.5
1.7448,49.7512438,50,-0.495024876,0.5,0.5
1.7449,49.7512438,50,-0.495024876,0.5,0.5
1.745,49.7512438,50,-0.495024876,0.5,0.5
1.7451,49.7512438,50,-0.495024876,0.5,0.5
1.7452,49.7512438,50,-0.495024876,0.5,0.5
1.7453,49.7512438,50,-0.495024876,0.5,0.5
1.7454,49.7512438,50,-0.495024876,0.5,0.5
1.7455,49.7512438,50,-0.495024876,0.5,0.5
1.7456,49.7512438,50,-0.495024876,0.5,0.5
1.7457,49.7512438,50,-0.495024876,0.5,0.5
1.7458,49.7512438,50,-0.495024876,0.5,0.5
1.7459,49.7512438,50,-0.495024876,0.5,0.5
1.746,49.7512438,50,-0.495024876,0.5,0.5
1.7461,49.7512438,50,-0.495024876,0.5,0.5
1.7462,49.7512438,50,-0.495024876,0.5,0.5
1.7463,49.7512438,50,-0.495024876,0.5,0.5
1.7464,49.7512438,50,-0.495024876,0.5,0.5
1.7465,49.7512438,50,-0.495024876,0.5,0.5
1.7466,49.7512438,50,-0.495024876,0.5,0.5
1.7467,49.7512438,50,-0.495024876,0.5,0.5
1.7468,49.7512438,50,-0.495024876,0.5,0.5
1.7469,49.7512438,50,-0.495024876,0.5,0.5
1.747,49.7512438,50,-0.495024876,0.5,0.5
1.7471,49.7512438,50,-0.495024876,0.5,0.5
1.7472,49.7512438,50,-0.495024876,0.5,0.5
1.7473,49.7512438,50,-0.495024876,0.5,0.5
1.7474,49.7512438,50,-0.495024876,0.5,0.5
1.7475,49.7512438,50,-0.495024876,0.5,0.5
1.7476,49.7512438,50,-0.495024876,0.5,0.5
1.7477,49.7512438,50,-0.495024876,0.5,0.5
1.7478,49.7512438,50,-0.495024876,0.5,0.5
1.7479,49.7512438,50,-0.495024876,0.5,0.5
1.748,49.7512438,50,-0.495024876,0.5,0.5
1.7481,49.7512438,50,-0.495024876,0.5,0.5
1.7482,49.7512438,50,-0.495024876,0.5,0.5
1.7483,49.7512438,50,-0.495024876,0.5,0.5
1.7484,49.7512438,50,-0.495024876,0.5,0.5
1.7485,49.7512438,50,-0.495024876,0.5,0.5
1.7486,49.7512438,50,-0.495024876,0.5,0.5
1.7487,49.7512438,50,-0.495024876,0.5,0.5
1.7488,49.7512438,50,-0.495024876,0.5,0.5
1.7489,49.7512438,50,-0.495024876,0.5,0.5
1.749,49.7512438,50,-0.495024876,0.5,0.5
1.7491,49.7512438,50,-0.495024876,0.5,0.5
1.7492,49.7512438,50,-0.495024876,0.5,0.5
1.7493,49.7512438,50,-0.495024876,0.5,0.5
1.7494,49.7512438,50,-0.495024876,0.5,0.5
1.7495,49.7512438,50,-0.495024876,0.5,0.5
1.7496,49.7512438,50,-0.495024876,0.5,0.5
1.7497,49.7512438,50,-0.495024876,0.5,0.5
1.7498,49.7512438,50,-0.495024876,0.5,0.5
1.7499,49.7512438,50,-0.495024876,0.5,0.5
1.75,49.7512438,50,-0.495024876,0.5,0.5
1.7501,49.7512438,50,-0.495024876,0.5,0.5
1.7502,49.7512438,50,-0.495024876,0.5,0.5
1.7503,49.7512438,50,-0.495024876,0.5,0.5
1.7504,49.7512438,50,-0.495024876,0.5,0.5
1.7505,49.7512438,50,-0.495024876,0.5,0.5
1.7506,49.7512438,50,-0.495024876,0.5,0.5
1.7507,49.7512438,50,-0.495024876,0.5,0.5
1.7508,49.7512438,50,-0.495024876,0.5,0.5
1.7509,49.7512438,50,-0.495024876,0.5,0.5
1.751,49.7512438,50,-0.495024876,0.5,0.5
1.7511,49.7512438,50,-0.495024876,0.5,0.5
1.7512,49.7512438,50,-0.495024876,0.5,0.5
1.7513,49.7512438,50,-0.495024876,0.5,0.5
1.7514,49.7512438,50,-0.495024876,0.5,0.5
1.7515,49.7512438,50,-0.495024876,0.5,0.5
1.7516,49.7512438,50,-0.495024876,0.5,0.5
1.7517,49.7512438,50,-0.495024876,0.5,0.5
1.7518,49.7512438,50,-0.495024876,0.5,0.5
1.7519,49.7512438,50,-0.495024876,0.5,0.5
1.752,49.7512438,50,-0.495024876,0.5,0.5
1.7521,49.7512438,50,-0.495024876,0.5,0.5
1.7522,49.7512438,50,-0.495024876,0.5,0.5
1.7523,49.7512438,50,-0.495024876,0.5,0.5
1.7524,49.7512438,50,-0.495024876,0.5,0.5
1.7525,49.7512438,50,-0.495024876,0.5,0.5
1.7526,49.7512438,50,-0.495024876,0.5,0.5
1.7527,49.7512438,50,-0.495024876,0.5,0.5
1.7528,49.7512438,50,-0.495024876,0.5,0.5
1.7529,49.7512438,50,-0.495024876,0.5,0.5
1.753,49.7512438,50,-0.495024876,0.5,0.5
1.7531,49.7512438,50,-0.495024876,0.5,0.5
1.7532,49.7512438,50,-0.495024876,0.5,0.5
1.7533,49.7512438,50,-0.495024876,0.5,0.5
1.7534,49.7512438,50,-0.495024876,0.5,0.5
1.7535,49.7512438,50,-0.495024876,0.5,0.5
1.7536,49.7512438,50,-0.495024876,0.5,0.5
1.7537,49.7512438,50,-0.495024876,0.5,0.5
1.7538,49.7512438,50,-0.495024876,0.5,0.5
1.7539,49.7512438,50,-0.495024876,0.5,0.5
1.754,49.7512438,50,-0.495024876,0.5,0.5
1.7541,49.7512438,50,-0.495024876,0.5,0.5
1.7542,49.7512438,50,-0.495024876,0.5,0.5
1.7543,49.7512438,50,-0.495024876,0.5,0.5
1.7544,49.7512438,50,-0.495024876,0.5,0.5
1.7545,49.7512438,50,-0.495024876,0.5,0.5
1.7546,49.7512438,50,-0.495024876,0.5,0.5
1.7547,49.7512438,50,-0.495024876,0.5,0.5
1.7548,49.7512438,50,-0.495024876,0.5,0.5
1.7549,49.7512438,50,-0.495024876,0.5,0.5
1.755,49.7512438,50,-0.495024876,0.5,0.5
1.7551,49.7512438,50,-0.495024876,0.5,0.5
1.7552,49.7512438,50,-0.495024876,0.5,0.5
1.7553,49.7512438,50,-0.495024876,0.5,0.5
1.7554,49.7512438,50,-0.495024876,0.5,0.5
1.7555,49.7512438,50,-0.495024876,0.5,0.5
1.7556,49.7512438,50,-0.495024876,0.5,0.5
1.7557,49.7512438,50,-0.495024876,0.5,0.5
1.7558,49.7512438,50,-0.495024876,0.5,0.5
1.7559,49.7512438,50,-0.495024876,0.5,0.5
1.756,49.7512438,50,-0.495024876,0.5,0.5
1.7561,49.7512438,50,-0.495024876,0.5,0.5
1.7562,49.7512438,50,-0.495024876,0.5,0.5
1.7563,49.7512438,50,-0.495024876,0.5,0.5
1.7564,49.7512438,50,-0.495024876,0.5,0.5
1.7565,49.7512438,50,-0.495024876,0.5,0.5
1.7566,49.7512438,50,-0.495024876,0.5,0.5
1.7567,49.7512438,50,-0.495024876,0.5,0.5
1.7568,49.7512438,50,-0.495024876,0.5,0.5
1.7569,49.7512438,50,-0.495024876,0.5,0.5
1.757,49.7512438,50,-0.495024876,0.5,0.5
1.7571,49.7512438,50,-0.495024876,0.5,0.5
1.7572,49.7512438,50,-0.495024876,0.5,0.5
1.7573,49.7512438,50,-0.495024876,0.5,0.5
1.7574,49.7512438,50,-0.495024876,0.5,0.5
1.7575,49.7512438,50,-0.495024876,0.5,0.5
1.7576,49.7512438,50,-0.495024876,0.5,0.5
1.7577,49.7512438,50,-0.495024876,0.5,0.5
1.7578,49.7512438,50,-0.495024876,0.5,0.5
1.7579,49.7512438,50,-0.495024876,0.5,0.5
1.758,49.7512438,50,-0.495024876,0.5,0.5
1.7581,49.7512438,50,-0.495024876,0.5,0.5
1.7582,49.7512438,50,-0.495024876,0.5,0.5
1.7583,49.7512438,50,-0.495024876,0.5,0.5
1.7584,49.7512438,50,-0.495024876,0.5,0.5
1.7585,49.7512438,50,-0.495024876,0.5,0.5
1.7586,49.7512438,50,-0.495024876,0.5,0.5
1.7587,49.7512438,50,-0.495024876,0.5,0.5
1.7588,49.7512438,50,-0.495024876,0.5,0.5
1.7589,49.7512438,50,-0.495024876,0.5,0.5
1.759,49.7512438,50,-0.495024876,0.5,0.5
1.7591,49.7512438,50,-0.495024876,0.5,0.5
1.7592,49.7512438,50,-0.495024876,0.5,0.5
1.7593,49.7512438,50,-0.495024876,0.5,0.5
1.7594,49.7512438,50,-0.495024876,0.5,0.5
1.7595,49.7512438,50,-0.495024876,0.5,0.5
1.7596,49.7512438,50,-0.495024876,0.5,0.5
1.7597,49.7512438,50,-0.495024876,0.5,0.5
1.7598,49.7512438,50,-0.495024876,0.5,0.5
1.7599,49.7512438,50,-0.495024876,0.5,0.5
1.76,49.7512438,50,-0.495024876,0.5,0.5
1.7601,49.7512438,50,-0.495024876,0.5,0.5
1.7602,49.7512438,50,-0.495024876,0.5,0.5
1.7603,49.7512438,50,-0.495024876,0.5,0.5
1.7604,49.7512438,50,-0.495024876,0.5,0.5
1.7605,49.7512438,50,-0.495024876,0.5,0.5
1.7606,49.7512438,50,-0.495024876,0.5,0.5
1.7607,49.7512438,50,-0.495024876,0.5,0.5
1.7608,49.7512438,50,-0.495024876,0.5,0.5
1.7609,49.7512438,50,-0.495024876,0.5,0.5
1.761,49.7512438,50,-0.495024876,0.5,0.5
1.7611,49.7512438,50,-0.495024876,0.5,0.5
1.7612,49.7512438,50,-0.495024876,0.5,0.5
1.7613,49.7512438,50,-0.495024876,0.5,0.5
1.7614,49.7512438,50,-0.495024876,0.5,0.5
1.7615,49.7512438,50,-0.495024876,0.5,0.5
1.7616,49.7512438,50,-0.495024876,0.5,0.5
1.7617,49.7512438,50,-0.495024876,0.5,0.5
1.7618,49.7512438,50,-0.495024876,0.5,0.5
1.7619,49.7512438,50,-0.495024876,0.5,0.5
1.762,49.7512438,50,-0.495024876,0.5,0.5
1.7621,49.7512438,50,-0.495024876,0.5,0.5
1.7622,49.7512438,50,-0.495024876,0.5,0.5
1.7623,49.7512438,50,-0.495024876,0.5,0.5
1.7624,49.7512438,50,-0.495024876,0.5,0.5
1.7625,49.7512438,50,-0.495024876,0.5,0.5
1.7626,49.7512438,50,-0.495024876,0.5,0.5
1.7627,49.7512438,50,-0.495024876,0.5,0.5
1.7628,49.7512438,50,-0.495024876,0.5,0.5
1.7629,49.7512438,50,-0.495024876,0.5,0.5
1.763,49.7512438,50,-0.495024876,0.5,0.5
1.7631,49.7512438,50,-0.495024876,0.5,0.5
1.7632,49.7512438,50,-0.495024876,0.5,0.5
1.7633,49.7512438,50,-0.495024876,0.5,0.5
1.7634,49.7512438,50,-0.495024876,0.5,0.5
1.7635,49.7512438,50,-0.495024876,0.5,0.5
1.7636,49.7512438,50,-0.495024876,0.5,0.5
1.7637,49.7512438,50,-0.495024876,0.5,0.5
1.7638,49.7512438,50,-0.495024876,0.5,0.5
1.7639,49.7512438,50,-0.495024876,0.5,0.5
1.764,49.7512438,50,-0.495024876,0.5,0.5
1.7641,49.7512438,50,-0.495024876,0.5,0.5
1.7642,49.7512438,50,-0.495024876,0.5,0.5
1.7643,49.7512438,50,-0.495024876,0.5,0.5
1.7644,49.7512438,50,-0.495024876,0.5,0.5
1.7645,49.7512438,50,-0.495024876,0.5,0.5
1.7646,49.7512438,50,-0.495024876,0.5,0.5
1.7647,49.7512438,50,-0.495024876,0.5,0.5
1.7648,49.7512438,50,-0.495024876,0.5,0.5
1.7649,49.7512438,50,-0.495024876,0.5,0.5
1.765,49.7512438,50,-0.495024876,0.5,0.5
1.7651,49.7512438,50,-0.495024876,0.5,0.5
1.7652,49.7512438,50,-0.495024876,0.5,0.5
1.7653,49.7512438,50,-0.495024876,0.5,0.5
1.7654,49.7512438,50,-0.495024876,0.5,0.5
1.7655,49.7512438,50,-0.495024876,0.5,0.5
1.7656,49.7512438,50,-0.495024876,0.5,0.5
1.7657,49.7512438,50,-0.495024876,0.5,0.5
1.7658,49.7512438,50,-0.495024876,0.5,0.5
1.7659,49.7512438,50,-0.495024876,0.5,0.5
1.766,49.7512438,50,-0.495024876,0.5,0.5
1.7661,49.7512438,50,-0.495024876,0.5,0.5
1.7662,49.7512438,50,-0.495024876,0.5,0.5
1.7663,49.7512438,50,-0.495024876,0.5,0.5
1.7664,49.7512438,50,-0.495024876,0.5,0.5
1.7665,49.7512438,50,-0.495024876,0.5,0.5
1.7666,49.7512438,50,-0.495024876,0.5,0.5
1.7667,49.7512438,50,-0.495024876,0.5,0.5
1.7668,49.7512438,50,-0.495024876,0.5,0.5
1.7669,49.7512438,50,-0.495024876,0.5,0.5
1.767,49.7512438,50,-0.495024876,0.5,0.5
1.7671,49.7512438,50,-0.495024876,0.5,0.5
1.7672,49.7512438,50,-0.495024876,0.5,0.5
1.7673,49.7512438,50,-0.495024876,0.5,0.5
1.7674,49.7512438,50,-0.495024876,0.5,0.5
1.7675,49.7512438,50,-0.495024876,0.5,0.5
1.7676,49.7512438,50,-0.495024876,0.5,0.5
1.7677,49.7512438,50,-0.495024876,0.5,0.5
1.7678,49.7512438,50,-0.495024876,0.5,0.5
1.7679,49.7512438,50,-0.495024876,0.5,0.5
1.768,49.7512438,50,-0.495024876,0.5,0.5
1.7681,49.7512438,50,-0.495024876,0.5,0.5
1.7682,49.7512438,50,-0.495024876,0.5,0.5
1.7683,49.7512438,50,-0.495024876,0.5,0.5
1.7684,49.7512438,50,-0.495024876,0.5,0.5
1.7685,49.7512438,50,-0.495024876,0.5,0.5
1.7686,49.7512438,50,-0.495024876,0.5,0.5
1.7687,49.7512438,50,-0.495024876,0.5,0.5
1.7688,49.7512438,50,-0.495024876,0.5,0.5
1.7689,49.7512438,50,-0.495024876,0.5,0.5
1.769,49.7512438,50,-0.495024876,0.5,0.5
1.7691,49.7512438,50,-0.495024876,0.5,0.5
1.7692,49.7512438,50,-0.495024876,0.5,0.5
1.7693,49.7512438,50,-0.495024876,0.5,0.5
1.7694,49.7512438,50,-0.495024876,0.5,0.5
1.7695,49.7512438,50,-0.495024876,0.5,0.5
1.7696,49.7512438,50,-0.495024876,0.5,0.5
1.7697,49.7512438,50,-0.495024876,0.5,0.5
1.7698,49.7512438,50,-0.495024876,0.5,0.5
1.7699,49.7512438,50,-0.495024876,0.5,0.5
1.77,49.7512438,50,-0.495024876,0.5,0.5
1.7701,49.7512438,50,-0.495024876,0.5,0.5
1.7702,49.7512438,50,-0.495024876,0.5,0.5
1.7703,49.7512438,50,-0.495024876,0.5,0.5
1.7704,49.7512438,50,-0.495024876,0.5,0.5
1.7705,49.7512438,50,-0.495024876,0.5,0.5
1.7706,49.7512438,50,-0.495024876,0.5,0.5
1.7707,49.7512438,50,-0.495024876,0.5,0.5
1.7708,49.7512438,50,-0.495024876,0.5,0.5
1.7709,49.7512438,50,-0.495024876,0.5,0.5
1.771,49.7512438,50,-0.495024876,0.5,0.5
1.7711,49.7512438,50,-0.495024876,0.5,0.5
1.7712,49.7512438,50,-0.495024876,0.5,0.5
1.7713,49.7512438,50,-0.495024876,0.5,0.5
1.7714,49.7512438,50,-0.495024876,0.5,0.5
1.7715,49.7512438,50,-0.495024876,0.5,0.5
1.7716,49.7512438,50,-0.495024876,0.5,0.5
1.7717,49.7512438,50,-0.495024876,0.5,0.5
1.7718,49.7512438,50,-0.495024876,0.5,0.5
1.7719,49.7512438,50,-0.495024876,0.5,0.5
1.772,49.7512438,50,-0.495024876,0.5,0.5
1.7721,49.7512438,50,-0.495024876,0.5,0.5
1.7722,49.7512438,50,-0.495024876,0.5,0.5
1.7723,49.7512438,50,-0.495024876,0.5,0.5
1.7724,49.7512438,50,-0.495024876,0.5,0.5
1.7725,49.7512438,50,-0.495024876,0.5,0.5
1.7726,49.7512438,50,-0.495024876,0.5,0.5
1.7727,49.7512438,50,-0.495024876,0.5,0.5
1.7728,49.7512438,50,-0.495024876,0.5,0.5
1.7729,49.7512438,50,-0.495024876,0.5,0.5
1.773,49.7512438,50,-0.495024876,0.5,0.5
1.7731,49.7512438,50,-0.495024876,0.5,0.5
1.7732,49.7512438,50,-0.495024876,0.5,0.5
1.7733,49.7512438,50,-0.495024876,0.5,0.5
1.7734,49.7512438,50,-0.495024876,0.5,0.5
1.7735,49.7512438,50,-0.495024876,0.5,0.5
1.7736,49.7512438,50,-0.495024876,0.5,0.5
1.7737,49.7512438,50,-0.495024876,0.5,0.5
1.7738,49.7512438,50,-0.495024876,0.5,0.5
1.7739,49.7512438,50,-0.495024876,0.5,0.5
1.774,49.7512438,50,-0.495024876,0.5,0.5
1.7741,49.7512438,50,-0.495024876,0.5,0.5
1.7742,49.7512438,50,-0.495024876,0.5,0.5
1.7743,49.7512438,50,-0.495024876,0.5,0.5
1.7744,49.7512438,50,-0.495024876,0.5,0.5
1.7745,49.7512438,50,-0.495024876,0.5,0.5
1.7746,49.7512438,50,-0.495024876,0.5,0.5
1.7747,49.7512438,50,-0.495024876,0.5,0.5
1.7748,49.7512438,50,-0.495024876,0.5,0.5
1.7749,49.7512438,50,-0.495024876,0.5,0.5
1.775,49.7512438,50,-0.495024876,0.5,0.5
1.7751,49.7512438,50,-0.495024876,0.5,0.5
1.7752,49.7512438,50,-0.495024876,0.5,0.5
1.7753,49.7512438,50,-0.495024876,0.5,0.5
1.7754,49.7512438,50,-0.495024876,0.5,0.5
1.7755,49.7512438,50,-0.495024876,0.5,0.5
1.7756,49.7512438,50,-0.495024876,0.5,0.5
1.7757,49.7512438,50,-0.495024876,0.5,0.5
1.7758,49.7512438,50,-0.495024876,0.5,0.5
1.7759,49.7512438,50,-0.495024876,0.5,0.5
1.776,49.7512438,50,-0.495024876,0.5,0.5
1.7761,49.7512438,50,-0.495024876,0.5,0.5
1.7762,49.7512438,50,-0.495024876,0.5,0.5
1.7763,49.7512438,50,-0.495024876,0.5,0.5
1.7764,49.7512438,50,-0.495024876,0.5,0.5
1.7765,49.7512438,50,-0.495024876,0.5,0.5
1.7766,49.7512438,50,-0.495024876,0.5,0.5
1.7767,49.7512438,50,-0.495024876,0.5,0.5
1.7768,49.7512438,50,-0.495024876,0.5,0.5
1.7769,49.7512438,50,-0.495024876,0.5,0.5
1.777,49.7512438,50,-0.495024876,0.5,0.5
1.7771,49.7512438,50,-0.495024876,0.5,0.5
1.7772,49.7512438,50,-0.495024876,0.5,0.5
1.7773,49.7512438,50,-0.495024876,0.5,0.5
1.7774,49.7512438,50,-0.495024876,0.5,0.5
1.7775,49.7512438,50,-0.495024876,0.5,0.5
1.7776,49.7512438,50,-0.495024876,0.5,0.5
1.7777,49.7512438,50,-0.495024876,0.5,0.5
1.7778,49.7512438,50,-0.495024876,0.5,0.5
1.7779,49.7512438,50,-0.495024876,0.5,0.5
1.778,49.7512438,50,-0.495024876,0.5,0.5
1.7781,49.7512438,50,-0.495024876,0.5,0.5
1.7782,49.7512438,50,-0.495024876,0.5,0.5
1.7783,49.7512438,50,-0.495024876,0.5,0.5
1.7784,49.7512438,50,-0.495024876,0.5,0.5
1.7785,49.7512438,50,-0.495024876,0.5,0.5
1.7786,49.7512438,50,-0.495024876,0.5,0.5
1.7787,49.7512438,50,-0.495024876,0.5,0.5
1.7788,49.7512438,50,-0.495024876,0.5,0.5
1.7789,49.7512438,50,-0.495024876,0.5,0.5
1.779,49.7512438,50,-0.495024876,0.5,0.5
1.7791,49.7512438,50,-0.495024876,0.5,0.5
1.7792,49.7512438,50,-0.495024876,0.5,0.5
1.7793,49.7512438,50,-0.495024876,0.5,0.5
1.7794,49.7512438,50,-0.495024876,0.5,0.5
1.7795,49.7512438,50,-0.495024876,0.5,0.5
1.7796,49.7512438,50,-0.495024876,0.5,0.5
1.7797,49.7512438,50,-0.495024876,0.5,0.5
1.7798,49.7512438,50,-0.495024876,0.5,0.5
1.7799,49.7512438,50,-0.495024876,0.5,0.5
1.78,49.7512438,50,-0.495024876,0.5,0.5
1.7801,49.7512438,50,-0.495024876,0.5,0.5
1.7802,49.7512438,50,-0.495024876,0.5,0.5
1.7803,49.7512438,50,-0.495024876,0.5,0.5
1.7804,49.7512438,50,-0.495024876,0.5,0.5
1.7805,49.7512438,50,-0.495024876,0.5,0.5
1.7806,49.7512438,50,-0.495024876,0.5,0.5
1.7807,49.7512438,50,-0.495024876,0.5,0.5
1.7808,49.7512438,50,-0.495024876,0.5,0.5
1.7809,49.7512438,50,-0.495024876,0.5,0.5
1.781,49.7512438,50,-0.495024876,0.5,0.5
1.7811,49.7512438,50,-0.495024876,0.5,0.5
1.7812,49.7512438,50,-0.495024876,0.5,0.5
1.7813,49.7512438,50,-0.495024876,0.5,0.5
1.7814,49.7512438,50,-0.495024876,0.5,0.5
1.7815,49.7512438,50,-0.495024876,0.5,0.5
1.7816,49.7512438,50,-0.495024876,0.5,0.5
1.7817,49.7512438,50,-0.495024876,0.5,0.5
1.7818,49.7512438,50,-0.495024876,0.5,0.5
1.7819,49.7512438,50,-0.495024876,0.5,0.5
1.782,49.7512438,50,-0.495024876,0.5,0.5
1.7821,49.7512438,50,-0.495024876,0.5,0.5
1.7822,49.7512438,50,-0.495024876,0.5,0.5
1.7823,49.7512438,50,-0.495024876,0.5,0.5
1.7824,49.7512438,50,-0.495024876,0.5,0.5
1.7825,49.7512438,50,-0.495024876,0.5,0.5
1.7826,49.7512438,50,-0.495024876,0.5,0.5
1.7827,49.7512438,50,-0.495024876,0.5,0.5
1.7828,49.7512438,50,-0.495024876,0.5,0.5
1.7829,49.7512438,50,-0.495024876,0.5,0.5
1.783,49.7512438,50,-0.495024876,0.5,0.5
1.7831,49.7512438,50,-0.495024876,0.5,0.5
1.7832,49.7512438,50,-0.495024876,0.5,0.5
1.7833,49.7512438,50,-0.495024876,0.5,0.5
1.7834,49.7512438,50,-0.495024876,0.5,0.5
1.7835,49.7512438,50,-0.495024876,0.5,0.5
1.7836,49.7512438,50,-0.495024876,0.5,0.5
1.7837,49.7512438,50,-0.495024876,0.5,0.5
1.7838,49.7512438,50,-0.495024876,0.5,0.5
1.7839,49.7512438,50,-0.495024876,0.5,0.5
1.784,49.7512438,50,-0.495024876,0.5,0.5
1.7841,49.7512438,50,-0.495024876,0.5,0.5
1.7842,49.7512438,50,-0.495024876,0.5,0.5
1.7843,49.7512438,50,-0.495024876,0.5,0.5
1.7844,49.7512438,50,-0.495024876,0.5,0.5
1.7845,49.7512438,50,-0.495024876,0.5,0.5
1.7846,49.7512438,50,-0.495024876,0.5,0.5
1.7847,49.7512438,50,-0.495024876,0.5,0.5
1.7848,49.7512438,50,-0.495024876,0.5,0.5
1.7849,49.7512438,50,-0.495024876,0.5,0.5
1.785,49.7512438,50,-0.495024876,0.5,0.5
1.7851,49.7512438,50,-0.495024876,0.5,0.5
1.7852,49.7512438,50,-0.495024876,0.5,0.5
1.7853,49.7512438,50,-0.495024876,0.5,0.5
1.7854,49.7512438,50,-0.495024876,0.5,0.5
1.7855,49.7512438,50,-0.495024876,0.5,0.5
1.7856,49.7512438,50,-0.495024876,0.5,0.5
1.7857,49.7512438,50,-0.495024876,0.5,0.5
1.7858,49.7512438,50,-0.495024876,0.5,0.5
1.7859,49.7512438,50,-0.495024876,0.5,0.5
1.786,49.7512438,50,-0.495024876,0.5,0.5
1.7861,49.7512438,50,-0.495024876,0.5,0.5
1.7862,49.7512438,50,-0.495024876,0.5,0.5
1.7863,49.7512438,50,-0.495024876,0.5,0.5
1.7864,49.7512438,50,-0.495024876,0.5,0.5
1.7865,49.7512438,50,-0.495024876,0.5,0.5
1.7866,49.7512438,50,-0.495024876,0.5,0.5
1.7867,49.7512438,50,-0.495024876,0.5,0.5
1.7868,49.7512438,50,-0.495024876,0.5,0.5
1.7869,49.7512438,50,-0.495024876,0.5,0.5
1.787,49.7512438,50,-0.495024876,0.5,0.5
1.7871,49.7512438,50,-0.495024876,0.5,0.5
1.7872,49.7512438,50,-0.495024876,0.5,0.5
1.7873,49.7512438,50,-0.495024876,0.5,0.5
1.7874,49.7512438,50,-0.495024876,0.5,0.5
1.7875,49.7512438,50,-0.495024876,0.5,0.5
1.7876,49.7512438,50,-0.495024876,0.5,0.5
1.7877,49.7512438,50,-0.495024876,0.5,0.5
1.7878,49.7512438,50,-0.495024876,0.5,0.5
1.7879,49.7512438,50,-0.495024876,0.5,0.5
1.788,49.7512438,50,-0.495024876,0.5,0.5
1.7881,49.7512438,50,-0.495024876,0.5,0.5
1.7882,49.7512438,50,-0.495024876,0.5,0.5
1.7883,49.7512438,50,-0.495024876,0.5,0.5
1.7884,49.7512438,50,-0.495024876,0.5,0.5
1.7885,49.7512438,50,-0.495024876,0.5,0.5
1.7886,49.7512438,50,-0.495024876,0.5,0.5
1.7887,49.7512438,50,-0.495024876,0.5,0.5
1.7888,49.7512438,50,-0.495024876,0.5,0.5
1.7889,49.7512438,50,-0.495024876,0.5,0.5
1.789,49.7512438,50,-0.495024876,0.5,0.5
1.7891,49.7512438,50,-0.495024876,0.5,0.5
1.7892,49.7512438,50,-0.495024876,0.5,0.5
1.7893,49.7512438,50,-0.495024876,0.5,0.5
1.7894,49.7512438,50,-0.495024876,0.5,0.5
1.7895,49.7512438,50,-0.495024876,0.5,0.5
1.7896,49.7512438,50,-0.495024876,0.5,0.5
1.7897,49.7512438,50,-0.495024876,0.5,0.5
1.7898,49.7512438,50,-0.495024876,0.5,0.5
1.7899,49.7512438,50,-0.495024876,0.5,0.5
1.79,49.7512438,50,-0.495024876,0.5,0.5
1.7901,49.7512438,50,-0.495024876,0.5,0.5
1.7902,49.7512438,50,-0.495024876,0.5,0.5
1.7903,49.7512438,50,-0.495024876,0.5,0.5
1.7904,49.7512438,50,-0.495024876,0.5,0.5
1.7905,49.7512438,50,-0.495024876,0.5,0.5
1.7906,49.7512438,50,-0.495024876,0.5,0.5
1.7907,49.7512438,50,-0.495024876,0.5,0.5
1.7908,49.7512438,50,-0.495024876,0.5,0.5
1.7909,49.7512438,50,-0.495024876,0.5,0.5
1.791,49.7512438,50,-0.495024876,0.5,0.5
1.7911,49.7512438,50,-0.495024876,0.5,0.5
1.7912,49.7512438,50,-0.495024876,0.5,0.5
1.7913,49.7512438,50,-0.495024876,0.5,0.5
1.7914,49.7512438,50,-0.495024876,0.5,0.5
1.7915,49.7512438,50,-0.495024876,0.5,0.5
1.7916,49.7512438,50,-0.495024876,0.5,0.5
1.7917,49.7512438,50,-0.495024876,0.5,0.5
1.7918,49.7512438,50,-0.495024876,0.5,0.5
1.7919,49.7512438,50,-0.495024876,0.5,0.5
1.792,49.7512438,50,-0.495024876,0.5,0.5
1.7921,49.7512438,50,-0.495024876,0.5,0.5
1.7922,49.7512438,50,-0.495024876,0.5,0.5
1.7923,49.7512438,50,-0.495024876,0.5,0.5
1.7924,49.7512438,50,-0.495024876,0.5,0.5
1.7925,49.7512438,50,-0.495024876,0.5,0.5
1.7926,49.7512438,50,-0.495024876,0.5,0.5
1.7927,49.7512438,50,-0.495024876,0.5,0.5
1.7928,49.7512438,50,-0.495024876,0.5,0.5
1.7929,49.7512438,50,-0.495024876,0.5,0.5
1.793,49.7512438,50,-0.495024876,0.5,0.5
1.7931,49.7512438,50,-0.495024876,0.5,0.5
1.7932,49.7512438,50,-0.495024876,0.5,0.5
1.7933,49.7512438,50,-0.495024876,0.5,0.5
1.7934,49.7512438,50,-0.495024876,0.5,0.5
1.7935,49.7512438,50,-0.495024876,0.5,0.5
1.7936,49.7512438,50,-0.495024876,0.5,0.5
1.7937,49.7512438,50,-0.495024876,0.5,0.5
1.7938,49.7512438,50,-0.495024876,0.5,0.5
1.7939,49.7512438,50,-0.495024876,0.5,0.5
1.794,49.7512438,50,-0.495024876,0.5,0.5
1.7941,49.7512438,50,-0.495024876,0.5,0.5
1.7942,49.7512438,50,-0.495024876,0.5,0.5
1.7943,49.7512438,50,-0.495024876,0.5,0.5
1.7944,49.7512438,50,-0.495024876,0.5,0.5
1.7945,49.7512438,50,-0.495024876,0.5,0.5
1.7946,49.7512438,50,-0.495024876,0.5,0.5
1.7947,49.7512438,50,-0.495024876,0.5,0.5
1.7948,49.7512438,50,-0.495024876,0.5,0.5
1.7949,49.7512438,50,-0.495024876,0.5,0.5
1.795,49.7512438,50,-0.495024876,0.5,0.5
1.7951,49.7512438,50,-0.495024876,0.5,0.5
1.7952,49.7512438,50,-0.495024876,0.5,0.5
1.7953,49.7512438,50,-0.495024876,0.5,0.5
1.7954,49.7512438,50,-0.495024876,0.5,0.5
1.7955,49.7512438,50,-0.495024876,0.5,0.5
1.7956,49.7512438,50,-0.495024876,0.5,0.5
1.7957,49.7512438,50,-0.495024876,0.5,0.5
1.7958,49.7512438,50,-0.495024876,0.5,0.5
1.7959,49.7512438,50,-0.495024876,0.5,0.5
1.796,49.7512438,50,-0.495024876,0.5,0.5
1.7961,49.7512438,50,-0.495024876,0.5,0.5
1.7962,49.7512438,50,-0.495024876,0.5,0.5
1.7963,49.7512438,50,-0.495024876,0.5,0.5
1.7964,49.7512438,50,-0.495024876,0.5,0.5
1.7965,49.7512438,50,-0.495024876,0.5,0.5
1.7966,49.7512438,50,-0.495024876,0.5,0.5
1.7967,49.7512438,50,-0.495024876,0.5,0.5
1.7968,49.7512438,50,-0.495024876,0.5,0.5
1.7969,49.7512438,50,-0.495024876,0.5,0.5
1.797,49.7512438,50,-0.495024876,0.5,0.5
1.7971,49.7512438,50,-0.495024876,0.5,0.5
1.7972,49.7512438,50,-0.495024876,0.5,0.5
1.7973,49.7512438,50,-0.495024876,0.5,0.5
1.7974,49.7512438,50,-0.495024876,0.5,0.5
1.7975,49.7512438,50,-0.495024876,0.5,0.5
1.7976,49.7512438,50,-0.495024876,0.5,0.5
1.7977,49.7512438,50,-0.495024876,0.5,0.5
1.7978,49.7512438,50,-0.495024876,0.5,0.5
1.7979,49.7512438,50,-0.495024876,0.5,0.5
1.798,49.7512438,50,-0.495024876,0.5,0.5
1.7981,49.7512438,50,-0.495024876,0.5,0.5
1.7982,49.7512438,50,-0.495024876,0.5,0.5
1.7983,49.7512438,50,-0.495024876,0.5,0.5
1.7984,49.7512438,50,-0.495024876,0.5,0.5
1.7985,49.7512438,50,-0.495024876,0.5,0.5
1.7986,49.7512438,50,-0.495024876,0.5,0.5
1.7987,49.7512438,50,-0.495024876,0.5,0.5
1.7988,49.7512438,50,-0.495024876,0.5,0.5
1.7989,49.7512438,50,-0.495024876,0.5,0.5
1.799,49.7512438,50,-0.495024876,0.5,0.5
1.7991,49.7512438,50,-0.495024876,0.5,0.5
1.7992,49.7512438,50,-0.495024876,0.5,0.5
1.7993,49.7512438,50,-0.495024876,0.5,0.5
1.7994,49.7512438,50,-0.495024876,0.5,0.5
1.7995,49.7512438,50,-0.495024876,0.5,0.5
1.7996,49.7512438,50,-0.495024876,0.5,0.5
1.7997,49.7512438,50,-0.495024876,0.5,0.5
1.7998,49.7512438,50,-0.495024876,0.5,0.5
1.7999,49.7512438,50,-0.495024876,0.5,0.5
1.8,49.7512438,50,-0.495024876,0.5,0.5
1.8001,49.7512438,50,-0.495024876,0.5,0.5
1.8002,49.7512438,50,-0.495024876,0.5,0.5
1.8003,49.7512438,50,-0.495024876,0.5,0.5
1.8004,49.7512438,50,-0.495024876,0.5,0.5
1.8005,49.7512438,50,-0.495024876,0.5,0.5
1.8006,49.7512438,50,-0.495024876,0.5,0.5
1.8007,49.7512438,50,-0.495024876,0.5,0.5
1.8008,49.7512438,50,-0.495024876,0.5,0.5
1.8009,49.7512438,50,-0.495024876,0.5,0.5
1.801,49.7512438,50,-0.495024876,0.5,0.5
1.8011,49.7512438,50,-0.495024876,0.5,0.5
1.8012,49.7512438,50,-0.495024876,0.5,0.5
1.8013,49.7512438,50,-0.495024876,0.5,0.5
1.8014,49.7512438,50,-0.495024876,0.5,0.5
1.8015,49.7512438,50,-0.495024876,0.5,0.5
1.8016,49.7512438,50,-0.495024876,0.5,0.5
1.8017,49.7512438,50,-0.495024876,0.5,0.5
1.8018,49.7512438,50,-0.495024876,0.5,0.5
1.8019,49.7512438,50,-0.495024876,0.5,0.5
1.802,49.7512438,50,-0.495024876,0.5,0.5
1.8021,49.7512438,50,-0.495024876,0.5,0.5
1.8022,49.7512438,50,-0.495024876,0.5,0.5
1.8023,49.7512438,50,-0.495024876,0.5,0.5
1.8024,49.7512438,50,-0.495024876,0.5,0.5
1.8025,49.7512438,50,-0.495024876,0.5,0.5
1.8026,49.7512438,50,-0.495024876,0.5,0.5
1.8027,49.7512438,50,-0.495024876,0.5,0.5
1.8028,49.7512438,50,-0.495024876,0.5,0.5
1.8029,49.7512438,50,-0.495024876,0.5,0.5
1.803,49.7512438,50,-0.495024876,0.5,0.5
1.8031,49.7512438,50,-0.495024876,0.5,0.5
1.8032,49.7512438,50,-0.495024876,0.5,0.5
1.8033,49.7512438,50,-0.495024876,0.5,0.5
1.8034,49.7512438,50,-0.495024876,0.5,0.5
1.8035,49.7512438,50,-0.495024876,0.5,0.5
1.8036,49.7512438,50,-0.495024876,0.5,0.5
1.8037,49.7512438,50,-0.495024876,0.5,0.5
1.8038,49.7512438,50,-0.495024876,0.5,0.5
1.8039,49.7512438,50,-0.495024876,0.5,0.5
1.804,49.7512438,50,-0.495024876,0.5,0.5
1.8041,49.7512438,50,-0.495024876,0.5,0.5
1.8042,49.7512438,50,-0.495024876,0.5,0.5
1.8043,49.7512438,50,-0.495024876,0.5,0.5
1.8044,49.7512438,50,-0.495024876,0.5,0.5
1.8045,49.7512438,50,-0.495024876,0.5,0.5
1.8046,49.7512438,50,-0.495024876,0.5,0.5
1.8047,49.7512438,50,-0.495024876,0.5,0.5
1.8048,49.7512438,50,-0.495024876,0.5,0.5
1.8049,49.7512438,50,-0.495024876,0.5,0.5
1.805,49.7512438,50,-0.495024876,0.5,0.5
1.8051,49.7512438,50,-0.495024876,0.5,0.5
1.8052,49.7512438,50,-0.495024876,0.5,0.5
1.8053,49.7512438,50,-0.495024876,0.5,0.5
1.8054,49.7512438,50,-0.495024876,0.5,0.5
1.8055,49.7512438,50,-0.495024876,0.5,0.5
1.8056,49.7512438,50,-0.495024876,0.5,0.5
1.8057,49.7512438,50,-0.495024876,0.5,0.5
1.8058,49.7512438,50,-0.495024876,0.5,0.5
1.8059,49.7512438,50,-0.495024876,0.5,0.5
1.806,49.7512438,50,-0.495024876,0.5,0.5
1.8061,49.7512438,50,-0.495024876,0.5,0.5
1.8062,49.7512438,50,-0.495024876,0.5,0.5
1.8063,49.7512438,50,-0.495024876,0.5,0.5
1.8064,49.7512438,50,-0.495024876,0.5,0.5
1.8065,49.7512438,50,-0.495024876,0.5,0.5
1.8066,49.7512438,50,-0.495024876,0.5,0.5
1.8067,49.7512438,50,-0.495024876,0.5,0.5
1.8068,49.7512438,50,-0.495024876,0.5,0.5
1.8069,49.7512438,50,-0.495024876,0.5,0.5
1.807,49.7512438,50,-0.495024876,0.5,0.5
1.8071,49.7512438,50,-0.495024876,0.5,0.5
1.8072,49.7512438,50,-0.495024876,0.5,0.5
1.8073,49.7512438,50,-0.495024876,0.5,0.5
1.8074,49.7512438,50,-0.495024876,0.5,0.5
1.8075,49.7512438,50,-0.495024876,0.5,0.5
1.8076,49.7512438,50,-0.495024876,0.5,0.5
1.8077,49.7512438,50,-0.495024876,0.5,0.5
1.8078,49.7512438,50,-0.495024876,0.5,0.5
1.8079,49.7512438,50,-0.495024876,0.5,0.5
1.808,49.7512438,50,-0.495024876,0.5,0.5
1.8081,49.7512438,50,-0.495024876,0.5,0.5
1.8082,49.7512438,50,-0.495024876,0.5,0.5
1.8083,49.7512438,50,-0.495024876,0.5,0.5
1.8084,49.7512438,50,-0.495024876,0.5,0.5
1.8085,49.7512438,50,-0.495024876,0.5,0.5
1.8086,49.7512438,50,-0.495024876,0.5,0.5
1.8087,49.7512438,50,-0.495024876,0.5,0.5
1.8088,49.7512438,50,-0.495024876,0.5,0.5
1.8089,49.7512438,50,-0.495024876,0.5,0.5
1.809,49.7512438,50,-0.495024876,0.5,0.5
1.8091,49.7512438,50,-0.495024876,0.5,0.5
1.8092,49.7512438,50,-0.495024876,0.5,0.5
1.8093,49.7512438,50,-0.495024876,0.5,0.5
1.8094,49.7512438,50,-0.495024876,0.5,0.5
1.8095,49.7512438,50,-0.495024876,0.5,0.5
1.8096,49.7512438,50,-0.495024876,0.5,0.5
1.8097,49.7512438,50,-0.495024876,0.5,0.5
1.8098,49.7512438,50,-0.495024876,0.5,0.5
1.8099,49.7512438,50,-0.495024876,0.5,0.5
1.81,49.7512438,50,-0.495024876,0.5,0.5
1.8101,49.7512438,50,-0.495024876,0.5,0.5
1.8102,49.7512438,50,-0.495024876,0.5,0.5
1.8103,49.7512438,50,-0.495024876,0.5,0.5
1.8104,49.7512438,50,-0.495024876,0.5,0.5
1.8105,49.7512438,50,-0.495024876,0.5,0.5
1.8106,49.7512438,50,-0.495024876,0.5,0.5
1.8107,49.7512438,50,-0.495024876,0.5,0.5
1.8108,49.7512438,50,-0.495024876,0.5,0.5
1.8109,49.7512438,50,-0.495024876,0.5,0.5
1.811,49.7512438,50,-0.495024876,0.5,0.5
1.8111,49.7512438,50,-0.495024876,0.5,0.5
1.8112,49.7512438,50,-0.495024876,0.5,0.5
1.8113,49.7512438,50,-0.495024876,0.5,0.5
1.8114,49.7512438,50,-0.495024876,0.5,0.5
1.8115,49.7512438,50,-0.495024876,0.5,0.5
1.8116,49.7512438,50,-0.495024876,0.5,0.5
1.8117,49.7512438,50,-0.495024876,0.5,0.5
1.8118,49.7512438,50,-0.495024876,0.5,0.5
1.8119,49.7512438,50,-0.495024876,0.5,0.5
1.812,49.7512438,50,-0.495024876,0.5,0.5
1.8121,49.7512438,50,-0.495024876,0.5,0.5
1.8122,49.7512438,50,-0.495024876,0.5,0.5
1.8123,49.7512438,50,-0.495024876,0.5,0.5
1.8124,49.7512438,50,-0.495024876,0.5,0.5
1.8125,49.7512438,50,-0.495024876,0.5,0.5
1.8126,49.7512438,50,-0.495024876,0.5,0.5
1.8127,49.7512438,50,-0.495024876,0.5,0.5
1.8128,49.7512438,50,-0.495024876,0.5,0.5
1.8129,49.7512438,50,-0.495024876,0.5,0.5
1.813,49.7512438,50,-0.495024876,0.5,0.5
1.8131,49.7512438,50,-0.495024876,0.5,0.5
1.8132,49.7512438,50,-0.495024876,0.5,0.5
1.8133,49.7512438,50,-0.495024876,0.5,0.5
1.8134,49.7512438,50,-0.495024876,0.5,0.5
1.8135,49.7512438,50,-0.495024876,0.5,0.5
1.8136,49.7512438,50,-0.495024876,0.5,0.5
1.8137,49.7512438,50,-0.495024876,0.5,0.5
1.8138,49.7512438,50,-0.495024876,0.5,0.5
1.8139,49.7512438,50,-0.495024876,0.5,0.5
1.814,49.7512438,50,-0.495024876,0.5,0.5
1.8141,49.7512438,50,-0.495024876,0.5,0.5
1.8142,49.7512438,50,-0.495024876,0.5,0.5
1.8143,49.7512438,50,-0.495024876,0.5,0.5
1.8144,49.7512438,50,-0.495024876,0.5,0.5
1.8145,49.7512438,50,-0.495024876,0.5,0.5
1.8146,49.7512438,50,-0.495024876,0.5,0.5
1.8147,49.7512438,50,-0.495024876,0.5,0.5
1.8148,49.7512438,50,-0.495024876,0.5,0.5
1.8149,49.7512438,50,-0.495024876,0.5,0.5
1.815,49.7512438,50,-0.495024876,0.5,0.5
1.8151,49.7512438,50,-0.495024876,0.5,0.5
1.8152,49.7512438,50,-0.495024876,0.5,0.5
1.8153,49.7512438,50,-0.495024876,0.5,0.5
1.8154,49.7512438,50,-0.495024876,0.5,0.5
1.8155,49.7512438,50,-0.495024876,0.5,0.5
1.8156,49.7512438,50,-0.495024876,0.5,0.5
1.8157,49.7512438,50,-0.495024876,0.5,0.5
1.8158,49.7512438,50,-0.495024876,0.5,0.5
1.8159,49.7512438,50,-0.495024876,0.5,0.5
1.816,49.7512438,50,-0.495024876,0.5,0.5
1.8161,49.7512438,50,-0.495024876,0.5,0.5
1.8162,49.7512438,50,-0.495024876,0.5,0.5
1.8163,49.7512438,50,-0.495024876,0.5,0.5
1.8164,49.7512438,50,-0.495024876,0.5,0.5
1.8165,49.7512438,50,-0.495024876,0.5,0.5
1.8166,49.7512438,50,-0.495024876,0.5,0.5
1.8167,49.7512438,50,-0.495024876,0.5,0.5
1.8168,49.7512438,50,-0.495024876,0.5,0.5
1.8169,49.7512438,50,-0.495024876,0.5,0.5
1.817,49.7512438,50,-0.495024876,0.5,0.5
1.8171,49.7512438,50,-0.495024876,0.5,0.5
1.8172,49.7512438,50,-0.495024876,0.5,0.5
1.8173,49.7512438,50,-0.495024876,0.5,0.5
1.8174,49.7512438,50,-0.495024876,0.5,0.5
1.8175,49.7512438,50,-0.495024876,0.5,0.5
1.8176,49.7512438,50,-0.495024876,0.5,0.5
1.8177,49.7512438,50,-0.495024876,0.5,0.5
1.8178,49.7512438,50,-0.495024876,0.5,0.5
1.8179,49.7512438,50,-0.495024876,0.5,0.5
1.818,49.7512438,50,-0.495024876,0.5,0.5
1.8181,49.7512438,50,-0.495024876,0.5,0.5
1.8182,49.7512438,50,-0.495024876,0.5,0.5
1.8183,49.7512438,50,-0.495024876,0.5,0.5
1.8184,49.7512438,50,-0.495024876,0.5,0.5
1.8185,49.7512438,50,-0.495024876,0.5,0.5
1.8186,49.7512438,50,-0.495024876,0.5,0.5
1.8187,49.7512438,50,-0.495024876,0.5,0.5
1.8188,49.7512438,50,-0.495024876,0.5,0.5
1.8189,49.7512438,50,-0.495024876,0.5,0.5
1.819,49.7512438,50,-0.495024876,0.5,0.5
1.8191,49.7512438,50,-0.495024876,0.5,0.5
1.8192,49.7512438,50,-0.495024876,0.5,0.5
1.8193,49.7512438,50,-0.495024876,0.5,0.5
1.8194,49.7512438,50,-0.495024876,0.5,0.5
1.8195,49.7512438,50,-0.495024876,0.5,0.5
1.8196,49.7512438,50,-0.495024876,0.5,0.5
1.8197,49.7512438,50,-0.495024876,0.5,0.5
1.8198,49.7512438,50,-0.495024876,0.5,0.5
1.8199,49.7512438,50,-0.495024876,0.5,0.5
1.82,49.7512438,50,-0.495024876,0.5,0.5
1.8201,49.7512438,50,-0.495024876,0.5,0.5
1.8202,49.7512438,50,-0.495024876,0.5,0.5
1.8203,49.7512438,50,-0.495024876,0.5,0.5
1.8204,49.7512438,50,-0.495024876,0.5,0.5
1.8205,49.7512438,50,-0.495024876,0.5,0.5
1.8206,49.7512438,50,-0.495024876,0.5,0.5
1.8207,49.7512438,50,-0.495024876,0.5,0.5
1.8208,49.7512438,50,-0.495024876,0.5,0.5
1.8209,49.7512438,50,-0.495024876,0.5,0.5
1.821,49.7512438,50,-0.495024876,0.5,0.5
1.8211,49.7512438,50,-0.495024876,0.5,0.5
1.8212,49.7512438,50,-0.495024876,0.5,0.5
1.8213,49.7512438,50,-0.495024876,0.5,0.5
1.8214,49.7512438,50,-0.495024876,0.5,0.5
1.8215,49.7512438,50,-0.495024876,0.5,0.5
1.8216,49.7512438,50,-0.495024876,0.5,0.5
1.8217,49.7512438,50,-0.495024876,0.5,0.5
1.8218,49.7512438,50,-0.495024876,0.5,0.5
1.8219,49.7512438,50,-0.495024876,0.5,0.5
1.822,49.7512438,50,-0.495024876,0.5,0.5
1.8221,49.7512438,50,-0.495024876,0.5,0.5
1.8222,49.7512438,50,-0.495024876,0.5,0.5
1.8223,49.7512438,50,-0.495024876,0.5,0.5
1.8224,49.7512438,50,-0.495024876,0.5,0.5
1.8225,49.7512438,50,-0.495024876,0.5,0.5
1.8226,49.7512438,50,-0.495024876,0.5,0.5
1.8227,49.7512438,50,-0.495024876,0.5,0.5
1.8228,49.7512438,50,-0.495024876,0.5,0.5
1.8229,49.7512438,50,-0.495024876,0.5,0.5
1.823,49.7512438,50,-0.495024876,0.5,0.5
1.8231,49.7512438,50,-0.495024876,0.5,0.5
1.8232,49.7512438,50,-0.495024876,0.5,0.5
1.8233,49.7512438,50,-0.495024876,0.5,0.5
1.8234,49.7512438,50,-0.495024876,0.5,0.5
1.8235,49.7512438,50,-0.495024876,0.5,0.5
1.8236,49.7512438,50,-0.495024876,0.5,0.5
1.8237,49.7512438,50,-0.495024876,0.5,0.5
1.8238,49.7512438,50,-0.495024876,0.5,0.5
1.8239,49.7512438,50,-0.495024876,0.5,0.5
1.824,49.7512438,50,-0.495024876,0.5,0.5
1.8241,49.7512438,50,-0.495024876,0.5,0.5
1.8242,49.7512438,50,-0.495024876,0.5,0.5
1.8243,49.7512438,50,-0.495024876,0.5,0.5
1.8244,49.7512438,50,-0.495024876,0.5,0.5
1.8245,49.7512438,50,-0.495024876,0.5,0.5
1.8246,49.7512438,50,-0.495024876,0.5,0.5
1.8247,49.7512438,50,-0.495024876,0.5,0.5
1.8248,49.7512438,50,-0.495024876,0.5,0.5
1.8249,49.7512438,50,-0.495024876,0.5,0.5
1.825,49.7512438,50,-0.495024876,0.5,0.5
1.8251,49.7512438,50,-0.495024876,0.5,0.5
1.8252,49.7512438,50,-0.495024876,0.5,0.5
1.8253,49.7512438,50,-0.495024876,0.5,0.5
1.8254,49.7512438,50,-0.495024876,0.5,0.5
1.8255,49.7512438,50,-0.495024876,0.5,0.5
1.8256,49.7512438,50,-0.495024876,0.5,0.5
1.8257,49.7512438,50,-0.495024876,0.5,0.5
1.8258,49.7512438,50,-0.495024876,0.5,0.5
1.8259,49.7512438,50,-0.495024876,0.5,0.5
1.826,49.7512438,50,-0.495024876,0.5,0.5
1.8261,49.7512438,50,-0.495024876,0.5,0.5
1.8262,49.7512438,50,-0.495024876,0.5,0.5
1.8263,49.7512438,50,-0.495024876,0.5,0.5
1.8264,49.7512438,50,-0.495024876,0.5,0.5
1.8265,49.7512438,50,-0.495024876,0.5,0.5
1.8266,49.7512438,50,-0.495024876,0.5,0.5
1.8267,49.7512438,50,-0.495024876,0.5,0.5
1.8268,49.7512438,50,-0.495024876,0.5,0.5
1.8269,49.7512438,50,-0.495024876,0.5,0.5
1.827,49.7512438,50,-0.495024876,0.5,0.5
1.8271,49.7512438,50,-0.495024876,0.5,0.5
1.8272,49.7512438,50,-0.495024876,0.5,0.5
1.8273,49.7512438,50,-0.495024876,0.5,0.5
1.8274,49.7512438,50,-0.495024876,0.5,0.5
1.8275,49.7512438,50,-0.495024876,0.5,0.5
1.8276,49.7512438,50,-0.495024876,0.5,0.5
1.8277,49.7512438,50,-0.495024876,0.5,0.5
1.8278,49.7512438,50,-0.495024876,0.5,0.5
1.8279,49.7512438,50,-0.495024876,0.5,0.5
1.828,49.7512438,50,-0.495024876,0.5,0.5
1.8281,49.7512438,50,-0.495024876,0.5,0.5
1.8282,49.7512438,50,-0.495024876,0.5,0.5
1.8283,49.7512438,50,-0.495024876,0.5,0.5
1.8284,49.7512438,50,-0.495024876,0.5,0.5
1.8285,49.7512438,50,-0.495024876,0.5,0.5
1.8286,49.7512438,50,-0.495024876,0.5,0.5
1.8287,49.7512438,50,-0.495024876,0.5,0.5
1.8288,49.7512438,50,-0.495024876,0.5,0.5
1.8289,49.7512438,50,-0.495024876,0.5,0.5
1.829,49.7512438,50,-0.495024876,0.5,0.5
1.8291,49.7512438,50,-0.495024876,0.5,0.5
1.8292,49.7512438,50,-0.495024876,0.5,0.5
1.8293,49.7512438,50,-0.495024876,0.5,0.5
1.8294,49.7512438,50,-0.495024876,0.5,0.5
1.8295,49.7512438,50,-0.495024876,0.5,0.5
1.8296,49.7512438,50,-0.495024876,0.5,0.5
1.8297,49.7512438,50,-0.495024876,0.5,0.5
1.8298,49.7512438,50,-0.495024876,0.5,0.5
1.8299,49.7512438,50,-0.495024876,0.5,0.5
1.83,49.7512438,50,-0.495024876,0.5,0.5
1.8301,49.7512438,50,-0.495024876,0.5,0.5
1.8302,49.7512438,50,-0.495024876,0.5,0.5
1.8303,49.7512438,50,-0.495024876,0.5,0.5
1.8304,49.7512438,50,-0.495024876,0.5,0.5
1.8305,49.7512438,50,-0.495024876,0.5,0.5
1.8306,49.7512438,50,-0.495024876,0.5,0.5
1.8307,49.7512438,50,-0.495024876,0.5,0.5
1.8308,49.7512438,50,-0.495024876,0.5,0.5
1.8309,49.7512438,50,-0.495024876,0.5,0.5
1.831,49.7512438,50,-0.495024876,0.5,0.5
1.8311,49.7512438,50,-0.495024876,0.5,0.5
1.8312,49.7512438,50,-0.495024876,0.5,0.5
1.8313,49.7512438,50,-0.495024876,0.5,0.5
1.8314,49.7512438,50,-0.495024876,0.5,0.5
1.8315,49.7512438,50,-0.495024876,0.5,0.5
1.8316,49.7512438,50,-0.495024876,0.5,0.5
1.8317,49.7512438,50,-0.495024876,0.5,0.5
1.8318,49.7512438,50,-0.495024876,0.5,0.5
1.8319,49.7512438,50,-0.495024876,0.5,0.5
1.832,49.7512438,50,-0.495024876,0.5,0.5
1.8321,49.7512438,50,-0.495024876,0.5,0.5
1.8322,49.7512438,50,-0.495024876,0.5,0.5
1.8323,49.7512438,50,-0.495024876,0.5,0.5
1.8324,49.7512438,50,-0.495024876,0.5,0.5
1.8325,49.7512438,50,-0.495024876,0.5,0.5
1.8326,49.7512438,50,-0.495024876,0.5,0.5
1.8327,49.7512438,50,-0.495024876,0.5,0.5
1.8328,49.7512438,50,-0.495024876,0.5,0.5
1.8329,49.7512438,50,-0.495024876,0.5,0.5
1.833,49.7512438,50,-0.495024876,0.5,0.5
1.8331,49.7512438,50,-0.495024876,0.5,0.5
1.8332,49.7512438,50,-0.495024876,0.5,0.5
1.8333,49.7512438,50,-0.495024876,0.5,0.5
1.8334,49.7512438,50,-0.495024876,0.5,0.5
1.8335,49.7512438,50,-0.495024876,0.5,0.5
1.8336,49.7512438,50,-0.495024876,0.5,0.5
1.8337,49.7512438,50,-0.495024876,0.5,0.5
1.8338,49.7512438,50,-0.495024876,0.5,0.5
1.8339,49.7512438,50,-0.495024876,0.5,0.5
1.834,49.7512438,50,-0.495024876,0.5,0.5
1.8341,49.7512438,50,-0.495024876,0.5,0.5
1.8342,49.7512438,50,-0.495024876,0.5,0.5
1.8343,49.7512438,50,-0.495024876,0.5,0.5
1.8344,49.7512438,50,-0.495024876,0.5,0.5
1.8345,49.7512438,50,-0.495024876,0.5,0.5
1.8346,49.7512438,50,-0.495024876,0.5,0.5
1.8347,49.7512438,50,-0.495024876,0.5,0.5
1.8348,49.7512438,50,-0.495024876,0.5,0.5
1.8349,49.7512438,50,-0.495024876,0.5,0.5
1.835,49.7512438,50,-0.495024876,0.5,0.5
1.8351,49.7512438,50,-0.495024876,0.5,0.5
1.8352,49.7512438,50,-0.495024876,0.5,0.5
1.8353,49.7512438,50,-0.495024876,0.5,0.5
1.8354,49.7512438,50,-0.495024876,0.5,0.5
1.8355,49.7512438,50,-0.495024876,0.5,0.5
1.8356,49.7512438,50,-0.495024876,0.5,0.5
1.8357,49.7512438,50,-0.495024876,0.5,0.5
1.8358,49.7512438,50,-0.495024876,0.5,0.5
1.8359,49.7512438,50,-0.495024876,0.5,0.5
1.836,49.7512438,50,-0.495024876,0.5,0.5
1.8361,49.7512438,50,-0.495024876,0.5,0.5
1.8362,49.7512438,50,-0.495024876,0.5,0.5
1.8363,49.7512438,50,-0.495024876,0.5,0.5
1.8364,49.7512438,50,-0.495024876,0.5,0.5
1.8365,49.7512438,50,-0.495024876,0.5,0.5
1.8366,49.7512438,50,-0.495024876,0.5,0.5
1.8367,49.7512438,50,-0.495024876,0.5,0.5
1.8368,49.7512438,50,-0.495024876,0.5,0.5
1.8369,49.7512438,50,-0.495024876,0.5,0.5
1.837,49.7512438,50,-0.495024876,0.5,0.5
1.8371,49.7512438,50,-0.495024876,0.5,0.5
1.8372,49.7512438,50,-0.495024876,0.5,0.5
1.8373,49.7512438,50,-0.495024876,0.5,0.5
1.8374,49.7512438,50,-0.495024876,0.5,0.5
1.8375,49.7512438,50,-0.495024876,0.5,0.5
1.8376,49.7512438,50,-0.495024876,0.5,0.5
1.8377,49.7512438,50,-0.495024876,0.5,0.5
1.8378,49.7512438,50,-0.495024876,0.5,0.5
1.8379,49.7512438,50,-0.495024876,0.5,0.5
1.838,49.7512438,50,-0.495024876,0.5,0.5
1.8381,49.7512438,50,-0.495024876,0.5,0.5
1.8382,49.7512438,50,-0.495024876,0.5,0.5
1.8383,49.7512438,50,-0.495024876,0.5,0.5
1.8384,49.7512438,50,-0.495024876,0.5,0.5
1.8385,49.7512438,50,-0.495024876,0.5,0.5
1.8386,49.7512438,50,-0.495024876,0.5,0.5
1.8387,49.7512438,50,-0.495024876,0.5,0.5
1.8388,49.7512438,50,-0.495024876,0.5,0.5
1.8389,49.7512438,50,-0.495024876,0.5,0.5
1.839,49.7512438,50,-0.495024876,0.5,0.5
1.8391,49.7512438,50,-0.495024876,0.5,0.5
1.8392,49.7512438,50,-0.495024876,0.5,0.5
1.8393,49.7512438,50,-0.495024876,0.5,0.5
1.8394,49.7512438,50,-0.495024876,0.5,0.5
1.8395,49.7512438,50,-0.495024876,0.5,0.5
1.8396,49.7512438,50,-0.495024876,0.5,0.5
1.8397,49.7512438,50,-0.495024876,0.5,0.5
1.8398,49.7512438,50,-0.495024876,0.5,0.5
1.8399,49.7512438,50,-0.495024876,0.5,0.5
1.84,49.7512438,50,-0.495024876,0.5,0.5
1.8401,49.7512438,50,-0.495024876,0.5,0.5
1.8402,49.7512438,50,-0.495024876,0.5,0.5
1.8403,49.7512438,50,-0.495024876,0.5,0.5
1.8404,49.7512438,50,-0.495024876,0.5,0.5
1.8405,49.7512438,50,-0.495024876,0.5,0.5
1.8406,49.7512438,50,-0.495024876,0.5,0.5
1.8407,49.7512438,50,-0.495024876,0.5,0.5
1.8408,49.7512438,50,-0.495024876,0.5,0.5
1.8409,49.7512438,50,-0.495024876,0.5,0.5
1.841,49.7512438,50,-0.495024876,0.5,0.5
1.8411,49.7512438,50,-0.495024876,0.5,0.5
1.8412,49.7512438,50,-0.495024876,0.5,0.5
1.8413,49.7512438,50,-0.495024876,0.5,0.5
1.8414,49.7512438,50,-0.495024876,0.5,0.5
1.8415,49.7512438,50,-0.495024876,0.5,0.5
1.8416,49.7512438,50,-0.495024876,0.5,0.5
1.8417,49.7512438,50,-0.495024876,0.5,0.5
1.8418,49.7512438,50,-0.495024876,0.5,0.5
1.8419,49.7512438,50,-0.495024876,0.5,0.5
1.842,49.7512438,50,-0.495024876,0.5,0.5
1.8421,49.7512438,50,-0.495024876,0.5,0.5
1.8422,49.7512438,50,-0.495024876,0.5,0.5
1.8423,49.7512438,50,-0.495024876,0.5,0.5
1.8424,49.7512438,50,-0.495024876,0.5,0.5
1.8425,49.7512438,50,-0.495024876,0.5,0.5
1.8426,49.7512438,50,-0.495024876,0.5,0.5
1.8427,49.7512438,50,-0.495024876,0.5,0.5
1.8428,49.7512438,50,-0.495024876,0.5,0.5
1.8429,49.7512438,50,-0.495024876,0.5,0.5
1.843,49.7512438,50,-0.495024876,0.5,0.5
1.8431,49.7512438,50,-0.495024876,0.5,0.5
1.8432,49.7512438,50,-0.495024876,0.5,0.5
1.8433,49.7512438,50,-0.495024876,0.5,0.5
1.8434,49.7512438,50,-0.495024876,0.5,0.5
1.8435,49.7512438,50,-0.495024876,0.5,0.5
1.8436,49.7512438,50,-0.495024876,0.5,0.5
1.8437,49.7512438,50,-0.495024876,0.5,0.5
1.8438,49.7512438,50,-0.495024876,0.5,0.5
1.8439,49.7512438,50,-0.495024876,0.5,0.5
1.844,49.7512438,50,-0.495024876,0.5,0.5
1.8441,49.7512438,50,-0.495024876,0.5,0.5
1.8442,49.7512438,50,-0.495024876,0.5,0.5
1.8443,49.7512438,50,-0.495024876,0.5,0.5
1.8444,49.7512438,50,-0.495024876,0.5,0.5
1.8445,49.7512438,50,-0.495024876,0.5,0.5
1.8446,49.7512438,50,-0.495024876,0.5,0.5
1.8447,49.7512438,50,-0.495024876,0.5,0.5
1.8448,49.7512438,50,-0.495024876,0.5,0.5
1.8449,49.7512438,50,-0.495024876,0.5,0.5
1.845,49.7512438,50,-0.495024876,0.5,0.5
1.8451,49.7512438,50,-0.495024876,0.5,0.5
1.8452,49.7512438,50,-0.495024876,0.5,0.5
1.8453,49.7512438,50,-0.495024876,0.5,0.5
1.8454,49.7512438,50,-0.495024876,0.5,0.5
1.8455,49.7512438,50,-0.495024876,0.5,0.5
1.8456,49.7512438,50,-0.495024876,0.5,0.5
1.8457,49.7512438,50,-0.495024876,0.5,0.5
1.8458,49.7512438,50,-0.495024876,0.5,0.5
1.8459,49.7512438,50,-0.495024876,0.5,0.5
1.846,49.7512438,50,-0.495024876,0.5,0.5
1.8461,49.7512438,50,-0.495024876,0.5,0.5
1.8462,49.7512438,50,-0.495024876,0.5,0.5
1.8463,49.7512438,50,-0.495024876,0.5,0.5
1.8464,49.7512438,50,-0.495024876,0.5,0.5
1.8465,49.7512438,50,-0.495024876,0.5,0.5
1.8466,49.7512438,50,-0.495024876,0.5,0.5
1.8467,49.7512438,50,-0.495024876,0.5,0.5
1.8468,49.7512438,50,-0.495024876,0.5,0.5
1.8469,49.7512438,50,-0.495024876,0.5,0.5
1.847,49.7512438,50,-0.495024876,0.5,0.5
1.8471,49.7512438,50,-0.495024876,0.5,0.5
1.8472,49.7512438,50,-0.495024876,0.5,0.5
1.8473,49.7512438,50,-0.495024876,0.5,0.5
1.8474,49.7512438,50,-0.495024876,0.5,0.5
1.8475,49.7512438,50,-0.495024876,0.5,0.5
1.8476,49.7512438,50,-0.495024876,0.5,0.5
1.8477,49.7512438,50,-0.495024876,0.5,0.5
1.8478,49.7512438,50,-0.495024876,0.5,0.5
1.8479,49.7512438,50,-0.495024876,0.5,0.5
1.848,49.7512438,50,-0.495024876,0.5,0.5
1.8481,49.7512438,50,-0.495024876,0.5,0.5
1.8482,49.7512438,50,-0.495024876,0.5,0.5
1.8483,49.7512438,50,-0.495024876,0.5,0.5
1.8484,49.7512438,50,-0.495024876,0.5,0.5
1.8485,49.7512438,50,-0.495024876,0.5,0.5
1.8486,49.7512438,50,-0.495024876,0.5,0.5
1.8487,49.7512438,50,-0.495024876,0.5,0.5
1.8488,49.7512438,50,-0.495024876,0.5,0.5
1.8489,49.7512438,50,-0.495024876,0.5,0.5
1.849,49.7512438,50,-0.495024876,0.5,0.5
1.8491,49.7512438,50,-0.495024876,0.5,0.5
1.8492,49.7512438,50,-0.495024876,0.5,0.5
1.8493,49.7512438,50,-0.495024876,0.5,0.5
1.8494,49.7512438,50,-0.495024876,0.5,0.5
1.8495,49.7512438,50,-0.495024876,0.5,0.5
1.8496,49.7512438,50,-0.495024876,0.5,0.5
1.8497,49.7512438,50,-0.495024876,0.5,0.5
1.8498,49.7512438,50,-0.495024876,0.5,0.5
1.8499,49.7512438,50,-0.495024876,0.5,0.5
1.85,49.7512438,50,-0.495024876,0.5,0.5
1.8501,49.7512438,50,-0.495024876,0.5,0.5
1.8502,49.7512438,50,-0.495024876,0.5,0.5
1.8503,49.7512438,50,-0.495024876,0.5,0.5
1.8504,49.7512438,50,-0.495024876,0.5,0.5
1.8505,49.7512438,50,-0.495024876,0.5,0.5
1.8506,49.7512438,50,-0.495024876,0.5,0.5
1.8507,49.7512438,50,-0.495024876,0.5,0.5
1.8508,49.7512438,50,-0.495024876,0.5,0.5
1.8509,49.7512438,50,-0.495024876,0.5,0.5
1.851,49.7512438,50,-0.495024876,0.5,0.5
1.8511,49.7512438,50,-0.495024876,0.5,0.5
1.8512,49.7512438,50,-0.495024876,0.5,0.5
1.8513,49.7512438,50,-0.495024876,0.5,0.5
1.8514,49.7512438,50,-0.495024876,0.5,0.5
1.8515,49.7512438,50,-0.495024876,0.5,0.5
1.8516,49.7512438,50,-0.495024876,0.5,0.5
1.8517,49.7512438,50,-0.495024876,0.5,0.5
1.8518,49.7512438,50,-0.495024876,0.5,0.5
1.8519,49.7512438,50,-0.495024876,0.5,0.5
1.852,49.7512438,50,-0.495024876,0.5,0.5
1.8521,49.7512438,50,-0.495024876,0.5,0.5
1.8522,49.7512438,50,-0.495024876,0.5,0.5
1.8523,49.7512438,50,-0.495024876,0.5,0.5
1.8524,49.7512438,50,-0.495024876,0.5,0.5
1.8525,49.7512438,50,-0.495024876,0.5,0.5
1.8526,49.7512438,50,-0.495024876,0.5,0.5
1.8527,49.7512438,50,-0.495024876,0.5,0.5
1.8528,49.7512438,50,-0.495024876,0.5,0.5
1.8529,49.7512438,50,-0.495024876,0.5,0.5
1.853,49.7512438,50,-0.495024876,0.5,0.5
1.8531,49.7512438,50,-0.495024876,0.5,0.5
1.8532,49.7512438,50,-0.495024876,0.5,0.5
1.8533,49.7512438,50,-0.495024876,0.5,0.5
1.8534,49.7512438,50,-0.495024876,0.5,0.5
1.8535,49.7512438,50,-0.495024876,0.5,0.5
1.8536,49.7512438,50,-0.495024876,0.5,0.5
1.8537,49.7512438,50,-0.495024876,0.5,0.5
1.8538,49.7512438,50,-0.495024876,0.5,0.5
1.8539,49.7512438,50,-0.495024876,0.5,0.5
1.854,49.7512438,50,-0.495024876,0.5,0.5
1.8541,49.7512438,50,-0.495024876,0.5,0.5
1.8542,49.7512438,50,-0.495024876,0.5,0.5
1.8543,49.7512438,50,-0.495024876,0.5,0.5
1.8544,49.7512438,50,-0.495024876,0.5,0.5
1.8545,49.7512438,50,-0.495024876,0.5,0.5
1.8546,49.7512438,50,-0.495024876,0.5,0.5
1.8547,49.7512438,50,-0.495024876,0.5,0.5
1.8548,49.7512438,50,-0.495024876,0.5,0.5
1.8549,49.7512438,50,-0.495024876,0.5,0.5
1.855,49.7512438,50,-0.495024876,0.5,0.5
1.8551,49.7512438,50,-0.495024876,0.5,0.5
1.8552,49.7512438,50,-0.495024876,0.5,0.5
1.8553,49.7512438,50,-0.495024876,0.5,0.5
1.8554,49.7512438,50,-0.495024876,0.5,0.5
1.8555,49.7512438,50,-0.495024876,0.5,0.5
1.8556,49.7512438,50,-0.495024876,0.5,0.5
1.8557,49.7512438,50,-0.495024876,0.5,0.5
1.8558,49.7512438,50,-0.495024876,0.5,0.5
1.8559,49.7512438,50,-0.495024876,0.5,0.5
1.856,49.7512438,50,-0.495024876,0.5,0.5
1.8561,49.7512438,50,-0.495024876,0.5,0.5
1.8562,49.7512438,50,-0.495024876,0.5,0.5
1.8563,49.7512438,50,-0.495024876,0.5,0.5
1.8564,49.7512438,50,-0.495024876,0.5,0.5
1.8565,49.7512438,50,-0.495024876,0.5,0.5
1.8566,49.7512438,50,-0.495024876,0.5,0.5
1.8567,49.7512438,50,-0.495024876,0.5,0.5
1.8568,49.7512438,50,-0.495024876,0.5,0.5
1.8569,49.7512438,50,-0.495024876,0.5,0.5
1.857,49.7512438,50,-0.495024876,0.5,0.5
1.8571,49.7512438,50,-0.495024876,0.5,0.5
1.8572,49.7512438,50,-0.495024876,0.5,0.5
1.8573,49.7512438,50,-0.495024876,0.5,0.5
1.8574,49.7512438,50,-0.495024876,0.5,0.5
1.8575,49.7512438,50,-0.495024876,0.5,0.5
1.8576,49.7512438,50,-0.495024876,0.5,0.5
1.8577,49.7512438,50,-0.495024876,0.5,0.5
1.8578,49.7512438,50,-0.495024876,0.5,0.5
1.8579,49.7512438,50,-0.495024876,0.5,0.5
1.858,49.7512438,50,-0.495024876,0.5,0.5
1.8581,49.7512438,50,-0.495024876,0.5,0.5
1.8582,49.7512438,50,-0.495024876,0.5,0.5
1.8583,49.7512438,50,-0.495024876,0.5,0.5
1.8584,49.7512438,50,-0.495024876,0.5,0.5
1.8585,49.7512438,50,-0.495024876,0.5,0.5
1.8586,49.7512438,50,-0.495024876,0.5,0.5
1.8587,49.7512438,50,-0.495024876,0.5,0.5
1.8588,49.7512438,50,-0.495024876,0.5,0.5
1.8589,49.7512438,50,-0.495024876,0.5,0.5
1.859,49.7512438,50,-0.495024876,0.5,0.5
1.8591,49.7512438,50,-0.495024876,0.5,0.5
1.8592,49.7512438,50,-0.495024876,0.5,0.5
1.8593,49.7512438,50,-0.495024876,0.5,0.5
1.8594,49.7512438,50,-0.495024876,0.5,0.5
1.8595,49.7512438,50,-0.495024876,0.5,0.5
1.8596,49.7512438,50,-0.495024876,0.5,0.5
1.8597,49.7512438,50,-0.495024876,0.5,0.5
1.8598,49.7512438,50,-0.495024876,0.5,0.5
1.8599,49.7512438,50,-0.495024876,0.5,0.5
1.86,49.7512438,50,-0.495024876,0.5,0.5
1.8601,49.7512438,50,-0.495024876,0.5,0.5
1.8602,49.7512438,50,-0.495024876,0.5,0.5
1.8603,49.7512438,50,-0.495024876,0.5,0.5
1.8604,49.7512438,50,-0.495024876,0.5,0.5
1.8605,49.7512438,50,-0.495024876,0.5,0.5
1.8606,49.7512438,50,-0.495024876,0.5,0.5
1.8607,49.7512438,50,-0.495024876,0.5,0.5
1.8608,49.7512438,50,-0.495024876,0.5,0.5
1.8609,49.7512438,50,-0.495024876,0.5,0.5
1.861,49.7512438,50,-0.495024876,0.5,0.5
1.8611,49.7512438,50,-0.495024876,0.5,0.5
1.8612,49.7512438,50,-0.495024876,0.5,0.5
1.8613,49.7512438,50,-0.495024876,0.5,0.5
1.8614,49.7512438,50,-0.495024876,0.5,0.5
1.8615,49.7512438,50,-0.495024876,0.5,0.5
1.8616,49.7512438,50,-0.495024876,0.5,0.5
1.8617,49.7512438,50,-0.495024876,0.5,0.5
1.8618,49.7512438,50,-0.495024876,0.5,0.5
1.8619,49.7512438,50,-0.495024876,0.5,0.5
1.862,49.7512438,50,-0.495024876,0.5,0.5
1.8621,49.7512438,50,-0.495024876,0.5,0.5
1.8622,49.7512438,50,-0.495024876,0.5,0.5
1.8623,49.7512438,50,-0.495024876,0.5,0.5
1.8624,49.7512438,50,-0.495024876,0.5,0.5
1.8625,49.7512438,50,-0.495024876,0.5,0.5
1.8626,49.7512438,50,-0.495024876,0.5,0.5
1.8627,49.7512438,50,-0.495024876,0.5,0.5
1.8628,49.7512438,50,-0.495024876,0.5,0.5
1.8629,49.7512438,50,-0.495024876,0.5,0.5
1.863,49.7512438,50,-0.495024876,0.5,0.5
1.8631,49.7512438,50,-0.495024876,0.5,0.5
1.8632,49.7512438,50,-0.495024876,0.5,0.5
1.8633,49.7512438,50,-0.495024876,0.5,0.5
1.8634,49.7512438,50,-0.495024876,0.5,0.5
1.8635,49.7512438,50,-0.495024876,0.5,0.5
1.8636,49.7512438,50,-0.495024876,0.5,0.5
1.8637,49.7512438,50,-0.495024876,0.5,0.5
1.8638,49.7512438,50,-0.495024876,0.5,0.5
1.8639,49.7512438,50,-0.495024876,0.5,0.5
1.864,49.7512438,50,-0.495024876,0.5,0.5
1.8641,49.7512438,50,-0.495024876,0.5,0.5
1.8642,49.7512438,50,-0.495024876,0.5,0.5
1.8643,49.7512438,50,-0.495024876,0.5,0.5
1.8644,49.7512438,50,-0.495024876,0.5,0.5
1.8645,49.7512438,50,-0.495024876,0.5,0.5
1.8646,49.7512438,50,-0.495024876,0.5,0.5
1.8647,49.7512438,50,-0.495024876,0.5,0.5
1.8648,49.7512438,50,-0.495024876,0.5,0.5
1.8649,49.7512438,50,-0.495024876,0.5,0.5
1.865,49.7512438,50,-0.495024876,0.5,0.5
1.8651,49.7512438,50,-0.495024876,0.5,0.5
1.8652,49.7512438,50,-0.495024876,0.5,0.5
1.8653,49.7512438,50,-0.495024876,0.5,0.5
1.8654,49.7512438,50,-0.495024876,0.5,0.5
1.8655,49.7512438,50,-0.495024876,0.5,0.5
1.8656,49.7512438,50,-0.495024876,0.5,0.5
1.8657,49.7512438,50,-0.495024876,0.5,0.5
1.8658,49.7512438,50,-0.495024876,0.5,0.5
1.8659,49.7512438,50,-0.495024876,0.5,0.5
1.866,49.7512438,50,-0.495024876,0.5,0.5
1.8661,49.7512438,50,-0.495024876,0.5,0.5
1.8662,49.7512438,50,-0.495024876,0.5,0.5
1.8663,49.7512438,50,-0.495024876,0.5,0.5
1.8664,49.7512438,50,-0.495024876,0.5,0.5
1.8665,49.7512438,50,-0.495024876,0.5,0.5
1.8666,49.7512438,50,-0.495024876,0.5,0.5
1.8667,49.7512438,50,-0.495024876,0.5,0.5
1.8668,49.7512438,50,-0.495024876,0.5,0.5
1.8669,49.7512438,50,-0.495024876,0.5,0.5
1.867,49.7512438,50,-0.495024876,0.5,0.5
1.8671,49.7512438,50,-0.495024876,0.5,0.5
1.8672,49.7512438,50,-0.495024876,0.5,0.5
1.8673,49.7512438,50,-0.495024876,0.5,0.5
1.8674,49.7512438,50,-0.495024876,0.5,0.5
1.8675,49.7512438,50,-0.495024876,0.5,0.5
1.8676,49.7512438,50,-0.495024876,0.5,0.5
1.8677,49.7512438,50,-0.495024876,0.5,0.5
1.8678,49.7512438,50,-0.495024876,0.5,0.5
1.8679,49.7512438,50,-0.495024876,0.5,0.5
1.868,49.7512438,50,-0.495024876,0.5,0.5
1.8681,49.7512438,50,-0.495024876,0.5,0.5
1.8682,49.7512438,50,-0.495024876,0.5,0.5
1.8683,49.7512438,50,-0.495024876,0.5,0.5
1.8684,49.7512438,50,-0.495024876,0.5,0.5
1.8685,49.7512438,50,-0.495024876,0.5,0.5
1.8686,49.7512438,50,-0.495024876,0.5,0.5
1.8687,49.7512438,50,-0.495024876,0.5,0.5
1.8688,49.7512438,50,-0.495024876,0.5,0.5
1.8689,49.7512438,50,-0.495024876,0.5,0.5
1.869,49.7512438,50,-0.495024876,0.5,0.5
1.8691,49.7512438,50,-0.495024876,0.5,0.5
1.8692,49.7512438,50,-0.495024876,0.5,0.5
1.8693,49.7512438,50,-0.495024876,0.5,0.5
1.8694,49.7512438,50,-0.495024876,0.5,0.5
1.8695,49.7512438,50,-0.495024876,0.5,0.5
1.8696,49.7512438,50,-0.495024876,0.5,0.5
1.8697,49.7512438,50,-0.495024876,0.5,0.5
1.8698,49.7512438,50,-0.495024876,0.5,0.5
1.8699,49.7512438,50,-0.495024876,0.5,0.5
1.87,49.7512438,50,-0.495024876,0.5,0.5
1.8701,49.7512438,50,-0.495024876,0.5,0.5
1.8702,49.7512438,50,-0.495024876,0.5,0.5
1.8703,49.7512438,50,-0.495024876,0.5,0.5
1.8704,49.7512438,50,-0.495024876,0.5,0.5
1.8705,49.7512438,50,-0.495024876,0.5,0.5
1.8706,49.7512438,50,-0.495024876,0.5,0.5
1.8707,49.7512438,50,-0.495024876,0.5,0.5
1.8708,49.7512438,50,-0.495024876,0.5,0.5
1.8709,49.7512438,50,-0.495024876,0.5,0.5
1.871,49.7512438,50,-0.495024876,0.5,0.5
1.8711,49.7512438,50,-0.495024876,0.5,0.5
1.8712,49.7512438,50,-0.495024876,0.5,0.5
1.8713,49.7512438,50,-0.495024876,0.5,0.5
1.8714,49.7512438,50,-0.495024876,0.5,0.5
1.8715,49.7512438,50,-0.495024876,0.5,0.5
1.8716,49.7512438,50,-0.495024876,0.5,0.5
1.8717,49.7512438,50,-0.495024876,0.5,0.5
1.8718,49.7512438,50,-0.495024876,0.5,0.5
1.8719,49.7512438,50,-0.495024876,0.5,0.5
1.872,49.7512438,50,-0.495024876,0.5,0.5
1.8721,49.7512438,50,-0.495024876,0.5,0.5
1.8722,49.7512438,50,-0.495024876,0.5,0.5
1.8723,49.7512438,50,-0.495024876,0.5,0.5
1.8724,49.7512438,50,-0.495024876,0.5,0.5
1.8725,49.7512438,50,-0.495024876,0.5,0.5
1.8726,49.7512438,50,-0.495024876,0.5,0.5
1.8727,49.7512438,50,-0.495024876,0.5,0.5
1.8728,49.7512438,50,-0.495024876,0.5,0.5
1.8729,49.7512438,50,-0.495024876,0.5,0.5
1.873,49.7512438,50,-0.495024876,0.5,0.5
1.8731,49.7512438,50,-0.495024876,0.5,0.5
1.8732,49.7512438,50,-0.495024876,0.5,0.5
1.8733,49.7512438,50,-0.495024876,0.5,0.5
1.8734,49.7512438,50,-0.495024876,0.5,0.5
1.8735,49.7512438,50,-0.495024876,0.5,0.5
1.8736,49.7512438,50,-0.495024876,0.5,0.5
1.8737,49.7512438,50,-0.495024876,0.5,0.5
1.8738,49.7512438,50,-0.495024876,0.5,0.5
1.8739,49.7512438,50,-0.495024876,0.5,0.5
1.874,49.7512438,50,-0.495024876,0.5,0.5
1.8741,49.7512438,50,-0.495024876,0.5,0.5
1.8742,49.7512438,50,-0.495024876,0.5,0.5
1.8743,49.7512438,50,-0.495024876,0.5,0.5
1.8744,49.7512438,50,-0.495024876,0.5,0.5
1.8745,49.7512438,50,-0.495024876,0.5,0.5
1.8746,49.7512438,50,-0.495024876,0.5,0.5
1.8747,49.7512438,50,-0.495024876,0.5,0.5
1.8748,49.7512438,50,-0.495024876,0.5,0.5
1.8749,49.7512438,50,-0.495024876,0.5,0.5
1.875,49.7512438,50,-0.495024876,0.5,0.5
1.8751,49.7512438,50,-0.495024876,0.5,0.5
1.8752,49.7512438,50,-0.495024876,0.5,0.5
1.8753,49.7512438,50,-0.495024876,0.5,0.5
1.8754,49.7512438,50,-0.495024876,0.5,0.5
1.8755,49.7512438,50,-0.495024876,0.5,0.5
1.8756,49.7512438,50,-0.495024876,0.5,0.5
1.8757,49.7512438,50,-0.495024876,0.5,0.5
1.8758,49.7512438,50,-0.495024876,0.5,0.5
1.8759,49.7512438,50,-0.495024876,0.5,0.5
1.876,49.7512438,50,-0.495024876,0.5,0.5
1.8761,49.7512438,50,-0.495024876,0.5,0.5
1.8762,49.7512438,50,-0.495024876,0.5,0.5
1.8763,49.7512438,50,-0.495024876,0.5,0.5
1.8764,49.7512438,50,-0.495024876,0.5,0.5
1.8765,49.7512438,50,-0.495024876,0.5,0.5
1.8766,49.7512438,50,-0.495024876,0.5,0.5
1.8767,49.7512438,50,-0.495024876,0.5,0.5
1.8768,49.7512438,50,-0.495024876,0.5,0.5
1.8769,49.7512438,50,-0.495024876,0.5,0.5
1.877,49.7512438,50,-0.495024876,0.5,0.5
1.8771,49.7512438,50,-0.495024876,0.5,0.5
1.8772,49.7512438,50,-0.495024876,0.5,0.5
1.8773,49.7512438,50,-0.495024876,0.5,0.5
1.8774,49.7512438,50,-0.495024876,0.5,0.5
1.8775,49.7512438,50,-0.495024876,0.5,0.5
1.8776,49.7512438,50,-0.495024876,0.5,0.5
1.8777,49.7512438,50,-0.495024876,0.5,0.5
1.8778,49.7512438,50,-0.495024876,0.5,0.5
1.8779,49.7512438,50,-0.495024876,0.5,0.5
1.878,49.7512438,50,-0.495024876,0.5,0.5
1.8781,49.7512438,50,-0.495024876,0.5,0.5
1.8782,49.7512438,50,-0.495024876,0.5,0.5
1.8783,49.7512438,50,-0.495024876,0.5,0.5
1.8784,49.7512438,50,-0.495024876,0.5,0.5
1.8785,49.7512438,50,-0.495024876,0.5,0.5
1.8786,49.7512438,50,-0.495024876,0.5,0.5
1.8787,49.7512438,50,-0.495024876,0.5,0.5
1.8788,49.7512438,50,-0.495024876,0.5,0.5
1.8789,49.7512438,50,-0.495024876,0.5,0.5
1.879,49.7512438,50,-0.495024876,0.5,0.5
1.8791,49.7512438,50,-0.495024876,0.5,0.5
1.8792,49.7512438,50,-0.495024876,0.5,0.5
1.8793,49.7512438,50,-0.495024876,0.5,0.5
1.8794,49.7512438,50,-0.495024876,0.5,0.5
1.8795,49.7512438,50,-0.495024876,0.5,0.5
1.8796,49.7512438,50,-0.495024876,0.5,0.5
1.8797,49.7512438,50,-0.495024876,0.5,0.5
1.8798,49.7512438,50,-0.495024876,0.5,0.5
1.8799,49.7512438,50,-0.495024876,0.5,0.5
1.88,49.7512438,50,-0.495024876,0.5,0.5
1.8801,49.7512438,50,-0.495024876,0.5,0.5
1.8802,49.7512438,50,-0.495024876,0.5,0.5
1.8803,49.7512438,50,-0.495024876,0.5,0.5
1.8804,49.7512438,50,-0.495024876,0.5,0.5
1.8805,49.7512438,50,-0.495024876,0.5,0.5
1.8806,49.7512438,50,-0.495024876,0.5,0.5
1.8807,49.7512438,50,-0.495024876,0.5,0.5
1.8808,49.7512438,50,-0.495024876,0.5,0.5
1.8809,49.7512438,50,-0.495024876,0.5,0.5
1.881,49.7512438,50,-0.495024876,0.5,0.5
1.8811,49.7512438,50,-0.495024876,0.5,0.5
1.8812,49.7512438,50,-0.495024876,0.5,0.5
1.8813,49.7512438,50,-0.495024876,0.5,0.5
1.8814,49.7512438,50,-0.495024876,0.5,0.5
1.8815,49.7512438,50,-0.495024876,0.5,0.5
1.8816,49.7512438,50,-0.495024876,0.5,0.5
1.8817,49.7512438,50,-0.495024876,0.5,0.5
1.8818,49.7512438,50,-0.495024876,0.5,0.5
1.8819,49.7512438,50,-0.495024876,0.5,0.5
1.882,49.7512438,50,-0.495024876,0.5,0.5
1.8821,49.7512438,50,-0.495024876,0.5,0.5
1.8822,49.7512438,50,-0.495024876,0.5,0.5
1.8823,49.7512438,50,-0.495024876,0.5,0.5
1.8824,49.7512438,50,-0.495024876,0.5,0.5
1.8825,49.7512438,50,-0.495024876,0.5,0.5
1.8826,49.7512438,50,-0.495024876,0.5,0.5
1.8827,49.7512438,50,-0.495024876,0.5,0.5
1.8828,49.7512438,50,-0.495024876,0.5,0.5
1.8829,49.7512438,50,-0.495024876,0.5,0.5
1.883,49.7512438,50,-0.495024876,0.5,0.5
1.8831,49.7512438,50,-0.495024876,0.5,0.5
1.8832,49.7512438,50,-0.495024876,0.5,0.5
1.8833,49.7512438,50,-0.495024876,0.5,0.5
1.8834,49.7512438,50,-0.495024876,0.5,0.5
1.8835,49.7512438,50,-0.495024876,0.5,0.5
1.8836,49.7512438,50,-0.495024876,0.5,0.5
1.8837,49.7512438,50,-0.495024876,0.5,0.5
1.8838,49.7512438,50,-0.495024876,0.5,0.5
1.8839,49.7512438,50,-0.495024876,0.5,0.5
1.884,49.7512438,50,-0.495024876,0.5,0.5
1.8841,49.7512438,50,-0.495024876,0.5,0.5
1.8842,49.7512438,50,-0.495024876,0.5,0.5
1.8843,49.7512438,50,-0.495024876,0.5,0.5
1.8844,49.7512438,50,-0.495024876,0.5,0.5
1.8845,49.7512438,50,-0.495024876,0.5,0.5
1.8846,49.7512438,50,-0.495024876,0.5,0.5
1.8847,49.7512438,50,-0.495024876,0.5,0.5
1.8848,49.7512438,50,-0.495024876,0.5,0.5
1.8849,49.7512438,50,-0.495024876,0.5,0.5
1.885,49.7512438,50,-0.495024876,0.5,0.5
1.8851,49.7512438,50,-0.495024876,0.5,0.5
1.8852,49.7512438,50,-0.495024876,0.5,0.5
1.8853,49.7512438,50,-0.495024876,0.5,0.5
1.8854,49.7512438,50,-0.495024876,0.5,0.5
1.8855,49.7512438,50,-0.495024876,0.5,0.5
1.8856,49.7512438,50,-0.495024876,0.5,0.5
1.8857,49.7512438,50,-0.495024876,0.5,0.5
1.8858,49.7512438,50,-0.495024876,0.5,0.5
1.8859,49.7512438,50,-0.495024876,0.5,0.5
1.886,49.7512438,50,-0.495024876,0.5,0.5
1.8861,49.7512438,50,-0.495024876,0.5,0.5
1.8862,49.7512438,50,-0.495024876,0.5,0.5
1.8863,49.7512438,50,-0.495024876,0.5,0.5
1.8864,49.7512438,50,-0.495024876,0.5,0.5
1.8865,49.7512438,50,-0.495024876,0.5,0.5
1.8866,49.7512438,50,-0.495024876,0.5,0.5
1.8867,49.7512438,50,-0.495024876,0.5,0.5
1.8868,49.7512438,50,-0.495024876,0.5,0.5
1.8869,49.7512438,50,-0.495024876,0.5,0.5
1.887,49.7512438,50,-0.495024876,0.5,0.5
1.8871,49.7512438,50,-0.495024876,0.5,0.5
1.8872,49.7512438,50,-0.495024876,0.5,0.5
1.8873,49.7512438,50,-0.495024876,0.5,0.5
1.8874,49.7512438,50,-0.495024876,0.5,0.5
1.8875,49.7512438,50,-0.495024876,0.5,0.5
1.8876,49.7512438,50,-0.495024876,0.5,0.5
1.8877,49.7512438,50,-0.495024876,0.5,0.5
1.8878,49.7512438,50,-0.495024876,0.5,0.5
1.8879,49.7512438,50,-0.495024876,0.5,0.5
1.888,49.7512438,50,-0.495024876,0.5,0.5
1.8881,49.7512438,50,-0.495024876,0.5,0.5
1.8882,49.7512438,50,-0.495024876,0.5,0.5
1.8883,49.7512438,50,-0.495024876,0.5,0.5
1.8884,49.7512438,50,-0.495024876,0.5,0.5
1.8885,49.7512438,50,-0.495024876,0.5,0.5
1.8886,49.7512438,50,-0.495024876,0.5,0.5
1.8887,49.7512438,50,-0.495024876,0.5,0.5
1.8888,49.7512438,50,-0.495024876,0.5,0.5
1.8889,49.7512438,50,-0.495024876,0.5,0.5
1.889,49.7512438,50,-0.495024876,0.5,0.5
1.8891,49.7512438,50,-0.495024876,0.5,0.5
1.8892,49.7512438,50,-0.495024876,0.5,0.5
1.8893,49.7512438,50,-0.495024876,0.5,0.5
1.8894,49.7512438,50,-0.495024876,0.5,0.5
1.8895,49.7512438,50,-0.495024876,0.5,0.5
1.8896,49.7512438,50,-0.495024876,0.5,0.5
1.8897,49.7512438,50,-0.495024876,0.5,0.5
1.8898,49.7512438,50,-0.495024876,0.5,0.5
1.8899,49.7512438,50,-0.495024876,0.5,0.5
1.89,49.7512438,50,-0.495024876,0.5,0.5
1.8901,49.7512438,50,-0.495024876,0.5,0.5
1.8902,49.7512438,50,-0.495024876,0.5,0.5
1.8903,49.7512438,50,-0.495024876,0.5,0.5
1.8904,49.7512438,50,-0.495024876,0.5,0.5
1.8905,49.7512438,50,-0.495024876,0.5,0.5
1.8906,49.7512438,50,-0.495024876,0.5,0.5
1.8907,49.7512438,50,-0.495024876,0.5,0.5
1.8908,49.7512438,50,-0.495024876,0.5,0.5
1.8909,49.7512438,50,-0.495024876,0.5,0.5
1.891,49.7512438,50,-0.495024876,0.5,0.5
1.8911,49.7512438,50,-0.495024876,0.5,0.5
1.8912,49.7512438,50,-0.495024876,0.5,0.5
1.8913,49.7512438,50,-0.495024876,0.5,0.5
1.8914,49.7512438,50,-0.495024876,0.5,0.5
1.8915,49.7512438,50,-0.495024876,0.5,0.5
1.8916,49.7512438,50,-0.495024876,0.5,0.5
1.8917,49.7512438,50,-0.495024876,0.5,0.5
1.8918,49.7512438,50,-0.495024876,0.5,0.5
1.8919,49.7512438,50,-0.495024876,0.5,0.5
1.892,49.7512438,50,-0.495024876,0.5,0.5
1.8921,49.7512438,50,-0.495024876,0.5,0.5
1.8922,49.7512438,50,-0.495024876,0.5,0.5
1.8923,49.7512438,50,-0.495024876,0.5,0.5
1.8924,49.7512438,50,-0.495024876,0.5,0.5
1.8925,49.7512438,50,-0.495024876,0.5,0.5
1.8926,49.7512438,50,-0.495024876,0.5,0.5
1.8927,49.7512438,50,-0.495024876,0.5,0.5
1.8928,49.7512438,50,-0.495024876,0.5,0.5
1.8929,49.7512438,50,-0.495024876,0.5,0.5
1.893,49.7512438,50,-0.495024876,0.5,0.5
1.8931,49.7512438,50,-0.495024876,0.5,0.5
1.8932,49.7512438,50,-0.495024876,0.5,0.5
1.8933,49.7512438,50,-0.495024876,0.5,0.5
1.8934,49.7512438,50,-0.495024876,0.5,0.5
1.8935,49.7512438,50,-0.495024876,0.5,0.5
1.8936,49.7512438,50,-0.495024876,0.5,0.5
1.8937,49.7512438,50,-0.495024876,0.5,0.5
1.8938,49.7512438,50,-0.495024876,0.5,0.5
1.8939,49.7512438,50,-0.495024876,0.5,0.5
1.894,49.7512438,50,-0.495024876,0.5,0.5
1.8941,49.7512438,50,-0.495024876,0.5,0.5
1.8942,49.7512438,50,-0.495024876,0.5,0.5
1.8943,49.7512438,50,-0.495024876,0.5,0.5
1.8944,49.7512438,50,-0.495024876,0.5,0.5
1.8945,49.7512438,50,-0.495024876,0.5,0.5
1.8946,49.7512438,50,-0.495024876,0.5,0.5
1.8947,49.7512438,50,-0.495024876,0.5,0.5
1.8948,49.7512438,50,-0.495024876,0.5,0.5
1.8949,49.7512438,50,-0.495024876,0.5,0.5
1.895,49.7512438,50,-0.495024876,0.5,0.5
1.8951,49.7512438,50,-0.495024876,0.5,0.5
1.8952,49.7512438,50,-0.495024876,0.5,0.5
1.8953,49.7512438,50,-0.495024876,0.5,0.5
1.8954,49.7512438,50,-0.495024876,0.5,0.5
1.8955,49.7512438,50,-0.495024876,0.5,0.5
1.8956,49.7512438,50,-0.495024876,0.5,0.5
1.8957,49.7512438,50,-0.495024876,0.5,0.5
1.8958,49.7512438,50,-0.495024876,0.5,0.5
1.8959,49.7512438,50,-0.495024876,0.5,0.5
1.896,49.7512438,50,-0.495024876,0.5,0.5
1.8961,49.7512438,50,-0.495024876,0.5,0.5
1.8962,49.7512438,50,-0.495024876,0.5,0.5
1.8963,49.7512438,50,-0.495024876,0.5,0.5
1.8964,49.7512438,50,-0.495024876,0.5,0.5
1.8965,49.7512438,50,-0.495024876,0.5,0.5
1.8966,49.7512438,50,-0.495024876,0.5,0.5
1.8967,49.7512438,50,-0.495024876,0.5,0.5
1.8968,49.7512438,50,-0.495024876,0.5,0.5
1.8969,49.7512438,50,-0.495024876,0.5,0.5
1.897,49.7512438,50,-0.495024876,0.5,0.5
1.8971,49.7512438,50,-0.495024876,0.5,0.5
1.8972,49.7512438,50,-0.495024876,0.5,0.5
1.8973,49.7512438,50,-0.495024876,0.5,0.5
1.8974,49.7512438,50,-0.495024876,0.5,0.5
1.8975,49.7512438,50,-0.495024876,0.5,0.5
1.8976,49.7512438,50,-0.495024876,0.5,0.5
1.8977,49.7512438,50,-0.495024876,0.5,0.5
1.8978,49.7512438,50,-0.495024876,0.5,0.5
1.8979,49.7512438,50,-0.495024876,0.5,0.5
1.898,49.7512438,50,-0.495024876,0.5,0.5
1.8981,49.7512438,50,-0.495024876,0.5,0.5
1.8982,49.7512438,50,-0.495024876,0.5,0.5
1.8983,49.7512438,50,-0.495024876,0.5,0.5
1.8984,49.7512438,50,-0.495024876,0.5,0.5
1.8985,49.7512438,50,-0.495024876,0.5,0.5
1.8986,49.7512438,50,-0.495024876,0.5,0.5
1.8987,49.7512438,50,-0.495024876,0.5,0.5
1.8988,49.7512438,50,-0.495024876,0.5,0.5
1.8989,49.7512438,50,-0.495024876,0.5,0.5
1.899,49.7512438,50,-0.495024876,0.5,0.5
1.8991,49.7512438,50,-0.495024876,0.5,0.5
1.8992,49.7512438,50,-0.495024876,0.5,0.5
1.8993,49.7512438,50,-0.495024876,0.5,0.5
1.8994,49.7512438,50,-0.495024876,0.5,0.5
1.8995,49.7512438,50,-0.495024876,0.5,0.5
1.8996,49.7512438,50,-0.495024876,0.5,0.5
1.8997,49.7512438,50,-0.495024876,0.5,0.5
1.8998,49.7512438,50,-0.495024876,0.5,0.5
1.8999,49.7512438,50,-0.495024876,0.5,0.5
1.9,49.7512438,50,-0.495024876,0.5,0.5
1.9001,49.7512438,50,-0.495024876,0.5,0.5
1.9002,49.7512438,50,-0.495024876,0.5,0.5
1.9003,49.7512438,50,-0.495024876,0.5,0.5
1.9004,49.7512438,50,-0.495024876,0.5,0.5
1.9005,49.7512438,50,-0.495024876,0.5,0.5
1.9006,49.7512438,50,-0.495024876,0.5,0.5
1.9007,49.7512438,50,-0.495024876,0.5,0.5
1.9008,49.7512438,50,-0.495024876,0.5,0.5
1.9009,49.7512438,50,-0.495024876,0.5,0.5
1.901,49.7512438,50,-0.495024876,0.5,0.5
1.9011,49.7512438,50,-0.495024876,0.5,0.5
1.9012,49.7512438,50,-0.495024876,0.5,0.5
1.9013,49.7512438,50,-0.495024876,0.5,0.5
1.9014,49.7512438,50,-0.495024876,0.5,0.5
1.9015,49.7512438,50,-0.495024876,0.5,0.5
1.9016,49.7512438,50,-0.495024876,0.5,0.5
1.9017,49.7512438,50,-0.495024876,0.5,0.5
1.9018,49.7512438,50,-0.495024876,0.5,0.5
1.9019,49.7512438,50,-0.495024876,0.5,0.5
1.902,49.7512438,50,-0.495024876,0.5,0.5
1.9021,49.7512438,50,-0.495024876,0.5,0.5
1.9022,49.7512438,50,-0.495024876,0.5,0.5
1.9023,49.7512438,50,-0.495024876,0.5,0.5
1.9024,49.7512438,50,-0.495024876,0.5,0.5
1.9025,49.7512438,50,-0.495024876,0.5,0.5
1.9026,49.7512438,50,-0.495024876,0.5,0.5
1.9027,49.7512438,50,-0.495024876,0.5,0.5
1.9028,49.7512438,50,-0.495024876,0.5,0.5
1.9029,49.7512438,50,-0.495024876,0.5,0.5
1.903,49.7512438,50,-0.495024876,0.5,0.5
1.9031,49.7512438,50,-0.495024876,0.5,0.5
1.9032,49.7512438,50,-0.495024876,0.5,0.5
1.9033,49.7512438,50,-0.495024876,0.5,0.5
1.9034,49.7512438,50,-0.495024876,0.5,0.5
1.9035,49.7512438,50,-0.495024876,0.5,0.5
1.9036,49.7512438,50,-0.495024876,0.5,0.5
1.9037,49.7512438,50,-0.495024876,0.5,0.5
1.9038,49.7512438,50,-0.495024876,0.5,0.5
1.9039,49.7512438,50,-0.495024876,0.5,0.5
1.904,49.7512438,50,-0.495024876,0.5,0.5
1.9041,49.7512438,50,-0.495024876,0.5,0.5
1.9042,49.7512438,50,-0.495024876,0.5,0.5
1.9043,49.7512438,50,-0.495024876,0.5,0.5
1.9044,49.7512438,50,-0.495024876,0.5,0.5
1.9045,49.7512438,50,-0.495024876,0.5,0.5
1.9046,49.7512438,50,-0.495024876,0.5,0.5
1.9047,49.7512438,50,-0.495024876,0.5,0.5
1.9048,49.7512438,50,-0.495024876,0.5,0.5
1.9049,49.7512438,50,-0.495024876,0.5,0.5
1.905,49.7512438,50,-0.495024876,0.5,0.5
1.9051,49.7512438,50,-0.495024876,0.5,0.5
1.9052,49.7512438,50,-0.495024876,0.5,0.5
1.9053,49.7512438,50,-0.495024876,0.5,0.5
1.9054,49.7512438,50,-0.495024876,0.5,0.5
1.9055,49.7512438,50,-0.495024876,0.5,0.5
1.9056,49.7512438,50,-0.495024876,0.5,0.5
1.9057,49.7512438,50,-0.495024876,0.5,0.5
1.9058,49.7512438,50,-0.495024876,0.5,0.5
1.9059,49.7512438,50,-0.495024876,0.5,0.5
1.906,49.7512438,50,-0.495024876,0.5,0.5
1.9061,49.7512438,50,-0.495024876,0.5,0.5
1.9062,49.7512438,50,-0.495024876,0.5,0.5
1.9063,49.7512438,50,-0.495024876,0.5,0.5
1.9064,49.7512438,50,-0.495024876,0.5,0.5
1.9065,49.7512438,50,-0.495024876,0.5,0.5
1.9066,49.7512438,50,-0.495024876,0.5,0.5
1.9067,49.7512438,50,-0.495024876,0.5,0.5
1.9068,49.7512438,50,-0.495024876,0.5,0.5
1.9069,49.7512438,50,-0.495024876,0.5,0.5
1.907,49.7512438,50,-0.495024876,0.5,0.5
1.9071,49.7512438,50,-0.495024876,0.5,0.5
1.9072,49.7512438,50,-0.495024876,0.5,0.5
1.9073,49.7512438,50,-0.495024876,0.5,0.5
1.9074,49.7512438,50,-0.495024876,0.5,0.5
1.9075,49.7512438,50,-0.495024876,0.5,0.5
1.9076,49.7512438,50,-0.495024876,0.5,0.5
1.9077,49.7512438,50,-0.495024876,0.5,0.5
1.9078,49.7512438,50,-0.495024876,0.5,0.5
1.9079,49.7512438,50,-0.495024876,0.5,0.5
1.908,49.7512438,50,-0.495024876,0.5,0.5
1.9081,49.7512438,50,-0.495024876,0.5,0.5
1.9082,49.7512438,50,-0.495024876,0.5,0.5
1.9083,49.7512438,50,-0.495024876,0.5,0.5
1.9084,49.7512438,50,-0.495024876,0.5,0.5
1.9085,49.7512438,50,-0.495024876,0.5,0.5
1.9086,49.7512438,50,-0.495024876,0.5,0.5
1.9087,49.7512438,50,-0.495024876,0.5,0.5
1.9088,49.7512438,50,-0.495024876,0.5,0.5
1.9089,49.7512438,50,-0.495024876,0.5,0.5
1.909,49.7512438,50,-0.495024876,0.5,0.5
1.9091,49.7512438,50,-0.495024876,0.5,0.5
1.9092,49.7512438,50,-0.495024876,0.5,0.5
1.9093,49.7512438,50,-0.495024876,0.5,0.5
1.9094,49.7512438,50,-0.495024876,0.5,0.5
1.9095,49.7512438,50,-0.495024876,0.5,0.5
1.9096,49.7512438,50,-0.495024876,0.5,0.5
1.9097,49.7512438,50,-0.495024876,0.5,0.5
1.9098,49.7512438,50,-0.495024876,0.5,0.5
1.9099,49.7512438,50,-0.495024876,0.5,0.5
1.91,49.7512438,50,-0.495024876,0.5,0.5
1.9101,49.7512438,50,-0.495024876,0.5,0.5
1.9102,49.7512438,50,-0.495024876,0.5,0.5
1.9103,49.7512438,50,-0.495024876,0.5,0.5
1.9104,49.7512438,50,-0.495024876,0.5,0.5
1.9105,49.7512438,50,-0.495024876,0.5,0.5
1.9106,49.7512438,50,-0.495024876,0.5,0.5
1.9107,49.7512438,50,-0.495024876,0.5,0.5
1.9108,49.7512438,50,-0.495024876,0.5,0.5
1.9109,49.7512438,50,-0.495024876,0.5,0.5
1.911,49.7512438,50,-0.495024876,0.5,0.5
1.9111,49.7512438,50,-0.495024876,0.5,0.5
1.9112,49.7512438,50,-0.495024876,0.5,0.5
1.9113,49.7512438,50,-0.495024876,0.5,0.5
1.9114,49.7512438,50,-0.495024876,0.5,0.5
1.9115,49.7512438,50,-0.495024876,0.5,0.5
1.9116,49.7512438,50,-0.495024876,0.5,0.5
1.9117,49.7512438,50,-0.495024876,0.5,0.5
1.9118,49.7512438,50,-0.495024876,0.5,0.5
1.9119,49.7512438,50,-0.495024876,0.5,0.5
1.912,49.7512438,50,-0.495024876,0.5,0.5
1.9121,49.7512438,50,-0.495024876,0.5,0.5
1.9122,49.7512438,50,-0.495024876,0.5,0.5
1.9123,49.7512438,50,-0.495024876,0.5,0.5
1.9124,49.7512438,50,-0.495024876,0.5,0.5
1.9125,49.7512438,50,-0.495024876,0.5,0.5
1.9126,49.7512438,50,-0.495024876,0.5,0.5
1.9127,49.7512438,50,-0.495024876,0.5,0.5
1.9128,49.7512438,50,-0.495024876,0.5,0.5
1.9129,49.7512438,50,-0.495024876,0.5,0.5
1.913,49.7512438,50,-0.495024876,0.5,0.5
1.9131,49.7512438,50,-0.495024876,0.5,0.5
1.9132,49.7512438,50,-0.495024876,0.5,0.5
1.9133,49.7512438,50,-0.495024876,0.5,0.5
1.9134,49.7512438,50,-0.495024876,0.5,0.5
1.9135,49.7512438,50,-0.495024876,0.5,0.5
1.9136,49.7512438,50,-0.495024876,0.5,0.5
1.9137,49.7512438,50,-0.495024876,0.5,0.5
1.9138,49.7512438,50,-0.495024876,0.5,0.5
1.9139,49.7512438,50,-0.495024876,0.5,0.5
1.914,49.7512438,50,-0.495024876,0.5,0.5
1.9141,49.7512438,50,-0.495024876,0.5,0.5
1.9142,49.7512438,50,-0.495024876,0.5,0.5
1.9143,49.7512438,50,-0.495024876,0.5,0.5
1.9144,49.7512438,50,-0.495024876,0.5,0.5
1.9145,49.7512438,50,-0.495024876,0.5,0.5
1.9146,49.7512438,50,-0.495024876,0.5,0.5
1.9147,49.7512438,50,-0.495024876,0.5,0.5
1.9148,49.7512438,50,-0.495024876,0.5,0.5
1.9149,49.7512438,50,-0.495024876,0.5,0.5
1.915,49.7512438,50,-0.495024876,0.5,0.5
1.9151,49.7512438,50,-0.495024876,0.5,0.5
1.9152,49.7512438,50,-0.495024876,0.5,0.5
1.9153,49.7512438,50,-0.495024876,0.5,0.5
1.9154,49.7512438,50,-0.495024876,0.5,0.5
1.9155,49.7512438,50,-0.495024876,0.5,0.5
1.9156,49.7512438,50,-0.495024876,0.5,0.5
1.9157,49.7512438,50,-0.495024876,0.5,0.5
1.9158,49.7512438,50,-0.495024876,0.5,0.5
1.9159,49.7512438,50,-0.495024876,0.5,0.5
1.916,49.7512438,50,-0.495024876,0.5,0.5
1.9161,49.7512438,50,-0.495024876,0.5,0.5
1.9162,49.7512438,50,-0.495024876,0.5,0.5
1.9163,49.7512438,50,-0.495024876,0.5,0.5
1.9164,49.7512438,50,-0.495024876,0.5,0.5
1.9165,49.7512438,50,-0.495024876,0.5,0.5
1.9166,49.7512438,50,-0.495024876,0.5,0.5
1.9167,49.7512438,50,-0.495024876,0.5,0.5
1.9168,49.7512438,50,-0.495024876,0.5,0.5
1.9169,49.7512438,50,-0.495024876,0.5,0.5
1.917,49.7512438,50,-0.495024876,0.5,0.5
1.9171,49.7512438,50,-0.495024876,0.5,0.5
1.9172,49.7512438,50,-0.495024876,0.5,0.5
1.9173,49.7512438,50,-0.495024876,0.5,0.5
1.9174,49.7512438,50,-0.495024876,0.5,0.5
1.9175,49.7512438,50,-0.495024876,0.5,0.5
1.9176,49.7512438,50,-0.495024876,0.5,0.5
1.9177,49.7512438,50,-0.495024876,0.5,0.5
1.9178,49.7512438,50,-0.495024876,0.5,0.5
1.9179,49.7512438,50,-0.495024876,0.5,0.5
1.918,49.7512438,50,-0.495024876,0.5,0.5
1.9181,49.7512438,50,-0.495024876,0.5,0.5
1.9182,49.7512438,50,-0.495024876,0.5,0.5
1.9183,49.7512438,50,-0.495024876,0.5,0.5
1.9184,49.7512438,50,-0.495024876,0.5,0.5
1.9185,49.7512438,50,-0.495024876,0.5,0.5
1.9186,49.7512438,50,-0.495024876,0.5,0.5
1.9187,49.7512438,50,-0.495024876,0.5,0.5
1.9188,49.7512438,50,-0.495024876,0.5,0.5
1.9189,49.7512438,50,-0.495024876,0.5,0.5
1.919,49.7512438,50,-0.495024876,0.5,0.5
1.9191,49.7512438,50,-0.495024876,0.5,0.5
1.9192,49.7512438,50,-0.495024876,0.5,0.5
1.9193,49.7512438,50,-0.495024876,0.5,0.5
1.9194,49.7512438,50,-0.495024876,0.5,0.5
1.9195,49.7512438,50,-0.495024876,0.5,0.5
1.9196,49.7512438,50,-0.495024876,0.5,0.5
1.9197,49.7512438,50,-0.495024876,0.5,0.5
1.9198,49.7512438,50,-0.495024876,0.5,0.5
1.9199,49.7512438,50,-0.495024876,0.5,0.5
1.92,49.7512438,50,-0.495024876,0.5,0.5
1.9201,49.7512438,50,-0.495024876,0.5,0.5
1.9202,49.7512438,50,-0.495024876,0.5,0.5
1.9203,49.7512438,50,-0.495024876,0.5,0.5
1.9204,49.7512438,50,-0.495024876,0.5,0.5
1.9205,49.7512438,50,-0.495024876,0.5,0.5
1.9206,49.7512438,50,-0.495024876,0.5,0.5
1.9207,49.7512438,50,-0.495024876,0.5,0.5
1.9208,49.7512438,50,-0.495024876,0.5,0.5
1.9209,49.7512438,50,-0.495024876,0.5,0.5
1.921,49.7512438,50,-0.495024876,0.5,0.5
1.9211,49.7512438,50,-0.495024876,0.5,0.5
1.9212,49.7512438,50,-0.495024876,0.5,0.5
1.9213,49.7512438,50,-0.495024876,0.5,0.5
1.9214,49.7512438,50,-0.495024876,0.5,0.5
1.9215,49.7512438,50,-0.495024876,0.5,0.5
1.9216,49.7512438,50,-0.495024876,0.5,0.5
1.9217,49.7512438,50,-0.495024876,0.5,0.5
1.9218,49.7512438,50,-0.495024876,0.5,0.5
1.9219,49.7512438,50,-0.495024876,0.5,0.5
1.922,49.7512438,50,-0.495024876,0.5,0.5
1.9221,49.7512438,50,-0.495024876,0.5,0.5
1.9222,49.7512438,50,-0.495024876,0.5,0.5
1.9223,49.7512438,50,-0.495024876,0.5,0.5
1.9224,49.7512438,50,-0.495024876,0.5,0.5
1.9225,49.7512438,50,-0.495024876,0.5,0.5
1.9226,49.7512438,50,-0.495024876,0.5,0.5
1.9227,49.7512438,50,-0.495024876,0.5,0.5
1.9228,49.7512438,50,-0.495024876,0.5,0.5
1.9229,49.7512438,50,-0.495024876,0.5,0.5
1.923,49.7512438,50,-0.495024876,0.5,0.5
1.9231,49.7512438,50,-0.495024876,0.5,0.5
1.9232,49.7512438,50,-0.495024876,0.5,0.5
1.9233,49.7512438,50,-0.495024876,0.5,0.5
1.9234,49.7512438,50,-0.495024876,0.5,0.5
1.9235,49.7512438,50,-0.495024876,0.5,0.5
1.9236,49.7512438,50,-0.495024876,0.5,0.5
1.9237,49.7512438,50,-0.495024876,0.5,0.5
1.9238,49.7512438,50,-0.495024876,0.5,0.5
1.9239,49.7512438,50,-0.495024876,0.5,0.5
1.924,49.7512438,50,-0.495024876,0.5,0.5
1.9241,49.7512438,50,-0.495024876,0.5,0.5
1.9242,49.7512438,50,-0.495024876,0.5,0.5
1.9243,49.7512438,50,-0.495024876,0.5,0.5
1.9244,49.7512438,50,-0.495024876,0.5,0.5
1.9245,49.7512438,50,-0.495024876,0.5,0.5
1.9246,49.7512438,50,-0.495024876,0.5,0.5
1.9247,49.7512438,50,-0.495024876,0.5,0.5
1.9248,49.7512438,50,-0.495024876,0.5,0.5
1.9249,49.7512438,50,-0.495024876,0.5,0.5
1.925,49.7512438,50,-0.495024876,0.5,0.5
1.9251,49.7512438,50,-0.495024876,0.5,0.5
1.9252,49.7512438,50,-0.495024876,0.5,0.5
1.9253,49.7512438,50,-0.495024876,0.5,0.5
1.9254,49.7512438,50,-0.495024876,0.5,0.5
1.9255,49.7512438,50,-0.495024876,0.5,0.5
1.9256,49.7512438,50,-0.495024876,0.5,0.5
1.9257,49.7512438,50,-0.495024876,0.5,0.5
1.9258,49.7512438,50,-0.495024876,0.5,0.5
1.9259,49.7512438,50,-0.495024876,0.5,0.5
1.926,49.7512438,50,-0.495024876,0.5,0.5
1.9261,49.7512438,50,-0.495024876,0.5,0.5
1.9262,49.7512438,50,-0.495024876,0.5,0.5
1.9263,49.7512438,50,-0.495024876,0.5,0.5
1.9264,49.7512438,50,-0.495024876,0.5,0.5
1.9265,49.7512438,50,-0.495024876,0.5,0.5
1.9266,49.7512438,50,-0.495024876,0.5,0.5
1.9267,49.7512438,50,-0.495024876,0.5,0.5
1.9268,49.7512438,50,-0.495024876,0.5,0.5
1.9269,49.7512438,50,-0.495024876,0.5,0.5
1.927,49.7512438,50,-0.495024876,0.5,0.5
1.9271,49.7512438,50,-0.495024876,0.5,0.5
1.9272,49.7512438,50,-0.495024876,0.5,0.5
1.9273,49.7512438,50,-0.495024876,0.5,0.5
1.9274,49.7512438,50,-0.495024876,0.5,0.5
1.9275,49.7512438,50,-0.495024876,0.5,0.5
1.9276,49.7512438,50,-0.495024876,0.5,0.5
1.9277,49.7512438,50,-0.495024876,0.5,0.5
1.9278,49.7512438,50,-0.495024876,0.5,0.5
1.9279,49.7512438,50,-0.495024876,0.5,0.5
1.928,49.7512438,50,-0.495024876,0.5,0.5
1.9281,49.7512438,50,-0.495024876,0.5,0.5
1.9282,49.7512438,50,-0.495024876,0.5,0.5
1.9283,49.7512438,50,-0.495024876,0.5,0.5
1.9284,49.7512438,50,-0.495024876,0.5,0.5
1.9285,49.7512438,50,-0.495024876,0.5,0.5
1.9286,49.7512438,50,-0.495024876,0.5,0.5
1.9287,49.7512438,50,-0.495024876,0.5,0.5
1.9288,49.7512438,50,-0.495024876,0.5,0.5
1.9289,49.7512438,50,-0.495024876,0.5,0.5
1.929,49.7512438,50,-0.495024876,0.5,0.5
1.9291,49.7512438,50,-0.495024876,0.5,0.5
1.9292,49.7512438,50,-0.495024876,0.5,0.5
1.9293,49.7512438,50,-0.495024876,0.5,0.5
1.9294,49.7512438,50,-0.495024876,0.5,0.5
1.9295,49.7512438,50,-0.495024876,0.5,0.5
1.9296,49.7512438,50,-0.495024876,0.5,0.5
1.9297,49.7512438,50,-0.495024876,0.5,0.5
1.9298,49.7512438,50,-0.495024876,0.5,0.5
1.9299,49.7512438,50,-0.495024876,0.5,0.5
1.93,49.7512438,50,-0.495024876,0.5,0.5
1.9301,49.7512438,50,-0.495024876,0.5,0.5
1.9302,49.7512438,50,-0.495024876,0.5,0.5
1.9303,49.7512438,50,-0.495024876,0.5,0.5
1.9304,49.7512438,50,-0.495024876,0.5,0.5
1.9305,49.7512438,50,-0.495024876,0.5,0.5
1.9306,49.7512438,50,-0.495024876,0.5,0.5
1.9307,49.7512438,50,-0.495024876,0.5,0.5
1.9308,49.7512438,50,-0.495024876,0.5,0.5
1.9309,49.7512438,50,-0.495024876,0.5,0.5
1.931,49.7512438,50,-0.495024876,0.5,0.5
1.9311,49.7512438,50,-0.495024876,0.5,0.5
1.9312,49.7512438,50,-0.495024876,0.5,0.5
1.9313,49.7512438,50,-0.495024876,0.5,0.5
1.9314,49.7512438,50,-0.495024876,0.5,0.5
1.9315,49.7512438,50,-0.495024876,0.5,0.5
1.9316,49.7512438,50,-0.495024876,0.5,0.5
1.9317,49.7512438,50,-0.495024876,0.5,0.5
1.9318,49.7512438,50,-0.495024876,0.5,0.5
1.9319,49.7512438,50,-0.495024876,0.5,0.5
1.932,49.7512438,50,-0.495024876,0.5,0.5
1.9321,49.7512438,50,-0.495024876,0.5,0.5
1.9322,49.7512438,50,-0.495024876,0.5,0.5
1.9323,49.7512438,50,-0.495024876,0.5,0.5
1.9324,49.7512438,50,-0.495024876,0.5,0.5
1.9325,49.7512438,50,-0.495024876,0.5,0.5
1.9326,49.7512438,50,-0.495024876,0.5,0.5
1.9327,49.7512438,50,-0.495024876,0.5,0.5
1.9328,49.7512438,50,-0.495024876,0.5,0.5
1.9329,49.7512438,50,-0.495024876,0.5,0.5
1.933,49.7512438,50,-0.495024876,0.5,0.5
1.9331,49.7512438,50,-0.495024876,0.5,0.5
1.9332,49.7512438,50,-0.495024876,0.5,0.5
1.9333,49.7512438,50,-0.495024876,0.5,0.5
1.9334,49.7512438,50,-0.495024876,0.5,0.5
1.9335,49.7512438,50,-0.495024876,0.5,0.5
1.9336,49.7512438,50,-0.495024876,0.5,0.5
1.9337,49.7512438,50,-0.495024876,0.5,0.5
1.9338,49.7512438,50,-0.495024876,0.5,0.5
1.9339,49.7512438,50,-0.495024876,0.5,0.5
1.934,49.7512438,50,-0.495024876,0.5,0.5
1.9341,49.7512438,50,-0.495024876,0.5,0.5
1.9342,49.7512438,50,-0.495024876,0.5,0.5
1.9343,49.7512438,50,-0.495024876,0.5,0.5
1.9344,49.7512438,50,-0.495024876,0.5,0.5
1.9345,49.7512438,50,-0.495024876,0.5,0.5
1.9346,49.7512438,50,-0.495024876,0.5,0.5
1.9347,49.7512438,50,-0.495024876,0.5,0.5
1.9348,49.7512438,50,-0.495024876,0.5,0.5
1.9349,49.7512438,50,-0.495024876,0.5,0.5
1.935,49.7512438,50,-0.495024876,0.5,0.5
1.9351,49.7512438,50,-0.495024876,0.5,0.5
1.9352,49.7512438,50,-0.495024876,0.5,0.5
1.9353,49.7512438,50,-0.495024876,0.5,0.5
1.9354,49.7512438,50,-0.495024876,0.5,0.5
1.9355,49.7512438,50,-0.495024876,0.5,0.5
1.9356,49.7512438,50,-0.495024876,0.5,0.5
1.9357,49.7512438,50,-0.495024876,0.5,0.5
1.9358,49.7512438,50,-0.495024876,0.5,0.5
1.9359,49.7512438,50,-0.495024876,0.5,0.5
1.936,49.7512438,50,-0.495024876,0.5,0.5
1.9361,49.7512438,50,-0.495024876,0.5,0.5
1.9362,49.7512438,50,-0.495024876,0.5,0.5
1.9363,49.7512438,50,-0.495024876,0.5,0.5
1.9364,49.7512438,50,-0.495024876,0.5,0.5
1.9365,49.7512438,50,-0.495024876,0.5,0.5
1.9366,49.7512438,50,-0.495024876,0.5,0.5
1.9367,49.7512438,50,-0.495024876,0.5,0.5
1.9368,49.7512438,50,-0.495024876,0.5,0.5
1.9369,49.7512438,50,-0.495024876,0.5,0.5
1.937,49.7512438,50,-0.495024876,0.5,0.5
1.9371,49.7512438,50,-0.495024876,0.5,0.5
1.9372,49.7512438,50,-0.495024876,0.5,0.5
1.9373,49.7512438,50,-0.495024876,0.5,0.5
1.9374,49.7512438,50,-0.495024876,0.5,0.5
1.9375,49.7512438,50,-0.495024876,0.5,0.5
1.9376,49.7512438,50,-0.495024876,0.5,0.5
1.9377,49.7512438,50,-0.495024876,0.5,0.5
1.9378,49.7512438,50,-0.495024876,0.5,0.5
1.9379,49.7512438,50,-0.495024876,0.5,0.5
1.938,49.7512438,50,-0.495024876,0.5,0.5
1.9381,49.7512438,50,-0.495024876,0.5,0.5
1.9382,49.7512438,50,-0.495024876,0.5,0.5
1.9383,49.7512438,50,-0.495024876,0.5,0.5
1.9384,49.7512438,50,-0.495024876,0.5,0.5
1.9385,49.7512438,50,-0.495024876,0.5,0.5
1.9386,49.7512438,50,-0.495024876,0.5,0.5
1.9387,49.7512438,50,-0.495024876,0.5,0.5
1.9388,49.7512438,50,-0.495024876,0.5,0.5
1.9389,49.7512438,50,-0.495024876,0.5,0.5
1.939,49.7512438,50,-0.495024876,0.5,0.5
1.9391,49.7512438,50,-0.495024876,0.5,0.5
1.9392,49.7512438,50,-0.495024876,0.5,0.5
1.9393,49.7512438,50,-0.495024876,0.5,0.5
1.9394,49.7512438,50,-0.495024876,0.5,0.5
1.9395,49.7512438,50,-0.495024876,0.5,0.5
1.9396,49.7512438,50,-0.495024876,0.5,0.5
1.9397,49.7512438,50,-0.495024876,0.5,0.5
1.9398,49.7512438,50,-0.495024876,0.5,0.5
1.9399,49.7512438,50,-0.495024876,0.5,0.5
1.94,49.7512438,50,-0.495024876,0.5,0.5
1.9401,49.7512438,50,-0.495024876,0.5,0.5
1.9402,49.7512438,50,-0.495024876,0.5,0.5
1.9403,49.7512438,50,-0.495024876,0.5,0.5
1.9404,49.7512438,50,-0.495024876,0.5,0.5
1.9405,49.7512438,50,-0.495024876,0.5,0.5
1.9406,49.7512438,50,-0.495024876,0.5,0.5
1.9407,49.7512438,50,-0.495024876,0.5,0.5
1.9408,49.7512438,50,-0.495024876,0.5,0.5
1.9409,49.7512438,50,-0.495024876,0.5,0.5
1.941,49.7512438,50,-0.495024876,0.5,0.5
1.9411,49.7512438,50,-0.495024876,0.5,0.5
1.9412,49.7512438,50,-0.495024876,0.5,0.5
1.9413,49.7512438,50,-0.495024876,0.5,0.5
1.9414,49.7512438,50,-0.495024876,0.5,0.5
1.9415,49.7512438,50,-0.495024876,0.5,0.5
1.9416,49.7512438,50,-0.495024876,0.5,0.5
1.9417,49.7512438,50,-0.495024876,0.5,0.5
1.9418,49.7512438,50,-0.495024876,0.5,0.5
1.9419,49.7512438,50,-0.495024876,0.5,0.5
1.942,49.7512438,50,-0.495024876,0.5,0.5
1.9421,49.7512438,50,-0.495024876,0.5,0.5
1.9422,49.7512438,50,-0.495024876,0.5,0.5
1.9423,49.7512438,50,-0.495024876,0.5,0.5
1.9424,49.7512438,50,-0.495024876,0.5,0.5
1.9425,49.7512438,50,-0.495024876,0.5,0.5
1.9426,49.7512438,50,-0.495024876,0.5,0.5
1.9427,49.7512438,50,-0.495024876,0.5,0.5
1.9428,49.7512438,50,-0.495024876,0.5,0.5
1.9429,49.7512438,50,-0.495024876,0.5,0.5
1.943,49.7512438,50,-0.495024876,0.5,0.5
1.9431,49.7512438,50,-0.495024876,0.5,0.5
1.9432,49.7512438,50,-0.495024876,0.5,0.5
1.9433,49.7512438,50,-0.495024876,0.5,0.5
1.9434,49.7512438,50,-0.495024876,0.5,0.5
1.9435,49.7512438,50,-0.495024876,0.5,0.5
1.9436,49.7512438,50,-0.495024876,0.5,0.5
1.9437,49.7512438,50,-0.495024876,0.5,0.5
1.9438,49.7512438,50,-0.495024876,0.5,0.5
1.9439,49.7512438,50,-0.495024876,0.5,0.5
1.944,49.7512438,50,-0.495024876,0.5,0.5
1.9441,49.7512438,50,-0.495024876,0.5,0.5
1.9442,49.7512438,50,-0.495024876,0.5,0.5
1.9443,49.7512438,50,-0.495024876,0.5,0.5
1.9444,49.7512438,50,-0.495024876,0.5,0.5
1.9445,49.7512438,50,-0.495024876,0.5,0.5
1.9446,49.7512438,50,-0.495024876,0.5,0.5
1.9447,49.7512438,50,-0.495024876,0.5,0.5
1.9448,49.7512438,50,-0.495024876,0.5,0.5
1.9449,49.7512438,50,-0.495024876,0.5,0.5
1.945,49.7512438,50,-0.495024876,0.5,0.5
1.9451,49.7512438,50,-0.495024876,0.5,0.5
1.9452,49.7512438,50,-0.495024876,0.5,0.5
1.9453,49.7512438,50,-0.495024876,0.5,0.5
1.9454,49.7512438,50,-0.495024876,0.5,0.5
1.9455,49.7512438,50,-0.495024876,0.5,0.5
1.9456,49.7512438,50,-0.495024876,0.5,0.5
1.9457,49.7512438,50,-0.495024876,0.5,0.5
1.9458,49.7512438,50,-0.495024876,0.5,0.5
1.9459,49.7512438,50,-0.495024876,0.5,0.5
1.946,49.7512438,50,-0.495024876,0.5,0.5
1.9461,49.7512438,50,-0.495024876,0.5,0.5
1.9462,49.7512438,50,-0.495024876,0.5,0.5
1.9463,49.7512438,50,-0.495024876,0.5,0.5
1.9464,49.7512438,50,-0.495024876,0.5,0.5
1.9465,49.7512438,50,-0.495024876,0.5,0.5
1.9466,49.7512438,50,-0.495024876,0.5,0.5
1.9467,49.7512438,50,-0.495024876,0.5,0.5
1.9468,49.7512438,50,-0.495024876,0.5,0.5
1.9469,49.7512438,50,-0.495024876,0.5,0.5
1.947,49.7512438,50,-0.495024876,0.5,0.5
1.9471,49.7512438,50,-0.495024876,0.5,0.5
1.9472,49.7512438,50,-0.495024876,0.5,0.5
1.9473,49.7512438,50,-0.495024876,0.5,0.5
1.9474,49.7512438,50,-0.495024876,0.5,0.5
1.9475,49.7512438,50,-0.495024876,0.5,0.5
1.9476,49.7512438,50,-0.495024876,0.5,0.5
1.9477,49.7512438,50,-0.495024876,0.5,0.5
1.9478,49.7512438,50,-0.495024876,0.5,0.5
1.9479,49.7512438,50,-0.495024876,0.5,0.5
1.948,49.7512438,50,-0.495024876,0.5,0.5
1.9481,49.7512438,50,-0.495024876,0.5,0.5
1.9482,49.7512438,50,-0.495024876,0.5,0.5
1.9483,49.7512438,50,-0.495024876,0.5,0.5
1.9484,49.7512438,50,-0.495024876,0.5,0.5
1.9485,49.7512438,50,-0.495024876,0.5,0.5
1.9486,49.7512438,50,-0.495024876,0.5,0.5
1.9487,49.7512438,50,-0.495024876,0.5,0.5
1.9488,49.7512438,50,-0.495024876,0.5,0.5
1.9489,49.7512438,50,-0.495024876,0.5,0.5
1.949,49.7512438,50,-0.495024876,0.5,0.5
1.9491,49.7512438,50,-0.495024876,0.5,0.5
1.9492,49.7512438,50,-0.495024876,0.5,0.5
1.9493,49.7512438,50,-0.495024876,0.5,0.5
1.9494,49.7512438,50,-0.495024876,0.5,0.5
1.9495,49.7512438,50,-0.495024876,0.5,0.5
1.9496,49.7512438,50,-0.495024876,0.5,0.5
1.9497,49.7512438,50,-0.495024876,0.5,0.5
1.9498,49.7512438,50,-0.495024876,0.5,0.5
1.9499,49.7512438,50,-0.495024876,0.5,0.5
1.95,49.7512438,50,-0.495024876,0.5,0.5
1.9501,49.7512438,50,-0.495024876,0.5,0.5
1.9502,49.7512438,50,-0.495024876,0.5,0.5
1.9503,49.7512438,50,-0.495024876,0.5,0.5
1.9504,49.7512438,50,-0.495024876,0.5,0.5
1.9505,49.7512438,50,-0.495024876,0.5,0.5
1.9506,49.7512438,50,-0.495024876,0.5,0.5
1.9507,49.7512438,50,-0.495024876,0.5,0.5
1.9508,49.7512438,50,-0.495024876,0.5,0.5
1.9509,49.7512438,50,-0.495024876,0.5,0.5
1.951,49.7512438,50,-0.495024876,0.5,0.5
1.9511,49.7512438,50,-0.495024876,0.5,0.5
1.9512,49.7512438,50,-0.495024876,0.5,0.5
1.9513,49.7512438,50,-0.495024876,0.5,0.5
1.9514,49.7512438,50,-0.495024876,0.5,0.5
1.9515,49.7512438,50,-0.495024876,0.5,0.5
1.9516,49.7512438,50,-0.495024876,0.5,0.5
1.9517,49.7512438,50,-0.495024876,0.5,0.5
1.9518,49.7512438,50,-0.495024876,0.5,0.5
1.9519,49.7512438,50,-0.495024876,0.5,0.5
1.952,49.7512438,50,-0.495024876,0.5,0.5
1.9521,49.7512438,50,-0.495024876,0.5,0.5
1.9522,49.7512438,50,-0.495024876,0.5,0.5
1.9523,49.7512438,50,-0.495024876,0.5,0.5
1.9524,49.7512438,50,-0.495024876,0.5,0.5
1.9525,49.7512438,50,-0.495024876,0.5,0.5
1.9526,49.7512438,50,-0.495024876,0.5,0.5
1.9527,49.7512438,50,-0.495024876,0.5,0.5
1.9528,49.7512438,50,-0.495024876,0.5,0.5
1.9529,49.7512438,50,-0.495024876,0.5,0.5
1.953,49.7512438,50,-0.495024876,0.5,0.5
1.9531,49.7512438,50,-0.495024876,0.5,0.5
1.9532,49.7512438,50,-0.495024876,0.5,0.5
1.9533,49.7512438,50,-0.495024876,0.5,0.5
1.9534,49.7512438,50,-0.495024876,0.5,0.5
1.9535,49.7512438,50,-0.495024876,0.5,0.5
1.9536,49.7512438,50,-0.495024876,0.5,0.5
1.9537,49.7512438,50,-0.495024876,0.5,0.5
1.9538,49.7512438,50,-0.495024876,0.5,0.5
1.9539,49.7512438,50,-0.495024876,0.5,0.5
1.954,49.7512438,50,-0.495024876,0.5,0.5
1.9541,49.7512438,50,-0.495024876,0.5,0.5
1.9542,49.7512438,50,-0.495024876,0.5,0.5
1.9543,49.7512438,50,-0.495024876,0.5,0.5
1.9544,49.7512438,50,-0.495024876,0.5,0.5
1.9545,49.7512438,50,-0.495024876,0.5,0.5
1.9546,49.7512438,50,-0.495024876,0.5,0.5
1.9547,49.7512438,50,-0.495024876,0.5,0.5
1.9548,49.7512438,50,-0.495024876,0.5,0.5
1.9549,49.7512438,50,-0.495024876,0.5,0.5
1.955,49.7512438,50,-0.495024876,0.5,0.5
1.9551,49.7512438,50,-0.495024876,0.5,0.5
1.9552,49.7512438,50,-0.495024876,0.5,0.5
1.9553,49.7512438,50,-0.495024876,0.5,0.5
1.9554,49.7512438,50,-0.495024876,0.5,0.5
1.9555,49.7512438,50,-0.495024876,0.5,0.5
1.9556,49.7512438,50,-0.495024876,0.5,0.5
1.9557,49.7512438,50,-0.495024876,0.5,0.5
1.9558,49.7512438,50,-0.495024876,0.5,0.5
1.9559,49.7512438,50,-0.495024876,0.5,0.5
1.956,49.7512438,50,-0.495024876,0.5,0.5
1.9561,49.7512438,50,-0.495024876,0.5,0.5
1.9562,49.7512438,50,-0.495024876,0.5,0.5
1.9563,49.7512438,50,-0.495024876,0.5,0.5
1.9564,49.7512438,50,-0.495024876,0.5,0.5
1.9565,49.7512438,50,-0.495024876,0.5,0.5
1.9566,49.7512438,50,-0.495024876,0.5,0.5
1.9567,49.7512438,50,-0.495024876,0.5,0.5
1.9568,49.7512438,50,-0.495024876,0.5,0.5
1.9569,49.7512438,50,-0.495024876,0.5,0.5
1.957,49.7512438,50,-0.495024876,0.5,0.5
1.9571,49.7512438,50,-0.495024876,0.5,0.5
1.9572,49.7512438,50,-0.495024876,0.5,0.5
1.9573,49.7512438,50,-0.495024876,0.5,0.5
1.9574,49.7512438,50,-0.495024876,0.5,0.5
1.9575,49.7512438,50,-0.495024876,0.5,0.5
1.9576,49.7512438,50,-0.495024876,0.5,0.5
1.9577,49.7512438,50,-0.495024876,0.5,0.5
1.9578,49.7512438,50,-0.495024876,0.5,0.5
1.9579,49.7512438,50,-0.495024876,0.5,0.5
1.958,49.7512438,50,-0.495024876,0.5,0.5
1.9581,49.7512438,50,-0.495024876,0.5,0.5
1.9582,49.7512438,50,-0.495024876,0.5,0.5
1.9583,49.7512438,50,-0.495024876,0.5,0.5
1.9584,49.7512438,50,-0.495024876,0.5,0.5
1.9585,49.7512438,50,-0.495024876,0.5,0.5
1.9586,49.7512438,50,-0.495024876,0.5,0.5
1.9587,49.7512438,50,-0.495024876,0.5,0.5
1.9588,49.7512438,50,-0.495024876,0.5,0.5
1.9589,49.7512438,50,-0.495024876,0.5,0.5
1.959,49.7512438,50,-0.495024876,0.5,0.5
1.9591,49.7512438,50,-0.495024876,0.5,0.5
1.9592,49.7512438,50,-0.495024876,0.5,0.5
1.9593,49.7512438,50,-0.495024876,0.5,0.5
1.9594,49.7512438,50,-0.495024876,0.5,0.5
1.9595,49.7512438,50,-0.495024876,0.5,0.5
1.9596,49.7512438,50,-0.495024876,0.5,0.5
1.9597,49.7512438,50,-0.495024876,0.5,0.5
1.9598,49.7512438,50,-0.495024876,0.5,0.5
1.9599,49.7512438,50,-0.495024876,0.5,0.5
1.96,49.7512438,50,-0.495024876,0.5,0.5
1.9601,49.7512438,50,-0.495024876,0.5,0.5
1.9602,49.7512438,50,-0.495024876,0.5,0.5
1.9603,49.7512438,50,-0.495024876,0.5,0.5
1.9604,49.7512438,50,-0.495024876,0.5,0.5
1.9605,49.7512438,50,-0.495024876,0.5,0.5
1.9606,49.7512438,50,-0.495024876,0.5,0.5
1.9607,49.7512438,50,-0.495024876,0.5,0.5
1.9608,49.7512438,50,-0.495024876,0.5,0.5
1.9609,49.7512438,50,-0.495024876,0.5,0.5
1.961,49.7512438,50,-0.495024876,0.5,0.5
1.9611,49.7512438,50,-0.495024876,0.5,0.5
1.9612,49.7512438,50,-0.495024876,0.5,0.5
1.9613,49.7512438,50,-0.495024876,0.5,0.5
1.9614,49.7512438,50,-0.495024876,0.5,0.5
1.9615,49.7512438,50,-0.495024876,0.5,0.5
1.9616,49.7512438,50,-0.495024876,0.5,0.5
1.9617,49.7512438,50,-0.495024876,0.5,0.5
1.9618,49.7512438,50,-0.495024876,0.5,0.5
1.9619,49.7512438,50,-0.495024876,0.5,0.5
1.962,49.7512438,50,-0.495024876,0.5,0.5
1.9621,49.7512438,50,-0.495024876,0.5,0.5
1.9622,49.7512438,50,-0.495024876,0.5,0.5
1.9623,49.7512438,50,-0.495024876,0.5,0.5
1.9624,49.7512438,50,-0.495024876,0.5,0.5
1.9625,49.7512438,50,-0.495024876,0.5,0.5
1.9626,49.7512438,50,-0.495024876,0.5,0.5
1.9627,49.7512438,50,-0.495024876,0.5,0.5
1.9628,49.7512438,50,-0.495024876,0.5,0.5
1.9629,49.7512438,50,-0.495024876,0.5,0.5
1.963,49.7512438,50,-0.495024876,0.5,0.5
1.9631,49.7512438,50,-0.495024876,0.5,0.5
1.9632,49.7512438,50,-0.495024876,0.5,0.5
1.9633,49.7512438,50,-0.495024876,0.5,0.5
1.9634,49.7512438,50,-0.495024876,0.5,0.5
1.9635,49.7512438,50,-0.495024876,0.5,0.5
1.9636,49.7512438,50,-0.495024876,0.5,0.5
1.9637,49.7512438,50,-0.495024876,0.5,0.5
1.9638,49.7512438,50,-0.495024876,0.5,0.5
1.9639,49.7512438,50,-0.495024876,0.5,0.5
1.964,49.7512438,50,-0.495024876,0.5,0.5
1.9641,49.7512438,50,-0.495024876,0.5,0.5
1.9642,49.7512438,50,-0.495024876,0.5,0.5
1.9643,49.7512438,50,-0.495024876,0.5,0.5
1.9644,49.7512438,50,-0.495024876,0.5,0.5
1.9645,49.7512438,50,-0.495024876,0.5,0.5
1.9646,49.7512438,50,-0.495024876,0.5,0.5
1.9647,49.7512438,50,-0.495024876,0.5,0.5
1.9648,49.7512438,50,-0.495024876,0.5,0.5
1.9649,49.7512438,50,-0.495024876,0.5,0.5
1.965,49.7512438,50,-0.495024876,0.5,0.5
1.9651,49.7512438,50,-0.495024876,0.5,0.5
1.9652,49.7512438,50,-0.495024876,0.5,0.5
1.9653,49.7512438,50,-0.495024876,0.5,0.5
1.9654,49.7512438,50,-0.495024876,0.5,0.5
1.9655,49.7512438,50,-0.495024876,0.5,0.5
1.9656,49.7512438,50,-0.495024876,0.5,0.5
1.9657,49.7512438,50,-0.495024876,0.5,0.5
1.9658,49.7512438,50,-0.495024876,0.5,0.5
1.9659,49.7512438,50,-0.495024876,0.5,0.5
1.966,49.7512438,50,-0.495024876,0.5,0.5
1.9661,49.7512438,50,-0.495024876,0.5,0.5
1.9662,49.7512438,50,-0.495024876,0.5,0.5
1.9663,49.7512438,50,-0.495024876,0.5,0.5
1.9664,49.7512438,50,-0.495024876,0.5,0.5
1.9665,49.7512438,50,-0.495024876,0.5,0.5
1.9666,49.7512438,50,-0.495024876,0.5,0.5
1.9667,49.7512438,50,-0.495024876,0.5,0.5
1.9668,49.7512438,50,-0.495024876,0.5,0.5
1.9669,49.7512438,50,-0.495024876,0.5,0.5
1.967,49.7512438,50,-0.495024876,0.5,0.5
1.9671,49.7512438,50,-0.495024876,0.5,0.5
1.9672,49.7512438,50,-0.495024876,0.5,0.5
1.9673,49.7512438,50,-0.495024876,0.5,0.5
1.9674,49.7512438,50,-0.495024876,0.5,0.5
1.9675,49.7512438,50,-0.495024876,0.5,0.5
1.9676,49.7512438,50,-0.495024876,0.5,0.5
1.9677,49.7512438,50,-0.495024876,0.5,0.5
1.9678,49.7512438,50,-0.495024876,0.5,0.5
1.9679,49.7512438,50,-0.495024876,0.5,0.5
1.968,49.7512438,50,-0.495024876,0.5,0.5
1.9681,49.7512438,50,-0.495024876,0.5,0.5
1.9682,49.7512438,50,-0.495024876,0.5,0.5
1.9683,49.7512438,50,-0.495024876,0.5,0.5
1.9684,49.7512438,50,-0.495024876,0.5,0.5
1.9685,49.7512438,50,-0.495024876,0.5,0.5
1.9686,49.7512438,50,-0.495024876,0.5,0.5
1.9687,49.7512438,50,-0.495024876,0.5,0.5
1.9688,49.7512438,50,-0.495024876,0.5,0.5
1.9689,49.7512438,50,-0.495024876,0.5,0.5
1.969,49.7512438,50,-0.495024876,0.5,0.5
1.9691,49.7512438,50,-0.495024876,0.5,0.5
1.9692,49.7512438,50,-0.495024876,0.5,0.5
1.9693,49.7512438,50,-0.495024876,0.5,0.5
1.9694,49.7512438,50,-0.495024876,0.5,0.5
1.9695,49.7512438,50,-0.495024876,0.5,0.5
1.9696,49.7512438,50,-0.495024876,0.5,0.5
1.9697,49.7512438,50,-0.495024876,0.5,0.5
1.9698,49.7512438,50,-0.495024876,0.5,0.5
1.9699,49.7512438,50,-0.495024876,0.5,0.5
1.97,49.7512438,50,-0.495024876,0.5,0.5
1.9701,49.7512438,50,-0.495024876,0.5,0.5
1.9702,49.7512438,50,-0.495024876,0.5,0.5
1.9703,49.7512438,50,-0.495024876,0.5,0.5
1.9704,49.7512438,50,-0.495024876,0.5,0.5
1.9705,49.7512438,50,-0.495024876,0.5,0.5
1.9706,49.7512438,50,-0.495024876,0.5,0.5
1.9707,49.7512438,50,-0.495024876,0.5,0.5
1.9708,49.7512438,50,-0.495024876,0.5,0.5
1.9709,49.7512438,50,-0.495024876,0.5,0.5
1.971,49.7512438,50,-0.495024876,0.5,0.5
1.9711,49.7512438,50,-0.495024876,0.5,0.5
1.9712,49.7512438,50,-0.495024876,0.5,0.5
1.9713,49.7512438,50,-0.495024876,0.5,0.5
1.9714,49.7512438,50,-0.495024876,0.5,0.5
1.9715,49.7512438,50,-0.495024876,0.5,0.5
1.9716,49.7512438,50,-0.495024876,0.5,0.5
1.9717,49.7512438,50,-0.495024876,0.5,0.5
1.9718,49.7512438,50,-0.495024876,0.5,0.5
1.9719,49.7512438,50,-0.495024876,0.5,0.5
1.972,49.7512438,50,-0.495024876,0.5,0.5
1.9721,49.7512438,50,-0.495024876,0.5,0.5
1.9722,49.7512438,50,-0.495024876,0.5,0.5
1.9723,49.7512438,50,-0.495024876,0.5,0.5
1.9724,49.7512438,50,-0.495024876,0.5,0.5
1.9725,49.7512438,50,-0.495024876,0.5,0.5
1.9726,49.7512438,50,-0.495024876,0.5,0.5
1.9727,49.7512438,50,-0.495024876,0.5,0.5
1.9728,49.7512438,50,-0.495024876,0.5,0.5
1.9729,49.7512438,50,-0.495024876,0.5,0.5
1.973,49.7512438,50,-0.495024876,0.5,0.5
1.9731,49.7512438,50,-0.495024876,0.5,0.5
1.9732,49.7512438,50,-0.495024876,0.5,0.5
1.9733,49.7512438,50,-0.495024876,0.5,0.5
1.9734,49.7512438,50,-0.495024876,0.5,0.5
1.9735,49.7512438,50,-0.495024876,0.5,0.5
1.9736,49.7512438,50,-0.495024876,0.5,0.5
1.9737,49.7512438,50,-0.495024876,0.5,0.5
1.9738,49.7512438,50,-0.495024876,0.5,0.5
1.9739,49.7512438,50,-0.495024876,0.5,0.5
1.974,49.7512438,50,-0.495024876,0.5,0.5
1.9741,49.7512438,50,-0.495024876,0.5,0.5
1.9742,49.7512438,50,-0.495024876,0.5,0.5
1.9743,49.7512438,50,-0.495024876,0.5,0.5
1.9744,49.7512438,50,-0.495024876,0.5,0.5
1.9745,49.7512438,50,-0.495024876,0.5,0.5
1.9746,49.7512438,50,-0.495024876,0.5,0.5
1.9747,49.7512438,50,-0.495024876,0.5,0.5
1.9748,49.7512438,50,-0.495024876,0.5,0.5
1.9749,49.7512438,50,-0.495024876,0.5,0.5
1.975,49.7512438,50,-0.495024876,0.5,0.5
1.9751,49.7512438,50,-0.495024876,0.5,0.5
1.9752,49.7512438,50,-0.495024876,0.5,0.5
1.9753,49.7512438,50,-0.495024876,0.5,0.5
1.9754,49.7512438,50,-0.495024876,0.5,0.5
1.9755,49.7512438,50,-0.495024876,0.5,0.5
1.9756,49.7512438,50,-0.495024876,0.5,0.5
1.9757,49.7512438,50,-0.495024876,0.5,0.5
1.9758,49.7512438,50,-0.495024876,0.5,0.5
1.9759,49.7512438,50,-0.495024876,0.5,0.5
1.976,49.7512438,50,-0.495024876,0.5,0.5
1.9761,49.7512438,50,-0.495024876,0.5,0.5
1.9762,49.7512438,50,-0.495024876,0.5,0.5
1.9763,49.7512438,50,-0.495024876,0.5,0.5
1.9764,49.7512438,50,-0.495024876,0.5,0.5
1.9765,49.7512438,50,-0.495024876,0.5,0.5
1.9766,49.7512438,50,-0.495024876,0.5,0.5
1.9767,49.7512438,50,-0.495024876,0.5,0.5
1.9768,49.7512438,50,-0.495024876,0.5,0.5
1.9769,49.7512438,50,-0.495024876,0.5,0.5
1.977,49.7512438,50,-0.495024876,0.5,0.5
1.9771,49.7512438,50,-0.495024876,0.5,0.5
1.9772,49.7512438,50,-0.495024876,0.5,0.5
1.9773,49.7512438,50,-0.495024876,0.5,0.5
1.9774,49.7512438,50,-0.495024876,0.5,0.5
1.9775,49.7512438,50,-0.495024876,0.5,0.5
1.9776,49.7512438,50,-0.495024876,0.5,0.5
1.9777,49.7512438,50,-0.495024876,0.5,0.5
1.9778,49.7512438,50,-0.495024876,0.5,0.5
1.9779,49.7512438,50,-0.495024876,0.5,0.5
1.978,49.7512438,50,-0.495024876,0.5,0.5
1.9781,49.7512438,50,-0.495024876,0.5,0.5
1.9782,49.7512438,50,-0.495024876,0.5,0.5
1.9783,49.7512438,50,-0.495024876,0.5,0.5
1.9784,49.7512438,50,-0.495024876,0.5,0.5
1.9785,49.7512438,50,-0.495024876,0.5,0.5
1.9786,49.7512438,50,-0.495024876,0.5,0.5
1.9787,49.7512438,50,-0.495024876,0.5,0.5
1.9788,49.7512438,50,-0.495024876,0.5,0.5
1.9789,49.7512438,50,-0.495024876,0.5,0.5
1.979,49.7512438,50,-0.495024876,0.5,0.5
1.9791,49.7512438,50,-0.495024876,0.5,0.5
1.9792,49.7512438,50,-0.495024876,0.5,0.5
1.9793,49.7512438,50,-0.495024876,0.5,0.5
1.9794,49.7512438,50,-0.495024876,0.5,0.5
1.9795,49.7512438,50,-0.495024876,0.5,0.5
1.9796,49.7512438,50,-0.495024876,0.5,0.5
1.9797,49.7512438,50,-0.495024876,0.5,0.5
1.9798,49.7512438,50,-0.495024876,0.5,0.5
1.9799,49.7512438,50,-0.495024876,0.5,0.5
1.98,49.7512438,50,-0.495024876,0.5,0.5
1.9801,49.7512438,50,-0.495024876,0.5,0.5
1.9802,49.7512438,50,-0.495024876,0.5,0.5
1.9803,49.7512438,50,-0.495024876,0.5,0.5
1.9804,49.7512438,50,-0.495024876,0.5,0.5
1.9805,49.7512438,50,-0.495024876,0.5,0.5
1.9806,49.7512438,50,-0.495024876,0.5,0.5
1.9807,49.7512438,50,-0.495024876,0.5,0.5
1.9808,49.7512438,50,-0.495024876,0.5,0.5
1.9809,49.7512438,50,-0.495024876,0.5,0.5
1.981,49.7512438,50,-0.495024876,0.5,0.5
1.9811,49.7512438,50,-0.495024876,0.5,0.5
1.9812,49.7512438,50,-0.495024876,0.5,0.5
1.9813,49.7512438,50,-0.495024876,0.5,0.5
1.9814,49.7512438,50,-0.495024876,0.5,0.5
1.9815,49.7512438,50,-0.495024876,0.5,0.5
1.9816,49.7512438,50,-0.495024876,0.5,0.5
1.9817,49.7512438,50,-0.495024876,0.5,0.5
1.9818,49.7512438,50,-0.495024876,0.5,0.5
1.9819,49.7512438,50,-0.495024876,0.5,0.5
1.982,49.7512438,50,-0.495024876,0.5,0.5
1.9821,49.7512438,50,-0.495024876,0.5,0.5
1.9822,49.7512438,50,-0.495024876,0.5,0.5
1.9823,49.7512438,50,-0.495024876,0.5,0.5
1.9824,49.7512438,50,-0.495024876,0.5,0.5
1.9825,49.7512438,50,-0.495024876,0.5,0.5
1.9826,49.7512438,50,-0.495024876,0.5,0.5
1.9827,49.7512438,50,-0.495024876,0.5,0.5
1.9828,49.7512438,50,-0.495024876,0.5,0.5
1.9829,49.7512438,50,-0.495024876,0.5,0.5
1.983,49.7512438,50,-0.495024876,0.5,0.5
1.9831,49.7512438,50,-0.495024876,0.5,0.5
1.9832,49.7512438,50,-0.495024876,0.5,0.5
1.9833,49.7512438,50,-0.495024876,0.5,0.5
1.9834,49.7512438,50,-0.495024876,0.5,0.5
1.9835,49.7512438,50,-0.495024876,0.5,0.5
1.9836,49.7512438,50,-0.495024876,0.5,0.5
1.9837,49.7512438,50,-0.495024876,0.5,0.5
1.9838,49.7512438,50,-0.495024876,0.5,0.5
1.9839,49.7512438,50,-0.495024876,0.5,0.5
1.984,49.7512438,50,-0.495024876,0.5,0.5
1.9841,49.7512438,50,-0.495024876,0.5,0.5
1.9842,49.7512438,50,-0.495024876,0.5,0.5
1.9843,49.7512438,50,-0.495024876,0.5,0.5
1.9844,49.7512438,50,-0.495024876,0.5,0.5
1.9845,49.7512438,50,-0.495024876,0.5,0.5
1.9846,49.7512438,50,-0.495024876,0.5,0.5
1.9847,49.7512438,50,-0.495024876,0.5,0.5
1.9848,49.7512438,50,-0.495024876,0.5,0.5
1.9849,49.7512438,50,-0.495024876,0.5,0.5
1.985,49.7512438,50,-0.495024876,0.5,0.5
1.9851,49.7512438,50,-0.495024876,0.5,0.5
1.9852,49.7512438,50,-0.495024876,0.5,0.5
1.9853,49.7512438,50,-0.495024876,0.5,0.5
1.9854,49.7512438,50,-0.495024876,0.5,0.5
1.9855,49.7512438,50,-0.495024876,0.5,0.5
1.9856,49.7512438,50,-0.495024876,0.5,0.5
1.9857,49.7512438,50,-0.495024876,0.5,0.5
1.9858,49.7512438,50,-0.495024876,0.5,0.5
1.9859,49.7512438,50,-0.495024876,0.5,0.5
1.986,49.7512438,50,-0.495024876,0.5,0.5
1.9861,49.7512438,50,-0.495024876,0.5,0.5
1.9862,49.7512438,50,-0.495024876,0.5,0.5
1.9863,49.7512438,50,-0.495024876,0.5,0.5
1.9864,49.7512438,50,-0.495024876,0.5,0.5
1.9865,49.7512438,50,-0.495024876,0.5,0.5
1.9866,49.7512438,50,-0.495024876,0.5,0.5
1.9867,49.7512438,50,-0.495024876,0.5,0.5
1.9868,49.7512438,50,-0.495024876,0.5,0.5
1.9869,49.7512438,50,-0.495024876,0.5,0.5
1.987,49.7512438,50,-0.495024876,0.5,0.5
1.9871,49.7512438,50,-0.495024876,0.5,0.5
1.9872,49.7512438,50,-0.495024876,0.5,0.5
1.9873,49.7512438,50,-0.495024876,0.5,0.5
1.9874,49.7512438,50,-0.495024876,0.5,0.5
1.9875,49.7512438,50,-0.495024876,0.5,0.5
1.9876,49.7512438,50,-0.495024876,0.5,0.5
1.9877,49.7512438,50,-0.495024876,0.5,0.5
1.9878,49.7512438,50,-0.495024876,0.5,0.5
1.9879,49.7512438,50,-0.495024876,0.5,0.5
1.988,49.7512438,50,-0.495024876,0.5,0.5
1.9881,49.7512438,50,-0.495024876,0.5,0.5
1.9882,49.7512438,50,-0.495024876,0.5,0.5
1.9883,49.7512438,50,-0.495024876,0.5,0.5
1.9884,49.7512438,50,-0.495024876,0.5,0.5
1.9885,49.7512438,50,-0.495024876,0.5,0.5
1.9886,49.7512438,50,-0.495024876,0.5,0.5
1.9887,49.7512438,50,-0.495024876,0.5,0.5
1.9888,49.7512438,50,-0.495024876,0.5,0.5
1.9889,49.7512438,50,-0.495024876,0.5,0.5
1.989,49.7512438,50,-0.495024876,0.5,0.5
1.9891,49.7512438,50,-0.495024876,0.5,0.5
1.9892,49.7512438,50,-0.495024876,0.5,0.5
1.9893,49.7512438,50,-0.495024876,0.5,0.5
1.9894,49.7512438,50,-0.495024876,0.5,0.5
1.9895,49.7512438,50,-0.495024876,0.5,0.5
1.9896,49.7512438,50,-0.495024876,0.5,0.5
1.9897,49.7512438,50,-0.495024876,0.5,0.5
1.9898,49.7512438,50,-0.495024876,0.5,0.5
1.9899,49.7512438,50,-0.495024876,0.5,0.5
1.99,49.7512438,50,-0.495024876,0.5,0.5
1.9901,49.7512438,50,-0.495024876,0.5,0.5
1.9902,49.7512438,50,-0.495024876,0.5,0.5
1.9903,49.7512438,50,-0.495024876,0.5,0.5
1.9904,49.7512438,50,-0.495024876,0.5,0.5
1.9905,49.7512438,50,-0.495024876,0.5,0.5
1.9906,49.7512438,50,-0.495024876,0.5,0.5
1.9907,49.7512438,50,-0.495024876,0.5,0.5
1.9908,49.7512438,50,-0.495024876,0.5,0.5
1.9909,49.7512438,50,-0.495024876,0.5,0.5
1.991,49.7512438,50,-0.495024876,0.5,0.5
1.9911,49.7512438,50,-0.495024876,0.5,0.5
1.9912,49.7512438,50,-0.495024876,0.5,0.5
1.9913,49.7512438,50,-0.495024876,0.5,0.5
1.9914,49.7512438,50,-0.495024876,0.5,0.5
1.9915,49.7512438,50,-0.495024876,0.5,0.5
1.9916,49.7512438,50,-0.495024876,0.5,0.5
1.9917,49.7512438,50,-0.495024876,0.5,0.5
1.9918,49.7512438,50,-0.495024876,0.5,0.5
1.9919,49.7512438,50,-0.495024876,0.5,0.5
1.992,49.7512438,50,-0.495024876,0.5,0.5
1.9921,49.7512438,50,-0.495024876,0.5,0.5
1.9922,49.7512438,50,-0.495024876,0.5,0.5
1.9923,49.7512438,50,-0.495024876,0.5,0.5
1.9924,49.7512438,50,-0.495024876,0.5,0.5
1.9925,49.7512438,50,-0.495024876,0.5,0.5
1.9926,49.7512438,50,-0.495024876,0.5,0.5
1.9927,49.7512438,50,-0.495024876,0.5,0.5
1.9928,49.7512438,50,-0.495024876,0.5,0.5
1.9929,49.7512438,50,-0.495024876,0.5,0.5
1.993,49.7512438,50,-0.495024876,0.5,0.5
1.9931,49.7512438,50,-0.495024876,0.5,0.5
1.9932,49.7512438,50,-0.495024876,0.5,0.5
1.9933,49.7512438,50,-0.495024876,0.5,0.5
1.9934,49.7512438,50,-0.495024876,0.5,0.5
1.9935,49.7512438,50,-0.495024876,0.5,0.5
1.9936,49.7512438,50,-0.495024876,0.5,0.5
1.9937,49.7512438,50,-0.495024876,0.5,0.5
1.9938,49.7512438,50,-0.495024876,0.5,0.5
1.9939,49.7512438,50,-0.495024876,0.5,0.5
1.994,49.7512438,50,-0.495024876,0.5,0.5
1.9941,49.7512438,50,-0.495024876,0.5,0.5
1.9942,49.7512438,50,-0.495024876,0.5,0.5
1.9943,49.7512438,50,-0.495024876,0.5,0.5
1.9944,49.7512438,50,-0.495024876,0.5,0.5
1.9945,49.7512438,50,-0.495024876,0.5,0.5
1.9946,49.7512438,50,-0.495024876,0.5,0.5
1.9947,49.7512438,50,-0.495024876,0.5,0.5
1.9948,49.7512438,50,-0.495024876,0.5,0.5
1.9949,49.7512438,50,-0.495024876,0.5,0.5
1.995,49.7512438,50,-0.495024876,0.5,0.5
1.9951,49.7512438,50,-0.495024876,0.5,0.5
1.9952,49.7512438,50,-0.495024876,0.5,0.5
1.9953,49.7512438,50,-0.495024876,0.5,0.5
1.9954,49.7512438,50,-0.495024876,0.5,0.5
1.9955,49.7512438,50,-0.495024876,0.5,0.5
1.9956,49.7512438,50,-0.495024876,0.5,0.5
1.9957,49.7512438,50,-0.495024876,0.5,0.5
1.9958,49.7512438,50,-0.495024876,0.5,0.5
1.9959,49.7512438,50,-0.495024876,0.5,0.5
1.996,49.7512438,50,-0.495024876,0.5,0.5
1.9961,49.7512438,50,-0.495024876,0.5,0.5
1.9962,49.7512438,50,-0.495024876,0.5,0.5
1.9963,49.7512438,50,-0.495024876,0.5,0.5
1.9964,49.7512438,50,-0.495024876,0.5,0.5
1.9965,49.7512438,50,-0.495024876,0.5,0.5
1.9966,49.7512438,50,-0.495024876,0.5,0.5
1.9967,49.7512438,50,-0.495024876,0.5,0.5
1.9968,49.7512438,50,-0.495024876,0.5,0.5
1.9969,49.7512438,50,-0.495024876,0.5,0.5
1.997,49.7512438,50,-0.495024876,0.5,0.5
1.9971,49.7512438,50,-0.495024876,0.5,0.5
1.9972,49.7512438,50,-0.495024876,0.5,0.5
1.9973,49.7512438,50,-0.495024876,0.5,0.5
1.9974,49.7512438,50,-0.495024876,0.5,0.5
1.9975,49.7512438,50,-0.495024876,0.5,0.5
1.9976,49.7512438,50,-0.495024876,0.5,0.5
1.9977,49.7512438,50,-0.495024876,0.5,0.5
1.9978,49.7512438,50,-0.495024876,0.5,0.5
1.9979,49.7512438,50,-0.495024876,0.5,0.5
1.998,49.7512438,50,-0.495024876,0.5,0.5
1.9981,49.7512438,50,-0.495024876,0.5,0.5
1.9982,49.7512438,50,-0.495024876,0.5,0.5
1.9983,49.7512438,50,-0.495024876,0.5,0.5
1.9984,49.7512438,50,-0.495024876,0.5,0.5
1.9985,49.7512438,50,-0.495024876,0.5,0.5
1.9986,49.7512438,50,-0.495024876,0.5,0.5
1.9987,49.7512438,50,-0.495024876,0.5,0.5
1.9988,49.7512438,50,-0.495024876,0.5,0.5
1.9989,49.7512438,50,-0.495024876,0.5,0.5
1.999,49.7512438,50,-0.495024876,0.5,0.5
1.9991,49.7512438,50,-0.495024876,0.5,0.5
1.9992,49.7512438,50,-0.495024876,0.5,0.5
1.9993,49.7512438,50,-0.495024876,0.5,0.5
1.9994,49.7512438,50,-0.495024876,0.5,0.5
1.9995,49.7512438,50,-0.495024876,0.5,0.5
1.9996,49.7512438,50,-0.495024876,0.5,0.5
1.9997,49.7512438,50,-0.495024876,0.5,0.5
1.9998,49.7512438,50,-0.495024876,0.5,0.5
1.9999,49.7512438,50,-0.495024876,0.5,0.5
2,49.7512438,50,-0.495024876,0.5,0.5
